CRITICAL - 2024-11-08 08:26:31 --> Cannot access offset of type string on string
in APPPATH\Views\dashboard\preview.php on line 387.
 1 SYSTEMPATH\View\View.php(226): include()
 2 SYSTEMPATH\View\View.php(229): CodeIgniter\View\View->CodeIgniter\View\{closure}()
 3 SYSTEMPATH\Common.php(1188): CodeIgniter\View\View->render('dashboard/preview', [], true)
 4 APPPATH\Controllers\Fullcalendar.php(369): view('dashboard/preview', [...])
 5 SYSTEMPATH\CodeIgniter.php(919): App\Controllers\Fullcalendar->previewElders('2024-11-08')
 6 SYSTEMPATH\CodeIgniter.php(494): CodeIgniter\CodeIgniter->runController(Object(App\Controllers\Fullcalendar))
 7 SYSTEMPATH\CodeIgniter.php(353): CodeIgniter\CodeIgniter->handleRequest(null, Object(Config\Cache), false)
 8 FCPATH\index.php(79): CodeIgniter\CodeIgniter->run()
 9 SYSTEMPATH\Commands\Server\rewrite.php(47): require_once('D:\\laragon\\www\\method-oldagehome\\public\\index.php')
CRITICAL - 2024-11-08 08:26:38 --> Cannot access offset of type string on string
in APPPATH\Views\dashboard\preview.php on line 387.
 1 SYSTEMPATH\View\View.php(226): include()
 2 SYSTEMPATH\View\View.php(229): CodeIgniter\View\View->CodeIgniter\View\{closure}()
 3 SYSTEMPATH\Common.php(1188): CodeIgniter\View\View->render('dashboard/preview', [], true)
 4 APPPATH\Controllers\Fullcalendar.php(369): view('dashboard/preview', [...])
 5 SYSTEMPATH\CodeIgniter.php(919): App\Controllers\Fullcalendar->previewElders('2024-11-08')
 6 SYSTEMPATH\CodeIgniter.php(494): CodeIgniter\CodeIgniter->runController(Object(App\Controllers\Fullcalendar))
 7 SYSTEMPATH\CodeIgniter.php(353): CodeIgniter\CodeIgniter->handleRequest(null, Object(Config\Cache), false)
 8 FCPATH\index.php(79): CodeIgniter\CodeIgniter->run()
 9 SYSTEMPATH\Commands\Server\rewrite.php(47): require_once('D:\\laragon\\www\\method-oldagehome\\public\\index.php')
CRITICAL - 2024-11-08 08:51:34 --> Trying to access array offset on value of type null
in APPPATH\Views\dashboard\editleftelder.php on line 50.
 1 APPPATH\Views\dashboard\editleftelder.php(50): CodeIgniter\Debug\Exceptions->errorHandler(2, 'Trying to access array offset on value of type null', 'D:\\laragon\\www\\method-oldagehome\\app\\Views\\dashboard\\editleftelder.php', 50)
 2 SYSTEMPATH\View\View.php(226): include('D:\\laragon\\www\\method-oldagehome\\app\\Views\\dashboard\\editleftelder.php')
 3 SYSTEMPATH\View\View.php(229): CodeIgniter\View\View->CodeIgniter\View\{closure}()
 4 SYSTEMPATH\Common.php(1188): CodeIgniter\View\View->render('dashboard/editleftelder', [], true)
 5 APPPATH\Controllers\NewController.php(859): view('dashboard/editleftelder', [...])
 6 SYSTEMPATH\CodeIgniter.php(919): App\Controllers\NewController->ViewEditLeft('login', 'vendors', 'typicons', 'typicons.css')
 7 SYSTEMPATH\CodeIgniter.php(494): CodeIgniter\CodeIgniter->runController(Object(App\Controllers\NewController))
 8 SYSTEMPATH\CodeIgniter.php(353): CodeIgniter\CodeIgniter->handleRequest(null, Object(Config\Cache), false)
 9 FCPATH\index.php(79): CodeIgniter\CodeIgniter->run()
10 SYSTEMPATH\Commands\Server\rewrite.php(47): require_once('D:\\laragon\\www\\method-oldagehome\\public\\index.php')
CRITICAL - 2024-11-08 08:51:35 --> Trying to access array offset on value of type null
in APPPATH\Views\dashboard\editleftelder.php on line 50.
 1 APPPATH\Views\dashboard\editleftelder.php(50): CodeIgniter\Debug\Exceptions->errorHandler(2, 'Trying to access array offset on value of type null', 'D:\\laragon\\www\\method-oldagehome\\app\\Views\\dashboard\\editleftelder.php', 50)
 2 SYSTEMPATH\View\View.php(226): include('D:\\laragon\\www\\method-oldagehome\\app\\Views\\dashboard\\editleftelder.php')
 3 SYSTEMPATH\View\View.php(229): CodeIgniter\View\View->CodeIgniter\View\{closure}()
 4 SYSTEMPATH\Common.php(1188): CodeIgniter\View\View->render('dashboard/editleftelder', [], true)
 5 APPPATH\Controllers\NewController.php(859): view('dashboard/editleftelder', [...])
 6 SYSTEMPATH\CodeIgniter.php(919): App\Controllers\NewController->ViewEditLeft('login', 'css', 'vertical-layout-light', 'style.css')
 7 SYSTEMPATH\CodeIgniter.php(494): CodeIgniter\CodeIgniter->runController(Object(App\Controllers\NewController))
 8 SYSTEMPATH\CodeIgniter.php(353): CodeIgniter\CodeIgniter->handleRequest(null, Object(Config\Cache), false)
 9 FCPATH\index.php(79): CodeIgniter\CodeIgniter->run()
10 SYSTEMPATH\Commands\Server\rewrite.php(47): require_once('D:\\laragon\\www\\method-oldagehome\\public\\index.php')
CRITICAL - 2024-11-08 08:51:35 --> Trying to access array offset on value of type null
in APPPATH\Views\dashboard\editleftelder.php on line 50.
 1 APPPATH\Views\dashboard\editleftelder.php(50): CodeIgniter\Debug\Exceptions->errorHandler(2, 'Trying to access array offset on value of type null', 'D:\\laragon\\www\\method-oldagehome\\app\\Views\\dashboard\\editleftelder.php', 50)
 2 SYSTEMPATH\View\View.php(226): include('D:\\laragon\\www\\method-oldagehome\\app\\Views\\dashboard\\editleftelder.php')
 3 SYSTEMPATH\View\View.php(229): CodeIgniter\View\View->CodeIgniter\View\{closure}()
 4 SYSTEMPATH\Common.php(1188): CodeIgniter\View\View->render('dashboard/editleftelder', [], true)
 5 APPPATH\Controllers\NewController.php(859): view('dashboard/editleftelder', [...])
 6 SYSTEMPATH\CodeIgniter.php(919): App\Controllers\NewController->ViewEditLeft('login', 'vendors', 'select2-bootstrap-theme', 'select2-bootstrap.min.css')
 7 SYSTEMPATH\CodeIgniter.php(494): CodeIgniter\CodeIgniter->runController(Object(App\Controllers\NewController))
 8 SYSTEMPATH\CodeIgniter.php(353): CodeIgniter\CodeIgniter->handleRequest(null, Object(Config\Cache), false)
 9 FCPATH\index.php(79): CodeIgniter\CodeIgniter->run()
10 SYSTEMPATH\Commands\Server\rewrite.php(47): require_once('D:\\laragon\\www\\method-oldagehome\\public\\index.php')
CRITICAL - 2024-11-08 08:51:36 --> Trying to access array offset on value of type null
in APPPATH\Views\dashboard\editleftelder.php on line 50.
 1 APPPATH\Views\dashboard\editleftelder.php(50): CodeIgniter\Debug\Exceptions->errorHandler(2, 'Trying to access array offset on value of type null', 'D:\\laragon\\www\\method-oldagehome\\app\\Views\\dashboard\\editleftelder.php', 50)
 2 SYSTEMPATH\View\View.php(226): include('D:\\laragon\\www\\method-oldagehome\\app\\Views\\dashboard\\editleftelder.php')
 3 SYSTEMPATH\View\View.php(229): CodeIgniter\View\View->CodeIgniter\View\{closure}()
 4 SYSTEMPATH\Common.php(1188): CodeIgniter\View\View->render('dashboard/editleftelder', [], true)
 5 APPPATH\Controllers\NewController.php(859): view('dashboard/editleftelder', [...])
 6 SYSTEMPATH\CodeIgniter.php(919): App\Controllers\NewController->ViewEditLeft('login', 'vendors', 'select2', 'select2.min.css')
 7 SYSTEMPATH\CodeIgniter.php(494): CodeIgniter\CodeIgniter->runController(Object(App\Controllers\NewController))
 8 SYSTEMPATH\CodeIgniter.php(353): CodeIgniter\CodeIgniter->handleRequest(null, Object(Config\Cache), false)
 9 FCPATH\index.php(79): CodeIgniter\CodeIgniter->run()
10 SYSTEMPATH\Commands\Server\rewrite.php(47): require_once('D:\\laragon\\www\\method-oldagehome\\public\\index.php')
CRITICAL - 2024-11-08 08:51:36 --> Trying to access array offset on value of type null
in APPPATH\Views\dashboard\editleftelder.php on line 50.
 1 APPPATH\Views\dashboard\editleftelder.php(50): CodeIgniter\Debug\Exceptions->errorHandler(2, 'Trying to access array offset on value of type null', 'D:\\laragon\\www\\method-oldagehome\\app\\Views\\dashboard\\editleftelder.php', 50)
 2 SYSTEMPATH\View\View.php(226): include('D:\\laragon\\www\\method-oldagehome\\app\\Views\\dashboard\\editleftelder.php')
 3 SYSTEMPATH\View\View.php(229): CodeIgniter\View\View->CodeIgniter\View\{closure}()
 4 SYSTEMPATH\Common.php(1188): CodeIgniter\View\View->render('dashboard/editleftelder', [], true)
 5 APPPATH\Controllers\NewController.php(859): view('dashboard/editleftelder', [...])
 6 SYSTEMPATH\CodeIgniter.php(919): App\Controllers\NewController->ViewEditLeft('login', 'vendors', 'css', 'vendor.bundle.base.css')
 7 SYSTEMPATH\CodeIgniter.php(494): CodeIgniter\CodeIgniter->runController(Object(App\Controllers\NewController))
 8 SYSTEMPATH\CodeIgniter.php(353): CodeIgniter\CodeIgniter->handleRequest(null, Object(Config\Cache), false)
 9 FCPATH\index.php(79): CodeIgniter\CodeIgniter->run()
10 SYSTEMPATH\Commands\Server\rewrite.php(47): require_once('D:\\laragon\\www\\method-oldagehome\\public\\index.php')
CRITICAL - 2024-11-08 08:51:37 --> Trying to access array offset on value of type null
in APPPATH\Views\dashboard\editleftelder.php on line 50.
 1 APPPATH\Views\dashboard\editleftelder.php(50): CodeIgniter\Debug\Exceptions->errorHandler(2, 'Trying to access array offset on value of type null', 'D:\\laragon\\www\\method-oldagehome\\app\\Views\\dashboard\\editleftelder.php', 50)
 2 SYSTEMPATH\View\View.php(226): include('D:\\laragon\\www\\method-oldagehome\\app\\Views\\dashboard\\editleftelder.php')
 3 SYSTEMPATH\View\View.php(229): CodeIgniter\View\View->CodeIgniter\View\{closure}()
 4 SYSTEMPATH\Common.php(1188): CodeIgniter\View\View->render('dashboard/editleftelder', [], true)
 5 APPPATH\Controllers\NewController.php(859): view('dashboard/editleftelder', [...])
 6 SYSTEMPATH\CodeIgniter.php(919): App\Controllers\NewController->ViewEditLeft('vendors', 'js', 'vendor.bundle.base.js')
 7 SYSTEMPATH\CodeIgniter.php(494): CodeIgniter\CodeIgniter->runController(Object(App\Controllers\NewController))
 8 SYSTEMPATH\CodeIgniter.php(353): CodeIgniter\CodeIgniter->handleRequest(null, Object(Config\Cache), false)
 9 FCPATH\index.php(79): CodeIgniter\CodeIgniter->run()
10 SYSTEMPATH\Commands\Server\rewrite.php(47): require_once('D:\\laragon\\www\\method-oldagehome\\public\\index.php')
CRITICAL - 2024-11-08 08:51:37 --> Trying to access array offset on value of type null
in APPPATH\Views\dashboard\editleftelder.php on line 50.
 1 APPPATH\Views\dashboard\editleftelder.php(50): CodeIgniter\Debug\Exceptions->errorHandler(2, 'Trying to access array offset on value of type null', 'D:\\laragon\\www\\method-oldagehome\\app\\Views\\dashboard\\editleftelder.php', 50)
 2 SYSTEMPATH\View\View.php(226): include('D:\\laragon\\www\\method-oldagehome\\app\\Views\\dashboard\\editleftelder.php')
 3 SYSTEMPATH\View\View.php(229): CodeIgniter\View\View->CodeIgniter\View\{closure}()
 4 SYSTEMPATH\Common.php(1188): CodeIgniter\View\View->render('dashboard/editleftelder', [], true)
 5 APPPATH\Controllers\NewController.php(859): view('dashboard/editleftelder', [...])
 6 SYSTEMPATH\CodeIgniter.php(919): App\Controllers\NewController->ViewEditLeft('js', 'off-canvas.js')
 7 SYSTEMPATH\CodeIgniter.php(494): CodeIgniter\CodeIgniter->runController(Object(App\Controllers\NewController))
 8 SYSTEMPATH\CodeIgniter.php(353): CodeIgniter\CodeIgniter->handleRequest(null, Object(Config\Cache), false)
 9 FCPATH\index.php(79): CodeIgniter\CodeIgniter->run()
10 SYSTEMPATH\Commands\Server\rewrite.php(47): require_once('D:\\laragon\\www\\method-oldagehome\\public\\index.php')
CRITICAL - 2024-11-08 08:51:38 --> Trying to access array offset on value of type null
in APPPATH\Views\dashboard\editleftelder.php on line 50.
 1 APPPATH\Views\dashboard\editleftelder.php(50): CodeIgniter\Debug\Exceptions->errorHandler(2, 'Trying to access array offset on value of type null', 'D:\\laragon\\www\\method-oldagehome\\app\\Views\\dashboard\\editleftelder.php', 50)
 2 SYSTEMPATH\View\View.php(226): include('D:\\laragon\\www\\method-oldagehome\\app\\Views\\dashboard\\editleftelder.php')
 3 SYSTEMPATH\View\View.php(229): CodeIgniter\View\View->CodeIgniter\View\{closure}()
 4 SYSTEMPATH\Common.php(1188): CodeIgniter\View\View->render('dashboard/editleftelder', [], true)
 5 APPPATH\Controllers\NewController.php(859): view('dashboard/editleftelder', [...])
 6 SYSTEMPATH\CodeIgniter.php(919): App\Controllers\NewController->ViewEditLeft('js', 'hoverable-collapse.js')
 7 SYSTEMPATH\CodeIgniter.php(494): CodeIgniter\CodeIgniter->runController(Object(App\Controllers\NewController))
 8 SYSTEMPATH\CodeIgniter.php(353): CodeIgniter\CodeIgniter->handleRequest(null, Object(Config\Cache), false)
 9 FCPATH\index.php(79): CodeIgniter\CodeIgniter->run()
10 SYSTEMPATH\Commands\Server\rewrite.php(47): require_once('D:\\laragon\\www\\method-oldagehome\\public\\index.php')
CRITICAL - 2024-11-08 08:51:38 --> Trying to access array offset on value of type null
in APPPATH\Views\dashboard\editleftelder.php on line 50.
 1 APPPATH\Views\dashboard\editleftelder.php(50): CodeIgniter\Debug\Exceptions->errorHandler(2, 'Trying to access array offset on value of type null', 'D:\\laragon\\www\\method-oldagehome\\app\\Views\\dashboard\\editleftelder.php', 50)
 2 SYSTEMPATH\View\View.php(226): include('D:\\laragon\\www\\method-oldagehome\\app\\Views\\dashboard\\editleftelder.php')
 3 SYSTEMPATH\View\View.php(229): CodeIgniter\View\View->CodeIgniter\View\{closure}()
 4 SYSTEMPATH\Common.php(1188): CodeIgniter\View\View->render('dashboard/editleftelder', [], true)
 5 APPPATH\Controllers\NewController.php(859): view('dashboard/editleftelder', [...])
 6 SYSTEMPATH\CodeIgniter.php(919): App\Controllers\NewController->ViewEditLeft('js', 'template.js')
 7 SYSTEMPATH\CodeIgniter.php(494): CodeIgniter\CodeIgniter->runController(Object(App\Controllers\NewController))
 8 SYSTEMPATH\CodeIgniter.php(353): CodeIgniter\CodeIgniter->handleRequest(null, Object(Config\Cache), false)
 9 FCPATH\index.php(79): CodeIgniter\CodeIgniter->run()
10 SYSTEMPATH\Commands\Server\rewrite.php(47): require_once('D:\\laragon\\www\\method-oldagehome\\public\\index.php')
CRITICAL - 2024-11-08 08:51:39 --> Trying to access array offset on value of type null
in APPPATH\Views\dashboard\editleftelder.php on line 50.
 1 APPPATH\Views\dashboard\editleftelder.php(50): CodeIgniter\Debug\Exceptions->errorHandler(2, 'Trying to access array offset on value of type null', 'D:\\laragon\\www\\method-oldagehome\\app\\Views\\dashboard\\editleftelder.php', 50)
 2 SYSTEMPATH\View\View.php(226): include('D:\\laragon\\www\\method-oldagehome\\app\\Views\\dashboard\\editleftelder.php')
 3 SYSTEMPATH\View\View.php(229): CodeIgniter\View\View->CodeIgniter\View\{closure}()
 4 SYSTEMPATH\Common.php(1188): CodeIgniter\View\View->render('dashboard/editleftelder', [], true)
 5 APPPATH\Controllers\NewController.php(859): view('dashboard/editleftelder', [...])
 6 SYSTEMPATH\CodeIgniter.php(919): App\Controllers\NewController->ViewEditLeft('js', 'settings.js')
 7 SYSTEMPATH\CodeIgniter.php(494): CodeIgniter\CodeIgniter->runController(Object(App\Controllers\NewController))
 8 SYSTEMPATH\CodeIgniter.php(353): CodeIgniter\CodeIgniter->handleRequest(null, Object(Config\Cache), false)
 9 FCPATH\index.php(79): CodeIgniter\CodeIgniter->run()
10 SYSTEMPATH\Commands\Server\rewrite.php(47): require_once('D:\\laragon\\www\\method-oldagehome\\public\\index.php')
CRITICAL - 2024-11-08 08:51:39 --> Trying to access array offset on value of type null
in APPPATH\Views\dashboard\editleftelder.php on line 50.
 1 APPPATH\Views\dashboard\editleftelder.php(50): CodeIgniter\Debug\Exceptions->errorHandler(2, 'Trying to access array offset on value of type null', 'D:\\laragon\\www\\method-oldagehome\\app\\Views\\dashboard\\editleftelder.php', 50)
 2 SYSTEMPATH\View\View.php(226): include('D:\\laragon\\www\\method-oldagehome\\app\\Views\\dashboard\\editleftelder.php')
 3 SYSTEMPATH\View\View.php(229): CodeIgniter\View\View->CodeIgniter\View\{closure}()
 4 SYSTEMPATH\Common.php(1188): CodeIgniter\View\View->render('dashboard/editleftelder', [], true)
 5 APPPATH\Controllers\NewController.php(859): view('dashboard/editleftelder', [...])
 6 SYSTEMPATH\CodeIgniter.php(919): App\Controllers\NewController->ViewEditLeft('js', 'todolist.js')
 7 SYSTEMPATH\CodeIgniter.php(494): CodeIgniter\CodeIgniter->runController(Object(App\Controllers\NewController))
 8 SYSTEMPATH\CodeIgniter.php(353): CodeIgniter\CodeIgniter->handleRequest(null, Object(Config\Cache), false)
 9 FCPATH\index.php(79): CodeIgniter\CodeIgniter->run()
10 SYSTEMPATH\Commands\Server\rewrite.php(47): require_once('D:\\laragon\\www\\method-oldagehome\\public\\index.php')
CRITICAL - 2024-11-08 08:51:40 --> Trying to access array offset on value of type null
in APPPATH\Views\dashboard\editleftelder.php on line 50.
 1 APPPATH\Views\dashboard\editleftelder.php(50): CodeIgniter\Debug\Exceptions->errorHandler(2, 'Trying to access array offset on value of type null', 'D:\\laragon\\www\\method-oldagehome\\app\\Views\\dashboard\\editleftelder.php', 50)
 2 SYSTEMPATH\View\View.php(226): include('D:\\laragon\\www\\method-oldagehome\\app\\Views\\dashboard\\editleftelder.php')
 3 SYSTEMPATH\View\View.php(229): CodeIgniter\View\View->CodeIgniter\View\{closure}()
 4 SYSTEMPATH\Common.php(1188): CodeIgniter\View\View->render('dashboard/editleftelder', [], true)
 5 APPPATH\Controllers\NewController.php(859): view('dashboard/editleftelder', [...])
 6 SYSTEMPATH\CodeIgniter.php(919): App\Controllers\NewController->ViewEditLeft('vendors', 'typeahead.js', 'typeahead.bundle.min.js')
 7 SYSTEMPATH\CodeIgniter.php(494): CodeIgniter\CodeIgniter->runController(Object(App\Controllers\NewController))
 8 SYSTEMPATH\CodeIgniter.php(353): CodeIgniter\CodeIgniter->handleRequest(null, Object(Config\Cache), false)
 9 FCPATH\index.php(79): CodeIgniter\CodeIgniter->run()
10 SYSTEMPATH\Commands\Server\rewrite.php(47): require_once('D:\\laragon\\www\\method-oldagehome\\public\\index.php')
CRITICAL - 2024-11-08 08:51:40 --> Trying to access array offset on value of type null
in APPPATH\Views\dashboard\editleftelder.php on line 50.
 1 APPPATH\Views\dashboard\editleftelder.php(50): CodeIgniter\Debug\Exceptions->errorHandler(2, 'Trying to access array offset on value of type null', 'D:\\laragon\\www\\method-oldagehome\\app\\Views\\dashboard\\editleftelder.php', 50)
 2 SYSTEMPATH\View\View.php(226): include('D:\\laragon\\www\\method-oldagehome\\app\\Views\\dashboard\\editleftelder.php')
 3 SYSTEMPATH\View\View.php(229): CodeIgniter\View\View->CodeIgniter\View\{closure}()
 4 SYSTEMPATH\Common.php(1188): CodeIgniter\View\View->render('dashboard/editleftelder', [], true)
 5 APPPATH\Controllers\NewController.php(859): view('dashboard/editleftelder', [...])
 6 SYSTEMPATH\CodeIgniter.php(919): App\Controllers\NewController->ViewEditLeft('vendors', 'select2', 'select2.min.js')
 7 SYSTEMPATH\CodeIgniter.php(494): CodeIgniter\CodeIgniter->runController(Object(App\Controllers\NewController))
 8 SYSTEMPATH\CodeIgniter.php(353): CodeIgniter\CodeIgniter->handleRequest(null, Object(Config\Cache), false)
 9 FCPATH\index.php(79): CodeIgniter\CodeIgniter->run()
10 SYSTEMPATH\Commands\Server\rewrite.php(47): require_once('D:\\laragon\\www\\method-oldagehome\\public\\index.php')
CRITICAL - 2024-11-08 08:51:41 --> Trying to access array offset on value of type null
in APPPATH\Views\dashboard\editleftelder.php on line 50.
 1 APPPATH\Views\dashboard\editleftelder.php(50): CodeIgniter\Debug\Exceptions->errorHandler(2, 'Trying to access array offset on value of type null', 'D:\\laragon\\www\\method-oldagehome\\app\\Views\\dashboard\\editleftelder.php', 50)
 2 SYSTEMPATH\View\View.php(226): include('D:\\laragon\\www\\method-oldagehome\\app\\Views\\dashboard\\editleftelder.php')
 3 SYSTEMPATH\View\View.php(229): CodeIgniter\View\View->CodeIgniter\View\{closure}()
 4 SYSTEMPATH\Common.php(1188): CodeIgniter\View\View->render('dashboard/editleftelder', [], true)
 5 APPPATH\Controllers\NewController.php(859): view('dashboard/editleftelder', [...])
 6 SYSTEMPATH\CodeIgniter.php(919): App\Controllers\NewController->ViewEditLeft('js', 'file-upload.js')
 7 SYSTEMPATH\CodeIgniter.php(494): CodeIgniter\CodeIgniter->runController(Object(App\Controllers\NewController))
 8 SYSTEMPATH\CodeIgniter.php(353): CodeIgniter\CodeIgniter->handleRequest(null, Object(Config\Cache), false)
 9 FCPATH\index.php(79): CodeIgniter\CodeIgniter->run()
10 SYSTEMPATH\Commands\Server\rewrite.php(47): require_once('D:\\laragon\\www\\method-oldagehome\\public\\index.php')
CRITICAL - 2024-11-08 08:51:41 --> Trying to access array offset on value of type null
in APPPATH\Views\dashboard\editleftelder.php on line 50.
 1 APPPATH\Views\dashboard\editleftelder.php(50): CodeIgniter\Debug\Exceptions->errorHandler(2, 'Trying to access array offset on value of type null', 'D:\\laragon\\www\\method-oldagehome\\app\\Views\\dashboard\\editleftelder.php', 50)
 2 SYSTEMPATH\View\View.php(226): include('D:\\laragon\\www\\method-oldagehome\\app\\Views\\dashboard\\editleftelder.php')
 3 SYSTEMPATH\View\View.php(229): CodeIgniter\View\View->CodeIgniter\View\{closure}()
 4 SYSTEMPATH\Common.php(1188): CodeIgniter\View\View->render('dashboard/editleftelder', [], true)
 5 APPPATH\Controllers\NewController.php(859): view('dashboard/editleftelder', [...])
 6 SYSTEMPATH\CodeIgniter.php(919): App\Controllers\NewController->ViewEditLeft('js', 'typeahead.js')
 7 SYSTEMPATH\CodeIgniter.php(494): CodeIgniter\CodeIgniter->runController(Object(App\Controllers\NewController))
 8 SYSTEMPATH\CodeIgniter.php(353): CodeIgniter\CodeIgniter->handleRequest(null, Object(Config\Cache), false)
 9 FCPATH\index.php(79): CodeIgniter\CodeIgniter->run()
10 SYSTEMPATH\Commands\Server\rewrite.php(47): require_once('D:\\laragon\\www\\method-oldagehome\\public\\index.php')
CRITICAL - 2024-11-08 08:51:42 --> Trying to access array offset on value of type null
in APPPATH\Views\dashboard\editleftelder.php on line 50.
 1 APPPATH\Views\dashboard\editleftelder.php(50): CodeIgniter\Debug\Exceptions->errorHandler(2, 'Trying to access array offset on value of type null', 'D:\\laragon\\www\\method-oldagehome\\app\\Views\\dashboard\\editleftelder.php', 50)
 2 SYSTEMPATH\View\View.php(226): include('D:\\laragon\\www\\method-oldagehome\\app\\Views\\dashboard\\editleftelder.php')
 3 SYSTEMPATH\View\View.php(229): CodeIgniter\View\View->CodeIgniter\View\{closure}()
 4 SYSTEMPATH\Common.php(1188): CodeIgniter\View\View->render('dashboard/editleftelder', [], true)
 5 APPPATH\Controllers\NewController.php(859): view('dashboard/editleftelder', [...])
 6 SYSTEMPATH\CodeIgniter.php(919): App\Controllers\NewController->ViewEditLeft('js', 'select2.js')
 7 SYSTEMPATH\CodeIgniter.php(494): CodeIgniter\CodeIgniter->runController(Object(App\Controllers\NewController))
 8 SYSTEMPATH\CodeIgniter.php(353): CodeIgniter\CodeIgniter->handleRequest(null, Object(Config\Cache), false)
 9 FCPATH\index.php(79): CodeIgniter\CodeIgniter->run()
10 SYSTEMPATH\Commands\Server\rewrite.php(47): require_once('D:\\laragon\\www\\method-oldagehome\\public\\index.php')
CRITICAL - 2024-11-08 08:51:56 --> Trying to access array offset on value of type null
in APPPATH\Views\dashboard\editleftelder.php on line 50.
 1 APPPATH\Views\dashboard\editleftelder.php(50): CodeIgniter\Debug\Exceptions->errorHandler(2, 'Trying to access array offset on value of type null', 'D:\\laragon\\www\\method-oldagehome\\app\\Views\\dashboard\\editleftelder.php', 50)
 2 SYSTEMPATH\View\View.php(226): include('D:\\laragon\\www\\method-oldagehome\\app\\Views\\dashboard\\editleftelder.php')
 3 SYSTEMPATH\View\View.php(229): CodeIgniter\View\View->CodeIgniter\View\{closure}()
 4 SYSTEMPATH\Common.php(1188): CodeIgniter\View\View->render('dashboard/editleftelder', [], true)
 5 APPPATH\Controllers\NewController.php(859): view('dashboard/editleftelder', [...])
 6 SYSTEMPATH\CodeIgniter.php(919): App\Controllers\NewController->ViewEditLeft('login', 'vendors', 'typicons', 'typicons.css')
 7 SYSTEMPATH\CodeIgniter.php(494): CodeIgniter\CodeIgniter->runController(Object(App\Controllers\NewController))
 8 SYSTEMPATH\CodeIgniter.php(353): CodeIgniter\CodeIgniter->handleRequest(null, Object(Config\Cache), false)
 9 FCPATH\index.php(79): CodeIgniter\CodeIgniter->run()
10 SYSTEMPATH\Commands\Server\rewrite.php(47): require_once('D:\\laragon\\www\\method-oldagehome\\public\\index.php')
CRITICAL - 2024-11-08 08:51:57 --> Trying to access array offset on value of type null
in APPPATH\Views\dashboard\editleftelder.php on line 50.
 1 APPPATH\Views\dashboard\editleftelder.php(50): CodeIgniter\Debug\Exceptions->errorHandler(2, 'Trying to access array offset on value of type null', 'D:\\laragon\\www\\method-oldagehome\\app\\Views\\dashboard\\editleftelder.php', 50)
 2 SYSTEMPATH\View\View.php(226): include('D:\\laragon\\www\\method-oldagehome\\app\\Views\\dashboard\\editleftelder.php')
 3 SYSTEMPATH\View\View.php(229): CodeIgniter\View\View->CodeIgniter\View\{closure}()
 4 SYSTEMPATH\Common.php(1188): CodeIgniter\View\View->render('dashboard/editleftelder', [], true)
 5 APPPATH\Controllers\NewController.php(859): view('dashboard/editleftelder', [...])
 6 SYSTEMPATH\CodeIgniter.php(919): App\Controllers\NewController->ViewEditLeft('login', 'vendors', 'css', 'vendor.bundle.base.css')
 7 SYSTEMPATH\CodeIgniter.php(494): CodeIgniter\CodeIgniter->runController(Object(App\Controllers\NewController))
 8 SYSTEMPATH\CodeIgniter.php(353): CodeIgniter\CodeIgniter->handleRequest(null, Object(Config\Cache), false)
 9 FCPATH\index.php(79): CodeIgniter\CodeIgniter->run()
10 SYSTEMPATH\Commands\Server\rewrite.php(47): require_once('D:\\laragon\\www\\method-oldagehome\\public\\index.php')
CRITICAL - 2024-11-08 08:51:57 --> Trying to access array offset on value of type null
in APPPATH\Views\dashboard\editleftelder.php on line 50.
 1 APPPATH\Views\dashboard\editleftelder.php(50): CodeIgniter\Debug\Exceptions->errorHandler(2, 'Trying to access array offset on value of type null', 'D:\\laragon\\www\\method-oldagehome\\app\\Views\\dashboard\\editleftelder.php', 50)
 2 SYSTEMPATH\View\View.php(226): include('D:\\laragon\\www\\method-oldagehome\\app\\Views\\dashboard\\editleftelder.php')
 3 SYSTEMPATH\View\View.php(229): CodeIgniter\View\View->CodeIgniter\View\{closure}()
 4 SYSTEMPATH\Common.php(1188): CodeIgniter\View\View->render('dashboard/editleftelder', [], true)
 5 APPPATH\Controllers\NewController.php(859): view('dashboard/editleftelder', [...])
 6 SYSTEMPATH\CodeIgniter.php(919): App\Controllers\NewController->ViewEditLeft('login', 'vendors', 'select2', 'select2.min.css')
 7 SYSTEMPATH\CodeIgniter.php(494): CodeIgniter\CodeIgniter->runController(Object(App\Controllers\NewController))
 8 SYSTEMPATH\CodeIgniter.php(353): CodeIgniter\CodeIgniter->handleRequest(null, Object(Config\Cache), false)
 9 FCPATH\index.php(79): CodeIgniter\CodeIgniter->run()
10 SYSTEMPATH\Commands\Server\rewrite.php(47): require_once('D:\\laragon\\www\\method-oldagehome\\public\\index.php')
CRITICAL - 2024-11-08 08:51:58 --> Trying to access array offset on value of type null
in APPPATH\Views\dashboard\editleftelder.php on line 50.
 1 APPPATH\Views\dashboard\editleftelder.php(50): CodeIgniter\Debug\Exceptions->errorHandler(2, 'Trying to access array offset on value of type null', 'D:\\laragon\\www\\method-oldagehome\\app\\Views\\dashboard\\editleftelder.php', 50)
 2 SYSTEMPATH\View\View.php(226): include('D:\\laragon\\www\\method-oldagehome\\app\\Views\\dashboard\\editleftelder.php')
 3 SYSTEMPATH\View\View.php(229): CodeIgniter\View\View->CodeIgniter\View\{closure}()
 4 SYSTEMPATH\Common.php(1188): CodeIgniter\View\View->render('dashboard/editleftelder', [], true)
 5 APPPATH\Controllers\NewController.php(859): view('dashboard/editleftelder', [...])
 6 SYSTEMPATH\CodeIgniter.php(919): App\Controllers\NewController->ViewEditLeft('login', 'vendors', 'select2-bootstrap-theme', 'select2-bootstrap.min.css')
 7 SYSTEMPATH\CodeIgniter.php(494): CodeIgniter\CodeIgniter->runController(Object(App\Controllers\NewController))
 8 SYSTEMPATH\CodeIgniter.php(353): CodeIgniter\CodeIgniter->handleRequest(null, Object(Config\Cache), false)
 9 FCPATH\index.php(79): CodeIgniter\CodeIgniter->run()
10 SYSTEMPATH\Commands\Server\rewrite.php(47): require_once('D:\\laragon\\www\\method-oldagehome\\public\\index.php')
CRITICAL - 2024-11-08 08:51:58 --> Trying to access array offset on value of type null
in APPPATH\Views\dashboard\editleftelder.php on line 50.
 1 APPPATH\Views\dashboard\editleftelder.php(50): CodeIgniter\Debug\Exceptions->errorHandler(2, 'Trying to access array offset on value of type null', 'D:\\laragon\\www\\method-oldagehome\\app\\Views\\dashboard\\editleftelder.php', 50)
 2 SYSTEMPATH\View\View.php(226): include('D:\\laragon\\www\\method-oldagehome\\app\\Views\\dashboard\\editleftelder.php')
 3 SYSTEMPATH\View\View.php(229): CodeIgniter\View\View->CodeIgniter\View\{closure}()
 4 SYSTEMPATH\Common.php(1188): CodeIgniter\View\View->render('dashboard/editleftelder', [], true)
 5 APPPATH\Controllers\NewController.php(859): view('dashboard/editleftelder', [...])
 6 SYSTEMPATH\CodeIgniter.php(919): App\Controllers\NewController->ViewEditLeft('login', 'css', 'vertical-layout-light', 'style.css')
 7 SYSTEMPATH\CodeIgniter.php(494): CodeIgniter\CodeIgniter->runController(Object(App\Controllers\NewController))
 8 SYSTEMPATH\CodeIgniter.php(353): CodeIgniter\CodeIgniter->handleRequest(null, Object(Config\Cache), false)
 9 FCPATH\index.php(79): CodeIgniter\CodeIgniter->run()
10 SYSTEMPATH\Commands\Server\rewrite.php(47): require_once('D:\\laragon\\www\\method-oldagehome\\public\\index.php')
CRITICAL - 2024-11-08 08:51:59 --> Trying to access array offset on value of type null
in APPPATH\Views\dashboard\editleftelder.php on line 50.
 1 APPPATH\Views\dashboard\editleftelder.php(50): CodeIgniter\Debug\Exceptions->errorHandler(2, 'Trying to access array offset on value of type null', 'D:\\laragon\\www\\method-oldagehome\\app\\Views\\dashboard\\editleftelder.php', 50)
 2 SYSTEMPATH\View\View.php(226): include('D:\\laragon\\www\\method-oldagehome\\app\\Views\\dashboard\\editleftelder.php')
 3 SYSTEMPATH\View\View.php(229): CodeIgniter\View\View->CodeIgniter\View\{closure}()
 4 SYSTEMPATH\Common.php(1188): CodeIgniter\View\View->render('dashboard/editleftelder', [], true)
 5 APPPATH\Controllers\NewController.php(859): view('dashboard/editleftelder', [...])
 6 SYSTEMPATH\CodeIgniter.php(919): App\Controllers\NewController->ViewEditLeft('vendors', 'js', 'vendor.bundle.base.js')
 7 SYSTEMPATH\CodeIgniter.php(494): CodeIgniter\CodeIgniter->runController(Object(App\Controllers\NewController))
 8 SYSTEMPATH\CodeIgniter.php(353): CodeIgniter\CodeIgniter->handleRequest(null, Object(Config\Cache), false)
 9 FCPATH\index.php(79): CodeIgniter\CodeIgniter->run()
10 SYSTEMPATH\Commands\Server\rewrite.php(47): require_once('D:\\laragon\\www\\method-oldagehome\\public\\index.php')
CRITICAL - 2024-11-08 08:51:59 --> Trying to access array offset on value of type null
in APPPATH\Views\dashboard\editleftelder.php on line 50.
 1 APPPATH\Views\dashboard\editleftelder.php(50): CodeIgniter\Debug\Exceptions->errorHandler(2, 'Trying to access array offset on value of type null', 'D:\\laragon\\www\\method-oldagehome\\app\\Views\\dashboard\\editleftelder.php', 50)
 2 SYSTEMPATH\View\View.php(226): include('D:\\laragon\\www\\method-oldagehome\\app\\Views\\dashboard\\editleftelder.php')
 3 SYSTEMPATH\View\View.php(229): CodeIgniter\View\View->CodeIgniter\View\{closure}()
 4 SYSTEMPATH\Common.php(1188): CodeIgniter\View\View->render('dashboard/editleftelder', [], true)
 5 APPPATH\Controllers\NewController.php(859): view('dashboard/editleftelder', [...])
 6 SYSTEMPATH\CodeIgniter.php(919): App\Controllers\NewController->ViewEditLeft('js', 'off-canvas.js')
 7 SYSTEMPATH\CodeIgniter.php(494): CodeIgniter\CodeIgniter->runController(Object(App\Controllers\NewController))
 8 SYSTEMPATH\CodeIgniter.php(353): CodeIgniter\CodeIgniter->handleRequest(null, Object(Config\Cache), false)
 9 FCPATH\index.php(79): CodeIgniter\CodeIgniter->run()
10 SYSTEMPATH\Commands\Server\rewrite.php(47): require_once('D:\\laragon\\www\\method-oldagehome\\public\\index.php')
CRITICAL - 2024-11-08 08:52:00 --> Trying to access array offset on value of type null
in APPPATH\Views\dashboard\editleftelder.php on line 50.
 1 APPPATH\Views\dashboard\editleftelder.php(50): CodeIgniter\Debug\Exceptions->errorHandler(2, 'Trying to access array offset on value of type null', 'D:\\laragon\\www\\method-oldagehome\\app\\Views\\dashboard\\editleftelder.php', 50)
 2 SYSTEMPATH\View\View.php(226): include('D:\\laragon\\www\\method-oldagehome\\app\\Views\\dashboard\\editleftelder.php')
 3 SYSTEMPATH\View\View.php(229): CodeIgniter\View\View->CodeIgniter\View\{closure}()
 4 SYSTEMPATH\Common.php(1188): CodeIgniter\View\View->render('dashboard/editleftelder', [], true)
 5 APPPATH\Controllers\NewController.php(859): view('dashboard/editleftelder', [...])
 6 SYSTEMPATH\CodeIgniter.php(919): App\Controllers\NewController->ViewEditLeft('js', 'hoverable-collapse.js')
 7 SYSTEMPATH\CodeIgniter.php(494): CodeIgniter\CodeIgniter->runController(Object(App\Controllers\NewController))
 8 SYSTEMPATH\CodeIgniter.php(353): CodeIgniter\CodeIgniter->handleRequest(null, Object(Config\Cache), false)
 9 FCPATH\index.php(79): CodeIgniter\CodeIgniter->run()
10 SYSTEMPATH\Commands\Server\rewrite.php(47): require_once('D:\\laragon\\www\\method-oldagehome\\public\\index.php')
CRITICAL - 2024-11-08 08:52:00 --> Trying to access array offset on value of type null
in APPPATH\Views\dashboard\editleftelder.php on line 50.
 1 APPPATH\Views\dashboard\editleftelder.php(50): CodeIgniter\Debug\Exceptions->errorHandler(2, 'Trying to access array offset on value of type null', 'D:\\laragon\\www\\method-oldagehome\\app\\Views\\dashboard\\editleftelder.php', 50)
 2 SYSTEMPATH\View\View.php(226): include('D:\\laragon\\www\\method-oldagehome\\app\\Views\\dashboard\\editleftelder.php')
 3 SYSTEMPATH\View\View.php(229): CodeIgniter\View\View->CodeIgniter\View\{closure}()
 4 SYSTEMPATH\Common.php(1188): CodeIgniter\View\View->render('dashboard/editleftelder', [], true)
 5 APPPATH\Controllers\NewController.php(859): view('dashboard/editleftelder', [...])
 6 SYSTEMPATH\CodeIgniter.php(919): App\Controllers\NewController->ViewEditLeft('js', 'template.js')
 7 SYSTEMPATH\CodeIgniter.php(494): CodeIgniter\CodeIgniter->runController(Object(App\Controllers\NewController))
 8 SYSTEMPATH\CodeIgniter.php(353): CodeIgniter\CodeIgniter->handleRequest(null, Object(Config\Cache), false)
 9 FCPATH\index.php(79): CodeIgniter\CodeIgniter->run()
10 SYSTEMPATH\Commands\Server\rewrite.php(47): require_once('D:\\laragon\\www\\method-oldagehome\\public\\index.php')
CRITICAL - 2024-11-08 08:52:01 --> Trying to access array offset on value of type null
in APPPATH\Views\dashboard\editleftelder.php on line 50.
 1 APPPATH\Views\dashboard\editleftelder.php(50): CodeIgniter\Debug\Exceptions->errorHandler(2, 'Trying to access array offset on value of type null', 'D:\\laragon\\www\\method-oldagehome\\app\\Views\\dashboard\\editleftelder.php', 50)
 2 SYSTEMPATH\View\View.php(226): include('D:\\laragon\\www\\method-oldagehome\\app\\Views\\dashboard\\editleftelder.php')
 3 SYSTEMPATH\View\View.php(229): CodeIgniter\View\View->CodeIgniter\View\{closure}()
 4 SYSTEMPATH\Common.php(1188): CodeIgniter\View\View->render('dashboard/editleftelder', [], true)
 5 APPPATH\Controllers\NewController.php(859): view('dashboard/editleftelder', [...])
 6 SYSTEMPATH\CodeIgniter.php(919): App\Controllers\NewController->ViewEditLeft('js', 'settings.js')
 7 SYSTEMPATH\CodeIgniter.php(494): CodeIgniter\CodeIgniter->runController(Object(App\Controllers\NewController))
 8 SYSTEMPATH\CodeIgniter.php(353): CodeIgniter\CodeIgniter->handleRequest(null, Object(Config\Cache), false)
 9 FCPATH\index.php(79): CodeIgniter\CodeIgniter->run()
10 SYSTEMPATH\Commands\Server\rewrite.php(47): require_once('D:\\laragon\\www\\method-oldagehome\\public\\index.php')
CRITICAL - 2024-11-08 08:52:01 --> Trying to access array offset on value of type null
in APPPATH\Views\dashboard\editleftelder.php on line 50.
 1 APPPATH\Views\dashboard\editleftelder.php(50): CodeIgniter\Debug\Exceptions->errorHandler(2, 'Trying to access array offset on value of type null', 'D:\\laragon\\www\\method-oldagehome\\app\\Views\\dashboard\\editleftelder.php', 50)
 2 SYSTEMPATH\View\View.php(226): include('D:\\laragon\\www\\method-oldagehome\\app\\Views\\dashboard\\editleftelder.php')
 3 SYSTEMPATH\View\View.php(229): CodeIgniter\View\View->CodeIgniter\View\{closure}()
 4 SYSTEMPATH\Common.php(1188): CodeIgniter\View\View->render('dashboard/editleftelder', [], true)
 5 APPPATH\Controllers\NewController.php(859): view('dashboard/editleftelder', [...])
 6 SYSTEMPATH\CodeIgniter.php(919): App\Controllers\NewController->ViewEditLeft('js', 'todolist.js')
 7 SYSTEMPATH\CodeIgniter.php(494): CodeIgniter\CodeIgniter->runController(Object(App\Controllers\NewController))
 8 SYSTEMPATH\CodeIgniter.php(353): CodeIgniter\CodeIgniter->handleRequest(null, Object(Config\Cache), false)
 9 FCPATH\index.php(79): CodeIgniter\CodeIgniter->run()
10 SYSTEMPATH\Commands\Server\rewrite.php(47): require_once('D:\\laragon\\www\\method-oldagehome\\public\\index.php')
CRITICAL - 2024-11-08 08:52:02 --> Trying to access array offset on value of type null
in APPPATH\Views\dashboard\editleftelder.php on line 50.
 1 APPPATH\Views\dashboard\editleftelder.php(50): CodeIgniter\Debug\Exceptions->errorHandler(2, 'Trying to access array offset on value of type null', 'D:\\laragon\\www\\method-oldagehome\\app\\Views\\dashboard\\editleftelder.php', 50)
 2 SYSTEMPATH\View\View.php(226): include('D:\\laragon\\www\\method-oldagehome\\app\\Views\\dashboard\\editleftelder.php')
 3 SYSTEMPATH\View\View.php(229): CodeIgniter\View\View->CodeIgniter\View\{closure}()
 4 SYSTEMPATH\Common.php(1188): CodeIgniter\View\View->render('dashboard/editleftelder', [], true)
 5 APPPATH\Controllers\NewController.php(859): view('dashboard/editleftelder', [...])
 6 SYSTEMPATH\CodeIgniter.php(919): App\Controllers\NewController->ViewEditLeft('vendors', 'typeahead.js', 'typeahead.bundle.min.js')
 7 SYSTEMPATH\CodeIgniter.php(494): CodeIgniter\CodeIgniter->runController(Object(App\Controllers\NewController))
 8 SYSTEMPATH\CodeIgniter.php(353): CodeIgniter\CodeIgniter->handleRequest(null, Object(Config\Cache), false)
 9 FCPATH\index.php(79): CodeIgniter\CodeIgniter->run()
10 SYSTEMPATH\Commands\Server\rewrite.php(47): require_once('D:\\laragon\\www\\method-oldagehome\\public\\index.php')
CRITICAL - 2024-11-08 08:52:02 --> Trying to access array offset on value of type null
in APPPATH\Views\dashboard\editleftelder.php on line 50.
 1 APPPATH\Views\dashboard\editleftelder.php(50): CodeIgniter\Debug\Exceptions->errorHandler(2, 'Trying to access array offset on value of type null', 'D:\\laragon\\www\\method-oldagehome\\app\\Views\\dashboard\\editleftelder.php', 50)
 2 SYSTEMPATH\View\View.php(226): include('D:\\laragon\\www\\method-oldagehome\\app\\Views\\dashboard\\editleftelder.php')
 3 SYSTEMPATH\View\View.php(229): CodeIgniter\View\View->CodeIgniter\View\{closure}()
 4 SYSTEMPATH\Common.php(1188): CodeIgniter\View\View->render('dashboard/editleftelder', [], true)
 5 APPPATH\Controllers\NewController.php(859): view('dashboard/editleftelder', [...])
 6 SYSTEMPATH\CodeIgniter.php(919): App\Controllers\NewController->ViewEditLeft('vendors', 'select2', 'select2.min.js')
 7 SYSTEMPATH\CodeIgniter.php(494): CodeIgniter\CodeIgniter->runController(Object(App\Controllers\NewController))
 8 SYSTEMPATH\CodeIgniter.php(353): CodeIgniter\CodeIgniter->handleRequest(null, Object(Config\Cache), false)
 9 FCPATH\index.php(79): CodeIgniter\CodeIgniter->run()
10 SYSTEMPATH\Commands\Server\rewrite.php(47): require_once('D:\\laragon\\www\\method-oldagehome\\public\\index.php')
CRITICAL - 2024-11-08 08:52:03 --> Trying to access array offset on value of type null
in APPPATH\Views\dashboard\editleftelder.php on line 50.
 1 APPPATH\Views\dashboard\editleftelder.php(50): CodeIgniter\Debug\Exceptions->errorHandler(2, 'Trying to access array offset on value of type null', 'D:\\laragon\\www\\method-oldagehome\\app\\Views\\dashboard\\editleftelder.php', 50)
 2 SYSTEMPATH\View\View.php(226): include('D:\\laragon\\www\\method-oldagehome\\app\\Views\\dashboard\\editleftelder.php')
 3 SYSTEMPATH\View\View.php(229): CodeIgniter\View\View->CodeIgniter\View\{closure}()
 4 SYSTEMPATH\Common.php(1188): CodeIgniter\View\View->render('dashboard/editleftelder', [], true)
 5 APPPATH\Controllers\NewController.php(859): view('dashboard/editleftelder', [...])
 6 SYSTEMPATH\CodeIgniter.php(919): App\Controllers\NewController->ViewEditLeft('js', 'file-upload.js')
 7 SYSTEMPATH\CodeIgniter.php(494): CodeIgniter\CodeIgniter->runController(Object(App\Controllers\NewController))
 8 SYSTEMPATH\CodeIgniter.php(353): CodeIgniter\CodeIgniter->handleRequest(null, Object(Config\Cache), false)
 9 FCPATH\index.php(79): CodeIgniter\CodeIgniter->run()
10 SYSTEMPATH\Commands\Server\rewrite.php(47): require_once('D:\\laragon\\www\\method-oldagehome\\public\\index.php')
CRITICAL - 2024-11-08 08:52:03 --> Trying to access array offset on value of type null
in APPPATH\Views\dashboard\editleftelder.php on line 50.
 1 APPPATH\Views\dashboard\editleftelder.php(50): CodeIgniter\Debug\Exceptions->errorHandler(2, 'Trying to access array offset on value of type null', 'D:\\laragon\\www\\method-oldagehome\\app\\Views\\dashboard\\editleftelder.php', 50)
 2 SYSTEMPATH\View\View.php(226): include('D:\\laragon\\www\\method-oldagehome\\app\\Views\\dashboard\\editleftelder.php')
 3 SYSTEMPATH\View\View.php(229): CodeIgniter\View\View->CodeIgniter\View\{closure}()
 4 SYSTEMPATH\Common.php(1188): CodeIgniter\View\View->render('dashboard/editleftelder', [], true)
 5 APPPATH\Controllers\NewController.php(859): view('dashboard/editleftelder', [...])
 6 SYSTEMPATH\CodeIgniter.php(919): App\Controllers\NewController->ViewEditLeft('js', 'typeahead.js')
 7 SYSTEMPATH\CodeIgniter.php(494): CodeIgniter\CodeIgniter->runController(Object(App\Controllers\NewController))
 8 SYSTEMPATH\CodeIgniter.php(353): CodeIgniter\CodeIgniter->handleRequest(null, Object(Config\Cache), false)
 9 FCPATH\index.php(79): CodeIgniter\CodeIgniter->run()
10 SYSTEMPATH\Commands\Server\rewrite.php(47): require_once('D:\\laragon\\www\\method-oldagehome\\public\\index.php')
CRITICAL - 2024-11-08 08:52:04 --> Trying to access array offset on value of type null
in APPPATH\Views\dashboard\editleftelder.php on line 50.
 1 APPPATH\Views\dashboard\editleftelder.php(50): CodeIgniter\Debug\Exceptions->errorHandler(2, 'Trying to access array offset on value of type null', 'D:\\laragon\\www\\method-oldagehome\\app\\Views\\dashboard\\editleftelder.php', 50)
 2 SYSTEMPATH\View\View.php(226): include('D:\\laragon\\www\\method-oldagehome\\app\\Views\\dashboard\\editleftelder.php')
 3 SYSTEMPATH\View\View.php(229): CodeIgniter\View\View->CodeIgniter\View\{closure}()
 4 SYSTEMPATH\Common.php(1188): CodeIgniter\View\View->render('dashboard/editleftelder', [], true)
 5 APPPATH\Controllers\NewController.php(859): view('dashboard/editleftelder', [...])
 6 SYSTEMPATH\CodeIgniter.php(919): App\Controllers\NewController->ViewEditLeft('js', 'select2.js')
 7 SYSTEMPATH\CodeIgniter.php(494): CodeIgniter\CodeIgniter->runController(Object(App\Controllers\NewController))
 8 SYSTEMPATH\CodeIgniter.php(353): CodeIgniter\CodeIgniter->handleRequest(null, Object(Config\Cache), false)
 9 FCPATH\index.php(79): CodeIgniter\CodeIgniter->run()
10 SYSTEMPATH\Commands\Server\rewrite.php(47): require_once('D:\\laragon\\www\\method-oldagehome\\public\\index.php')
CRITICAL - 2024-11-08 08:52:17 --> Trying to access array offset on value of type null
in APPPATH\Views\dashboard\editleftelder.php on line 50.
 1 APPPATH\Views\dashboard\editleftelder.php(50): CodeIgniter\Debug\Exceptions->errorHandler(2, 'Trying to access array offset on value of type null', 'D:\\laragon\\www\\method-oldagehome\\app\\Views\\dashboard\\editleftelder.php', 50)
 2 SYSTEMPATH\View\View.php(226): include('D:\\laragon\\www\\method-oldagehome\\app\\Views\\dashboard\\editleftelder.php')
 3 SYSTEMPATH\View\View.php(229): CodeIgniter\View\View->CodeIgniter\View\{closure}()
 4 SYSTEMPATH\Common.php(1188): CodeIgniter\View\View->render('dashboard/editleftelder', [], true)
 5 APPPATH\Controllers\NewController.php(859): view('dashboard/editleftelder', [...])
 6 SYSTEMPATH\CodeIgniter.php(919): App\Controllers\NewController->ViewEditLeft('login', 'vendors', 'typicons', 'typicons.css')
 7 SYSTEMPATH\CodeIgniter.php(494): CodeIgniter\CodeIgniter->runController(Object(App\Controllers\NewController))
 8 SYSTEMPATH\CodeIgniter.php(353): CodeIgniter\CodeIgniter->handleRequest(null, Object(Config\Cache), false)
 9 FCPATH\index.php(79): CodeIgniter\CodeIgniter->run()
10 SYSTEMPATH\Commands\Server\rewrite.php(47): require_once('D:\\laragon\\www\\method-oldagehome\\public\\index.php')
CRITICAL - 2024-11-08 08:52:17 --> Trying to access array offset on value of type null
in APPPATH\Views\dashboard\editleftelder.php on line 50.
 1 APPPATH\Views\dashboard\editleftelder.php(50): CodeIgniter\Debug\Exceptions->errorHandler(2, 'Trying to access array offset on value of type null', 'D:\\laragon\\www\\method-oldagehome\\app\\Views\\dashboard\\editleftelder.php', 50)
 2 SYSTEMPATH\View\View.php(226): include('D:\\laragon\\www\\method-oldagehome\\app\\Views\\dashboard\\editleftelder.php')
 3 SYSTEMPATH\View\View.php(229): CodeIgniter\View\View->CodeIgniter\View\{closure}()
 4 SYSTEMPATH\Common.php(1188): CodeIgniter\View\View->render('dashboard/editleftelder', [], true)
 5 APPPATH\Controllers\NewController.php(859): view('dashboard/editleftelder', [...])
 6 SYSTEMPATH\CodeIgniter.php(919): App\Controllers\NewController->ViewEditLeft('login', 'vendors', 'css', 'vendor.bundle.base.css')
 7 SYSTEMPATH\CodeIgniter.php(494): CodeIgniter\CodeIgniter->runController(Object(App\Controllers\NewController))
 8 SYSTEMPATH\CodeIgniter.php(353): CodeIgniter\CodeIgniter->handleRequest(null, Object(Config\Cache), false)
 9 FCPATH\index.php(79): CodeIgniter\CodeIgniter->run()
10 SYSTEMPATH\Commands\Server\rewrite.php(47): require_once('D:\\laragon\\www\\method-oldagehome\\public\\index.php')
CRITICAL - 2024-11-08 08:52:18 --> Trying to access array offset on value of type null
in APPPATH\Views\dashboard\editleftelder.php on line 50.
 1 APPPATH\Views\dashboard\editleftelder.php(50): CodeIgniter\Debug\Exceptions->errorHandler(2, 'Trying to access array offset on value of type null', 'D:\\laragon\\www\\method-oldagehome\\app\\Views\\dashboard\\editleftelder.php', 50)
 2 SYSTEMPATH\View\View.php(226): include('D:\\laragon\\www\\method-oldagehome\\app\\Views\\dashboard\\editleftelder.php')
 3 SYSTEMPATH\View\View.php(229): CodeIgniter\View\View->CodeIgniter\View\{closure}()
 4 SYSTEMPATH\Common.php(1188): CodeIgniter\View\View->render('dashboard/editleftelder', [], true)
 5 APPPATH\Controllers\NewController.php(859): view('dashboard/editleftelder', [...])
 6 SYSTEMPATH\CodeIgniter.php(919): App\Controllers\NewController->ViewEditLeft('login', 'vendors', 'select2', 'select2.min.css')
 7 SYSTEMPATH\CodeIgniter.php(494): CodeIgniter\CodeIgniter->runController(Object(App\Controllers\NewController))
 8 SYSTEMPATH\CodeIgniter.php(353): CodeIgniter\CodeIgniter->handleRequest(null, Object(Config\Cache), false)
 9 FCPATH\index.php(79): CodeIgniter\CodeIgniter->run()
10 SYSTEMPATH\Commands\Server\rewrite.php(47): require_once('D:\\laragon\\www\\method-oldagehome\\public\\index.php')
CRITICAL - 2024-11-08 08:52:18 --> Trying to access array offset on value of type null
in APPPATH\Views\dashboard\editleftelder.php on line 50.
 1 APPPATH\Views\dashboard\editleftelder.php(50): CodeIgniter\Debug\Exceptions->errorHandler(2, 'Trying to access array offset on value of type null', 'D:\\laragon\\www\\method-oldagehome\\app\\Views\\dashboard\\editleftelder.php', 50)
 2 SYSTEMPATH\View\View.php(226): include('D:\\laragon\\www\\method-oldagehome\\app\\Views\\dashboard\\editleftelder.php')
 3 SYSTEMPATH\View\View.php(229): CodeIgniter\View\View->CodeIgniter\View\{closure}()
 4 SYSTEMPATH\Common.php(1188): CodeIgniter\View\View->render('dashboard/editleftelder', [], true)
 5 APPPATH\Controllers\NewController.php(859): view('dashboard/editleftelder', [...])
 6 SYSTEMPATH\CodeIgniter.php(919): App\Controllers\NewController->ViewEditLeft('login', 'vendors', 'select2-bootstrap-theme', 'select2-bootstrap.min.css')
 7 SYSTEMPATH\CodeIgniter.php(494): CodeIgniter\CodeIgniter->runController(Object(App\Controllers\NewController))
 8 SYSTEMPATH\CodeIgniter.php(353): CodeIgniter\CodeIgniter->handleRequest(null, Object(Config\Cache), false)
 9 FCPATH\index.php(79): CodeIgniter\CodeIgniter->run()
10 SYSTEMPATH\Commands\Server\rewrite.php(47): require_once('D:\\laragon\\www\\method-oldagehome\\public\\index.php')
CRITICAL - 2024-11-08 08:52:19 --> Trying to access array offset on value of type null
in APPPATH\Views\dashboard\editleftelder.php on line 50.
 1 APPPATH\Views\dashboard\editleftelder.php(50): CodeIgniter\Debug\Exceptions->errorHandler(2, 'Trying to access array offset on value of type null', 'D:\\laragon\\www\\method-oldagehome\\app\\Views\\dashboard\\editleftelder.php', 50)
 2 SYSTEMPATH\View\View.php(226): include('D:\\laragon\\www\\method-oldagehome\\app\\Views\\dashboard\\editleftelder.php')
 3 SYSTEMPATH\View\View.php(229): CodeIgniter\View\View->CodeIgniter\View\{closure}()
 4 SYSTEMPATH\Common.php(1188): CodeIgniter\View\View->render('dashboard/editleftelder', [], true)
 5 APPPATH\Controllers\NewController.php(859): view('dashboard/editleftelder', [...])
 6 SYSTEMPATH\CodeIgniter.php(919): App\Controllers\NewController->ViewEditLeft('login', 'css', 'vertical-layout-light', 'style.css')
 7 SYSTEMPATH\CodeIgniter.php(494): CodeIgniter\CodeIgniter->runController(Object(App\Controllers\NewController))
 8 SYSTEMPATH\CodeIgniter.php(353): CodeIgniter\CodeIgniter->handleRequest(null, Object(Config\Cache), false)
 9 FCPATH\index.php(79): CodeIgniter\CodeIgniter->run()
10 SYSTEMPATH\Commands\Server\rewrite.php(47): require_once('D:\\laragon\\www\\method-oldagehome\\public\\index.php')
CRITICAL - 2024-11-08 08:52:19 --> Trying to access array offset on value of type null
in APPPATH\Views\dashboard\editleftelder.php on line 50.
 1 APPPATH\Views\dashboard\editleftelder.php(50): CodeIgniter\Debug\Exceptions->errorHandler(2, 'Trying to access array offset on value of type null', 'D:\\laragon\\www\\method-oldagehome\\app\\Views\\dashboard\\editleftelder.php', 50)
 2 SYSTEMPATH\View\View.php(226): include('D:\\laragon\\www\\method-oldagehome\\app\\Views\\dashboard\\editleftelder.php')
 3 SYSTEMPATH\View\View.php(229): CodeIgniter\View\View->CodeIgniter\View\{closure}()
 4 SYSTEMPATH\Common.php(1188): CodeIgniter\View\View->render('dashboard/editleftelder', [], true)
 5 APPPATH\Controllers\NewController.php(859): view('dashboard/editleftelder', [...])
 6 SYSTEMPATH\CodeIgniter.php(919): App\Controllers\NewController->ViewEditLeft('vendors', 'js', 'vendor.bundle.base.js')
 7 SYSTEMPATH\CodeIgniter.php(494): CodeIgniter\CodeIgniter->runController(Object(App\Controllers\NewController))
 8 SYSTEMPATH\CodeIgniter.php(353): CodeIgniter\CodeIgniter->handleRequest(null, Object(Config\Cache), false)
 9 FCPATH\index.php(79): CodeIgniter\CodeIgniter->run()
10 SYSTEMPATH\Commands\Server\rewrite.php(47): require_once('D:\\laragon\\www\\method-oldagehome\\public\\index.php')
CRITICAL - 2024-11-08 08:52:20 --> Trying to access array offset on value of type null
in APPPATH\Views\dashboard\editleftelder.php on line 50.
 1 APPPATH\Views\dashboard\editleftelder.php(50): CodeIgniter\Debug\Exceptions->errorHandler(2, 'Trying to access array offset on value of type null', 'D:\\laragon\\www\\method-oldagehome\\app\\Views\\dashboard\\editleftelder.php', 50)
 2 SYSTEMPATH\View\View.php(226): include('D:\\laragon\\www\\method-oldagehome\\app\\Views\\dashboard\\editleftelder.php')
 3 SYSTEMPATH\View\View.php(229): CodeIgniter\View\View->CodeIgniter\View\{closure}()
 4 SYSTEMPATH\Common.php(1188): CodeIgniter\View\View->render('dashboard/editleftelder', [], true)
 5 APPPATH\Controllers\NewController.php(859): view('dashboard/editleftelder', [...])
 6 SYSTEMPATH\CodeIgniter.php(919): App\Controllers\NewController->ViewEditLeft('js', 'off-canvas.js')
 7 SYSTEMPATH\CodeIgniter.php(494): CodeIgniter\CodeIgniter->runController(Object(App\Controllers\NewController))
 8 SYSTEMPATH\CodeIgniter.php(353): CodeIgniter\CodeIgniter->handleRequest(null, Object(Config\Cache), false)
 9 FCPATH\index.php(79): CodeIgniter\CodeIgniter->run()
10 SYSTEMPATH\Commands\Server\rewrite.php(47): require_once('D:\\laragon\\www\\method-oldagehome\\public\\index.php')
CRITICAL - 2024-11-08 08:52:20 --> Trying to access array offset on value of type null
in APPPATH\Views\dashboard\editleftelder.php on line 50.
 1 APPPATH\Views\dashboard\editleftelder.php(50): CodeIgniter\Debug\Exceptions->errorHandler(2, 'Trying to access array offset on value of type null', 'D:\\laragon\\www\\method-oldagehome\\app\\Views\\dashboard\\editleftelder.php', 50)
 2 SYSTEMPATH\View\View.php(226): include('D:\\laragon\\www\\method-oldagehome\\app\\Views\\dashboard\\editleftelder.php')
 3 SYSTEMPATH\View\View.php(229): CodeIgniter\View\View->CodeIgniter\View\{closure}()
 4 SYSTEMPATH\Common.php(1188): CodeIgniter\View\View->render('dashboard/editleftelder', [], true)
 5 APPPATH\Controllers\NewController.php(859): view('dashboard/editleftelder', [...])
 6 SYSTEMPATH\CodeIgniter.php(919): App\Controllers\NewController->ViewEditLeft('js', 'hoverable-collapse.js')
 7 SYSTEMPATH\CodeIgniter.php(494): CodeIgniter\CodeIgniter->runController(Object(App\Controllers\NewController))
 8 SYSTEMPATH\CodeIgniter.php(353): CodeIgniter\CodeIgniter->handleRequest(null, Object(Config\Cache), false)
 9 FCPATH\index.php(79): CodeIgniter\CodeIgniter->run()
10 SYSTEMPATH\Commands\Server\rewrite.php(47): require_once('D:\\laragon\\www\\method-oldagehome\\public\\index.php')
CRITICAL - 2024-11-08 08:52:21 --> Trying to access array offset on value of type null
in APPPATH\Views\dashboard\editleftelder.php on line 50.
 1 APPPATH\Views\dashboard\editleftelder.php(50): CodeIgniter\Debug\Exceptions->errorHandler(2, 'Trying to access array offset on value of type null', 'D:\\laragon\\www\\method-oldagehome\\app\\Views\\dashboard\\editleftelder.php', 50)
 2 SYSTEMPATH\View\View.php(226): include('D:\\laragon\\www\\method-oldagehome\\app\\Views\\dashboard\\editleftelder.php')
 3 SYSTEMPATH\View\View.php(229): CodeIgniter\View\View->CodeIgniter\View\{closure}()
 4 SYSTEMPATH\Common.php(1188): CodeIgniter\View\View->render('dashboard/editleftelder', [], true)
 5 APPPATH\Controllers\NewController.php(859): view('dashboard/editleftelder', [...])
 6 SYSTEMPATH\CodeIgniter.php(919): App\Controllers\NewController->ViewEditLeft('js', 'template.js')
 7 SYSTEMPATH\CodeIgniter.php(494): CodeIgniter\CodeIgniter->runController(Object(App\Controllers\NewController))
 8 SYSTEMPATH\CodeIgniter.php(353): CodeIgniter\CodeIgniter->handleRequest(null, Object(Config\Cache), false)
 9 FCPATH\index.php(79): CodeIgniter\CodeIgniter->run()
10 SYSTEMPATH\Commands\Server\rewrite.php(47): require_once('D:\\laragon\\www\\method-oldagehome\\public\\index.php')
CRITICAL - 2024-11-08 08:52:21 --> Trying to access array offset on value of type null
in APPPATH\Views\dashboard\editleftelder.php on line 50.
 1 APPPATH\Views\dashboard\editleftelder.php(50): CodeIgniter\Debug\Exceptions->errorHandler(2, 'Trying to access array offset on value of type null', 'D:\\laragon\\www\\method-oldagehome\\app\\Views\\dashboard\\editleftelder.php', 50)
 2 SYSTEMPATH\View\View.php(226): include('D:\\laragon\\www\\method-oldagehome\\app\\Views\\dashboard\\editleftelder.php')
 3 SYSTEMPATH\View\View.php(229): CodeIgniter\View\View->CodeIgniter\View\{closure}()
 4 SYSTEMPATH\Common.php(1188): CodeIgniter\View\View->render('dashboard/editleftelder', [], true)
 5 APPPATH\Controllers\NewController.php(859): view('dashboard/editleftelder', [...])
 6 SYSTEMPATH\CodeIgniter.php(919): App\Controllers\NewController->ViewEditLeft('js', 'settings.js')
 7 SYSTEMPATH\CodeIgniter.php(494): CodeIgniter\CodeIgniter->runController(Object(App\Controllers\NewController))
 8 SYSTEMPATH\CodeIgniter.php(353): CodeIgniter\CodeIgniter->handleRequest(null, Object(Config\Cache), false)
 9 FCPATH\index.php(79): CodeIgniter\CodeIgniter->run()
10 SYSTEMPATH\Commands\Server\rewrite.php(47): require_once('D:\\laragon\\www\\method-oldagehome\\public\\index.php')
CRITICAL - 2024-11-08 08:52:22 --> Trying to access array offset on value of type null
in APPPATH\Views\dashboard\editleftelder.php on line 50.
 1 APPPATH\Views\dashboard\editleftelder.php(50): CodeIgniter\Debug\Exceptions->errorHandler(2, 'Trying to access array offset on value of type null', 'D:\\laragon\\www\\method-oldagehome\\app\\Views\\dashboard\\editleftelder.php', 50)
 2 SYSTEMPATH\View\View.php(226): include('D:\\laragon\\www\\method-oldagehome\\app\\Views\\dashboard\\editleftelder.php')
 3 SYSTEMPATH\View\View.php(229): CodeIgniter\View\View->CodeIgniter\View\{closure}()
 4 SYSTEMPATH\Common.php(1188): CodeIgniter\View\View->render('dashboard/editleftelder', [], true)
 5 APPPATH\Controllers\NewController.php(859): view('dashboard/editleftelder', [...])
 6 SYSTEMPATH\CodeIgniter.php(919): App\Controllers\NewController->ViewEditLeft('js', 'todolist.js')
 7 SYSTEMPATH\CodeIgniter.php(494): CodeIgniter\CodeIgniter->runController(Object(App\Controllers\NewController))
 8 SYSTEMPATH\CodeIgniter.php(353): CodeIgniter\CodeIgniter->handleRequest(null, Object(Config\Cache), false)
 9 FCPATH\index.php(79): CodeIgniter\CodeIgniter->run()
10 SYSTEMPATH\Commands\Server\rewrite.php(47): require_once('D:\\laragon\\www\\method-oldagehome\\public\\index.php')
CRITICAL - 2024-11-08 08:52:22 --> Trying to access array offset on value of type null
in APPPATH\Views\dashboard\editleftelder.php on line 50.
 1 APPPATH\Views\dashboard\editleftelder.php(50): CodeIgniter\Debug\Exceptions->errorHandler(2, 'Trying to access array offset on value of type null', 'D:\\laragon\\www\\method-oldagehome\\app\\Views\\dashboard\\editleftelder.php', 50)
 2 SYSTEMPATH\View\View.php(226): include('D:\\laragon\\www\\method-oldagehome\\app\\Views\\dashboard\\editleftelder.php')
 3 SYSTEMPATH\View\View.php(229): CodeIgniter\View\View->CodeIgniter\View\{closure}()
 4 SYSTEMPATH\Common.php(1188): CodeIgniter\View\View->render('dashboard/editleftelder', [], true)
 5 APPPATH\Controllers\NewController.php(859): view('dashboard/editleftelder', [...])
 6 SYSTEMPATH\CodeIgniter.php(919): App\Controllers\NewController->ViewEditLeft('vendors', 'typeahead.js', 'typeahead.bundle.min.js')
 7 SYSTEMPATH\CodeIgniter.php(494): CodeIgniter\CodeIgniter->runController(Object(App\Controllers\NewController))
 8 SYSTEMPATH\CodeIgniter.php(353): CodeIgniter\CodeIgniter->handleRequest(null, Object(Config\Cache), false)
 9 FCPATH\index.php(79): CodeIgniter\CodeIgniter->run()
10 SYSTEMPATH\Commands\Server\rewrite.php(47): require_once('D:\\laragon\\www\\method-oldagehome\\public\\index.php')
CRITICAL - 2024-11-08 08:52:23 --> Trying to access array offset on value of type null
in APPPATH\Views\dashboard\editleftelder.php on line 50.
 1 APPPATH\Views\dashboard\editleftelder.php(50): CodeIgniter\Debug\Exceptions->errorHandler(2, 'Trying to access array offset on value of type null', 'D:\\laragon\\www\\method-oldagehome\\app\\Views\\dashboard\\editleftelder.php', 50)
 2 SYSTEMPATH\View\View.php(226): include('D:\\laragon\\www\\method-oldagehome\\app\\Views\\dashboard\\editleftelder.php')
 3 SYSTEMPATH\View\View.php(229): CodeIgniter\View\View->CodeIgniter\View\{closure}()
 4 SYSTEMPATH\Common.php(1188): CodeIgniter\View\View->render('dashboard/editleftelder', [], true)
 5 APPPATH\Controllers\NewController.php(859): view('dashboard/editleftelder', [...])
 6 SYSTEMPATH\CodeIgniter.php(919): App\Controllers\NewController->ViewEditLeft('vendors', 'select2', 'select2.min.js')
 7 SYSTEMPATH\CodeIgniter.php(494): CodeIgniter\CodeIgniter->runController(Object(App\Controllers\NewController))
 8 SYSTEMPATH\CodeIgniter.php(353): CodeIgniter\CodeIgniter->handleRequest(null, Object(Config\Cache), false)
 9 FCPATH\index.php(79): CodeIgniter\CodeIgniter->run()
10 SYSTEMPATH\Commands\Server\rewrite.php(47): require_once('D:\\laragon\\www\\method-oldagehome\\public\\index.php')
CRITICAL - 2024-11-08 08:52:23 --> Trying to access array offset on value of type null
in APPPATH\Views\dashboard\editleftelder.php on line 50.
 1 APPPATH\Views\dashboard\editleftelder.php(50): CodeIgniter\Debug\Exceptions->errorHandler(2, 'Trying to access array offset on value of type null', 'D:\\laragon\\www\\method-oldagehome\\app\\Views\\dashboard\\editleftelder.php', 50)
 2 SYSTEMPATH\View\View.php(226): include('D:\\laragon\\www\\method-oldagehome\\app\\Views\\dashboard\\editleftelder.php')
 3 SYSTEMPATH\View\View.php(229): CodeIgniter\View\View->CodeIgniter\View\{closure}()
 4 SYSTEMPATH\Common.php(1188): CodeIgniter\View\View->render('dashboard/editleftelder', [], true)
 5 APPPATH\Controllers\NewController.php(859): view('dashboard/editleftelder', [...])
 6 SYSTEMPATH\CodeIgniter.php(919): App\Controllers\NewController->ViewEditLeft('js', 'file-upload.js')
 7 SYSTEMPATH\CodeIgniter.php(494): CodeIgniter\CodeIgniter->runController(Object(App\Controllers\NewController))
 8 SYSTEMPATH\CodeIgniter.php(353): CodeIgniter\CodeIgniter->handleRequest(null, Object(Config\Cache), false)
 9 FCPATH\index.php(79): CodeIgniter\CodeIgniter->run()
10 SYSTEMPATH\Commands\Server\rewrite.php(47): require_once('D:\\laragon\\www\\method-oldagehome\\public\\index.php')
CRITICAL - 2024-11-08 08:52:24 --> Trying to access array offset on value of type null
in APPPATH\Views\dashboard\editleftelder.php on line 50.
 1 APPPATH\Views\dashboard\editleftelder.php(50): CodeIgniter\Debug\Exceptions->errorHandler(2, 'Trying to access array offset on value of type null', 'D:\\laragon\\www\\method-oldagehome\\app\\Views\\dashboard\\editleftelder.php', 50)
 2 SYSTEMPATH\View\View.php(226): include('D:\\laragon\\www\\method-oldagehome\\app\\Views\\dashboard\\editleftelder.php')
 3 SYSTEMPATH\View\View.php(229): CodeIgniter\View\View->CodeIgniter\View\{closure}()
 4 SYSTEMPATH\Common.php(1188): CodeIgniter\View\View->render('dashboard/editleftelder', [], true)
 5 APPPATH\Controllers\NewController.php(859): view('dashboard/editleftelder', [...])
 6 SYSTEMPATH\CodeIgniter.php(919): App\Controllers\NewController->ViewEditLeft('js', 'typeahead.js')
 7 SYSTEMPATH\CodeIgniter.php(494): CodeIgniter\CodeIgniter->runController(Object(App\Controllers\NewController))
 8 SYSTEMPATH\CodeIgniter.php(353): CodeIgniter\CodeIgniter->handleRequest(null, Object(Config\Cache), false)
 9 FCPATH\index.php(79): CodeIgniter\CodeIgniter->run()
10 SYSTEMPATH\Commands\Server\rewrite.php(47): require_once('D:\\laragon\\www\\method-oldagehome\\public\\index.php')
CRITICAL - 2024-11-08 08:52:24 --> Trying to access array offset on value of type null
in APPPATH\Views\dashboard\editleftelder.php on line 50.
 1 APPPATH\Views\dashboard\editleftelder.php(50): CodeIgniter\Debug\Exceptions->errorHandler(2, 'Trying to access array offset on value of type null', 'D:\\laragon\\www\\method-oldagehome\\app\\Views\\dashboard\\editleftelder.php', 50)
 2 SYSTEMPATH\View\View.php(226): include('D:\\laragon\\www\\method-oldagehome\\app\\Views\\dashboard\\editleftelder.php')
 3 SYSTEMPATH\View\View.php(229): CodeIgniter\View\View->CodeIgniter\View\{closure}()
 4 SYSTEMPATH\Common.php(1188): CodeIgniter\View\View->render('dashboard/editleftelder', [], true)
 5 APPPATH\Controllers\NewController.php(859): view('dashboard/editleftelder', [...])
 6 SYSTEMPATH\CodeIgniter.php(919): App\Controllers\NewController->ViewEditLeft('js', 'select2.js')
 7 SYSTEMPATH\CodeIgniter.php(494): CodeIgniter\CodeIgniter->runController(Object(App\Controllers\NewController))
 8 SYSTEMPATH\CodeIgniter.php(353): CodeIgniter\CodeIgniter->handleRequest(null, Object(Config\Cache), false)
 9 FCPATH\index.php(79): CodeIgniter\CodeIgniter->run()
10 SYSTEMPATH\Commands\Server\rewrite.php(47): require_once('D:\\laragon\\www\\method-oldagehome\\public\\index.php')
CRITICAL - 2024-11-08 08:56:16 --> Trying to access array offset on value of type null
in APPPATH\Views\dashboard\editdeceasedelder.php on line 50.
 1 APPPATH\Views\dashboard\editdeceasedelder.php(50): CodeIgniter\Debug\Exceptions->errorHandler(2, 'Trying to access array offset on value of type null', 'D:\\laragon\\www\\method-oldagehome\\app\\Views\\dashboard\\editdeceasedelder.php', 50)
 2 SYSTEMPATH\View\View.php(226): include('D:\\laragon\\www\\method-oldagehome\\app\\Views\\dashboard\\editdeceasedelder.php')
 3 SYSTEMPATH\View\View.php(229): CodeIgniter\View\View->CodeIgniter\View\{closure}()
 4 SYSTEMPATH\Common.php(1188): CodeIgniter\View\View->render('dashboard/editdeceasedelder', [], true)
 5 APPPATH\Controllers\NewController.php(893): view('dashboard/editdeceasedelder', [...])
 6 SYSTEMPATH\CodeIgniter.php(919): App\Controllers\NewController->ViewEditDeceased('login', 'vendors', 'typicons', 'typicons.css')
 7 SYSTEMPATH\CodeIgniter.php(494): CodeIgniter\CodeIgniter->runController(Object(App\Controllers\NewController))
 8 SYSTEMPATH\CodeIgniter.php(353): CodeIgniter\CodeIgniter->handleRequest(null, Object(Config\Cache), false)
 9 FCPATH\index.php(79): CodeIgniter\CodeIgniter->run()
10 SYSTEMPATH\Commands\Server\rewrite.php(47): require_once('D:\\laragon\\www\\method-oldagehome\\public\\index.php')
CRITICAL - 2024-11-08 08:56:16 --> Trying to access array offset on value of type null
in APPPATH\Views\dashboard\editdeceasedelder.php on line 50.
 1 APPPATH\Views\dashboard\editdeceasedelder.php(50): CodeIgniter\Debug\Exceptions->errorHandler(2, 'Trying to access array offset on value of type null', 'D:\\laragon\\www\\method-oldagehome\\app\\Views\\dashboard\\editdeceasedelder.php', 50)
 2 SYSTEMPATH\View\View.php(226): include('D:\\laragon\\www\\method-oldagehome\\app\\Views\\dashboard\\editdeceasedelder.php')
 3 SYSTEMPATH\View\View.php(229): CodeIgniter\View\View->CodeIgniter\View\{closure}()
 4 SYSTEMPATH\Common.php(1188): CodeIgniter\View\View->render('dashboard/editdeceasedelder', [], true)
 5 APPPATH\Controllers\NewController.php(893): view('dashboard/editdeceasedelder', [...])
 6 SYSTEMPATH\CodeIgniter.php(919): App\Controllers\NewController->ViewEditDeceased('login', 'vendors', 'css', 'vendor.bundle.base.css')
 7 SYSTEMPATH\CodeIgniter.php(494): CodeIgniter\CodeIgniter->runController(Object(App\Controllers\NewController))
 8 SYSTEMPATH\CodeIgniter.php(353): CodeIgniter\CodeIgniter->handleRequest(null, Object(Config\Cache), false)
 9 FCPATH\index.php(79): CodeIgniter\CodeIgniter->run()
10 SYSTEMPATH\Commands\Server\rewrite.php(47): require_once('D:\\laragon\\www\\method-oldagehome\\public\\index.php')
CRITICAL - 2024-11-08 08:56:16 --> Trying to access array offset on value of type null
in APPPATH\Views\dashboard\editdeceasedelder.php on line 50.
 1 APPPATH\Views\dashboard\editdeceasedelder.php(50): CodeIgniter\Debug\Exceptions->errorHandler(2, 'Trying to access array offset on value of type null', 'D:\\laragon\\www\\method-oldagehome\\app\\Views\\dashboard\\editdeceasedelder.php', 50)
 2 SYSTEMPATH\View\View.php(226): include('D:\\laragon\\www\\method-oldagehome\\app\\Views\\dashboard\\editdeceasedelder.php')
 3 SYSTEMPATH\View\View.php(229): CodeIgniter\View\View->CodeIgniter\View\{closure}()
 4 SYSTEMPATH\Common.php(1188): CodeIgniter\View\View->render('dashboard/editdeceasedelder', [], true)
 5 APPPATH\Controllers\NewController.php(893): view('dashboard/editdeceasedelder', [...])
 6 SYSTEMPATH\CodeIgniter.php(919): App\Controllers\NewController->ViewEditDeceased('login', 'vendors', 'select2', 'select2.min.css')
 7 SYSTEMPATH\CodeIgniter.php(494): CodeIgniter\CodeIgniter->runController(Object(App\Controllers\NewController))
 8 SYSTEMPATH\CodeIgniter.php(353): CodeIgniter\CodeIgniter->handleRequest(null, Object(Config\Cache), false)
 9 FCPATH\index.php(79): CodeIgniter\CodeIgniter->run()
10 SYSTEMPATH\Commands\Server\rewrite.php(47): require_once('D:\\laragon\\www\\method-oldagehome\\public\\index.php')
CRITICAL - 2024-11-08 08:56:17 --> Trying to access array offset on value of type null
in APPPATH\Views\dashboard\editdeceasedelder.php on line 50.
 1 APPPATH\Views\dashboard\editdeceasedelder.php(50): CodeIgniter\Debug\Exceptions->errorHandler(2, 'Trying to access array offset on value of type null', 'D:\\laragon\\www\\method-oldagehome\\app\\Views\\dashboard\\editdeceasedelder.php', 50)
 2 SYSTEMPATH\View\View.php(226): include('D:\\laragon\\www\\method-oldagehome\\app\\Views\\dashboard\\editdeceasedelder.php')
 3 SYSTEMPATH\View\View.php(229): CodeIgniter\View\View->CodeIgniter\View\{closure}()
 4 SYSTEMPATH\Common.php(1188): CodeIgniter\View\View->render('dashboard/editdeceasedelder', [], true)
 5 APPPATH\Controllers\NewController.php(893): view('dashboard/editdeceasedelder', [...])
 6 SYSTEMPATH\CodeIgniter.php(919): App\Controllers\NewController->ViewEditDeceased('login', 'vendors', 'select2-bootstrap-theme', 'select2-bootstrap.min.css')
 7 SYSTEMPATH\CodeIgniter.php(494): CodeIgniter\CodeIgniter->runController(Object(App\Controllers\NewController))
 8 SYSTEMPATH\CodeIgniter.php(353): CodeIgniter\CodeIgniter->handleRequest(null, Object(Config\Cache), false)
 9 FCPATH\index.php(79): CodeIgniter\CodeIgniter->run()
10 SYSTEMPATH\Commands\Server\rewrite.php(47): require_once('D:\\laragon\\www\\method-oldagehome\\public\\index.php')
CRITICAL - 2024-11-08 08:56:17 --> Trying to access array offset on value of type null
in APPPATH\Views\dashboard\editdeceasedelder.php on line 50.
 1 APPPATH\Views\dashboard\editdeceasedelder.php(50): CodeIgniter\Debug\Exceptions->errorHandler(2, 'Trying to access array offset on value of type null', 'D:\\laragon\\www\\method-oldagehome\\app\\Views\\dashboard\\editdeceasedelder.php', 50)
 2 SYSTEMPATH\View\View.php(226): include('D:\\laragon\\www\\method-oldagehome\\app\\Views\\dashboard\\editdeceasedelder.php')
 3 SYSTEMPATH\View\View.php(229): CodeIgniter\View\View->CodeIgniter\View\{closure}()
 4 SYSTEMPATH\Common.php(1188): CodeIgniter\View\View->render('dashboard/editdeceasedelder', [], true)
 5 APPPATH\Controllers\NewController.php(893): view('dashboard/editdeceasedelder', [...])
 6 SYSTEMPATH\CodeIgniter.php(919): App\Controllers\NewController->ViewEditDeceased('login', 'css', 'vertical-layout-light', 'style.css')
 7 SYSTEMPATH\CodeIgniter.php(494): CodeIgniter\CodeIgniter->runController(Object(App\Controllers\NewController))
 8 SYSTEMPATH\CodeIgniter.php(353): CodeIgniter\CodeIgniter->handleRequest(null, Object(Config\Cache), false)
 9 FCPATH\index.php(79): CodeIgniter\CodeIgniter->run()
10 SYSTEMPATH\Commands\Server\rewrite.php(47): require_once('D:\\laragon\\www\\method-oldagehome\\public\\index.php')
CRITICAL - 2024-11-08 08:56:18 --> Trying to access array offset on value of type null
in APPPATH\Views\dashboard\editdeceasedelder.php on line 50.
 1 APPPATH\Views\dashboard\editdeceasedelder.php(50): CodeIgniter\Debug\Exceptions->errorHandler(2, 'Trying to access array offset on value of type null', 'D:\\laragon\\www\\method-oldagehome\\app\\Views\\dashboard\\editdeceasedelder.php', 50)
 2 SYSTEMPATH\View\View.php(226): include('D:\\laragon\\www\\method-oldagehome\\app\\Views\\dashboard\\editdeceasedelder.php')
 3 SYSTEMPATH\View\View.php(229): CodeIgniter\View\View->CodeIgniter\View\{closure}()
 4 SYSTEMPATH\Common.php(1188): CodeIgniter\View\View->render('dashboard/editdeceasedelder', [], true)
 5 APPPATH\Controllers\NewController.php(893): view('dashboard/editdeceasedelder', [...])
 6 SYSTEMPATH\CodeIgniter.php(919): App\Controllers\NewController->ViewEditDeceased('vendors', 'js', 'vendor.bundle.base.js')
 7 SYSTEMPATH\CodeIgniter.php(494): CodeIgniter\CodeIgniter->runController(Object(App\Controllers\NewController))
 8 SYSTEMPATH\CodeIgniter.php(353): CodeIgniter\CodeIgniter->handleRequest(null, Object(Config\Cache), false)
 9 FCPATH\index.php(79): CodeIgniter\CodeIgniter->run()
10 SYSTEMPATH\Commands\Server\rewrite.php(47): require_once('D:\\laragon\\www\\method-oldagehome\\public\\index.php')
CRITICAL - 2024-11-08 08:56:18 --> Trying to access array offset on value of type null
in APPPATH\Views\dashboard\editdeceasedelder.php on line 50.
 1 APPPATH\Views\dashboard\editdeceasedelder.php(50): CodeIgniter\Debug\Exceptions->errorHandler(2, 'Trying to access array offset on value of type null', 'D:\\laragon\\www\\method-oldagehome\\app\\Views\\dashboard\\editdeceasedelder.php', 50)
 2 SYSTEMPATH\View\View.php(226): include('D:\\laragon\\www\\method-oldagehome\\app\\Views\\dashboard\\editdeceasedelder.php')
 3 SYSTEMPATH\View\View.php(229): CodeIgniter\View\View->CodeIgniter\View\{closure}()
 4 SYSTEMPATH\Common.php(1188): CodeIgniter\View\View->render('dashboard/editdeceasedelder', [], true)
 5 APPPATH\Controllers\NewController.php(893): view('dashboard/editdeceasedelder', [...])
 6 SYSTEMPATH\CodeIgniter.php(919): App\Controllers\NewController->ViewEditDeceased('js', 'off-canvas.js')
 7 SYSTEMPATH\CodeIgniter.php(494): CodeIgniter\CodeIgniter->runController(Object(App\Controllers\NewController))
 8 SYSTEMPATH\CodeIgniter.php(353): CodeIgniter\CodeIgniter->handleRequest(null, Object(Config\Cache), false)
 9 FCPATH\index.php(79): CodeIgniter\CodeIgniter->run()
10 SYSTEMPATH\Commands\Server\rewrite.php(47): require_once('D:\\laragon\\www\\method-oldagehome\\public\\index.php')
CRITICAL - 2024-11-08 08:56:19 --> Trying to access array offset on value of type null
in APPPATH\Views\dashboard\editdeceasedelder.php on line 50.
 1 APPPATH\Views\dashboard\editdeceasedelder.php(50): CodeIgniter\Debug\Exceptions->errorHandler(2, 'Trying to access array offset on value of type null', 'D:\\laragon\\www\\method-oldagehome\\app\\Views\\dashboard\\editdeceasedelder.php', 50)
 2 SYSTEMPATH\View\View.php(226): include('D:\\laragon\\www\\method-oldagehome\\app\\Views\\dashboard\\editdeceasedelder.php')
 3 SYSTEMPATH\View\View.php(229): CodeIgniter\View\View->CodeIgniter\View\{closure}()
 4 SYSTEMPATH\Common.php(1188): CodeIgniter\View\View->render('dashboard/editdeceasedelder', [], true)
 5 APPPATH\Controllers\NewController.php(893): view('dashboard/editdeceasedelder', [...])
 6 SYSTEMPATH\CodeIgniter.php(919): App\Controllers\NewController->ViewEditDeceased('js', 'hoverable-collapse.js')
 7 SYSTEMPATH\CodeIgniter.php(494): CodeIgniter\CodeIgniter->runController(Object(App\Controllers\NewController))
 8 SYSTEMPATH\CodeIgniter.php(353): CodeIgniter\CodeIgniter->handleRequest(null, Object(Config\Cache), false)
 9 FCPATH\index.php(79): CodeIgniter\CodeIgniter->run()
10 SYSTEMPATH\Commands\Server\rewrite.php(47): require_once('D:\\laragon\\www\\method-oldagehome\\public\\index.php')
CRITICAL - 2024-11-08 08:56:19 --> Trying to access array offset on value of type null
in APPPATH\Views\dashboard\editdeceasedelder.php on line 50.
 1 APPPATH\Views\dashboard\editdeceasedelder.php(50): CodeIgniter\Debug\Exceptions->errorHandler(2, 'Trying to access array offset on value of type null', 'D:\\laragon\\www\\method-oldagehome\\app\\Views\\dashboard\\editdeceasedelder.php', 50)
 2 SYSTEMPATH\View\View.php(226): include('D:\\laragon\\www\\method-oldagehome\\app\\Views\\dashboard\\editdeceasedelder.php')
 3 SYSTEMPATH\View\View.php(229): CodeIgniter\View\View->CodeIgniter\View\{closure}()
 4 SYSTEMPATH\Common.php(1188): CodeIgniter\View\View->render('dashboard/editdeceasedelder', [], true)
 5 APPPATH\Controllers\NewController.php(893): view('dashboard/editdeceasedelder', [...])
 6 SYSTEMPATH\CodeIgniter.php(919): App\Controllers\NewController->ViewEditDeceased('js', 'template.js')
 7 SYSTEMPATH\CodeIgniter.php(494): CodeIgniter\CodeIgniter->runController(Object(App\Controllers\NewController))
 8 SYSTEMPATH\CodeIgniter.php(353): CodeIgniter\CodeIgniter->handleRequest(null, Object(Config\Cache), false)
 9 FCPATH\index.php(79): CodeIgniter\CodeIgniter->run()
10 SYSTEMPATH\Commands\Server\rewrite.php(47): require_once('D:\\laragon\\www\\method-oldagehome\\public\\index.php')
CRITICAL - 2024-11-08 08:56:20 --> Trying to access array offset on value of type null
in APPPATH\Views\dashboard\editdeceasedelder.php on line 50.
 1 APPPATH\Views\dashboard\editdeceasedelder.php(50): CodeIgniter\Debug\Exceptions->errorHandler(2, 'Trying to access array offset on value of type null', 'D:\\laragon\\www\\method-oldagehome\\app\\Views\\dashboard\\editdeceasedelder.php', 50)
 2 SYSTEMPATH\View\View.php(226): include('D:\\laragon\\www\\method-oldagehome\\app\\Views\\dashboard\\editdeceasedelder.php')
 3 SYSTEMPATH\View\View.php(229): CodeIgniter\View\View->CodeIgniter\View\{closure}()
 4 SYSTEMPATH\Common.php(1188): CodeIgniter\View\View->render('dashboard/editdeceasedelder', [], true)
 5 APPPATH\Controllers\NewController.php(893): view('dashboard/editdeceasedelder', [...])
 6 SYSTEMPATH\CodeIgniter.php(919): App\Controllers\NewController->ViewEditDeceased('js', 'settings.js')
 7 SYSTEMPATH\CodeIgniter.php(494): CodeIgniter\CodeIgniter->runController(Object(App\Controllers\NewController))
 8 SYSTEMPATH\CodeIgniter.php(353): CodeIgniter\CodeIgniter->handleRequest(null, Object(Config\Cache), false)
 9 FCPATH\index.php(79): CodeIgniter\CodeIgniter->run()
10 SYSTEMPATH\Commands\Server\rewrite.php(47): require_once('D:\\laragon\\www\\method-oldagehome\\public\\index.php')
CRITICAL - 2024-11-08 08:56:20 --> Trying to access array offset on value of type null
in APPPATH\Views\dashboard\editdeceasedelder.php on line 50.
 1 APPPATH\Views\dashboard\editdeceasedelder.php(50): CodeIgniter\Debug\Exceptions->errorHandler(2, 'Trying to access array offset on value of type null', 'D:\\laragon\\www\\method-oldagehome\\app\\Views\\dashboard\\editdeceasedelder.php', 50)
 2 SYSTEMPATH\View\View.php(226): include('D:\\laragon\\www\\method-oldagehome\\app\\Views\\dashboard\\editdeceasedelder.php')
 3 SYSTEMPATH\View\View.php(229): CodeIgniter\View\View->CodeIgniter\View\{closure}()
 4 SYSTEMPATH\Common.php(1188): CodeIgniter\View\View->render('dashboard/editdeceasedelder', [], true)
 5 APPPATH\Controllers\NewController.php(893): view('dashboard/editdeceasedelder', [...])
 6 SYSTEMPATH\CodeIgniter.php(919): App\Controllers\NewController->ViewEditDeceased('js', 'todolist.js')
 7 SYSTEMPATH\CodeIgniter.php(494): CodeIgniter\CodeIgniter->runController(Object(App\Controllers\NewController))
 8 SYSTEMPATH\CodeIgniter.php(353): CodeIgniter\CodeIgniter->handleRequest(null, Object(Config\Cache), false)
 9 FCPATH\index.php(79): CodeIgniter\CodeIgniter->run()
10 SYSTEMPATH\Commands\Server\rewrite.php(47): require_once('D:\\laragon\\www\\method-oldagehome\\public\\index.php')
CRITICAL - 2024-11-08 08:56:21 --> Trying to access array offset on value of type null
in APPPATH\Views\dashboard\editdeceasedelder.php on line 50.
 1 APPPATH\Views\dashboard\editdeceasedelder.php(50): CodeIgniter\Debug\Exceptions->errorHandler(2, 'Trying to access array offset on value of type null', 'D:\\laragon\\www\\method-oldagehome\\app\\Views\\dashboard\\editdeceasedelder.php', 50)
 2 SYSTEMPATH\View\View.php(226): include('D:\\laragon\\www\\method-oldagehome\\app\\Views\\dashboard\\editdeceasedelder.php')
 3 SYSTEMPATH\View\View.php(229): CodeIgniter\View\View->CodeIgniter\View\{closure}()
 4 SYSTEMPATH\Common.php(1188): CodeIgniter\View\View->render('dashboard/editdeceasedelder', [], true)
 5 APPPATH\Controllers\NewController.php(893): view('dashboard/editdeceasedelder', [...])
 6 SYSTEMPATH\CodeIgniter.php(919): App\Controllers\NewController->ViewEditDeceased('vendors', 'typeahead.js', 'typeahead.bundle.min.js')
 7 SYSTEMPATH\CodeIgniter.php(494): CodeIgniter\CodeIgniter->runController(Object(App\Controllers\NewController))
 8 SYSTEMPATH\CodeIgniter.php(353): CodeIgniter\CodeIgniter->handleRequest(null, Object(Config\Cache), false)
 9 FCPATH\index.php(79): CodeIgniter\CodeIgniter->run()
10 SYSTEMPATH\Commands\Server\rewrite.php(47): require_once('D:\\laragon\\www\\method-oldagehome\\public\\index.php')
CRITICAL - 2024-11-08 08:56:21 --> Trying to access array offset on value of type null
in APPPATH\Views\dashboard\editdeceasedelder.php on line 50.
 1 APPPATH\Views\dashboard\editdeceasedelder.php(50): CodeIgniter\Debug\Exceptions->errorHandler(2, 'Trying to access array offset on value of type null', 'D:\\laragon\\www\\method-oldagehome\\app\\Views\\dashboard\\editdeceasedelder.php', 50)
 2 SYSTEMPATH\View\View.php(226): include('D:\\laragon\\www\\method-oldagehome\\app\\Views\\dashboard\\editdeceasedelder.php')
 3 SYSTEMPATH\View\View.php(229): CodeIgniter\View\View->CodeIgniter\View\{closure}()
 4 SYSTEMPATH\Common.php(1188): CodeIgniter\View\View->render('dashboard/editdeceasedelder', [], true)
 5 APPPATH\Controllers\NewController.php(893): view('dashboard/editdeceasedelder', [...])
 6 SYSTEMPATH\CodeIgniter.php(919): App\Controllers\NewController->ViewEditDeceased('vendors', 'select2', 'select2.min.js')
 7 SYSTEMPATH\CodeIgniter.php(494): CodeIgniter\CodeIgniter->runController(Object(App\Controllers\NewController))
 8 SYSTEMPATH\CodeIgniter.php(353): CodeIgniter\CodeIgniter->handleRequest(null, Object(Config\Cache), false)
 9 FCPATH\index.php(79): CodeIgniter\CodeIgniter->run()
10 SYSTEMPATH\Commands\Server\rewrite.php(47): require_once('D:\\laragon\\www\\method-oldagehome\\public\\index.php')
CRITICAL - 2024-11-08 08:56:22 --> Trying to access array offset on value of type null
in APPPATH\Views\dashboard\editdeceasedelder.php on line 50.
 1 APPPATH\Views\dashboard\editdeceasedelder.php(50): CodeIgniter\Debug\Exceptions->errorHandler(2, 'Trying to access array offset on value of type null', 'D:\\laragon\\www\\method-oldagehome\\app\\Views\\dashboard\\editdeceasedelder.php', 50)
 2 SYSTEMPATH\View\View.php(226): include('D:\\laragon\\www\\method-oldagehome\\app\\Views\\dashboard\\editdeceasedelder.php')
 3 SYSTEMPATH\View\View.php(229): CodeIgniter\View\View->CodeIgniter\View\{closure}()
 4 SYSTEMPATH\Common.php(1188): CodeIgniter\View\View->render('dashboard/editdeceasedelder', [], true)
 5 APPPATH\Controllers\NewController.php(893): view('dashboard/editdeceasedelder', [...])
 6 SYSTEMPATH\CodeIgniter.php(919): App\Controllers\NewController->ViewEditDeceased('js', 'file-upload.js')
 7 SYSTEMPATH\CodeIgniter.php(494): CodeIgniter\CodeIgniter->runController(Object(App\Controllers\NewController))
 8 SYSTEMPATH\CodeIgniter.php(353): CodeIgniter\CodeIgniter->handleRequest(null, Object(Config\Cache), false)
 9 FCPATH\index.php(79): CodeIgniter\CodeIgniter->run()
10 SYSTEMPATH\Commands\Server\rewrite.php(47): require_once('D:\\laragon\\www\\method-oldagehome\\public\\index.php')
CRITICAL - 2024-11-08 08:56:22 --> Trying to access array offset on value of type null
in APPPATH\Views\dashboard\editdeceasedelder.php on line 50.
 1 APPPATH\Views\dashboard\editdeceasedelder.php(50): CodeIgniter\Debug\Exceptions->errorHandler(2, 'Trying to access array offset on value of type null', 'D:\\laragon\\www\\method-oldagehome\\app\\Views\\dashboard\\editdeceasedelder.php', 50)
 2 SYSTEMPATH\View\View.php(226): include('D:\\laragon\\www\\method-oldagehome\\app\\Views\\dashboard\\editdeceasedelder.php')
 3 SYSTEMPATH\View\View.php(229): CodeIgniter\View\View->CodeIgniter\View\{closure}()
 4 SYSTEMPATH\Common.php(1188): CodeIgniter\View\View->render('dashboard/editdeceasedelder', [], true)
 5 APPPATH\Controllers\NewController.php(893): view('dashboard/editdeceasedelder', [...])
 6 SYSTEMPATH\CodeIgniter.php(919): App\Controllers\NewController->ViewEditDeceased('js', 'typeahead.js')
 7 SYSTEMPATH\CodeIgniter.php(494): CodeIgniter\CodeIgniter->runController(Object(App\Controllers\NewController))
 8 SYSTEMPATH\CodeIgniter.php(353): CodeIgniter\CodeIgniter->handleRequest(null, Object(Config\Cache), false)
 9 FCPATH\index.php(79): CodeIgniter\CodeIgniter->run()
10 SYSTEMPATH\Commands\Server\rewrite.php(47): require_once('D:\\laragon\\www\\method-oldagehome\\public\\index.php')
CRITICAL - 2024-11-08 08:56:23 --> Trying to access array offset on value of type null
in APPPATH\Views\dashboard\editdeceasedelder.php on line 50.
 1 APPPATH\Views\dashboard\editdeceasedelder.php(50): CodeIgniter\Debug\Exceptions->errorHandler(2, 'Trying to access array offset on value of type null', 'D:\\laragon\\www\\method-oldagehome\\app\\Views\\dashboard\\editdeceasedelder.php', 50)
 2 SYSTEMPATH\View\View.php(226): include('D:\\laragon\\www\\method-oldagehome\\app\\Views\\dashboard\\editdeceasedelder.php')
 3 SYSTEMPATH\View\View.php(229): CodeIgniter\View\View->CodeIgniter\View\{closure}()
 4 SYSTEMPATH\Common.php(1188): CodeIgniter\View\View->render('dashboard/editdeceasedelder', [], true)
 5 APPPATH\Controllers\NewController.php(893): view('dashboard/editdeceasedelder', [...])
 6 SYSTEMPATH\CodeIgniter.php(919): App\Controllers\NewController->ViewEditDeceased('js', 'select2.js')
 7 SYSTEMPATH\CodeIgniter.php(494): CodeIgniter\CodeIgniter->runController(Object(App\Controllers\NewController))
 8 SYSTEMPATH\CodeIgniter.php(353): CodeIgniter\CodeIgniter->handleRequest(null, Object(Config\Cache), false)
 9 FCPATH\index.php(79): CodeIgniter\CodeIgniter->run()
10 SYSTEMPATH\Commands\Server\rewrite.php(47): require_once('D:\\laragon\\www\\method-oldagehome\\public\\index.php')
CRITICAL - 2024-11-08 08:56:39 --> Trying to access array offset on value of type null
in APPPATH\Views\dashboard\editdeceasedelder.php on line 50.
 1 APPPATH\Views\dashboard\editdeceasedelder.php(50): CodeIgniter\Debug\Exceptions->errorHandler(2, 'Trying to access array offset on value of type null', 'D:\\laragon\\www\\method-oldagehome\\app\\Views\\dashboard\\editdeceasedelder.php', 50)
 2 SYSTEMPATH\View\View.php(226): include('D:\\laragon\\www\\method-oldagehome\\app\\Views\\dashboard\\editdeceasedelder.php')
 3 SYSTEMPATH\View\View.php(229): CodeIgniter\View\View->CodeIgniter\View\{closure}()
 4 SYSTEMPATH\Common.php(1188): CodeIgniter\View\View->render('dashboard/editdeceasedelder', [], true)
 5 APPPATH\Controllers\NewController.php(893): view('dashboard/editdeceasedelder', [...])
 6 SYSTEMPATH\CodeIgniter.php(919): App\Controllers\NewController->ViewEditDeceased('login', 'vendors', 'typicons', 'typicons.css')
 7 SYSTEMPATH\CodeIgniter.php(494): CodeIgniter\CodeIgniter->runController(Object(App\Controllers\NewController))
 8 SYSTEMPATH\CodeIgniter.php(353): CodeIgniter\CodeIgniter->handleRequest(null, Object(Config\Cache), false)
 9 FCPATH\index.php(79): CodeIgniter\CodeIgniter->run()
10 SYSTEMPATH\Commands\Server\rewrite.php(47): require_once('D:\\laragon\\www\\method-oldagehome\\public\\index.php')
CRITICAL - 2024-11-08 08:56:40 --> Trying to access array offset on value of type null
in APPPATH\Views\dashboard\editdeceasedelder.php on line 50.
 1 APPPATH\Views\dashboard\editdeceasedelder.php(50): CodeIgniter\Debug\Exceptions->errorHandler(2, 'Trying to access array offset on value of type null', 'D:\\laragon\\www\\method-oldagehome\\app\\Views\\dashboard\\editdeceasedelder.php', 50)
 2 SYSTEMPATH\View\View.php(226): include('D:\\laragon\\www\\method-oldagehome\\app\\Views\\dashboard\\editdeceasedelder.php')
 3 SYSTEMPATH\View\View.php(229): CodeIgniter\View\View->CodeIgniter\View\{closure}()
 4 SYSTEMPATH\Common.php(1188): CodeIgniter\View\View->render('dashboard/editdeceasedelder', [], true)
 5 APPPATH\Controllers\NewController.php(893): view('dashboard/editdeceasedelder', [...])
 6 SYSTEMPATH\CodeIgniter.php(919): App\Controllers\NewController->ViewEditDeceased('login', 'vendors', 'css', 'vendor.bundle.base.css')
 7 SYSTEMPATH\CodeIgniter.php(494): CodeIgniter\CodeIgniter->runController(Object(App\Controllers\NewController))
 8 SYSTEMPATH\CodeIgniter.php(353): CodeIgniter\CodeIgniter->handleRequest(null, Object(Config\Cache), false)
 9 FCPATH\index.php(79): CodeIgniter\CodeIgniter->run()
10 SYSTEMPATH\Commands\Server\rewrite.php(47): require_once('D:\\laragon\\www\\method-oldagehome\\public\\index.php')
CRITICAL - 2024-11-08 08:56:40 --> Trying to access array offset on value of type null
in APPPATH\Views\dashboard\editdeceasedelder.php on line 50.
 1 APPPATH\Views\dashboard\editdeceasedelder.php(50): CodeIgniter\Debug\Exceptions->errorHandler(2, 'Trying to access array offset on value of type null', 'D:\\laragon\\www\\method-oldagehome\\app\\Views\\dashboard\\editdeceasedelder.php', 50)
 2 SYSTEMPATH\View\View.php(226): include('D:\\laragon\\www\\method-oldagehome\\app\\Views\\dashboard\\editdeceasedelder.php')
 3 SYSTEMPATH\View\View.php(229): CodeIgniter\View\View->CodeIgniter\View\{closure}()
 4 SYSTEMPATH\Common.php(1188): CodeIgniter\View\View->render('dashboard/editdeceasedelder', [], true)
 5 APPPATH\Controllers\NewController.php(893): view('dashboard/editdeceasedelder', [...])
 6 SYSTEMPATH\CodeIgniter.php(919): App\Controllers\NewController->ViewEditDeceased('login', 'vendors', 'select2', 'select2.min.css')
 7 SYSTEMPATH\CodeIgniter.php(494): CodeIgniter\CodeIgniter->runController(Object(App\Controllers\NewController))
 8 SYSTEMPATH\CodeIgniter.php(353): CodeIgniter\CodeIgniter->handleRequest(null, Object(Config\Cache), false)
 9 FCPATH\index.php(79): CodeIgniter\CodeIgniter->run()
10 SYSTEMPATH\Commands\Server\rewrite.php(47): require_once('D:\\laragon\\www\\method-oldagehome\\public\\index.php')
CRITICAL - 2024-11-08 08:56:41 --> Trying to access array offset on value of type null
in APPPATH\Views\dashboard\editdeceasedelder.php on line 50.
 1 APPPATH\Views\dashboard\editdeceasedelder.php(50): CodeIgniter\Debug\Exceptions->errorHandler(2, 'Trying to access array offset on value of type null', 'D:\\laragon\\www\\method-oldagehome\\app\\Views\\dashboard\\editdeceasedelder.php', 50)
 2 SYSTEMPATH\View\View.php(226): include('D:\\laragon\\www\\method-oldagehome\\app\\Views\\dashboard\\editdeceasedelder.php')
 3 SYSTEMPATH\View\View.php(229): CodeIgniter\View\View->CodeIgniter\View\{closure}()
 4 SYSTEMPATH\Common.php(1188): CodeIgniter\View\View->render('dashboard/editdeceasedelder', [], true)
 5 APPPATH\Controllers\NewController.php(893): view('dashboard/editdeceasedelder', [...])
 6 SYSTEMPATH\CodeIgniter.php(919): App\Controllers\NewController->ViewEditDeceased('login', 'vendors', 'select2-bootstrap-theme', 'select2-bootstrap.min.css')
 7 SYSTEMPATH\CodeIgniter.php(494): CodeIgniter\CodeIgniter->runController(Object(App\Controllers\NewController))
 8 SYSTEMPATH\CodeIgniter.php(353): CodeIgniter\CodeIgniter->handleRequest(null, Object(Config\Cache), false)
 9 FCPATH\index.php(79): CodeIgniter\CodeIgniter->run()
10 SYSTEMPATH\Commands\Server\rewrite.php(47): require_once('D:\\laragon\\www\\method-oldagehome\\public\\index.php')
CRITICAL - 2024-11-08 08:56:41 --> Trying to access array offset on value of type null
in APPPATH\Views\dashboard\editdeceasedelder.php on line 50.
 1 APPPATH\Views\dashboard\editdeceasedelder.php(50): CodeIgniter\Debug\Exceptions->errorHandler(2, 'Trying to access array offset on value of type null', 'D:\\laragon\\www\\method-oldagehome\\app\\Views\\dashboard\\editdeceasedelder.php', 50)
 2 SYSTEMPATH\View\View.php(226): include('D:\\laragon\\www\\method-oldagehome\\app\\Views\\dashboard\\editdeceasedelder.php')
 3 SYSTEMPATH\View\View.php(229): CodeIgniter\View\View->CodeIgniter\View\{closure}()
 4 SYSTEMPATH\Common.php(1188): CodeIgniter\View\View->render('dashboard/editdeceasedelder', [], true)
 5 APPPATH\Controllers\NewController.php(893): view('dashboard/editdeceasedelder', [...])
 6 SYSTEMPATH\CodeIgniter.php(919): App\Controllers\NewController->ViewEditDeceased('login', 'css', 'vertical-layout-light', 'style.css')
 7 SYSTEMPATH\CodeIgniter.php(494): CodeIgniter\CodeIgniter->runController(Object(App\Controllers\NewController))
 8 SYSTEMPATH\CodeIgniter.php(353): CodeIgniter\CodeIgniter->handleRequest(null, Object(Config\Cache), false)
 9 FCPATH\index.php(79): CodeIgniter\CodeIgniter->run()
10 SYSTEMPATH\Commands\Server\rewrite.php(47): require_once('D:\\laragon\\www\\method-oldagehome\\public\\index.php')
CRITICAL - 2024-11-08 08:56:42 --> Trying to access array offset on value of type null
in APPPATH\Views\dashboard\editdeceasedelder.php on line 50.
 1 APPPATH\Views\dashboard\editdeceasedelder.php(50): CodeIgniter\Debug\Exceptions->errorHandler(2, 'Trying to access array offset on value of type null', 'D:\\laragon\\www\\method-oldagehome\\app\\Views\\dashboard\\editdeceasedelder.php', 50)
 2 SYSTEMPATH\View\View.php(226): include('D:\\laragon\\www\\method-oldagehome\\app\\Views\\dashboard\\editdeceasedelder.php')
 3 SYSTEMPATH\View\View.php(229): CodeIgniter\View\View->CodeIgniter\View\{closure}()
 4 SYSTEMPATH\Common.php(1188): CodeIgniter\View\View->render('dashboard/editdeceasedelder', [], true)
 5 APPPATH\Controllers\NewController.php(893): view('dashboard/editdeceasedelder', [...])
 6 SYSTEMPATH\CodeIgniter.php(919): App\Controllers\NewController->ViewEditDeceased('vendors', 'js', 'vendor.bundle.base.js')
 7 SYSTEMPATH\CodeIgniter.php(494): CodeIgniter\CodeIgniter->runController(Object(App\Controllers\NewController))
 8 SYSTEMPATH\CodeIgniter.php(353): CodeIgniter\CodeIgniter->handleRequest(null, Object(Config\Cache), false)
 9 FCPATH\index.php(79): CodeIgniter\CodeIgniter->run()
10 SYSTEMPATH\Commands\Server\rewrite.php(47): require_once('D:\\laragon\\www\\method-oldagehome\\public\\index.php')
CRITICAL - 2024-11-08 08:56:42 --> Trying to access array offset on value of type null
in APPPATH\Views\dashboard\editdeceasedelder.php on line 50.
 1 APPPATH\Views\dashboard\editdeceasedelder.php(50): CodeIgniter\Debug\Exceptions->errorHandler(2, 'Trying to access array offset on value of type null', 'D:\\laragon\\www\\method-oldagehome\\app\\Views\\dashboard\\editdeceasedelder.php', 50)
 2 SYSTEMPATH\View\View.php(226): include('D:\\laragon\\www\\method-oldagehome\\app\\Views\\dashboard\\editdeceasedelder.php')
 3 SYSTEMPATH\View\View.php(229): CodeIgniter\View\View->CodeIgniter\View\{closure}()
 4 SYSTEMPATH\Common.php(1188): CodeIgniter\View\View->render('dashboard/editdeceasedelder', [], true)
 5 APPPATH\Controllers\NewController.php(893): view('dashboard/editdeceasedelder', [...])
 6 SYSTEMPATH\CodeIgniter.php(919): App\Controllers\NewController->ViewEditDeceased('js', 'off-canvas.js')
 7 SYSTEMPATH\CodeIgniter.php(494): CodeIgniter\CodeIgniter->runController(Object(App\Controllers\NewController))
 8 SYSTEMPATH\CodeIgniter.php(353): CodeIgniter\CodeIgniter->handleRequest(null, Object(Config\Cache), false)
 9 FCPATH\index.php(79): CodeIgniter\CodeIgniter->run()
10 SYSTEMPATH\Commands\Server\rewrite.php(47): require_once('D:\\laragon\\www\\method-oldagehome\\public\\index.php')
CRITICAL - 2024-11-08 08:56:42 --> Trying to access array offset on value of type null
in APPPATH\Views\dashboard\editdeceasedelder.php on line 50.
 1 APPPATH\Views\dashboard\editdeceasedelder.php(50): CodeIgniter\Debug\Exceptions->errorHandler(2, 'Trying to access array offset on value of type null', 'D:\\laragon\\www\\method-oldagehome\\app\\Views\\dashboard\\editdeceasedelder.php', 50)
 2 SYSTEMPATH\View\View.php(226): include('D:\\laragon\\www\\method-oldagehome\\app\\Views\\dashboard\\editdeceasedelder.php')
 3 SYSTEMPATH\View\View.php(229): CodeIgniter\View\View->CodeIgniter\View\{closure}()
 4 SYSTEMPATH\Common.php(1188): CodeIgniter\View\View->render('dashboard/editdeceasedelder', [], true)
 5 APPPATH\Controllers\NewController.php(893): view('dashboard/editdeceasedelder', [...])
 6 SYSTEMPATH\CodeIgniter.php(919): App\Controllers\NewController->ViewEditDeceased('js', 'hoverable-collapse.js')
 7 SYSTEMPATH\CodeIgniter.php(494): CodeIgniter\CodeIgniter->runController(Object(App\Controllers\NewController))
 8 SYSTEMPATH\CodeIgniter.php(353): CodeIgniter\CodeIgniter->handleRequest(null, Object(Config\Cache), false)
 9 FCPATH\index.php(79): CodeIgniter\CodeIgniter->run()
10 SYSTEMPATH\Commands\Server\rewrite.php(47): require_once('D:\\laragon\\www\\method-oldagehome\\public\\index.php')
CRITICAL - 2024-11-08 08:56:43 --> Trying to access array offset on value of type null
in APPPATH\Views\dashboard\editdeceasedelder.php on line 50.
 1 APPPATH\Views\dashboard\editdeceasedelder.php(50): CodeIgniter\Debug\Exceptions->errorHandler(2, 'Trying to access array offset on value of type null', 'D:\\laragon\\www\\method-oldagehome\\app\\Views\\dashboard\\editdeceasedelder.php', 50)
 2 SYSTEMPATH\View\View.php(226): include('D:\\laragon\\www\\method-oldagehome\\app\\Views\\dashboard\\editdeceasedelder.php')
 3 SYSTEMPATH\View\View.php(229): CodeIgniter\View\View->CodeIgniter\View\{closure}()
 4 SYSTEMPATH\Common.php(1188): CodeIgniter\View\View->render('dashboard/editdeceasedelder', [], true)
 5 APPPATH\Controllers\NewController.php(893): view('dashboard/editdeceasedelder', [...])
 6 SYSTEMPATH\CodeIgniter.php(919): App\Controllers\NewController->ViewEditDeceased('js', 'template.js')
 7 SYSTEMPATH\CodeIgniter.php(494): CodeIgniter\CodeIgniter->runController(Object(App\Controllers\NewController))
 8 SYSTEMPATH\CodeIgniter.php(353): CodeIgniter\CodeIgniter->handleRequest(null, Object(Config\Cache), false)
 9 FCPATH\index.php(79): CodeIgniter\CodeIgniter->run()
10 SYSTEMPATH\Commands\Server\rewrite.php(47): require_once('D:\\laragon\\www\\method-oldagehome\\public\\index.php')
CRITICAL - 2024-11-08 08:56:43 --> Trying to access array offset on value of type null
in APPPATH\Views\dashboard\editdeceasedelder.php on line 50.
 1 APPPATH\Views\dashboard\editdeceasedelder.php(50): CodeIgniter\Debug\Exceptions->errorHandler(2, 'Trying to access array offset on value of type null', 'D:\\laragon\\www\\method-oldagehome\\app\\Views\\dashboard\\editdeceasedelder.php', 50)
 2 SYSTEMPATH\View\View.php(226): include('D:\\laragon\\www\\method-oldagehome\\app\\Views\\dashboard\\editdeceasedelder.php')
 3 SYSTEMPATH\View\View.php(229): CodeIgniter\View\View->CodeIgniter\View\{closure}()
 4 SYSTEMPATH\Common.php(1188): CodeIgniter\View\View->render('dashboard/editdeceasedelder', [], true)
 5 APPPATH\Controllers\NewController.php(893): view('dashboard/editdeceasedelder', [...])
 6 SYSTEMPATH\CodeIgniter.php(919): App\Controllers\NewController->ViewEditDeceased('js', 'settings.js')
 7 SYSTEMPATH\CodeIgniter.php(494): CodeIgniter\CodeIgniter->runController(Object(App\Controllers\NewController))
 8 SYSTEMPATH\CodeIgniter.php(353): CodeIgniter\CodeIgniter->handleRequest(null, Object(Config\Cache), false)
 9 FCPATH\index.php(79): CodeIgniter\CodeIgniter->run()
10 SYSTEMPATH\Commands\Server\rewrite.php(47): require_once('D:\\laragon\\www\\method-oldagehome\\public\\index.php')
CRITICAL - 2024-11-08 08:56:44 --> Trying to access array offset on value of type null
in APPPATH\Views\dashboard\editdeceasedelder.php on line 50.
 1 APPPATH\Views\dashboard\editdeceasedelder.php(50): CodeIgniter\Debug\Exceptions->errorHandler(2, 'Trying to access array offset on value of type null', 'D:\\laragon\\www\\method-oldagehome\\app\\Views\\dashboard\\editdeceasedelder.php', 50)
 2 SYSTEMPATH\View\View.php(226): include('D:\\laragon\\www\\method-oldagehome\\app\\Views\\dashboard\\editdeceasedelder.php')
 3 SYSTEMPATH\View\View.php(229): CodeIgniter\View\View->CodeIgniter\View\{closure}()
 4 SYSTEMPATH\Common.php(1188): CodeIgniter\View\View->render('dashboard/editdeceasedelder', [], true)
 5 APPPATH\Controllers\NewController.php(893): view('dashboard/editdeceasedelder', [...])
 6 SYSTEMPATH\CodeIgniter.php(919): App\Controllers\NewController->ViewEditDeceased('js', 'todolist.js')
 7 SYSTEMPATH\CodeIgniter.php(494): CodeIgniter\CodeIgniter->runController(Object(App\Controllers\NewController))
 8 SYSTEMPATH\CodeIgniter.php(353): CodeIgniter\CodeIgniter->handleRequest(null, Object(Config\Cache), false)
 9 FCPATH\index.php(79): CodeIgniter\CodeIgniter->run()
10 SYSTEMPATH\Commands\Server\rewrite.php(47): require_once('D:\\laragon\\www\\method-oldagehome\\public\\index.php')
CRITICAL - 2024-11-08 08:56:44 --> Trying to access array offset on value of type null
in APPPATH\Views\dashboard\editdeceasedelder.php on line 50.
 1 APPPATH\Views\dashboard\editdeceasedelder.php(50): CodeIgniter\Debug\Exceptions->errorHandler(2, 'Trying to access array offset on value of type null', 'D:\\laragon\\www\\method-oldagehome\\app\\Views\\dashboard\\editdeceasedelder.php', 50)
 2 SYSTEMPATH\View\View.php(226): include('D:\\laragon\\www\\method-oldagehome\\app\\Views\\dashboard\\editdeceasedelder.php')
 3 SYSTEMPATH\View\View.php(229): CodeIgniter\View\View->CodeIgniter\View\{closure}()
 4 SYSTEMPATH\Common.php(1188): CodeIgniter\View\View->render('dashboard/editdeceasedelder', [], true)
 5 APPPATH\Controllers\NewController.php(893): view('dashboard/editdeceasedelder', [...])
 6 SYSTEMPATH\CodeIgniter.php(919): App\Controllers\NewController->ViewEditDeceased('vendors', 'typeahead.js', 'typeahead.bundle.min.js')
 7 SYSTEMPATH\CodeIgniter.php(494): CodeIgniter\CodeIgniter->runController(Object(App\Controllers\NewController))
 8 SYSTEMPATH\CodeIgniter.php(353): CodeIgniter\CodeIgniter->handleRequest(null, Object(Config\Cache), false)
 9 FCPATH\index.php(79): CodeIgniter\CodeIgniter->run()
10 SYSTEMPATH\Commands\Server\rewrite.php(47): require_once('D:\\laragon\\www\\method-oldagehome\\public\\index.php')
CRITICAL - 2024-11-08 08:56:45 --> Trying to access array offset on value of type null
in APPPATH\Views\dashboard\editdeceasedelder.php on line 50.
 1 APPPATH\Views\dashboard\editdeceasedelder.php(50): CodeIgniter\Debug\Exceptions->errorHandler(2, 'Trying to access array offset on value of type null', 'D:\\laragon\\www\\method-oldagehome\\app\\Views\\dashboard\\editdeceasedelder.php', 50)
 2 SYSTEMPATH\View\View.php(226): include('D:\\laragon\\www\\method-oldagehome\\app\\Views\\dashboard\\editdeceasedelder.php')
 3 SYSTEMPATH\View\View.php(229): CodeIgniter\View\View->CodeIgniter\View\{closure}()
 4 SYSTEMPATH\Common.php(1188): CodeIgniter\View\View->render('dashboard/editdeceasedelder', [], true)
 5 APPPATH\Controllers\NewController.php(893): view('dashboard/editdeceasedelder', [...])
 6 SYSTEMPATH\CodeIgniter.php(919): App\Controllers\NewController->ViewEditDeceased('vendors', 'select2', 'select2.min.js')
 7 SYSTEMPATH\CodeIgniter.php(494): CodeIgniter\CodeIgniter->runController(Object(App\Controllers\NewController))
 8 SYSTEMPATH\CodeIgniter.php(353): CodeIgniter\CodeIgniter->handleRequest(null, Object(Config\Cache), false)
 9 FCPATH\index.php(79): CodeIgniter\CodeIgniter->run()
10 SYSTEMPATH\Commands\Server\rewrite.php(47): require_once('D:\\laragon\\www\\method-oldagehome\\public\\index.php')
CRITICAL - 2024-11-08 08:56:45 --> Trying to access array offset on value of type null
in APPPATH\Views\dashboard\editdeceasedelder.php on line 50.
 1 APPPATH\Views\dashboard\editdeceasedelder.php(50): CodeIgniter\Debug\Exceptions->errorHandler(2, 'Trying to access array offset on value of type null', 'D:\\laragon\\www\\method-oldagehome\\app\\Views\\dashboard\\editdeceasedelder.php', 50)
 2 SYSTEMPATH\View\View.php(226): include('D:\\laragon\\www\\method-oldagehome\\app\\Views\\dashboard\\editdeceasedelder.php')
 3 SYSTEMPATH\View\View.php(229): CodeIgniter\View\View->CodeIgniter\View\{closure}()
 4 SYSTEMPATH\Common.php(1188): CodeIgniter\View\View->render('dashboard/editdeceasedelder', [], true)
 5 APPPATH\Controllers\NewController.php(893): view('dashboard/editdeceasedelder', [...])
 6 SYSTEMPATH\CodeIgniter.php(919): App\Controllers\NewController->ViewEditDeceased('js', 'file-upload.js')
 7 SYSTEMPATH\CodeIgniter.php(494): CodeIgniter\CodeIgniter->runController(Object(App\Controllers\NewController))
 8 SYSTEMPATH\CodeIgniter.php(353): CodeIgniter\CodeIgniter->handleRequest(null, Object(Config\Cache), false)
 9 FCPATH\index.php(79): CodeIgniter\CodeIgniter->run()
10 SYSTEMPATH\Commands\Server\rewrite.php(47): require_once('D:\\laragon\\www\\method-oldagehome\\public\\index.php')
CRITICAL - 2024-11-08 08:56:46 --> Trying to access array offset on value of type null
in APPPATH\Views\dashboard\editdeceasedelder.php on line 50.
 1 APPPATH\Views\dashboard\editdeceasedelder.php(50): CodeIgniter\Debug\Exceptions->errorHandler(2, 'Trying to access array offset on value of type null', 'D:\\laragon\\www\\method-oldagehome\\app\\Views\\dashboard\\editdeceasedelder.php', 50)
 2 SYSTEMPATH\View\View.php(226): include('D:\\laragon\\www\\method-oldagehome\\app\\Views\\dashboard\\editdeceasedelder.php')
 3 SYSTEMPATH\View\View.php(229): CodeIgniter\View\View->CodeIgniter\View\{closure}()
 4 SYSTEMPATH\Common.php(1188): CodeIgniter\View\View->render('dashboard/editdeceasedelder', [], true)
 5 APPPATH\Controllers\NewController.php(893): view('dashboard/editdeceasedelder', [...])
 6 SYSTEMPATH\CodeIgniter.php(919): App\Controllers\NewController->ViewEditDeceased('js', 'typeahead.js')
 7 SYSTEMPATH\CodeIgniter.php(494): CodeIgniter\CodeIgniter->runController(Object(App\Controllers\NewController))
 8 SYSTEMPATH\CodeIgniter.php(353): CodeIgniter\CodeIgniter->handleRequest(null, Object(Config\Cache), false)
 9 FCPATH\index.php(79): CodeIgniter\CodeIgniter->run()
10 SYSTEMPATH\Commands\Server\rewrite.php(47): require_once('D:\\laragon\\www\\method-oldagehome\\public\\index.php')
CRITICAL - 2024-11-08 08:56:46 --> Trying to access array offset on value of type null
in APPPATH\Views\dashboard\editdeceasedelder.php on line 50.
 1 APPPATH\Views\dashboard\editdeceasedelder.php(50): CodeIgniter\Debug\Exceptions->errorHandler(2, 'Trying to access array offset on value of type null', 'D:\\laragon\\www\\method-oldagehome\\app\\Views\\dashboard\\editdeceasedelder.php', 50)
 2 SYSTEMPATH\View\View.php(226): include('D:\\laragon\\www\\method-oldagehome\\app\\Views\\dashboard\\editdeceasedelder.php')
 3 SYSTEMPATH\View\View.php(229): CodeIgniter\View\View->CodeIgniter\View\{closure}()
 4 SYSTEMPATH\Common.php(1188): CodeIgniter\View\View->render('dashboard/editdeceasedelder', [], true)
 5 APPPATH\Controllers\NewController.php(893): view('dashboard/editdeceasedelder', [...])
 6 SYSTEMPATH\CodeIgniter.php(919): App\Controllers\NewController->ViewEditDeceased('js', 'select2.js')
 7 SYSTEMPATH\CodeIgniter.php(494): CodeIgniter\CodeIgniter->runController(Object(App\Controllers\NewController))
 8 SYSTEMPATH\CodeIgniter.php(353): CodeIgniter\CodeIgniter->handleRequest(null, Object(Config\Cache), false)
 9 FCPATH\index.php(79): CodeIgniter\CodeIgniter->run()
10 SYSTEMPATH\Commands\Server\rewrite.php(47): require_once('D:\\laragon\\www\\method-oldagehome\\public\\index.php')
CRITICAL - 2024-11-08 08:56:57 --> Trying to access array offset on value of type null
in APPPATH\Views\dashboard\editdeceasedelder.php on line 50.
 1 APPPATH\Views\dashboard\editdeceasedelder.php(50): CodeIgniter\Debug\Exceptions->errorHandler(2, 'Trying to access array offset on value of type null', 'D:\\laragon\\www\\method-oldagehome\\app\\Views\\dashboard\\editdeceasedelder.php', 50)
 2 SYSTEMPATH\View\View.php(226): include('D:\\laragon\\www\\method-oldagehome\\app\\Views\\dashboard\\editdeceasedelder.php')
 3 SYSTEMPATH\View\View.php(229): CodeIgniter\View\View->CodeIgniter\View\{closure}()
 4 SYSTEMPATH\Common.php(1188): CodeIgniter\View\View->render('dashboard/editdeceasedelder', [], true)
 5 APPPATH\Controllers\NewController.php(893): view('dashboard/editdeceasedelder', [...])
 6 SYSTEMPATH\CodeIgniter.php(919): App\Controllers\NewController->ViewEditDeceased('login', 'vendors', 'typicons', 'typicons.css')
 7 SYSTEMPATH\CodeIgniter.php(494): CodeIgniter\CodeIgniter->runController(Object(App\Controllers\NewController))
 8 SYSTEMPATH\CodeIgniter.php(353): CodeIgniter\CodeIgniter->handleRequest(null, Object(Config\Cache), false)
 9 FCPATH\index.php(79): CodeIgniter\CodeIgniter->run()
10 SYSTEMPATH\Commands\Server\rewrite.php(47): require_once('D:\\laragon\\www\\method-oldagehome\\public\\index.php')
CRITICAL - 2024-11-08 08:56:57 --> Trying to access array offset on value of type null
in APPPATH\Views\dashboard\editdeceasedelder.php on line 50.
 1 APPPATH\Views\dashboard\editdeceasedelder.php(50): CodeIgniter\Debug\Exceptions->errorHandler(2, 'Trying to access array offset on value of type null', 'D:\\laragon\\www\\method-oldagehome\\app\\Views\\dashboard\\editdeceasedelder.php', 50)
 2 SYSTEMPATH\View\View.php(226): include('D:\\laragon\\www\\method-oldagehome\\app\\Views\\dashboard\\editdeceasedelder.php')
 3 SYSTEMPATH\View\View.php(229): CodeIgniter\View\View->CodeIgniter\View\{closure}()
 4 SYSTEMPATH\Common.php(1188): CodeIgniter\View\View->render('dashboard/editdeceasedelder', [], true)
 5 APPPATH\Controllers\NewController.php(893): view('dashboard/editdeceasedelder', [...])
 6 SYSTEMPATH\CodeIgniter.php(919): App\Controllers\NewController->ViewEditDeceased('login', 'vendors', 'css', 'vendor.bundle.base.css')
 7 SYSTEMPATH\CodeIgniter.php(494): CodeIgniter\CodeIgniter->runController(Object(App\Controllers\NewController))
 8 SYSTEMPATH\CodeIgniter.php(353): CodeIgniter\CodeIgniter->handleRequest(null, Object(Config\Cache), false)
 9 FCPATH\index.php(79): CodeIgniter\CodeIgniter->run()
10 SYSTEMPATH\Commands\Server\rewrite.php(47): require_once('D:\\laragon\\www\\method-oldagehome\\public\\index.php')
CRITICAL - 2024-11-08 08:56:58 --> Trying to access array offset on value of type null
in APPPATH\Views\dashboard\editdeceasedelder.php on line 50.
 1 APPPATH\Views\dashboard\editdeceasedelder.php(50): CodeIgniter\Debug\Exceptions->errorHandler(2, 'Trying to access array offset on value of type null', 'D:\\laragon\\www\\method-oldagehome\\app\\Views\\dashboard\\editdeceasedelder.php', 50)
 2 SYSTEMPATH\View\View.php(226): include('D:\\laragon\\www\\method-oldagehome\\app\\Views\\dashboard\\editdeceasedelder.php')
 3 SYSTEMPATH\View\View.php(229): CodeIgniter\View\View->CodeIgniter\View\{closure}()
 4 SYSTEMPATH\Common.php(1188): CodeIgniter\View\View->render('dashboard/editdeceasedelder', [], true)
 5 APPPATH\Controllers\NewController.php(893): view('dashboard/editdeceasedelder', [...])
 6 SYSTEMPATH\CodeIgniter.php(919): App\Controllers\NewController->ViewEditDeceased('login', 'vendors', 'select2', 'select2.min.css')
 7 SYSTEMPATH\CodeIgniter.php(494): CodeIgniter\CodeIgniter->runController(Object(App\Controllers\NewController))
 8 SYSTEMPATH\CodeIgniter.php(353): CodeIgniter\CodeIgniter->handleRequest(null, Object(Config\Cache), false)
 9 FCPATH\index.php(79): CodeIgniter\CodeIgniter->run()
10 SYSTEMPATH\Commands\Server\rewrite.php(47): require_once('D:\\laragon\\www\\method-oldagehome\\public\\index.php')
CRITICAL - 2024-11-08 08:56:58 --> Trying to access array offset on value of type null
in APPPATH\Views\dashboard\editdeceasedelder.php on line 50.
 1 APPPATH\Views\dashboard\editdeceasedelder.php(50): CodeIgniter\Debug\Exceptions->errorHandler(2, 'Trying to access array offset on value of type null', 'D:\\laragon\\www\\method-oldagehome\\app\\Views\\dashboard\\editdeceasedelder.php', 50)
 2 SYSTEMPATH\View\View.php(226): include('D:\\laragon\\www\\method-oldagehome\\app\\Views\\dashboard\\editdeceasedelder.php')
 3 SYSTEMPATH\View\View.php(229): CodeIgniter\View\View->CodeIgniter\View\{closure}()
 4 SYSTEMPATH\Common.php(1188): CodeIgniter\View\View->render('dashboard/editdeceasedelder', [], true)
 5 APPPATH\Controllers\NewController.php(893): view('dashboard/editdeceasedelder', [...])
 6 SYSTEMPATH\CodeIgniter.php(919): App\Controllers\NewController->ViewEditDeceased('login', 'vendors', 'select2-bootstrap-theme', 'select2-bootstrap.min.css')
 7 SYSTEMPATH\CodeIgniter.php(494): CodeIgniter\CodeIgniter->runController(Object(App\Controllers\NewController))
 8 SYSTEMPATH\CodeIgniter.php(353): CodeIgniter\CodeIgniter->handleRequest(null, Object(Config\Cache), false)
 9 FCPATH\index.php(79): CodeIgniter\CodeIgniter->run()
10 SYSTEMPATH\Commands\Server\rewrite.php(47): require_once('D:\\laragon\\www\\method-oldagehome\\public\\index.php')
CRITICAL - 2024-11-08 08:56:58 --> Trying to access array offset on value of type null
in APPPATH\Views\dashboard\editdeceasedelder.php on line 50.
 1 APPPATH\Views\dashboard\editdeceasedelder.php(50): CodeIgniter\Debug\Exceptions->errorHandler(2, 'Trying to access array offset on value of type null', 'D:\\laragon\\www\\method-oldagehome\\app\\Views\\dashboard\\editdeceasedelder.php', 50)
 2 SYSTEMPATH\View\View.php(226): include('D:\\laragon\\www\\method-oldagehome\\app\\Views\\dashboard\\editdeceasedelder.php')
 3 SYSTEMPATH\View\View.php(229): CodeIgniter\View\View->CodeIgniter\View\{closure}()
 4 SYSTEMPATH\Common.php(1188): CodeIgniter\View\View->render('dashboard/editdeceasedelder', [], true)
 5 APPPATH\Controllers\NewController.php(893): view('dashboard/editdeceasedelder', [...])
 6 SYSTEMPATH\CodeIgniter.php(919): App\Controllers\NewController->ViewEditDeceased('login', 'css', 'vertical-layout-light', 'style.css')
 7 SYSTEMPATH\CodeIgniter.php(494): CodeIgniter\CodeIgniter->runController(Object(App\Controllers\NewController))
 8 SYSTEMPATH\CodeIgniter.php(353): CodeIgniter\CodeIgniter->handleRequest(null, Object(Config\Cache), false)
 9 FCPATH\index.php(79): CodeIgniter\CodeIgniter->run()
10 SYSTEMPATH\Commands\Server\rewrite.php(47): require_once('D:\\laragon\\www\\method-oldagehome\\public\\index.php')
CRITICAL - 2024-11-08 08:56:59 --> Trying to access array offset on value of type null
in APPPATH\Views\dashboard\editdeceasedelder.php on line 50.
 1 APPPATH\Views\dashboard\editdeceasedelder.php(50): CodeIgniter\Debug\Exceptions->errorHandler(2, 'Trying to access array offset on value of type null', 'D:\\laragon\\www\\method-oldagehome\\app\\Views\\dashboard\\editdeceasedelder.php', 50)
 2 SYSTEMPATH\View\View.php(226): include('D:\\laragon\\www\\method-oldagehome\\app\\Views\\dashboard\\editdeceasedelder.php')
 3 SYSTEMPATH\View\View.php(229): CodeIgniter\View\View->CodeIgniter\View\{closure}()
 4 SYSTEMPATH\Common.php(1188): CodeIgniter\View\View->render('dashboard/editdeceasedelder', [], true)
 5 APPPATH\Controllers\NewController.php(893): view('dashboard/editdeceasedelder', [...])
 6 SYSTEMPATH\CodeIgniter.php(919): App\Controllers\NewController->ViewEditDeceased('vendors', 'js', 'vendor.bundle.base.js')
 7 SYSTEMPATH\CodeIgniter.php(494): CodeIgniter\CodeIgniter->runController(Object(App\Controllers\NewController))
 8 SYSTEMPATH\CodeIgniter.php(353): CodeIgniter\CodeIgniter->handleRequest(null, Object(Config\Cache), false)
 9 FCPATH\index.php(79): CodeIgniter\CodeIgniter->run()
10 SYSTEMPATH\Commands\Server\rewrite.php(47): require_once('D:\\laragon\\www\\method-oldagehome\\public\\index.php')
CRITICAL - 2024-11-08 08:56:59 --> Trying to access array offset on value of type null
in APPPATH\Views\dashboard\editdeceasedelder.php on line 50.
 1 APPPATH\Views\dashboard\editdeceasedelder.php(50): CodeIgniter\Debug\Exceptions->errorHandler(2, 'Trying to access array offset on value of type null', 'D:\\laragon\\www\\method-oldagehome\\app\\Views\\dashboard\\editdeceasedelder.php', 50)
 2 SYSTEMPATH\View\View.php(226): include('D:\\laragon\\www\\method-oldagehome\\app\\Views\\dashboard\\editdeceasedelder.php')
 3 SYSTEMPATH\View\View.php(229): CodeIgniter\View\View->CodeIgniter\View\{closure}()
 4 SYSTEMPATH\Common.php(1188): CodeIgniter\View\View->render('dashboard/editdeceasedelder', [], true)
 5 APPPATH\Controllers\NewController.php(893): view('dashboard/editdeceasedelder', [...])
 6 SYSTEMPATH\CodeIgniter.php(919): App\Controllers\NewController->ViewEditDeceased('js', 'off-canvas.js')
 7 SYSTEMPATH\CodeIgniter.php(494): CodeIgniter\CodeIgniter->runController(Object(App\Controllers\NewController))
 8 SYSTEMPATH\CodeIgniter.php(353): CodeIgniter\CodeIgniter->handleRequest(null, Object(Config\Cache), false)
 9 FCPATH\index.php(79): CodeIgniter\CodeIgniter->run()
10 SYSTEMPATH\Commands\Server\rewrite.php(47): require_once('D:\\laragon\\www\\method-oldagehome\\public\\index.php')
CRITICAL - 2024-11-08 08:57:00 --> Trying to access array offset on value of type null
in APPPATH\Views\dashboard\editdeceasedelder.php on line 50.
 1 APPPATH\Views\dashboard\editdeceasedelder.php(50): CodeIgniter\Debug\Exceptions->errorHandler(2, 'Trying to access array offset on value of type null', 'D:\\laragon\\www\\method-oldagehome\\app\\Views\\dashboard\\editdeceasedelder.php', 50)
 2 SYSTEMPATH\View\View.php(226): include('D:\\laragon\\www\\method-oldagehome\\app\\Views\\dashboard\\editdeceasedelder.php')
 3 SYSTEMPATH\View\View.php(229): CodeIgniter\View\View->CodeIgniter\View\{closure}()
 4 SYSTEMPATH\Common.php(1188): CodeIgniter\View\View->render('dashboard/editdeceasedelder', [], true)
 5 APPPATH\Controllers\NewController.php(893): view('dashboard/editdeceasedelder', [...])
 6 SYSTEMPATH\CodeIgniter.php(919): App\Controllers\NewController->ViewEditDeceased('js', 'hoverable-collapse.js')
 7 SYSTEMPATH\CodeIgniter.php(494): CodeIgniter\CodeIgniter->runController(Object(App\Controllers\NewController))
 8 SYSTEMPATH\CodeIgniter.php(353): CodeIgniter\CodeIgniter->handleRequest(null, Object(Config\Cache), false)
 9 FCPATH\index.php(79): CodeIgniter\CodeIgniter->run()
10 SYSTEMPATH\Commands\Server\rewrite.php(47): require_once('D:\\laragon\\www\\method-oldagehome\\public\\index.php')
CRITICAL - 2024-11-08 08:57:00 --> Trying to access array offset on value of type null
in APPPATH\Views\dashboard\editdeceasedelder.php on line 50.
 1 APPPATH\Views\dashboard\editdeceasedelder.php(50): CodeIgniter\Debug\Exceptions->errorHandler(2, 'Trying to access array offset on value of type null', 'D:\\laragon\\www\\method-oldagehome\\app\\Views\\dashboard\\editdeceasedelder.php', 50)
 2 SYSTEMPATH\View\View.php(226): include('D:\\laragon\\www\\method-oldagehome\\app\\Views\\dashboard\\editdeceasedelder.php')
 3 SYSTEMPATH\View\View.php(229): CodeIgniter\View\View->CodeIgniter\View\{closure}()
 4 SYSTEMPATH\Common.php(1188): CodeIgniter\View\View->render('dashboard/editdeceasedelder', [], true)
 5 APPPATH\Controllers\NewController.php(893): view('dashboard/editdeceasedelder', [...])
 6 SYSTEMPATH\CodeIgniter.php(919): App\Controllers\NewController->ViewEditDeceased('js', 'template.js')
 7 SYSTEMPATH\CodeIgniter.php(494): CodeIgniter\CodeIgniter->runController(Object(App\Controllers\NewController))
 8 SYSTEMPATH\CodeIgniter.php(353): CodeIgniter\CodeIgniter->handleRequest(null, Object(Config\Cache), false)
 9 FCPATH\index.php(79): CodeIgniter\CodeIgniter->run()
10 SYSTEMPATH\Commands\Server\rewrite.php(47): require_once('D:\\laragon\\www\\method-oldagehome\\public\\index.php')
CRITICAL - 2024-11-08 08:57:01 --> Trying to access array offset on value of type null
in APPPATH\Views\dashboard\editdeceasedelder.php on line 50.
 1 APPPATH\Views\dashboard\editdeceasedelder.php(50): CodeIgniter\Debug\Exceptions->errorHandler(2, 'Trying to access array offset on value of type null', 'D:\\laragon\\www\\method-oldagehome\\app\\Views\\dashboard\\editdeceasedelder.php', 50)
 2 SYSTEMPATH\View\View.php(226): include('D:\\laragon\\www\\method-oldagehome\\app\\Views\\dashboard\\editdeceasedelder.php')
 3 SYSTEMPATH\View\View.php(229): CodeIgniter\View\View->CodeIgniter\View\{closure}()
 4 SYSTEMPATH\Common.php(1188): CodeIgniter\View\View->render('dashboard/editdeceasedelder', [], true)
 5 APPPATH\Controllers\NewController.php(893): view('dashboard/editdeceasedelder', [...])
 6 SYSTEMPATH\CodeIgniter.php(919): App\Controllers\NewController->ViewEditDeceased('js', 'settings.js')
 7 SYSTEMPATH\CodeIgniter.php(494): CodeIgniter\CodeIgniter->runController(Object(App\Controllers\NewController))
 8 SYSTEMPATH\CodeIgniter.php(353): CodeIgniter\CodeIgniter->handleRequest(null, Object(Config\Cache), false)
 9 FCPATH\index.php(79): CodeIgniter\CodeIgniter->run()
10 SYSTEMPATH\Commands\Server\rewrite.php(47): require_once('D:\\laragon\\www\\method-oldagehome\\public\\index.php')
CRITICAL - 2024-11-08 08:57:01 --> Trying to access array offset on value of type null
in APPPATH\Views\dashboard\editdeceasedelder.php on line 50.
 1 APPPATH\Views\dashboard\editdeceasedelder.php(50): CodeIgniter\Debug\Exceptions->errorHandler(2, 'Trying to access array offset on value of type null', 'D:\\laragon\\www\\method-oldagehome\\app\\Views\\dashboard\\editdeceasedelder.php', 50)
 2 SYSTEMPATH\View\View.php(226): include('D:\\laragon\\www\\method-oldagehome\\app\\Views\\dashboard\\editdeceasedelder.php')
 3 SYSTEMPATH\View\View.php(229): CodeIgniter\View\View->CodeIgniter\View\{closure}()
 4 SYSTEMPATH\Common.php(1188): CodeIgniter\View\View->render('dashboard/editdeceasedelder', [], true)
 5 APPPATH\Controllers\NewController.php(893): view('dashboard/editdeceasedelder', [...])
 6 SYSTEMPATH\CodeIgniter.php(919): App\Controllers\NewController->ViewEditDeceased('js', 'todolist.js')
 7 SYSTEMPATH\CodeIgniter.php(494): CodeIgniter\CodeIgniter->runController(Object(App\Controllers\NewController))
 8 SYSTEMPATH\CodeIgniter.php(353): CodeIgniter\CodeIgniter->handleRequest(null, Object(Config\Cache), false)
 9 FCPATH\index.php(79): CodeIgniter\CodeIgniter->run()
10 SYSTEMPATH\Commands\Server\rewrite.php(47): require_once('D:\\laragon\\www\\method-oldagehome\\public\\index.php')
CRITICAL - 2024-11-08 08:57:02 --> Trying to access array offset on value of type null
in APPPATH\Views\dashboard\editdeceasedelder.php on line 50.
 1 APPPATH\Views\dashboard\editdeceasedelder.php(50): CodeIgniter\Debug\Exceptions->errorHandler(2, 'Trying to access array offset on value of type null', 'D:\\laragon\\www\\method-oldagehome\\app\\Views\\dashboard\\editdeceasedelder.php', 50)
 2 SYSTEMPATH\View\View.php(226): include('D:\\laragon\\www\\method-oldagehome\\app\\Views\\dashboard\\editdeceasedelder.php')
 3 SYSTEMPATH\View\View.php(229): CodeIgniter\View\View->CodeIgniter\View\{closure}()
 4 SYSTEMPATH\Common.php(1188): CodeIgniter\View\View->render('dashboard/editdeceasedelder', [], true)
 5 APPPATH\Controllers\NewController.php(893): view('dashboard/editdeceasedelder', [...])
 6 SYSTEMPATH\CodeIgniter.php(919): App\Controllers\NewController->ViewEditDeceased('vendors', 'typeahead.js', 'typeahead.bundle.min.js')
 7 SYSTEMPATH\CodeIgniter.php(494): CodeIgniter\CodeIgniter->runController(Object(App\Controllers\NewController))
 8 SYSTEMPATH\CodeIgniter.php(353): CodeIgniter\CodeIgniter->handleRequest(null, Object(Config\Cache), false)
 9 FCPATH\index.php(79): CodeIgniter\CodeIgniter->run()
10 SYSTEMPATH\Commands\Server\rewrite.php(47): require_once('D:\\laragon\\www\\method-oldagehome\\public\\index.php')
CRITICAL - 2024-11-08 08:57:02 --> Trying to access array offset on value of type null
in APPPATH\Views\dashboard\editdeceasedelder.php on line 50.
 1 APPPATH\Views\dashboard\editdeceasedelder.php(50): CodeIgniter\Debug\Exceptions->errorHandler(2, 'Trying to access array offset on value of type null', 'D:\\laragon\\www\\method-oldagehome\\app\\Views\\dashboard\\editdeceasedelder.php', 50)
 2 SYSTEMPATH\View\View.php(226): include('D:\\laragon\\www\\method-oldagehome\\app\\Views\\dashboard\\editdeceasedelder.php')
 3 SYSTEMPATH\View\View.php(229): CodeIgniter\View\View->CodeIgniter\View\{closure}()
 4 SYSTEMPATH\Common.php(1188): CodeIgniter\View\View->render('dashboard/editdeceasedelder', [], true)
 5 APPPATH\Controllers\NewController.php(893): view('dashboard/editdeceasedelder', [...])
 6 SYSTEMPATH\CodeIgniter.php(919): App\Controllers\NewController->ViewEditDeceased('vendors', 'select2', 'select2.min.js')
 7 SYSTEMPATH\CodeIgniter.php(494): CodeIgniter\CodeIgniter->runController(Object(App\Controllers\NewController))
 8 SYSTEMPATH\CodeIgniter.php(353): CodeIgniter\CodeIgniter->handleRequest(null, Object(Config\Cache), false)
 9 FCPATH\index.php(79): CodeIgniter\CodeIgniter->run()
10 SYSTEMPATH\Commands\Server\rewrite.php(47): require_once('D:\\laragon\\www\\method-oldagehome\\public\\index.php')
CRITICAL - 2024-11-08 08:57:03 --> Trying to access array offset on value of type null
in APPPATH\Views\dashboard\editdeceasedelder.php on line 50.
 1 APPPATH\Views\dashboard\editdeceasedelder.php(50): CodeIgniter\Debug\Exceptions->errorHandler(2, 'Trying to access array offset on value of type null', 'D:\\laragon\\www\\method-oldagehome\\app\\Views\\dashboard\\editdeceasedelder.php', 50)
 2 SYSTEMPATH\View\View.php(226): include('D:\\laragon\\www\\method-oldagehome\\app\\Views\\dashboard\\editdeceasedelder.php')
 3 SYSTEMPATH\View\View.php(229): CodeIgniter\View\View->CodeIgniter\View\{closure}()
 4 SYSTEMPATH\Common.php(1188): CodeIgniter\View\View->render('dashboard/editdeceasedelder', [], true)
 5 APPPATH\Controllers\NewController.php(893): view('dashboard/editdeceasedelder', [...])
 6 SYSTEMPATH\CodeIgniter.php(919): App\Controllers\NewController->ViewEditDeceased('js', 'file-upload.js')
 7 SYSTEMPATH\CodeIgniter.php(494): CodeIgniter\CodeIgniter->runController(Object(App\Controllers\NewController))
 8 SYSTEMPATH\CodeIgniter.php(353): CodeIgniter\CodeIgniter->handleRequest(null, Object(Config\Cache), false)
 9 FCPATH\index.php(79): CodeIgniter\CodeIgniter->run()
10 SYSTEMPATH\Commands\Server\rewrite.php(47): require_once('D:\\laragon\\www\\method-oldagehome\\public\\index.php')
CRITICAL - 2024-11-08 08:57:03 --> Trying to access array offset on value of type null
in APPPATH\Views\dashboard\editdeceasedelder.php on line 50.
 1 APPPATH\Views\dashboard\editdeceasedelder.php(50): CodeIgniter\Debug\Exceptions->errorHandler(2, 'Trying to access array offset on value of type null', 'D:\\laragon\\www\\method-oldagehome\\app\\Views\\dashboard\\editdeceasedelder.php', 50)
 2 SYSTEMPATH\View\View.php(226): include('D:\\laragon\\www\\method-oldagehome\\app\\Views\\dashboard\\editdeceasedelder.php')
 3 SYSTEMPATH\View\View.php(229): CodeIgniter\View\View->CodeIgniter\View\{closure}()
 4 SYSTEMPATH\Common.php(1188): CodeIgniter\View\View->render('dashboard/editdeceasedelder', [], true)
 5 APPPATH\Controllers\NewController.php(893): view('dashboard/editdeceasedelder', [...])
 6 SYSTEMPATH\CodeIgniter.php(919): App\Controllers\NewController->ViewEditDeceased('js', 'typeahead.js')
 7 SYSTEMPATH\CodeIgniter.php(494): CodeIgniter\CodeIgniter->runController(Object(App\Controllers\NewController))
 8 SYSTEMPATH\CodeIgniter.php(353): CodeIgniter\CodeIgniter->handleRequest(null, Object(Config\Cache), false)
 9 FCPATH\index.php(79): CodeIgniter\CodeIgniter->run()
10 SYSTEMPATH\Commands\Server\rewrite.php(47): require_once('D:\\laragon\\www\\method-oldagehome\\public\\index.php')
CRITICAL - 2024-11-08 08:57:04 --> Trying to access array offset on value of type null
in APPPATH\Views\dashboard\editdeceasedelder.php on line 50.
 1 APPPATH\Views\dashboard\editdeceasedelder.php(50): CodeIgniter\Debug\Exceptions->errorHandler(2, 'Trying to access array offset on value of type null', 'D:\\laragon\\www\\method-oldagehome\\app\\Views\\dashboard\\editdeceasedelder.php', 50)
 2 SYSTEMPATH\View\View.php(226): include('D:\\laragon\\www\\method-oldagehome\\app\\Views\\dashboard\\editdeceasedelder.php')
 3 SYSTEMPATH\View\View.php(229): CodeIgniter\View\View->CodeIgniter\View\{closure}()
 4 SYSTEMPATH\Common.php(1188): CodeIgniter\View\View->render('dashboard/editdeceasedelder', [], true)
 5 APPPATH\Controllers\NewController.php(893): view('dashboard/editdeceasedelder', [...])
 6 SYSTEMPATH\CodeIgniter.php(919): App\Controllers\NewController->ViewEditDeceased('js', 'select2.js')
 7 SYSTEMPATH\CodeIgniter.php(494): CodeIgniter\CodeIgniter->runController(Object(App\Controllers\NewController))
 8 SYSTEMPATH\CodeIgniter.php(353): CodeIgniter\CodeIgniter->handleRequest(null, Object(Config\Cache), false)
 9 FCPATH\index.php(79): CodeIgniter\CodeIgniter->run()
10 SYSTEMPATH\Commands\Server\rewrite.php(47): require_once('D:\\laragon\\www\\method-oldagehome\\public\\index.php')
CRITICAL - 2024-11-08 08:57:14 --> Trying to access array offset on value of type null
in APPPATH\Views\dashboard\editdeceasedelder.php on line 50.
 1 APPPATH\Views\dashboard\editdeceasedelder.php(50): CodeIgniter\Debug\Exceptions->errorHandler(2, 'Trying to access array offset on value of type null', 'D:\\laragon\\www\\method-oldagehome\\app\\Views\\dashboard\\editdeceasedelder.php', 50)
 2 SYSTEMPATH\View\View.php(226): include('D:\\laragon\\www\\method-oldagehome\\app\\Views\\dashboard\\editdeceasedelder.php')
 3 SYSTEMPATH\View\View.php(229): CodeIgniter\View\View->CodeIgniter\View\{closure}()
 4 SYSTEMPATH\Common.php(1188): CodeIgniter\View\View->render('dashboard/editdeceasedelder', [], true)
 5 APPPATH\Controllers\NewController.php(893): view('dashboard/editdeceasedelder', [...])
 6 SYSTEMPATH\CodeIgniter.php(919): App\Controllers\NewController->ViewEditDeceased('login', 'vendors', 'typicons', 'typicons.css')
 7 SYSTEMPATH\CodeIgniter.php(494): CodeIgniter\CodeIgniter->runController(Object(App\Controllers\NewController))
 8 SYSTEMPATH\CodeIgniter.php(353): CodeIgniter\CodeIgniter->handleRequest(null, Object(Config\Cache), false)
 9 FCPATH\index.php(79): CodeIgniter\CodeIgniter->run()
10 SYSTEMPATH\Commands\Server\rewrite.php(47): require_once('D:\\laragon\\www\\method-oldagehome\\public\\index.php')
CRITICAL - 2024-11-08 08:57:15 --> Trying to access array offset on value of type null
in APPPATH\Views\dashboard\editdeceasedelder.php on line 50.
 1 APPPATH\Views\dashboard\editdeceasedelder.php(50): CodeIgniter\Debug\Exceptions->errorHandler(2, 'Trying to access array offset on value of type null', 'D:\\laragon\\www\\method-oldagehome\\app\\Views\\dashboard\\editdeceasedelder.php', 50)
 2 SYSTEMPATH\View\View.php(226): include('D:\\laragon\\www\\method-oldagehome\\app\\Views\\dashboard\\editdeceasedelder.php')
 3 SYSTEMPATH\View\View.php(229): CodeIgniter\View\View->CodeIgniter\View\{closure}()
 4 SYSTEMPATH\Common.php(1188): CodeIgniter\View\View->render('dashboard/editdeceasedelder', [], true)
 5 APPPATH\Controllers\NewController.php(893): view('dashboard/editdeceasedelder', [...])
 6 SYSTEMPATH\CodeIgniter.php(919): App\Controllers\NewController->ViewEditDeceased('login', 'vendors', 'css', 'vendor.bundle.base.css')
 7 SYSTEMPATH\CodeIgniter.php(494): CodeIgniter\CodeIgniter->runController(Object(App\Controllers\NewController))
 8 SYSTEMPATH\CodeIgniter.php(353): CodeIgniter\CodeIgniter->handleRequest(null, Object(Config\Cache), false)
 9 FCPATH\index.php(79): CodeIgniter\CodeIgniter->run()
10 SYSTEMPATH\Commands\Server\rewrite.php(47): require_once('D:\\laragon\\www\\method-oldagehome\\public\\index.php')
CRITICAL - 2024-11-08 08:57:15 --> Trying to access array offset on value of type null
in APPPATH\Views\dashboard\editdeceasedelder.php on line 50.
 1 APPPATH\Views\dashboard\editdeceasedelder.php(50): CodeIgniter\Debug\Exceptions->errorHandler(2, 'Trying to access array offset on value of type null', 'D:\\laragon\\www\\method-oldagehome\\app\\Views\\dashboard\\editdeceasedelder.php', 50)
 2 SYSTEMPATH\View\View.php(226): include('D:\\laragon\\www\\method-oldagehome\\app\\Views\\dashboard\\editdeceasedelder.php')
 3 SYSTEMPATH\View\View.php(229): CodeIgniter\View\View->CodeIgniter\View\{closure}()
 4 SYSTEMPATH\Common.php(1188): CodeIgniter\View\View->render('dashboard/editdeceasedelder', [], true)
 5 APPPATH\Controllers\NewController.php(893): view('dashboard/editdeceasedelder', [...])
 6 SYSTEMPATH\CodeIgniter.php(919): App\Controllers\NewController->ViewEditDeceased('login', 'vendors', 'select2', 'select2.min.css')
 7 SYSTEMPATH\CodeIgniter.php(494): CodeIgniter\CodeIgniter->runController(Object(App\Controllers\NewController))
 8 SYSTEMPATH\CodeIgniter.php(353): CodeIgniter\CodeIgniter->handleRequest(null, Object(Config\Cache), false)
 9 FCPATH\index.php(79): CodeIgniter\CodeIgniter->run()
10 SYSTEMPATH\Commands\Server\rewrite.php(47): require_once('D:\\laragon\\www\\method-oldagehome\\public\\index.php')
CRITICAL - 2024-11-08 08:57:16 --> Trying to access array offset on value of type null
in APPPATH\Views\dashboard\editdeceasedelder.php on line 50.
 1 APPPATH\Views\dashboard\editdeceasedelder.php(50): CodeIgniter\Debug\Exceptions->errorHandler(2, 'Trying to access array offset on value of type null', 'D:\\laragon\\www\\method-oldagehome\\app\\Views\\dashboard\\editdeceasedelder.php', 50)
 2 SYSTEMPATH\View\View.php(226): include('D:\\laragon\\www\\method-oldagehome\\app\\Views\\dashboard\\editdeceasedelder.php')
 3 SYSTEMPATH\View\View.php(229): CodeIgniter\View\View->CodeIgniter\View\{closure}()
 4 SYSTEMPATH\Common.php(1188): CodeIgniter\View\View->render('dashboard/editdeceasedelder', [], true)
 5 APPPATH\Controllers\NewController.php(893): view('dashboard/editdeceasedelder', [...])
 6 SYSTEMPATH\CodeIgniter.php(919): App\Controllers\NewController->ViewEditDeceased('login', 'vendors', 'select2-bootstrap-theme', 'select2-bootstrap.min.css')
 7 SYSTEMPATH\CodeIgniter.php(494): CodeIgniter\CodeIgniter->runController(Object(App\Controllers\NewController))
 8 SYSTEMPATH\CodeIgniter.php(353): CodeIgniter\CodeIgniter->handleRequest(null, Object(Config\Cache), false)
 9 FCPATH\index.php(79): CodeIgniter\CodeIgniter->run()
10 SYSTEMPATH\Commands\Server\rewrite.php(47): require_once('D:\\laragon\\www\\method-oldagehome\\public\\index.php')
CRITICAL - 2024-11-08 08:57:16 --> Trying to access array offset on value of type null
in APPPATH\Views\dashboard\editdeceasedelder.php on line 50.
 1 APPPATH\Views\dashboard\editdeceasedelder.php(50): CodeIgniter\Debug\Exceptions->errorHandler(2, 'Trying to access array offset on value of type null', 'D:\\laragon\\www\\method-oldagehome\\app\\Views\\dashboard\\editdeceasedelder.php', 50)
 2 SYSTEMPATH\View\View.php(226): include('D:\\laragon\\www\\method-oldagehome\\app\\Views\\dashboard\\editdeceasedelder.php')
 3 SYSTEMPATH\View\View.php(229): CodeIgniter\View\View->CodeIgniter\View\{closure}()
 4 SYSTEMPATH\Common.php(1188): CodeIgniter\View\View->render('dashboard/editdeceasedelder', [], true)
 5 APPPATH\Controllers\NewController.php(893): view('dashboard/editdeceasedelder', [...])
 6 SYSTEMPATH\CodeIgniter.php(919): App\Controllers\NewController->ViewEditDeceased('login', 'css', 'vertical-layout-light', 'style.css')
 7 SYSTEMPATH\CodeIgniter.php(494): CodeIgniter\CodeIgniter->runController(Object(App\Controllers\NewController))
 8 SYSTEMPATH\CodeIgniter.php(353): CodeIgniter\CodeIgniter->handleRequest(null, Object(Config\Cache), false)
 9 FCPATH\index.php(79): CodeIgniter\CodeIgniter->run()
10 SYSTEMPATH\Commands\Server\rewrite.php(47): require_once('D:\\laragon\\www\\method-oldagehome\\public\\index.php')
CRITICAL - 2024-11-08 08:57:17 --> Trying to access array offset on value of type null
in APPPATH\Views\dashboard\editdeceasedelder.php on line 50.
 1 APPPATH\Views\dashboard\editdeceasedelder.php(50): CodeIgniter\Debug\Exceptions->errorHandler(2, 'Trying to access array offset on value of type null', 'D:\\laragon\\www\\method-oldagehome\\app\\Views\\dashboard\\editdeceasedelder.php', 50)
 2 SYSTEMPATH\View\View.php(226): include('D:\\laragon\\www\\method-oldagehome\\app\\Views\\dashboard\\editdeceasedelder.php')
 3 SYSTEMPATH\View\View.php(229): CodeIgniter\View\View->CodeIgniter\View\{closure}()
 4 SYSTEMPATH\Common.php(1188): CodeIgniter\View\View->render('dashboard/editdeceasedelder', [], true)
 5 APPPATH\Controllers\NewController.php(893): view('dashboard/editdeceasedelder', [...])
 6 SYSTEMPATH\CodeIgniter.php(919): App\Controllers\NewController->ViewEditDeceased('vendors', 'js', 'vendor.bundle.base.js')
 7 SYSTEMPATH\CodeIgniter.php(494): CodeIgniter\CodeIgniter->runController(Object(App\Controllers\NewController))
 8 SYSTEMPATH\CodeIgniter.php(353): CodeIgniter\CodeIgniter->handleRequest(null, Object(Config\Cache), false)
 9 FCPATH\index.php(79): CodeIgniter\CodeIgniter->run()
10 SYSTEMPATH\Commands\Server\rewrite.php(47): require_once('D:\\laragon\\www\\method-oldagehome\\public\\index.php')
CRITICAL - 2024-11-08 08:57:17 --> Trying to access array offset on value of type null
in APPPATH\Views\dashboard\editdeceasedelder.php on line 50.
 1 APPPATH\Views\dashboard\editdeceasedelder.php(50): CodeIgniter\Debug\Exceptions->errorHandler(2, 'Trying to access array offset on value of type null', 'D:\\laragon\\www\\method-oldagehome\\app\\Views\\dashboard\\editdeceasedelder.php', 50)
 2 SYSTEMPATH\View\View.php(226): include('D:\\laragon\\www\\method-oldagehome\\app\\Views\\dashboard\\editdeceasedelder.php')
 3 SYSTEMPATH\View\View.php(229): CodeIgniter\View\View->CodeIgniter\View\{closure}()
 4 SYSTEMPATH\Common.php(1188): CodeIgniter\View\View->render('dashboard/editdeceasedelder', [], true)
 5 APPPATH\Controllers\NewController.php(893): view('dashboard/editdeceasedelder', [...])
 6 SYSTEMPATH\CodeIgniter.php(919): App\Controllers\NewController->ViewEditDeceased('js', 'off-canvas.js')
 7 SYSTEMPATH\CodeIgniter.php(494): CodeIgniter\CodeIgniter->runController(Object(App\Controllers\NewController))
 8 SYSTEMPATH\CodeIgniter.php(353): CodeIgniter\CodeIgniter->handleRequest(null, Object(Config\Cache), false)
 9 FCPATH\index.php(79): CodeIgniter\CodeIgniter->run()
10 SYSTEMPATH\Commands\Server\rewrite.php(47): require_once('D:\\laragon\\www\\method-oldagehome\\public\\index.php')
CRITICAL - 2024-11-08 08:57:17 --> Trying to access array offset on value of type null
in APPPATH\Views\dashboard\editdeceasedelder.php on line 50.
 1 APPPATH\Views\dashboard\editdeceasedelder.php(50): CodeIgniter\Debug\Exceptions->errorHandler(2, 'Trying to access array offset on value of type null', 'D:\\laragon\\www\\method-oldagehome\\app\\Views\\dashboard\\editdeceasedelder.php', 50)
 2 SYSTEMPATH\View\View.php(226): include('D:\\laragon\\www\\method-oldagehome\\app\\Views\\dashboard\\editdeceasedelder.php')
 3 SYSTEMPATH\View\View.php(229): CodeIgniter\View\View->CodeIgniter\View\{closure}()
 4 SYSTEMPATH\Common.php(1188): CodeIgniter\View\View->render('dashboard/editdeceasedelder', [], true)
 5 APPPATH\Controllers\NewController.php(893): view('dashboard/editdeceasedelder', [...])
 6 SYSTEMPATH\CodeIgniter.php(919): App\Controllers\NewController->ViewEditDeceased('js', 'hoverable-collapse.js')
 7 SYSTEMPATH\CodeIgniter.php(494): CodeIgniter\CodeIgniter->runController(Object(App\Controllers\NewController))
 8 SYSTEMPATH\CodeIgniter.php(353): CodeIgniter\CodeIgniter->handleRequest(null, Object(Config\Cache), false)
 9 FCPATH\index.php(79): CodeIgniter\CodeIgniter->run()
10 SYSTEMPATH\Commands\Server\rewrite.php(47): require_once('D:\\laragon\\www\\method-oldagehome\\public\\index.php')
CRITICAL - 2024-11-08 08:57:18 --> Trying to access array offset on value of type null
in APPPATH\Views\dashboard\editdeceasedelder.php on line 50.
 1 APPPATH\Views\dashboard\editdeceasedelder.php(50): CodeIgniter\Debug\Exceptions->errorHandler(2, 'Trying to access array offset on value of type null', 'D:\\laragon\\www\\method-oldagehome\\app\\Views\\dashboard\\editdeceasedelder.php', 50)
 2 SYSTEMPATH\View\View.php(226): include('D:\\laragon\\www\\method-oldagehome\\app\\Views\\dashboard\\editdeceasedelder.php')
 3 SYSTEMPATH\View\View.php(229): CodeIgniter\View\View->CodeIgniter\View\{closure}()
 4 SYSTEMPATH\Common.php(1188): CodeIgniter\View\View->render('dashboard/editdeceasedelder', [], true)
 5 APPPATH\Controllers\NewController.php(893): view('dashboard/editdeceasedelder', [...])
 6 SYSTEMPATH\CodeIgniter.php(919): App\Controllers\NewController->ViewEditDeceased('js', 'template.js')
 7 SYSTEMPATH\CodeIgniter.php(494): CodeIgniter\CodeIgniter->runController(Object(App\Controllers\NewController))
 8 SYSTEMPATH\CodeIgniter.php(353): CodeIgniter\CodeIgniter->handleRequest(null, Object(Config\Cache), false)
 9 FCPATH\index.php(79): CodeIgniter\CodeIgniter->run()
10 SYSTEMPATH\Commands\Server\rewrite.php(47): require_once('D:\\laragon\\www\\method-oldagehome\\public\\index.php')
CRITICAL - 2024-11-08 08:57:18 --> Trying to access array offset on value of type null
in APPPATH\Views\dashboard\editdeceasedelder.php on line 50.
 1 APPPATH\Views\dashboard\editdeceasedelder.php(50): CodeIgniter\Debug\Exceptions->errorHandler(2, 'Trying to access array offset on value of type null', 'D:\\laragon\\www\\method-oldagehome\\app\\Views\\dashboard\\editdeceasedelder.php', 50)
 2 SYSTEMPATH\View\View.php(226): include('D:\\laragon\\www\\method-oldagehome\\app\\Views\\dashboard\\editdeceasedelder.php')
 3 SYSTEMPATH\View\View.php(229): CodeIgniter\View\View->CodeIgniter\View\{closure}()
 4 SYSTEMPATH\Common.php(1188): CodeIgniter\View\View->render('dashboard/editdeceasedelder', [], true)
 5 APPPATH\Controllers\NewController.php(893): view('dashboard/editdeceasedelder', [...])
 6 SYSTEMPATH\CodeIgniter.php(919): App\Controllers\NewController->ViewEditDeceased('js', 'settings.js')
 7 SYSTEMPATH\CodeIgniter.php(494): CodeIgniter\CodeIgniter->runController(Object(App\Controllers\NewController))
 8 SYSTEMPATH\CodeIgniter.php(353): CodeIgniter\CodeIgniter->handleRequest(null, Object(Config\Cache), false)
 9 FCPATH\index.php(79): CodeIgniter\CodeIgniter->run()
10 SYSTEMPATH\Commands\Server\rewrite.php(47): require_once('D:\\laragon\\www\\method-oldagehome\\public\\index.php')
CRITICAL - 2024-11-08 08:57:19 --> Trying to access array offset on value of type null
in APPPATH\Views\dashboard\editdeceasedelder.php on line 50.
 1 APPPATH\Views\dashboard\editdeceasedelder.php(50): CodeIgniter\Debug\Exceptions->errorHandler(2, 'Trying to access array offset on value of type null', 'D:\\laragon\\www\\method-oldagehome\\app\\Views\\dashboard\\editdeceasedelder.php', 50)
 2 SYSTEMPATH\View\View.php(226): include('D:\\laragon\\www\\method-oldagehome\\app\\Views\\dashboard\\editdeceasedelder.php')
 3 SYSTEMPATH\View\View.php(229): CodeIgniter\View\View->CodeIgniter\View\{closure}()
 4 SYSTEMPATH\Common.php(1188): CodeIgniter\View\View->render('dashboard/editdeceasedelder', [], true)
 5 APPPATH\Controllers\NewController.php(893): view('dashboard/editdeceasedelder', [...])
 6 SYSTEMPATH\CodeIgniter.php(919): App\Controllers\NewController->ViewEditDeceased('js', 'todolist.js')
 7 SYSTEMPATH\CodeIgniter.php(494): CodeIgniter\CodeIgniter->runController(Object(App\Controllers\NewController))
 8 SYSTEMPATH\CodeIgniter.php(353): CodeIgniter\CodeIgniter->handleRequest(null, Object(Config\Cache), false)
 9 FCPATH\index.php(79): CodeIgniter\CodeIgniter->run()
10 SYSTEMPATH\Commands\Server\rewrite.php(47): require_once('D:\\laragon\\www\\method-oldagehome\\public\\index.php')
CRITICAL - 2024-11-08 08:57:19 --> Trying to access array offset on value of type null
in APPPATH\Views\dashboard\editdeceasedelder.php on line 50.
 1 APPPATH\Views\dashboard\editdeceasedelder.php(50): CodeIgniter\Debug\Exceptions->errorHandler(2, 'Trying to access array offset on value of type null', 'D:\\laragon\\www\\method-oldagehome\\app\\Views\\dashboard\\editdeceasedelder.php', 50)
 2 SYSTEMPATH\View\View.php(226): include('D:\\laragon\\www\\method-oldagehome\\app\\Views\\dashboard\\editdeceasedelder.php')
 3 SYSTEMPATH\View\View.php(229): CodeIgniter\View\View->CodeIgniter\View\{closure}()
 4 SYSTEMPATH\Common.php(1188): CodeIgniter\View\View->render('dashboard/editdeceasedelder', [], true)
 5 APPPATH\Controllers\NewController.php(893): view('dashboard/editdeceasedelder', [...])
 6 SYSTEMPATH\CodeIgniter.php(919): App\Controllers\NewController->ViewEditDeceased('vendors', 'typeahead.js', 'typeahead.bundle.min.js')
 7 SYSTEMPATH\CodeIgniter.php(494): CodeIgniter\CodeIgniter->runController(Object(App\Controllers\NewController))
 8 SYSTEMPATH\CodeIgniter.php(353): CodeIgniter\CodeIgniter->handleRequest(null, Object(Config\Cache), false)
 9 FCPATH\index.php(79): CodeIgniter\CodeIgniter->run()
10 SYSTEMPATH\Commands\Server\rewrite.php(47): require_once('D:\\laragon\\www\\method-oldagehome\\public\\index.php')
CRITICAL - 2024-11-08 08:57:20 --> Trying to access array offset on value of type null
in APPPATH\Views\dashboard\editdeceasedelder.php on line 50.
 1 APPPATH\Views\dashboard\editdeceasedelder.php(50): CodeIgniter\Debug\Exceptions->errorHandler(2, 'Trying to access array offset on value of type null', 'D:\\laragon\\www\\method-oldagehome\\app\\Views\\dashboard\\editdeceasedelder.php', 50)
 2 SYSTEMPATH\View\View.php(226): include('D:\\laragon\\www\\method-oldagehome\\app\\Views\\dashboard\\editdeceasedelder.php')
 3 SYSTEMPATH\View\View.php(229): CodeIgniter\View\View->CodeIgniter\View\{closure}()
 4 SYSTEMPATH\Common.php(1188): CodeIgniter\View\View->render('dashboard/editdeceasedelder', [], true)
 5 APPPATH\Controllers\NewController.php(893): view('dashboard/editdeceasedelder', [...])
 6 SYSTEMPATH\CodeIgniter.php(919): App\Controllers\NewController->ViewEditDeceased('vendors', 'select2', 'select2.min.js')
 7 SYSTEMPATH\CodeIgniter.php(494): CodeIgniter\CodeIgniter->runController(Object(App\Controllers\NewController))
 8 SYSTEMPATH\CodeIgniter.php(353): CodeIgniter\CodeIgniter->handleRequest(null, Object(Config\Cache), false)
 9 FCPATH\index.php(79): CodeIgniter\CodeIgniter->run()
10 SYSTEMPATH\Commands\Server\rewrite.php(47): require_once('D:\\laragon\\www\\method-oldagehome\\public\\index.php')
CRITICAL - 2024-11-08 08:57:20 --> Trying to access array offset on value of type null
in APPPATH\Views\dashboard\editdeceasedelder.php on line 50.
 1 APPPATH\Views\dashboard\editdeceasedelder.php(50): CodeIgniter\Debug\Exceptions->errorHandler(2, 'Trying to access array offset on value of type null', 'D:\\laragon\\www\\method-oldagehome\\app\\Views\\dashboard\\editdeceasedelder.php', 50)
 2 SYSTEMPATH\View\View.php(226): include('D:\\laragon\\www\\method-oldagehome\\app\\Views\\dashboard\\editdeceasedelder.php')
 3 SYSTEMPATH\View\View.php(229): CodeIgniter\View\View->CodeIgniter\View\{closure}()
 4 SYSTEMPATH\Common.php(1188): CodeIgniter\View\View->render('dashboard/editdeceasedelder', [], true)
 5 APPPATH\Controllers\NewController.php(893): view('dashboard/editdeceasedelder', [...])
 6 SYSTEMPATH\CodeIgniter.php(919): App\Controllers\NewController->ViewEditDeceased('js', 'file-upload.js')
 7 SYSTEMPATH\CodeIgniter.php(494): CodeIgniter\CodeIgniter->runController(Object(App\Controllers\NewController))
 8 SYSTEMPATH\CodeIgniter.php(353): CodeIgniter\CodeIgniter->handleRequest(null, Object(Config\Cache), false)
 9 FCPATH\index.php(79): CodeIgniter\CodeIgniter->run()
10 SYSTEMPATH\Commands\Server\rewrite.php(47): require_once('D:\\laragon\\www\\method-oldagehome\\public\\index.php')
CRITICAL - 2024-11-08 08:57:21 --> Trying to access array offset on value of type null
in APPPATH\Views\dashboard\editdeceasedelder.php on line 50.
 1 APPPATH\Views\dashboard\editdeceasedelder.php(50): CodeIgniter\Debug\Exceptions->errorHandler(2, 'Trying to access array offset on value of type null', 'D:\\laragon\\www\\method-oldagehome\\app\\Views\\dashboard\\editdeceasedelder.php', 50)
 2 SYSTEMPATH\View\View.php(226): include('D:\\laragon\\www\\method-oldagehome\\app\\Views\\dashboard\\editdeceasedelder.php')
 3 SYSTEMPATH\View\View.php(229): CodeIgniter\View\View->CodeIgniter\View\{closure}()
 4 SYSTEMPATH\Common.php(1188): CodeIgniter\View\View->render('dashboard/editdeceasedelder', [], true)
 5 APPPATH\Controllers\NewController.php(893): view('dashboard/editdeceasedelder', [...])
 6 SYSTEMPATH\CodeIgniter.php(919): App\Controllers\NewController->ViewEditDeceased('js', 'typeahead.js')
 7 SYSTEMPATH\CodeIgniter.php(494): CodeIgniter\CodeIgniter->runController(Object(App\Controllers\NewController))
 8 SYSTEMPATH\CodeIgniter.php(353): CodeIgniter\CodeIgniter->handleRequest(null, Object(Config\Cache), false)
 9 FCPATH\index.php(79): CodeIgniter\CodeIgniter->run()
10 SYSTEMPATH\Commands\Server\rewrite.php(47): require_once('D:\\laragon\\www\\method-oldagehome\\public\\index.php')
CRITICAL - 2024-11-08 08:57:21 --> Trying to access array offset on value of type null
in APPPATH\Views\dashboard\editdeceasedelder.php on line 50.
 1 APPPATH\Views\dashboard\editdeceasedelder.php(50): CodeIgniter\Debug\Exceptions->errorHandler(2, 'Trying to access array offset on value of type null', 'D:\\laragon\\www\\method-oldagehome\\app\\Views\\dashboard\\editdeceasedelder.php', 50)
 2 SYSTEMPATH\View\View.php(226): include('D:\\laragon\\www\\method-oldagehome\\app\\Views\\dashboard\\editdeceasedelder.php')
 3 SYSTEMPATH\View\View.php(229): CodeIgniter\View\View->CodeIgniter\View\{closure}()
 4 SYSTEMPATH\Common.php(1188): CodeIgniter\View\View->render('dashboard/editdeceasedelder', [], true)
 5 APPPATH\Controllers\NewController.php(893): view('dashboard/editdeceasedelder', [...])
 6 SYSTEMPATH\CodeIgniter.php(919): App\Controllers\NewController->ViewEditDeceased('js', 'select2.js')
 7 SYSTEMPATH\CodeIgniter.php(494): CodeIgniter\CodeIgniter->runController(Object(App\Controllers\NewController))
 8 SYSTEMPATH\CodeIgniter.php(353): CodeIgniter\CodeIgniter->handleRequest(null, Object(Config\Cache), false)
 9 FCPATH\index.php(79): CodeIgniter\CodeIgniter->run()
10 SYSTEMPATH\Commands\Server\rewrite.php(47): require_once('D:\\laragon\\www\\method-oldagehome\\public\\index.php')
CRITICAL - 2024-11-08 08:57:35 --> Trying to access array offset on value of type null
in APPPATH\Views\dashboard\editdeceasedelder.php on line 50.
 1 APPPATH\Views\dashboard\editdeceasedelder.php(50): CodeIgniter\Debug\Exceptions->errorHandler(2, 'Trying to access array offset on value of type null', 'D:\\laragon\\www\\method-oldagehome\\app\\Views\\dashboard\\editdeceasedelder.php', 50)
 2 SYSTEMPATH\View\View.php(226): include('D:\\laragon\\www\\method-oldagehome\\app\\Views\\dashboard\\editdeceasedelder.php')
 3 SYSTEMPATH\View\View.php(229): CodeIgniter\View\View->CodeIgniter\View\{closure}()
 4 SYSTEMPATH\Common.php(1188): CodeIgniter\View\View->render('dashboard/editdeceasedelder', [], true)
 5 APPPATH\Controllers\NewController.php(893): view('dashboard/editdeceasedelder', [...])
 6 SYSTEMPATH\CodeIgniter.php(919): App\Controllers\NewController->ViewEditDeceased('login', 'vendors', 'typicons', 'typicons.css')
 7 SYSTEMPATH\CodeIgniter.php(494): CodeIgniter\CodeIgniter->runController(Object(App\Controllers\NewController))
 8 SYSTEMPATH\CodeIgniter.php(353): CodeIgniter\CodeIgniter->handleRequest(null, Object(Config\Cache), false)
 9 FCPATH\index.php(79): CodeIgniter\CodeIgniter->run()
10 SYSTEMPATH\Commands\Server\rewrite.php(47): require_once('D:\\laragon\\www\\method-oldagehome\\public\\index.php')
CRITICAL - 2024-11-08 08:57:35 --> Trying to access array offset on value of type null
in APPPATH\Views\dashboard\editdeceasedelder.php on line 50.
 1 APPPATH\Views\dashboard\editdeceasedelder.php(50): CodeIgniter\Debug\Exceptions->errorHandler(2, 'Trying to access array offset on value of type null', 'D:\\laragon\\www\\method-oldagehome\\app\\Views\\dashboard\\editdeceasedelder.php', 50)
 2 SYSTEMPATH\View\View.php(226): include('D:\\laragon\\www\\method-oldagehome\\app\\Views\\dashboard\\editdeceasedelder.php')
 3 SYSTEMPATH\View\View.php(229): CodeIgniter\View\View->CodeIgniter\View\{closure}()
 4 SYSTEMPATH\Common.php(1188): CodeIgniter\View\View->render('dashboard/editdeceasedelder', [], true)
 5 APPPATH\Controllers\NewController.php(893): view('dashboard/editdeceasedelder', [...])
 6 SYSTEMPATH\CodeIgniter.php(919): App\Controllers\NewController->ViewEditDeceased('login', 'vendors', 'css', 'vendor.bundle.base.css')
 7 SYSTEMPATH\CodeIgniter.php(494): CodeIgniter\CodeIgniter->runController(Object(App\Controllers\NewController))
 8 SYSTEMPATH\CodeIgniter.php(353): CodeIgniter\CodeIgniter->handleRequest(null, Object(Config\Cache), false)
 9 FCPATH\index.php(79): CodeIgniter\CodeIgniter->run()
10 SYSTEMPATH\Commands\Server\rewrite.php(47): require_once('D:\\laragon\\www\\method-oldagehome\\public\\index.php')
CRITICAL - 2024-11-08 08:57:36 --> Trying to access array offset on value of type null
in APPPATH\Views\dashboard\editdeceasedelder.php on line 50.
 1 APPPATH\Views\dashboard\editdeceasedelder.php(50): CodeIgniter\Debug\Exceptions->errorHandler(2, 'Trying to access array offset on value of type null', 'D:\\laragon\\www\\method-oldagehome\\app\\Views\\dashboard\\editdeceasedelder.php', 50)
 2 SYSTEMPATH\View\View.php(226): include('D:\\laragon\\www\\method-oldagehome\\app\\Views\\dashboard\\editdeceasedelder.php')
 3 SYSTEMPATH\View\View.php(229): CodeIgniter\View\View->CodeIgniter\View\{closure}()
 4 SYSTEMPATH\Common.php(1188): CodeIgniter\View\View->render('dashboard/editdeceasedelder', [], true)
 5 APPPATH\Controllers\NewController.php(893): view('dashboard/editdeceasedelder', [...])
 6 SYSTEMPATH\CodeIgniter.php(919): App\Controllers\NewController->ViewEditDeceased('login', 'vendors', 'select2', 'select2.min.css')
 7 SYSTEMPATH\CodeIgniter.php(494): CodeIgniter\CodeIgniter->runController(Object(App\Controllers\NewController))
 8 SYSTEMPATH\CodeIgniter.php(353): CodeIgniter\CodeIgniter->handleRequest(null, Object(Config\Cache), false)
 9 FCPATH\index.php(79): CodeIgniter\CodeIgniter->run()
10 SYSTEMPATH\Commands\Server\rewrite.php(47): require_once('D:\\laragon\\www\\method-oldagehome\\public\\index.php')
CRITICAL - 2024-11-08 08:57:36 --> Trying to access array offset on value of type null
in APPPATH\Views\dashboard\editdeceasedelder.php on line 50.
 1 APPPATH\Views\dashboard\editdeceasedelder.php(50): CodeIgniter\Debug\Exceptions->errorHandler(2, 'Trying to access array offset on value of type null', 'D:\\laragon\\www\\method-oldagehome\\app\\Views\\dashboard\\editdeceasedelder.php', 50)
 2 SYSTEMPATH\View\View.php(226): include('D:\\laragon\\www\\method-oldagehome\\app\\Views\\dashboard\\editdeceasedelder.php')
 3 SYSTEMPATH\View\View.php(229): CodeIgniter\View\View->CodeIgniter\View\{closure}()
 4 SYSTEMPATH\Common.php(1188): CodeIgniter\View\View->render('dashboard/editdeceasedelder', [], true)
 5 APPPATH\Controllers\NewController.php(893): view('dashboard/editdeceasedelder', [...])
 6 SYSTEMPATH\CodeIgniter.php(919): App\Controllers\NewController->ViewEditDeceased('login', 'vendors', 'select2-bootstrap-theme', 'select2-bootstrap.min.css')
 7 SYSTEMPATH\CodeIgniter.php(494): CodeIgniter\CodeIgniter->runController(Object(App\Controllers\NewController))
 8 SYSTEMPATH\CodeIgniter.php(353): CodeIgniter\CodeIgniter->handleRequest(null, Object(Config\Cache), false)
 9 FCPATH\index.php(79): CodeIgniter\CodeIgniter->run()
10 SYSTEMPATH\Commands\Server\rewrite.php(47): require_once('D:\\laragon\\www\\method-oldagehome\\public\\index.php')
CRITICAL - 2024-11-08 08:57:37 --> Trying to access array offset on value of type null
in APPPATH\Views\dashboard\editdeceasedelder.php on line 50.
 1 APPPATH\Views\dashboard\editdeceasedelder.php(50): CodeIgniter\Debug\Exceptions->errorHandler(2, 'Trying to access array offset on value of type null', 'D:\\laragon\\www\\method-oldagehome\\app\\Views\\dashboard\\editdeceasedelder.php', 50)
 2 SYSTEMPATH\View\View.php(226): include('D:\\laragon\\www\\method-oldagehome\\app\\Views\\dashboard\\editdeceasedelder.php')
 3 SYSTEMPATH\View\View.php(229): CodeIgniter\View\View->CodeIgniter\View\{closure}()
 4 SYSTEMPATH\Common.php(1188): CodeIgniter\View\View->render('dashboard/editdeceasedelder', [], true)
 5 APPPATH\Controllers\NewController.php(893): view('dashboard/editdeceasedelder', [...])
 6 SYSTEMPATH\CodeIgniter.php(919): App\Controllers\NewController->ViewEditDeceased('login', 'css', 'vertical-layout-light', 'style.css')
 7 SYSTEMPATH\CodeIgniter.php(494): CodeIgniter\CodeIgniter->runController(Object(App\Controllers\NewController))
 8 SYSTEMPATH\CodeIgniter.php(353): CodeIgniter\CodeIgniter->handleRequest(null, Object(Config\Cache), false)
 9 FCPATH\index.php(79): CodeIgniter\CodeIgniter->run()
10 SYSTEMPATH\Commands\Server\rewrite.php(47): require_once('D:\\laragon\\www\\method-oldagehome\\public\\index.php')
CRITICAL - 2024-11-08 08:57:37 --> Trying to access array offset on value of type null
in APPPATH\Views\dashboard\editdeceasedelder.php on line 50.
 1 APPPATH\Views\dashboard\editdeceasedelder.php(50): CodeIgniter\Debug\Exceptions->errorHandler(2, 'Trying to access array offset on value of type null', 'D:\\laragon\\www\\method-oldagehome\\app\\Views\\dashboard\\editdeceasedelder.php', 50)
 2 SYSTEMPATH\View\View.php(226): include('D:\\laragon\\www\\method-oldagehome\\app\\Views\\dashboard\\editdeceasedelder.php')
 3 SYSTEMPATH\View\View.php(229): CodeIgniter\View\View->CodeIgniter\View\{closure}()
 4 SYSTEMPATH\Common.php(1188): CodeIgniter\View\View->render('dashboard/editdeceasedelder', [], true)
 5 APPPATH\Controllers\NewController.php(893): view('dashboard/editdeceasedelder', [...])
 6 SYSTEMPATH\CodeIgniter.php(919): App\Controllers\NewController->ViewEditDeceased('vendors', 'js', 'vendor.bundle.base.js')
 7 SYSTEMPATH\CodeIgniter.php(494): CodeIgniter\CodeIgniter->runController(Object(App\Controllers\NewController))
 8 SYSTEMPATH\CodeIgniter.php(353): CodeIgniter\CodeIgniter->handleRequest(null, Object(Config\Cache), false)
 9 FCPATH\index.php(79): CodeIgniter\CodeIgniter->run()
10 SYSTEMPATH\Commands\Server\rewrite.php(47): require_once('D:\\laragon\\www\\method-oldagehome\\public\\index.php')
CRITICAL - 2024-11-08 08:57:37 --> Trying to access array offset on value of type null
in APPPATH\Views\dashboard\editdeceasedelder.php on line 50.
 1 APPPATH\Views\dashboard\editdeceasedelder.php(50): CodeIgniter\Debug\Exceptions->errorHandler(2, 'Trying to access array offset on value of type null', 'D:\\laragon\\www\\method-oldagehome\\app\\Views\\dashboard\\editdeceasedelder.php', 50)
 2 SYSTEMPATH\View\View.php(226): include('D:\\laragon\\www\\method-oldagehome\\app\\Views\\dashboard\\editdeceasedelder.php')
 3 SYSTEMPATH\View\View.php(229): CodeIgniter\View\View->CodeIgniter\View\{closure}()
 4 SYSTEMPATH\Common.php(1188): CodeIgniter\View\View->render('dashboard/editdeceasedelder', [], true)
 5 APPPATH\Controllers\NewController.php(893): view('dashboard/editdeceasedelder', [...])
 6 SYSTEMPATH\CodeIgniter.php(919): App\Controllers\NewController->ViewEditDeceased('js', 'off-canvas.js')
 7 SYSTEMPATH\CodeIgniter.php(494): CodeIgniter\CodeIgniter->runController(Object(App\Controllers\NewController))
 8 SYSTEMPATH\CodeIgniter.php(353): CodeIgniter\CodeIgniter->handleRequest(null, Object(Config\Cache), false)
 9 FCPATH\index.php(79): CodeIgniter\CodeIgniter->run()
10 SYSTEMPATH\Commands\Server\rewrite.php(47): require_once('D:\\laragon\\www\\method-oldagehome\\public\\index.php')
CRITICAL - 2024-11-08 08:57:38 --> Trying to access array offset on value of type null
in APPPATH\Views\dashboard\editdeceasedelder.php on line 50.
 1 APPPATH\Views\dashboard\editdeceasedelder.php(50): CodeIgniter\Debug\Exceptions->errorHandler(2, 'Trying to access array offset on value of type null', 'D:\\laragon\\www\\method-oldagehome\\app\\Views\\dashboard\\editdeceasedelder.php', 50)
 2 SYSTEMPATH\View\View.php(226): include('D:\\laragon\\www\\method-oldagehome\\app\\Views\\dashboard\\editdeceasedelder.php')
 3 SYSTEMPATH\View\View.php(229): CodeIgniter\View\View->CodeIgniter\View\{closure}()
 4 SYSTEMPATH\Common.php(1188): CodeIgniter\View\View->render('dashboard/editdeceasedelder', [], true)
 5 APPPATH\Controllers\NewController.php(893): view('dashboard/editdeceasedelder', [...])
 6 SYSTEMPATH\CodeIgniter.php(919): App\Controllers\NewController->ViewEditDeceased('js', 'hoverable-collapse.js')
 7 SYSTEMPATH\CodeIgniter.php(494): CodeIgniter\CodeIgniter->runController(Object(App\Controllers\NewController))
 8 SYSTEMPATH\CodeIgniter.php(353): CodeIgniter\CodeIgniter->handleRequest(null, Object(Config\Cache), false)
 9 FCPATH\index.php(79): CodeIgniter\CodeIgniter->run()
10 SYSTEMPATH\Commands\Server\rewrite.php(47): require_once('D:\\laragon\\www\\method-oldagehome\\public\\index.php')
CRITICAL - 2024-11-08 08:57:38 --> Trying to access array offset on value of type null
in APPPATH\Views\dashboard\editdeceasedelder.php on line 50.
 1 APPPATH\Views\dashboard\editdeceasedelder.php(50): CodeIgniter\Debug\Exceptions->errorHandler(2, 'Trying to access array offset on value of type null', 'D:\\laragon\\www\\method-oldagehome\\app\\Views\\dashboard\\editdeceasedelder.php', 50)
 2 SYSTEMPATH\View\View.php(226): include('D:\\laragon\\www\\method-oldagehome\\app\\Views\\dashboard\\editdeceasedelder.php')
 3 SYSTEMPATH\View\View.php(229): CodeIgniter\View\View->CodeIgniter\View\{closure}()
 4 SYSTEMPATH\Common.php(1188): CodeIgniter\View\View->render('dashboard/editdeceasedelder', [], true)
 5 APPPATH\Controllers\NewController.php(893): view('dashboard/editdeceasedelder', [...])
 6 SYSTEMPATH\CodeIgniter.php(919): App\Controllers\NewController->ViewEditDeceased('js', 'template.js')
 7 SYSTEMPATH\CodeIgniter.php(494): CodeIgniter\CodeIgniter->runController(Object(App\Controllers\NewController))
 8 SYSTEMPATH\CodeIgniter.php(353): CodeIgniter\CodeIgniter->handleRequest(null, Object(Config\Cache), false)
 9 FCPATH\index.php(79): CodeIgniter\CodeIgniter->run()
10 SYSTEMPATH\Commands\Server\rewrite.php(47): require_once('D:\\laragon\\www\\method-oldagehome\\public\\index.php')
CRITICAL - 2024-11-08 08:57:39 --> Trying to access array offset on value of type null
in APPPATH\Views\dashboard\editdeceasedelder.php on line 50.
 1 APPPATH\Views\dashboard\editdeceasedelder.php(50): CodeIgniter\Debug\Exceptions->errorHandler(2, 'Trying to access array offset on value of type null', 'D:\\laragon\\www\\method-oldagehome\\app\\Views\\dashboard\\editdeceasedelder.php', 50)
 2 SYSTEMPATH\View\View.php(226): include('D:\\laragon\\www\\method-oldagehome\\app\\Views\\dashboard\\editdeceasedelder.php')
 3 SYSTEMPATH\View\View.php(229): CodeIgniter\View\View->CodeIgniter\View\{closure}()
 4 SYSTEMPATH\Common.php(1188): CodeIgniter\View\View->render('dashboard/editdeceasedelder', [], true)
 5 APPPATH\Controllers\NewController.php(893): view('dashboard/editdeceasedelder', [...])
 6 SYSTEMPATH\CodeIgniter.php(919): App\Controllers\NewController->ViewEditDeceased('js', 'settings.js')
 7 SYSTEMPATH\CodeIgniter.php(494): CodeIgniter\CodeIgniter->runController(Object(App\Controllers\NewController))
 8 SYSTEMPATH\CodeIgniter.php(353): CodeIgniter\CodeIgniter->handleRequest(null, Object(Config\Cache), false)
 9 FCPATH\index.php(79): CodeIgniter\CodeIgniter->run()
10 SYSTEMPATH\Commands\Server\rewrite.php(47): require_once('D:\\laragon\\www\\method-oldagehome\\public\\index.php')
CRITICAL - 2024-11-08 08:57:39 --> Trying to access array offset on value of type null
in APPPATH\Views\dashboard\editdeceasedelder.php on line 50.
 1 APPPATH\Views\dashboard\editdeceasedelder.php(50): CodeIgniter\Debug\Exceptions->errorHandler(2, 'Trying to access array offset on value of type null', 'D:\\laragon\\www\\method-oldagehome\\app\\Views\\dashboard\\editdeceasedelder.php', 50)
 2 SYSTEMPATH\View\View.php(226): include('D:\\laragon\\www\\method-oldagehome\\app\\Views\\dashboard\\editdeceasedelder.php')
 3 SYSTEMPATH\View\View.php(229): CodeIgniter\View\View->CodeIgniter\View\{closure}()
 4 SYSTEMPATH\Common.php(1188): CodeIgniter\View\View->render('dashboard/editdeceasedelder', [], true)
 5 APPPATH\Controllers\NewController.php(893): view('dashboard/editdeceasedelder', [...])
 6 SYSTEMPATH\CodeIgniter.php(919): App\Controllers\NewController->ViewEditDeceased('js', 'todolist.js')
 7 SYSTEMPATH\CodeIgniter.php(494): CodeIgniter\CodeIgniter->runController(Object(App\Controllers\NewController))
 8 SYSTEMPATH\CodeIgniter.php(353): CodeIgniter\CodeIgniter->handleRequest(null, Object(Config\Cache), false)
 9 FCPATH\index.php(79): CodeIgniter\CodeIgniter->run()
10 SYSTEMPATH\Commands\Server\rewrite.php(47): require_once('D:\\laragon\\www\\method-oldagehome\\public\\index.php')
CRITICAL - 2024-11-08 08:57:40 --> Trying to access array offset on value of type null
in APPPATH\Views\dashboard\editdeceasedelder.php on line 50.
 1 APPPATH\Views\dashboard\editdeceasedelder.php(50): CodeIgniter\Debug\Exceptions->errorHandler(2, 'Trying to access array offset on value of type null', 'D:\\laragon\\www\\method-oldagehome\\app\\Views\\dashboard\\editdeceasedelder.php', 50)
 2 SYSTEMPATH\View\View.php(226): include('D:\\laragon\\www\\method-oldagehome\\app\\Views\\dashboard\\editdeceasedelder.php')
 3 SYSTEMPATH\View\View.php(229): CodeIgniter\View\View->CodeIgniter\View\{closure}()
 4 SYSTEMPATH\Common.php(1188): CodeIgniter\View\View->render('dashboard/editdeceasedelder', [], true)
 5 APPPATH\Controllers\NewController.php(893): view('dashboard/editdeceasedelder', [...])
 6 SYSTEMPATH\CodeIgniter.php(919): App\Controllers\NewController->ViewEditDeceased('vendors', 'typeahead.js', 'typeahead.bundle.min.js')
 7 SYSTEMPATH\CodeIgniter.php(494): CodeIgniter\CodeIgniter->runController(Object(App\Controllers\NewController))
 8 SYSTEMPATH\CodeIgniter.php(353): CodeIgniter\CodeIgniter->handleRequest(null, Object(Config\Cache), false)
 9 FCPATH\index.php(79): CodeIgniter\CodeIgniter->run()
10 SYSTEMPATH\Commands\Server\rewrite.php(47): require_once('D:\\laragon\\www\\method-oldagehome\\public\\index.php')
CRITICAL - 2024-11-08 08:57:40 --> Trying to access array offset on value of type null
in APPPATH\Views\dashboard\editdeceasedelder.php on line 50.
 1 APPPATH\Views\dashboard\editdeceasedelder.php(50): CodeIgniter\Debug\Exceptions->errorHandler(2, 'Trying to access array offset on value of type null', 'D:\\laragon\\www\\method-oldagehome\\app\\Views\\dashboard\\editdeceasedelder.php', 50)
 2 SYSTEMPATH\View\View.php(226): include('D:\\laragon\\www\\method-oldagehome\\app\\Views\\dashboard\\editdeceasedelder.php')
 3 SYSTEMPATH\View\View.php(229): CodeIgniter\View\View->CodeIgniter\View\{closure}()
 4 SYSTEMPATH\Common.php(1188): CodeIgniter\View\View->render('dashboard/editdeceasedelder', [], true)
 5 APPPATH\Controllers\NewController.php(893): view('dashboard/editdeceasedelder', [...])
 6 SYSTEMPATH\CodeIgniter.php(919): App\Controllers\NewController->ViewEditDeceased('vendors', 'select2', 'select2.min.js')
 7 SYSTEMPATH\CodeIgniter.php(494): CodeIgniter\CodeIgniter->runController(Object(App\Controllers\NewController))
 8 SYSTEMPATH\CodeIgniter.php(353): CodeIgniter\CodeIgniter->handleRequest(null, Object(Config\Cache), false)
 9 FCPATH\index.php(79): CodeIgniter\CodeIgniter->run()
10 SYSTEMPATH\Commands\Server\rewrite.php(47): require_once('D:\\laragon\\www\\method-oldagehome\\public\\index.php')
CRITICAL - 2024-11-08 08:57:41 --> Trying to access array offset on value of type null
in APPPATH\Views\dashboard\editdeceasedelder.php on line 50.
 1 APPPATH\Views\dashboard\editdeceasedelder.php(50): CodeIgniter\Debug\Exceptions->errorHandler(2, 'Trying to access array offset on value of type null', 'D:\\laragon\\www\\method-oldagehome\\app\\Views\\dashboard\\editdeceasedelder.php', 50)
 2 SYSTEMPATH\View\View.php(226): include('D:\\laragon\\www\\method-oldagehome\\app\\Views\\dashboard\\editdeceasedelder.php')
 3 SYSTEMPATH\View\View.php(229): CodeIgniter\View\View->CodeIgniter\View\{closure}()
 4 SYSTEMPATH\Common.php(1188): CodeIgniter\View\View->render('dashboard/editdeceasedelder', [], true)
 5 APPPATH\Controllers\NewController.php(893): view('dashboard/editdeceasedelder', [...])
 6 SYSTEMPATH\CodeIgniter.php(919): App\Controllers\NewController->ViewEditDeceased('js', 'file-upload.js')
 7 SYSTEMPATH\CodeIgniter.php(494): CodeIgniter\CodeIgniter->runController(Object(App\Controllers\NewController))
 8 SYSTEMPATH\CodeIgniter.php(353): CodeIgniter\CodeIgniter->handleRequest(null, Object(Config\Cache), false)
 9 FCPATH\index.php(79): CodeIgniter\CodeIgniter->run()
10 SYSTEMPATH\Commands\Server\rewrite.php(47): require_once('D:\\laragon\\www\\method-oldagehome\\public\\index.php')
CRITICAL - 2024-11-08 08:57:41 --> Trying to access array offset on value of type null
in APPPATH\Views\dashboard\editdeceasedelder.php on line 50.
 1 APPPATH\Views\dashboard\editdeceasedelder.php(50): CodeIgniter\Debug\Exceptions->errorHandler(2, 'Trying to access array offset on value of type null', 'D:\\laragon\\www\\method-oldagehome\\app\\Views\\dashboard\\editdeceasedelder.php', 50)
 2 SYSTEMPATH\View\View.php(226): include('D:\\laragon\\www\\method-oldagehome\\app\\Views\\dashboard\\editdeceasedelder.php')
 3 SYSTEMPATH\View\View.php(229): CodeIgniter\View\View->CodeIgniter\View\{closure}()
 4 SYSTEMPATH\Common.php(1188): CodeIgniter\View\View->render('dashboard/editdeceasedelder', [], true)
 5 APPPATH\Controllers\NewController.php(893): view('dashboard/editdeceasedelder', [...])
 6 SYSTEMPATH\CodeIgniter.php(919): App\Controllers\NewController->ViewEditDeceased('js', 'typeahead.js')
 7 SYSTEMPATH\CodeIgniter.php(494): CodeIgniter\CodeIgniter->runController(Object(App\Controllers\NewController))
 8 SYSTEMPATH\CodeIgniter.php(353): CodeIgniter\CodeIgniter->handleRequest(null, Object(Config\Cache), false)
 9 FCPATH\index.php(79): CodeIgniter\CodeIgniter->run()
10 SYSTEMPATH\Commands\Server\rewrite.php(47): require_once('D:\\laragon\\www\\method-oldagehome\\public\\index.php')
CRITICAL - 2024-11-08 08:57:42 --> Trying to access array offset on value of type null
in APPPATH\Views\dashboard\editdeceasedelder.php on line 50.
 1 APPPATH\Views\dashboard\editdeceasedelder.php(50): CodeIgniter\Debug\Exceptions->errorHandler(2, 'Trying to access array offset on value of type null', 'D:\\laragon\\www\\method-oldagehome\\app\\Views\\dashboard\\editdeceasedelder.php', 50)
 2 SYSTEMPATH\View\View.php(226): include('D:\\laragon\\www\\method-oldagehome\\app\\Views\\dashboard\\editdeceasedelder.php')
 3 SYSTEMPATH\View\View.php(229): CodeIgniter\View\View->CodeIgniter\View\{closure}()
 4 SYSTEMPATH\Common.php(1188): CodeIgniter\View\View->render('dashboard/editdeceasedelder', [], true)
 5 APPPATH\Controllers\NewController.php(893): view('dashboard/editdeceasedelder', [...])
 6 SYSTEMPATH\CodeIgniter.php(919): App\Controllers\NewController->ViewEditDeceased('js', 'select2.js')
 7 SYSTEMPATH\CodeIgniter.php(494): CodeIgniter\CodeIgniter->runController(Object(App\Controllers\NewController))
 8 SYSTEMPATH\CodeIgniter.php(353): CodeIgniter\CodeIgniter->handleRequest(null, Object(Config\Cache), false)
 9 FCPATH\index.php(79): CodeIgniter\CodeIgniter->run()
10 SYSTEMPATH\Commands\Server\rewrite.php(47): require_once('D:\\laragon\\www\\method-oldagehome\\public\\index.php')
