CRITICAL - 2024-11-11 05:55:18 --> Uncaught ErrorException: Cannot modify header information - headers already sent in D:\laragon\www\method-oldagehome\system\HTTP\ResponseTrait.php:774
Stack trace:
#0 [internal function]: CodeIgniter\Debug\Exceptions->errorHandler(2, 'Cannot modify h...', 'D:\\laragon\\www\\...', 774)
#1 D:\laragon\www\method-oldagehome\system\HTTP\ResponseTrait.php(774): setcookie('ci_session', 'p1mlsgirhht6kcj...', Array)
#2 D:\laragon\www\method-oldagehome\system\HTTP\ResponseTrait.php(750): CodeIgniter\HTTP\Response->doSetCookie('ci_session', 'p1mlsgirhht6kcj...', Array)
#3 D:\laragon\www\method-oldagehome\system\HTTP\ResponseTrait.php(730): CodeIgniter\HTTP\Response->dispatchCookies()
#4 D:\laragon\www\method-oldagehome\system\HTTP\ResponseTrait.php(447): CodeIgniter\HTTP\Response->sendCookies()
#5 D:\laragon\www\method-oldagehome\system\Debug\ExceptionHandler.php(78): CodeIgniter\HTTP\Response->send()
#6 D:\laragon\www\method-oldagehome\system\Debug\Exceptions.php(147): CodeIgniter\Debug\ExceptionHandler->handle(Object(CodeIgniter\Exceptions\PageNotFoundException), Object(CodeIgniter\HTTP\IncomingRequest), Object(CodeIgniter\HTTP\Response), 404, 1)
#7 [internal function]: CodeIgniter\Debug\Exceptions->exceptionHandler(Object(CodeIgniter\Exceptions\PageNotFoundException))
#8 {main}
  thrown
【Previous Exception】
CodeIgniter\Exceptions\PageNotFoundException
Page Not Found
#0 D:\laragon\www\method-oldagehome\system\CodeIgniter.php(967): CodeIgniter\Exceptions\PageNotFoundException::forPageNotFound(NULL)
#1 D:\laragon\www\method-oldagehome\system\CodeIgniter.php(362): CodeIgniter\CodeIgniter->display404errors(Object(CodeIgniter\Exceptions\PageNotFoundException))
#2 D:\laragon\www\method-oldagehome\public\index.php(79): CodeIgniter\CodeIgniter->run()
#3 D:\laragon\www\method-oldagehome\system\Commands\Server\rewrite.php(47): require_once('D:\\laragon\\www\\...')
#4 {main}
in SYSTEMPATH\HTTP\ResponseTrait.php on line 774.
 1 [internal function]: CodeIgniter\Debug\Exceptions->shutdownHandler()
CRITICAL - 2024-11-11 05:55:18 --> Uncaught ErrorException: Cannot modify header information - headers already sent in D:\laragon\www\method-oldagehome\system\HTTP\ResponseTrait.php:774
Stack trace:
#0 [internal function]: CodeIgniter\Debug\Exceptions->errorHandler(2, 'Cannot modify h...', 'D:\\laragon\\www\\...', 774)
#1 D:\laragon\www\method-oldagehome\system\HTTP\ResponseTrait.php(774): setcookie('ci_session', 'p1mlsgirhht6kcj...', Array)
#2 D:\laragon\www\method-oldagehome\system\HTTP\ResponseTrait.php(750): CodeIgniter\HTTP\Response->doSetCookie('ci_session', 'p1mlsgirhht6kcj...', Array)
#3 D:\laragon\www\method-oldagehome\system\HTTP\ResponseTrait.php(730): CodeIgniter\HTTP\Response->dispatchCookies()
#4 D:\laragon\www\method-oldagehome\system\HTTP\ResponseTrait.php(447): CodeIgniter\HTTP\Response->sendCookies()
#5 D:\laragon\www\method-oldagehome\system\Debug\ExceptionHandler.php(78): CodeIgniter\HTTP\Response->send()
#6 D:\laragon\www\method-oldagehome\system\Debug\Exceptions.php(147): CodeIgniter\Debug\ExceptionHandler->handle(Object(CodeIgniter\Exceptions\PageNotFoundException), Object(CodeIgniter\HTTP\IncomingRequest), Object(CodeIgniter\HTTP\Response), 404, 1)
#7 [internal function]: CodeIgniter\Debug\Exceptions->exceptionHandler(Object(CodeIgniter\Exceptions\PageNotFoundException))
#8 {main}
  thrown
【Previous Exception】
CodeIgniter\Exceptions\PageNotFoundException
Page Not Found
#0 D:\laragon\www\method-oldagehome\system\CodeIgniter.php(967): CodeIgniter\Exceptions\PageNotFoundException::forPageNotFound(NULL)
#1 D:\laragon\www\method-oldagehome\system\CodeIgniter.php(362): CodeIgniter\CodeIgniter->display404errors(Object(CodeIgniter\Exceptions\PageNotFoundException))
#2 D:\laragon\www\method-oldagehome\public\index.php(79): CodeIgniter\CodeIgniter->run()
#3 D:\laragon\www\method-oldagehome\system\Commands\Server\rewrite.php(47): require_once('D:\\laragon\\www\\...')
#4 {main}
in SYSTEMPATH\HTTP\ResponseTrait.php on line 774.
 1 [internal function]: CodeIgniter\Debug\Exceptions->shutdownHandler()
CRITICAL - 2024-11-11 05:55:19 --> Uncaught ErrorException: Cannot modify header information - headers already sent in D:\laragon\www\method-oldagehome\system\HTTP\ResponseTrait.php:774
Stack trace:
#0 [internal function]: CodeIgniter\Debug\Exceptions->errorHandler(2, 'Cannot modify h...', 'D:\\laragon\\www\\...', 774)
#1 D:\laragon\www\method-oldagehome\system\HTTP\ResponseTrait.php(774): setcookie('ci_session', 'p1mlsgirhht6kcj...', Array)
#2 D:\laragon\www\method-oldagehome\system\HTTP\ResponseTrait.php(750): CodeIgniter\HTTP\Response->doSetCookie('ci_session', 'p1mlsgirhht6kcj...', Array)
#3 D:\laragon\www\method-oldagehome\system\HTTP\ResponseTrait.php(730): CodeIgniter\HTTP\Response->dispatchCookies()
#4 D:\laragon\www\method-oldagehome\system\HTTP\ResponseTrait.php(447): CodeIgniter\HTTP\Response->sendCookies()
#5 D:\laragon\www\method-oldagehome\system\Debug\ExceptionHandler.php(78): CodeIgniter\HTTP\Response->send()
#6 D:\laragon\www\method-oldagehome\system\Debug\Exceptions.php(147): CodeIgniter\Debug\ExceptionHandler->handle(Object(CodeIgniter\Exceptions\PageNotFoundException), Object(CodeIgniter\HTTP\IncomingRequest), Object(CodeIgniter\HTTP\Response), 404, 1)
#7 [internal function]: CodeIgniter\Debug\Exceptions->exceptionHandler(Object(CodeIgniter\Exceptions\PageNotFoundException))
#8 {main}
  thrown
【Previous Exception】
CodeIgniter\Exceptions\PageNotFoundException
Page Not Found
#0 D:\laragon\www\method-oldagehome\system\CodeIgniter.php(967): CodeIgniter\Exceptions\PageNotFoundException::forPageNotFound(NULL)
#1 D:\laragon\www\method-oldagehome\system\CodeIgniter.php(362): CodeIgniter\CodeIgniter->display404errors(Object(CodeIgniter\Exceptions\PageNotFoundException))
#2 D:\laragon\www\method-oldagehome\public\index.php(79): CodeIgniter\CodeIgniter->run()
#3 D:\laragon\www\method-oldagehome\system\Commands\Server\rewrite.php(47): require_once('D:\\laragon\\www\\...')
#4 {main}
in SYSTEMPATH\HTTP\ResponseTrait.php on line 774.
 1 [internal function]: CodeIgniter\Debug\Exceptions->shutdownHandler()
CRITICAL - 2024-11-11 05:55:20 --> Uncaught ErrorException: Cannot modify header information - headers already sent in D:\laragon\www\method-oldagehome\system\HTTP\ResponseTrait.php:774
Stack trace:
#0 [internal function]: CodeIgniter\Debug\Exceptions->errorHandler(2, 'Cannot modify h...', 'D:\\laragon\\www\\...', 774)
#1 D:\laragon\www\method-oldagehome\system\HTTP\ResponseTrait.php(774): setcookie('ci_session', 'p1mlsgirhht6kcj...', Array)
#2 D:\laragon\www\method-oldagehome\system\HTTP\ResponseTrait.php(750): CodeIgniter\HTTP\Response->doSetCookie('ci_session', 'p1mlsgirhht6kcj...', Array)
#3 D:\laragon\www\method-oldagehome\system\HTTP\ResponseTrait.php(730): CodeIgniter\HTTP\Response->dispatchCookies()
#4 D:\laragon\www\method-oldagehome\system\HTTP\ResponseTrait.php(447): CodeIgniter\HTTP\Response->sendCookies()
#5 D:\laragon\www\method-oldagehome\system\Debug\ExceptionHandler.php(78): CodeIgniter\HTTP\Response->send()
#6 D:\laragon\www\method-oldagehome\system\Debug\Exceptions.php(147): CodeIgniter\Debug\ExceptionHandler->handle(Object(CodeIgniter\Exceptions\PageNotFoundException), Object(CodeIgniter\HTTP\IncomingRequest), Object(CodeIgniter\HTTP\Response), 404, 1)
#7 [internal function]: CodeIgniter\Debug\Exceptions->exceptionHandler(Object(CodeIgniter\Exceptions\PageNotFoundException))
#8 {main}
  thrown
【Previous Exception】
CodeIgniter\Exceptions\PageNotFoundException
Page Not Found
#0 D:\laragon\www\method-oldagehome\system\CodeIgniter.php(967): CodeIgniter\Exceptions\PageNotFoundException::forPageNotFound(NULL)
#1 D:\laragon\www\method-oldagehome\system\CodeIgniter.php(362): CodeIgniter\CodeIgniter->display404errors(Object(CodeIgniter\Exceptions\PageNotFoundException))
#2 D:\laragon\www\method-oldagehome\public\index.php(79): CodeIgniter\CodeIgniter->run()
#3 D:\laragon\www\method-oldagehome\system\Commands\Server\rewrite.php(47): require_once('D:\\laragon\\www\\...')
#4 {main}
in SYSTEMPATH\HTTP\ResponseTrait.php on line 774.
 1 [internal function]: CodeIgniter\Debug\Exceptions->shutdownHandler()
CRITICAL - 2024-11-11 05:55:21 --> Uncaught ErrorException: Cannot modify header information - headers already sent in D:\laragon\www\method-oldagehome\system\HTTP\ResponseTrait.php:774
Stack trace:
#0 [internal function]: CodeIgniter\Debug\Exceptions->errorHandler(2, 'Cannot modify h...', 'D:\\laragon\\www\\...', 774)
#1 D:\laragon\www\method-oldagehome\system\HTTP\ResponseTrait.php(774): setcookie('ci_session', 'p1mlsgirhht6kcj...', Array)
#2 D:\laragon\www\method-oldagehome\system\HTTP\ResponseTrait.php(750): CodeIgniter\HTTP\Response->doSetCookie('ci_session', 'p1mlsgirhht6kcj...', Array)
#3 D:\laragon\www\method-oldagehome\system\HTTP\ResponseTrait.php(730): CodeIgniter\HTTP\Response->dispatchCookies()
#4 D:\laragon\www\method-oldagehome\system\HTTP\ResponseTrait.php(447): CodeIgniter\HTTP\Response->sendCookies()
#5 D:\laragon\www\method-oldagehome\system\Debug\ExceptionHandler.php(78): CodeIgniter\HTTP\Response->send()
#6 D:\laragon\www\method-oldagehome\system\Debug\Exceptions.php(147): CodeIgniter\Debug\ExceptionHandler->handle(Object(CodeIgniter\Exceptions\PageNotFoundException), Object(CodeIgniter\HTTP\IncomingRequest), Object(CodeIgniter\HTTP\Response), 404, 1)
#7 [internal function]: CodeIgniter\Debug\Exceptions->exceptionHandler(Object(CodeIgniter\Exceptions\PageNotFoundException))
#8 {main}
  thrown
【Previous Exception】
CodeIgniter\Exceptions\PageNotFoundException
Page Not Found
#0 D:\laragon\www\method-oldagehome\system\CodeIgniter.php(967): CodeIgniter\Exceptions\PageNotFoundException::forPageNotFound(NULL)
#1 D:\laragon\www\method-oldagehome\system\CodeIgniter.php(362): CodeIgniter\CodeIgniter->display404errors(Object(CodeIgniter\Exceptions\PageNotFoundException))
#2 D:\laragon\www\method-oldagehome\public\index.php(79): CodeIgniter\CodeIgniter->run()
#3 D:\laragon\www\method-oldagehome\system\Commands\Server\rewrite.php(47): require_once('D:\\laragon\\www\\...')
#4 {main}
in SYSTEMPATH\HTTP\ResponseTrait.php on line 774.
 1 [internal function]: CodeIgniter\Debug\Exceptions->shutdownHandler()
CRITICAL - 2024-11-11 05:55:22 --> Uncaught ErrorException: Cannot modify header information - headers already sent in D:\laragon\www\method-oldagehome\system\HTTP\ResponseTrait.php:774
Stack trace:
#0 [internal function]: CodeIgniter\Debug\Exceptions->errorHandler(2, 'Cannot modify h...', 'D:\\laragon\\www\\...', 774)
#1 D:\laragon\www\method-oldagehome\system\HTTP\ResponseTrait.php(774): setcookie('ci_session', 'p1mlsgirhht6kcj...', Array)
#2 D:\laragon\www\method-oldagehome\system\HTTP\ResponseTrait.php(750): CodeIgniter\HTTP\Response->doSetCookie('ci_session', 'p1mlsgirhht6kcj...', Array)
#3 D:\laragon\www\method-oldagehome\system\HTTP\ResponseTrait.php(730): CodeIgniter\HTTP\Response->dispatchCookies()
#4 D:\laragon\www\method-oldagehome\system\HTTP\ResponseTrait.php(447): CodeIgniter\HTTP\Response->sendCookies()
#5 D:\laragon\www\method-oldagehome\system\Debug\ExceptionHandler.php(78): CodeIgniter\HTTP\Response->send()
#6 D:\laragon\www\method-oldagehome\system\Debug\Exceptions.php(147): CodeIgniter\Debug\ExceptionHandler->handle(Object(CodeIgniter\Exceptions\PageNotFoundException), Object(CodeIgniter\HTTP\IncomingRequest), Object(CodeIgniter\HTTP\Response), 404, 1)
#7 [internal function]: CodeIgniter\Debug\Exceptions->exceptionHandler(Object(CodeIgniter\Exceptions\PageNotFoundException))
#8 {main}
  thrown
【Previous Exception】
CodeIgniter\Exceptions\PageNotFoundException
Page Not Found
#0 D:\laragon\www\method-oldagehome\system\CodeIgniter.php(967): CodeIgniter\Exceptions\PageNotFoundException::forPageNotFound(NULL)
#1 D:\laragon\www\method-oldagehome\system\CodeIgniter.php(362): CodeIgniter\CodeIgniter->display404errors(Object(CodeIgniter\Exceptions\PageNotFoundException))
#2 D:\laragon\www\method-oldagehome\public\index.php(79): CodeIgniter\CodeIgniter->run()
#3 D:\laragon\www\method-oldagehome\system\Commands\Server\rewrite.php(47): require_once('D:\\laragon\\www\\...')
#4 {main}
in SYSTEMPATH\HTTP\ResponseTrait.php on line 774.
 1 [internal function]: CodeIgniter\Debug\Exceptions->shutdownHandler()
CRITICAL - 2024-11-11 05:55:23 --> Uncaught ErrorException: Cannot modify header information - headers already sent in D:\laragon\www\method-oldagehome\system\HTTP\ResponseTrait.php:774
Stack trace:
#0 [internal function]: CodeIgniter\Debug\Exceptions->errorHandler(2, 'Cannot modify h...', 'D:\\laragon\\www\\...', 774)
#1 D:\laragon\www\method-oldagehome\system\HTTP\ResponseTrait.php(774): setcookie('ci_session', 'p1mlsgirhht6kcj...', Array)
#2 D:\laragon\www\method-oldagehome\system\HTTP\ResponseTrait.php(750): CodeIgniter\HTTP\Response->doSetCookie('ci_session', 'p1mlsgirhht6kcj...', Array)
#3 D:\laragon\www\method-oldagehome\system\HTTP\ResponseTrait.php(730): CodeIgniter\HTTP\Response->dispatchCookies()
#4 D:\laragon\www\method-oldagehome\system\HTTP\ResponseTrait.php(447): CodeIgniter\HTTP\Response->sendCookies()
#5 D:\laragon\www\method-oldagehome\system\Debug\ExceptionHandler.php(78): CodeIgniter\HTTP\Response->send()
#6 D:\laragon\www\method-oldagehome\system\Debug\Exceptions.php(147): CodeIgniter\Debug\ExceptionHandler->handle(Object(CodeIgniter\Exceptions\PageNotFoundException), Object(CodeIgniter\HTTP\IncomingRequest), Object(CodeIgniter\HTTP\Response), 404, 1)
#7 [internal function]: CodeIgniter\Debug\Exceptions->exceptionHandler(Object(CodeIgniter\Exceptions\PageNotFoundException))
#8 {main}
  thrown
【Previous Exception】
CodeIgniter\Exceptions\PageNotFoundException
Page Not Found
#0 D:\laragon\www\method-oldagehome\system\CodeIgniter.php(967): CodeIgniter\Exceptions\PageNotFoundException::forPageNotFound(NULL)
#1 D:\laragon\www\method-oldagehome\system\CodeIgniter.php(362): CodeIgniter\CodeIgniter->display404errors(Object(CodeIgniter\Exceptions\PageNotFoundException))
#2 D:\laragon\www\method-oldagehome\public\index.php(79): CodeIgniter\CodeIgniter->run()
#3 D:\laragon\www\method-oldagehome\system\Commands\Server\rewrite.php(47): require_once('D:\\laragon\\www\\...')
#4 {main}
in SYSTEMPATH\HTTP\ResponseTrait.php on line 774.
 1 [internal function]: CodeIgniter\Debug\Exceptions->shutdownHandler()
CRITICAL - 2024-11-11 05:55:24 --> Uncaught ErrorException: Cannot modify header information - headers already sent in D:\laragon\www\method-oldagehome\system\HTTP\ResponseTrait.php:774
Stack trace:
#0 [internal function]: CodeIgniter\Debug\Exceptions->errorHandler(2, 'Cannot modify h...', 'D:\\laragon\\www\\...', 774)
#1 D:\laragon\www\method-oldagehome\system\HTTP\ResponseTrait.php(774): setcookie('ci_session', 'p1mlsgirhht6kcj...', Array)
#2 D:\laragon\www\method-oldagehome\system\HTTP\ResponseTrait.php(750): CodeIgniter\HTTP\Response->doSetCookie('ci_session', 'p1mlsgirhht6kcj...', Array)
#3 D:\laragon\www\method-oldagehome\system\HTTP\ResponseTrait.php(730): CodeIgniter\HTTP\Response->dispatchCookies()
#4 D:\laragon\www\method-oldagehome\system\HTTP\ResponseTrait.php(447): CodeIgniter\HTTP\Response->sendCookies()
#5 D:\laragon\www\method-oldagehome\system\Debug\ExceptionHandler.php(78): CodeIgniter\HTTP\Response->send()
#6 D:\laragon\www\method-oldagehome\system\Debug\Exceptions.php(147): CodeIgniter\Debug\ExceptionHandler->handle(Object(CodeIgniter\Exceptions\PageNotFoundException), Object(CodeIgniter\HTTP\IncomingRequest), Object(CodeIgniter\HTTP\Response), 404, 1)
#7 [internal function]: CodeIgniter\Debug\Exceptions->exceptionHandler(Object(CodeIgniter\Exceptions\PageNotFoundException))
#8 {main}
  thrown
【Previous Exception】
CodeIgniter\Exceptions\PageNotFoundException
Page Not Found
#0 D:\laragon\www\method-oldagehome\system\CodeIgniter.php(967): CodeIgniter\Exceptions\PageNotFoundException::forPageNotFound(NULL)
#1 D:\laragon\www\method-oldagehome\system\CodeIgniter.php(362): CodeIgniter\CodeIgniter->display404errors(Object(CodeIgniter\Exceptions\PageNotFoundException))
#2 D:\laragon\www\method-oldagehome\public\index.php(79): CodeIgniter\CodeIgniter->run()
#3 D:\laragon\www\method-oldagehome\system\Commands\Server\rewrite.php(47): require_once('D:\\laragon\\www\\...')
#4 {main}
in SYSTEMPATH\HTTP\ResponseTrait.php on line 774.
 1 [internal function]: CodeIgniter\Debug\Exceptions->shutdownHandler()
CRITICAL - 2024-11-11 05:55:25 --> Uncaught ErrorException: Cannot modify header information - headers already sent in D:\laragon\www\method-oldagehome\system\HTTP\ResponseTrait.php:774
Stack trace:
#0 [internal function]: CodeIgniter\Debug\Exceptions->errorHandler(2, 'Cannot modify h...', 'D:\\laragon\\www\\...', 774)
#1 D:\laragon\www\method-oldagehome\system\HTTP\ResponseTrait.php(774): setcookie('ci_session', 'p1mlsgirhht6kcj...', Array)
#2 D:\laragon\www\method-oldagehome\system\HTTP\ResponseTrait.php(750): CodeIgniter\HTTP\Response->doSetCookie('ci_session', 'p1mlsgirhht6kcj...', Array)
#3 D:\laragon\www\method-oldagehome\system\HTTP\ResponseTrait.php(730): CodeIgniter\HTTP\Response->dispatchCookies()
#4 D:\laragon\www\method-oldagehome\system\HTTP\ResponseTrait.php(447): CodeIgniter\HTTP\Response->sendCookies()
#5 D:\laragon\www\method-oldagehome\system\Debug\ExceptionHandler.php(78): CodeIgniter\HTTP\Response->send()
#6 D:\laragon\www\method-oldagehome\system\Debug\Exceptions.php(147): CodeIgniter\Debug\ExceptionHandler->handle(Object(CodeIgniter\Exceptions\PageNotFoundException), Object(CodeIgniter\HTTP\IncomingRequest), Object(CodeIgniter\HTTP\Response), 404, 1)
#7 [internal function]: CodeIgniter\Debug\Exceptions->exceptionHandler(Object(CodeIgniter\Exceptions\PageNotFoundException))
#8 {main}
  thrown
【Previous Exception】
CodeIgniter\Exceptions\PageNotFoundException
Page Not Found
#0 D:\laragon\www\method-oldagehome\system\CodeIgniter.php(967): CodeIgniter\Exceptions\PageNotFoundException::forPageNotFound(NULL)
#1 D:\laragon\www\method-oldagehome\system\CodeIgniter.php(362): CodeIgniter\CodeIgniter->display404errors(Object(CodeIgniter\Exceptions\PageNotFoundException))
#2 D:\laragon\www\method-oldagehome\public\index.php(79): CodeIgniter\CodeIgniter->run()
#3 D:\laragon\www\method-oldagehome\system\Commands\Server\rewrite.php(47): require_once('D:\\laragon\\www\\...')
#4 {main}
in SYSTEMPATH\HTTP\ResponseTrait.php on line 774.
 1 [internal function]: CodeIgniter\Debug\Exceptions->shutdownHandler()
CRITICAL - 2024-11-11 05:55:26 --> Uncaught ErrorException: Cannot modify header information - headers already sent in D:\laragon\www\method-oldagehome\system\HTTP\ResponseTrait.php:774
Stack trace:
#0 [internal function]: CodeIgniter\Debug\Exceptions->errorHandler(2, 'Cannot modify h...', 'D:\\laragon\\www\\...', 774)
#1 D:\laragon\www\method-oldagehome\system\HTTP\ResponseTrait.php(774): setcookie('ci_session', 'p1mlsgirhht6kcj...', Array)
#2 D:\laragon\www\method-oldagehome\system\HTTP\ResponseTrait.php(750): CodeIgniter\HTTP\Response->doSetCookie('ci_session', 'p1mlsgirhht6kcj...', Array)
#3 D:\laragon\www\method-oldagehome\system\HTTP\ResponseTrait.php(730): CodeIgniter\HTTP\Response->dispatchCookies()
#4 D:\laragon\www\method-oldagehome\system\HTTP\ResponseTrait.php(447): CodeIgniter\HTTP\Response->sendCookies()
#5 D:\laragon\www\method-oldagehome\system\Debug\ExceptionHandler.php(78): CodeIgniter\HTTP\Response->send()
#6 D:\laragon\www\method-oldagehome\system\Debug\Exceptions.php(147): CodeIgniter\Debug\ExceptionHandler->handle(Object(CodeIgniter\Exceptions\PageNotFoundException), Object(CodeIgniter\HTTP\IncomingRequest), Object(CodeIgniter\HTTP\Response), 404, 1)
#7 [internal function]: CodeIgniter\Debug\Exceptions->exceptionHandler(Object(CodeIgniter\Exceptions\PageNotFoundException))
#8 {main}
  thrown
【Previous Exception】
CodeIgniter\Exceptions\PageNotFoundException
Page Not Found
#0 D:\laragon\www\method-oldagehome\system\CodeIgniter.php(967): CodeIgniter\Exceptions\PageNotFoundException::forPageNotFound(NULL)
#1 D:\laragon\www\method-oldagehome\system\CodeIgniter.php(362): CodeIgniter\CodeIgniter->display404errors(Object(CodeIgniter\Exceptions\PageNotFoundException))
#2 D:\laragon\www\method-oldagehome\public\index.php(79): CodeIgniter\CodeIgniter->run()
#3 D:\laragon\www\method-oldagehome\system\Commands\Server\rewrite.php(47): require_once('D:\\laragon\\www\\...')
#4 {main}
in SYSTEMPATH\HTTP\ResponseTrait.php on line 774.
 1 [internal function]: CodeIgniter\Debug\Exceptions->shutdownHandler()
CRITICAL - 2024-11-11 05:55:27 --> Uncaught ErrorException: Cannot modify header information - headers already sent in D:\laragon\www\method-oldagehome\system\HTTP\ResponseTrait.php:774
Stack trace:
#0 [internal function]: CodeIgniter\Debug\Exceptions->errorHandler(2, 'Cannot modify h...', 'D:\\laragon\\www\\...', 774)
#1 D:\laragon\www\method-oldagehome\system\HTTP\ResponseTrait.php(774): setcookie('ci_session', 'p1mlsgirhht6kcj...', Array)
#2 D:\laragon\www\method-oldagehome\system\HTTP\ResponseTrait.php(750): CodeIgniter\HTTP\Response->doSetCookie('ci_session', 'p1mlsgirhht6kcj...', Array)
#3 D:\laragon\www\method-oldagehome\system\HTTP\ResponseTrait.php(730): CodeIgniter\HTTP\Response->dispatchCookies()
#4 D:\laragon\www\method-oldagehome\system\HTTP\ResponseTrait.php(447): CodeIgniter\HTTP\Response->sendCookies()
#5 D:\laragon\www\method-oldagehome\system\Debug\ExceptionHandler.php(78): CodeIgniter\HTTP\Response->send()
#6 D:\laragon\www\method-oldagehome\system\Debug\Exceptions.php(147): CodeIgniter\Debug\ExceptionHandler->handle(Object(CodeIgniter\Exceptions\PageNotFoundException), Object(CodeIgniter\HTTP\IncomingRequest), Object(CodeIgniter\HTTP\Response), 404, 1)
#7 [internal function]: CodeIgniter\Debug\Exceptions->exceptionHandler(Object(CodeIgniter\Exceptions\PageNotFoundException))
#8 {main}
  thrown
【Previous Exception】
CodeIgniter\Exceptions\PageNotFoundException
Page Not Found
#0 D:\laragon\www\method-oldagehome\system\CodeIgniter.php(967): CodeIgniter\Exceptions\PageNotFoundException::forPageNotFound(NULL)
#1 D:\laragon\www\method-oldagehome\system\CodeIgniter.php(362): CodeIgniter\CodeIgniter->display404errors(Object(CodeIgniter\Exceptions\PageNotFoundException))
#2 D:\laragon\www\method-oldagehome\public\index.php(79): CodeIgniter\CodeIgniter->run()
#3 D:\laragon\www\method-oldagehome\system\Commands\Server\rewrite.php(47): require_once('D:\\laragon\\www\\...')
#4 {main}
in SYSTEMPATH\HTTP\ResponseTrait.php on line 774.
 1 [internal function]: CodeIgniter\Debug\Exceptions->shutdownHandler()
CRITICAL - 2024-11-11 05:55:28 --> Uncaught ErrorException: Cannot modify header information - headers already sent in D:\laragon\www\method-oldagehome\system\HTTP\ResponseTrait.php:774
Stack trace:
#0 [internal function]: CodeIgniter\Debug\Exceptions->errorHandler(2, 'Cannot modify h...', 'D:\\laragon\\www\\...', 774)
#1 D:\laragon\www\method-oldagehome\system\HTTP\ResponseTrait.php(774): setcookie('ci_session', 'p1mlsgirhht6kcj...', Array)
#2 D:\laragon\www\method-oldagehome\system\HTTP\ResponseTrait.php(750): CodeIgniter\HTTP\Response->doSetCookie('ci_session', 'p1mlsgirhht6kcj...', Array)
#3 D:\laragon\www\method-oldagehome\system\HTTP\ResponseTrait.php(730): CodeIgniter\HTTP\Response->dispatchCookies()
#4 D:\laragon\www\method-oldagehome\system\HTTP\ResponseTrait.php(447): CodeIgniter\HTTP\Response->sendCookies()
#5 D:\laragon\www\method-oldagehome\system\Debug\ExceptionHandler.php(78): CodeIgniter\HTTP\Response->send()
#6 D:\laragon\www\method-oldagehome\system\Debug\Exceptions.php(147): CodeIgniter\Debug\ExceptionHandler->handle(Object(CodeIgniter\Exceptions\PageNotFoundException), Object(CodeIgniter\HTTP\IncomingRequest), Object(CodeIgniter\HTTP\Response), 404, 1)
#7 [internal function]: CodeIgniter\Debug\Exceptions->exceptionHandler(Object(CodeIgniter\Exceptions\PageNotFoundException))
#8 {main}
  thrown
【Previous Exception】
CodeIgniter\Exceptions\PageNotFoundException
Page Not Found
#0 D:\laragon\www\method-oldagehome\system\CodeIgniter.php(967): CodeIgniter\Exceptions\PageNotFoundException::forPageNotFound(NULL)
#1 D:\laragon\www\method-oldagehome\system\CodeIgniter.php(362): CodeIgniter\CodeIgniter->display404errors(Object(CodeIgniter\Exceptions\PageNotFoundException))
#2 D:\laragon\www\method-oldagehome\public\index.php(79): CodeIgniter\CodeIgniter->run()
#3 D:\laragon\www\method-oldagehome\system\Commands\Server\rewrite.php(47): require_once('D:\\laragon\\www\\...')
#4 {main}
in SYSTEMPATH\HTTP\ResponseTrait.php on line 774.
 1 [internal function]: CodeIgniter\Debug\Exceptions->shutdownHandler()
CRITICAL - 2024-11-11 05:55:29 --> Uncaught ErrorException: Cannot modify header information - headers already sent in D:\laragon\www\method-oldagehome\system\HTTP\ResponseTrait.php:774
Stack trace:
#0 [internal function]: CodeIgniter\Debug\Exceptions->errorHandler(2, 'Cannot modify h...', 'D:\\laragon\\www\\...', 774)
#1 D:\laragon\www\method-oldagehome\system\HTTP\ResponseTrait.php(774): setcookie('ci_session', 'p1mlsgirhht6kcj...', Array)
#2 D:\laragon\www\method-oldagehome\system\HTTP\ResponseTrait.php(750): CodeIgniter\HTTP\Response->doSetCookie('ci_session', 'p1mlsgirhht6kcj...', Array)
#3 D:\laragon\www\method-oldagehome\system\HTTP\ResponseTrait.php(730): CodeIgniter\HTTP\Response->dispatchCookies()
#4 D:\laragon\www\method-oldagehome\system\HTTP\ResponseTrait.php(447): CodeIgniter\HTTP\Response->sendCookies()
#5 D:\laragon\www\method-oldagehome\system\Debug\ExceptionHandler.php(78): CodeIgniter\HTTP\Response->send()
#6 D:\laragon\www\method-oldagehome\system\Debug\Exceptions.php(147): CodeIgniter\Debug\ExceptionHandler->handle(Object(CodeIgniter\Exceptions\PageNotFoundException), Object(CodeIgniter\HTTP\IncomingRequest), Object(CodeIgniter\HTTP\Response), 404, 1)
#7 [internal function]: CodeIgniter\Debug\Exceptions->exceptionHandler(Object(CodeIgniter\Exceptions\PageNotFoundException))
#8 {main}
  thrown
【Previous Exception】
CodeIgniter\Exceptions\PageNotFoundException
Page Not Found
#0 D:\laragon\www\method-oldagehome\system\CodeIgniter.php(967): CodeIgniter\Exceptions\PageNotFoundException::forPageNotFound(NULL)
#1 D:\laragon\www\method-oldagehome\system\CodeIgniter.php(362): CodeIgniter\CodeIgniter->display404errors(Object(CodeIgniter\Exceptions\PageNotFoundException))
#2 D:\laragon\www\method-oldagehome\public\index.php(79): CodeIgniter\CodeIgniter->run()
#3 D:\laragon\www\method-oldagehome\system\Commands\Server\rewrite.php(47): require_once('D:\\laragon\\www\\...')
#4 {main}
in SYSTEMPATH\HTTP\ResponseTrait.php on line 774.
 1 [internal function]: CodeIgniter\Debug\Exceptions->shutdownHandler()
CRITICAL - 2024-11-11 05:55:30 --> Uncaught ErrorException: Cannot modify header information - headers already sent in D:\laragon\www\method-oldagehome\system\HTTP\ResponseTrait.php:774
Stack trace:
#0 [internal function]: CodeIgniter\Debug\Exceptions->errorHandler(2, 'Cannot modify h...', 'D:\\laragon\\www\\...', 774)
#1 D:\laragon\www\method-oldagehome\system\HTTP\ResponseTrait.php(774): setcookie('ci_session', 'p1mlsgirhht6kcj...', Array)
#2 D:\laragon\www\method-oldagehome\system\HTTP\ResponseTrait.php(750): CodeIgniter\HTTP\Response->doSetCookie('ci_session', 'p1mlsgirhht6kcj...', Array)
#3 D:\laragon\www\method-oldagehome\system\HTTP\ResponseTrait.php(730): CodeIgniter\HTTP\Response->dispatchCookies()
#4 D:\laragon\www\method-oldagehome\system\HTTP\ResponseTrait.php(447): CodeIgniter\HTTP\Response->sendCookies()
#5 D:\laragon\www\method-oldagehome\system\Debug\ExceptionHandler.php(78): CodeIgniter\HTTP\Response->send()
#6 D:\laragon\www\method-oldagehome\system\Debug\Exceptions.php(147): CodeIgniter\Debug\ExceptionHandler->handle(Object(CodeIgniter\Exceptions\PageNotFoundException), Object(CodeIgniter\HTTP\IncomingRequest), Object(CodeIgniter\HTTP\Response), 404, 1)
#7 [internal function]: CodeIgniter\Debug\Exceptions->exceptionHandler(Object(CodeIgniter\Exceptions\PageNotFoundException))
#8 {main}
  thrown
【Previous Exception】
CodeIgniter\Exceptions\PageNotFoundException
Page Not Found
#0 D:\laragon\www\method-oldagehome\system\CodeIgniter.php(967): CodeIgniter\Exceptions\PageNotFoundException::forPageNotFound(NULL)
#1 D:\laragon\www\method-oldagehome\system\CodeIgniter.php(362): CodeIgniter\CodeIgniter->display404errors(Object(CodeIgniter\Exceptions\PageNotFoundException))
#2 D:\laragon\www\method-oldagehome\public\index.php(79): CodeIgniter\CodeIgniter->run()
#3 D:\laragon\www\method-oldagehome\system\Commands\Server\rewrite.php(47): require_once('D:\\laragon\\www\\...')
#4 {main}
in SYSTEMPATH\HTTP\ResponseTrait.php on line 774.
 1 [internal function]: CodeIgniter\Debug\Exceptions->shutdownHandler()
CRITICAL - 2024-11-11 05:55:31 --> Uncaught ErrorException: Cannot modify header information - headers already sent in D:\laragon\www\method-oldagehome\system\HTTP\ResponseTrait.php:774
Stack trace:
#0 [internal function]: CodeIgniter\Debug\Exceptions->errorHandler(2, 'Cannot modify h...', 'D:\\laragon\\www\\...', 774)
#1 D:\laragon\www\method-oldagehome\system\HTTP\ResponseTrait.php(774): setcookie('ci_session', 'p1mlsgirhht6kcj...', Array)
#2 D:\laragon\www\method-oldagehome\system\HTTP\ResponseTrait.php(750): CodeIgniter\HTTP\Response->doSetCookie('ci_session', 'p1mlsgirhht6kcj...', Array)
#3 D:\laragon\www\method-oldagehome\system\HTTP\ResponseTrait.php(730): CodeIgniter\HTTP\Response->dispatchCookies()
#4 D:\laragon\www\method-oldagehome\system\HTTP\ResponseTrait.php(447): CodeIgniter\HTTP\Response->sendCookies()
#5 D:\laragon\www\method-oldagehome\system\Debug\ExceptionHandler.php(78): CodeIgniter\HTTP\Response->send()
#6 D:\laragon\www\method-oldagehome\system\Debug\Exceptions.php(147): CodeIgniter\Debug\ExceptionHandler->handle(Object(CodeIgniter\Exceptions\PageNotFoundException), Object(CodeIgniter\HTTP\IncomingRequest), Object(CodeIgniter\HTTP\Response), 404, 1)
#7 [internal function]: CodeIgniter\Debug\Exceptions->exceptionHandler(Object(CodeIgniter\Exceptions\PageNotFoundException))
#8 {main}
  thrown
【Previous Exception】
CodeIgniter\Exceptions\PageNotFoundException
Page Not Found
#0 D:\laragon\www\method-oldagehome\system\CodeIgniter.php(967): CodeIgniter\Exceptions\PageNotFoundException::forPageNotFound(NULL)
#1 D:\laragon\www\method-oldagehome\system\CodeIgniter.php(362): CodeIgniter\CodeIgniter->display404errors(Object(CodeIgniter\Exceptions\PageNotFoundException))
#2 D:\laragon\www\method-oldagehome\public\index.php(79): CodeIgniter\CodeIgniter->run()
#3 D:\laragon\www\method-oldagehome\system\Commands\Server\rewrite.php(47): require_once('D:\\laragon\\www\\...')
#4 {main}
in SYSTEMPATH\HTTP\ResponseTrait.php on line 774.
 1 [internal function]: CodeIgniter\Debug\Exceptions->shutdownHandler()
CRITICAL - 2024-11-11 05:55:32 --> Uncaught ErrorException: Cannot modify header information - headers already sent in D:\laragon\www\method-oldagehome\system\HTTP\ResponseTrait.php:774
Stack trace:
#0 [internal function]: CodeIgniter\Debug\Exceptions->errorHandler(2, 'Cannot modify h...', 'D:\\laragon\\www\\...', 774)
#1 D:\laragon\www\method-oldagehome\system\HTTP\ResponseTrait.php(774): setcookie('ci_session', 'p1mlsgirhht6kcj...', Array)
#2 D:\laragon\www\method-oldagehome\system\HTTP\ResponseTrait.php(750): CodeIgniter\HTTP\Response->doSetCookie('ci_session', 'p1mlsgirhht6kcj...', Array)
#3 D:\laragon\www\method-oldagehome\system\HTTP\ResponseTrait.php(730): CodeIgniter\HTTP\Response->dispatchCookies()
#4 D:\laragon\www\method-oldagehome\system\HTTP\ResponseTrait.php(447): CodeIgniter\HTTP\Response->sendCookies()
#5 D:\laragon\www\method-oldagehome\system\Debug\ExceptionHandler.php(78): CodeIgniter\HTTP\Response->send()
#6 D:\laragon\www\method-oldagehome\system\Debug\Exceptions.php(147): CodeIgniter\Debug\ExceptionHandler->handle(Object(CodeIgniter\Exceptions\PageNotFoundException), Object(CodeIgniter\HTTP\IncomingRequest), Object(CodeIgniter\HTTP\Response), 404, 1)
#7 [internal function]: CodeIgniter\Debug\Exceptions->exceptionHandler(Object(CodeIgniter\Exceptions\PageNotFoundException))
#8 {main}
  thrown
【Previous Exception】
CodeIgniter\Exceptions\PageNotFoundException
Page Not Found
#0 D:\laragon\www\method-oldagehome\system\CodeIgniter.php(967): CodeIgniter\Exceptions\PageNotFoundException::forPageNotFound(NULL)
#1 D:\laragon\www\method-oldagehome\system\CodeIgniter.php(362): CodeIgniter\CodeIgniter->display404errors(Object(CodeIgniter\Exceptions\PageNotFoundException))
#2 D:\laragon\www\method-oldagehome\public\index.php(79): CodeIgniter\CodeIgniter->run()
#3 D:\laragon\www\method-oldagehome\system\Commands\Server\rewrite.php(47): require_once('D:\\laragon\\www\\...')
#4 {main}
in SYSTEMPATH\HTTP\ResponseTrait.php on line 774.
 1 [internal function]: CodeIgniter\Debug\Exceptions->shutdownHandler()
CRITICAL - 2024-11-11 05:55:33 --> Uncaught ErrorException: Cannot modify header information - headers already sent in D:\laragon\www\method-oldagehome\system\HTTP\ResponseTrait.php:774
Stack trace:
#0 [internal function]: CodeIgniter\Debug\Exceptions->errorHandler(2, 'Cannot modify h...', 'D:\\laragon\\www\\...', 774)
#1 D:\laragon\www\method-oldagehome\system\HTTP\ResponseTrait.php(774): setcookie('ci_session', 'p1mlsgirhht6kcj...', Array)
#2 D:\laragon\www\method-oldagehome\system\HTTP\ResponseTrait.php(750): CodeIgniter\HTTP\Response->doSetCookie('ci_session', 'p1mlsgirhht6kcj...', Array)
#3 D:\laragon\www\method-oldagehome\system\HTTP\ResponseTrait.php(730): CodeIgniter\HTTP\Response->dispatchCookies()
#4 D:\laragon\www\method-oldagehome\system\HTTP\ResponseTrait.php(447): CodeIgniter\HTTP\Response->sendCookies()
#5 D:\laragon\www\method-oldagehome\system\Debug\ExceptionHandler.php(78): CodeIgniter\HTTP\Response->send()
#6 D:\laragon\www\method-oldagehome\system\Debug\Exceptions.php(147): CodeIgniter\Debug\ExceptionHandler->handle(Object(CodeIgniter\Exceptions\PageNotFoundException), Object(CodeIgniter\HTTP\IncomingRequest), Object(CodeIgniter\HTTP\Response), 404, 1)
#7 [internal function]: CodeIgniter\Debug\Exceptions->exceptionHandler(Object(CodeIgniter\Exceptions\PageNotFoundException))
#8 {main}
  thrown
【Previous Exception】
CodeIgniter\Exceptions\PageNotFoundException
Page Not Found
#0 D:\laragon\www\method-oldagehome\system\CodeIgniter.php(967): CodeIgniter\Exceptions\PageNotFoundException::forPageNotFound(NULL)
#1 D:\laragon\www\method-oldagehome\system\CodeIgniter.php(362): CodeIgniter\CodeIgniter->display404errors(Object(CodeIgniter\Exceptions\PageNotFoundException))
#2 D:\laragon\www\method-oldagehome\public\index.php(79): CodeIgniter\CodeIgniter->run()
#3 D:\laragon\www\method-oldagehome\system\Commands\Server\rewrite.php(47): require_once('D:\\laragon\\www\\...')
#4 {main}
in SYSTEMPATH\HTTP\ResponseTrait.php on line 774.
 1 [internal function]: CodeIgniter\Debug\Exceptions->shutdownHandler()
CRITICAL - 2024-11-11 05:55:34 --> Uncaught ErrorException: Cannot modify header information - headers already sent in D:\laragon\www\method-oldagehome\system\HTTP\ResponseTrait.php:774
Stack trace:
#0 [internal function]: CodeIgniter\Debug\Exceptions->errorHandler(2, 'Cannot modify h...', 'D:\\laragon\\www\\...', 774)
#1 D:\laragon\www\method-oldagehome\system\HTTP\ResponseTrait.php(774): setcookie('ci_session', 'p1mlsgirhht6kcj...', Array)
#2 D:\laragon\www\method-oldagehome\system\HTTP\ResponseTrait.php(750): CodeIgniter\HTTP\Response->doSetCookie('ci_session', 'p1mlsgirhht6kcj...', Array)
#3 D:\laragon\www\method-oldagehome\system\HTTP\ResponseTrait.php(730): CodeIgniter\HTTP\Response->dispatchCookies()
#4 D:\laragon\www\method-oldagehome\system\HTTP\ResponseTrait.php(447): CodeIgniter\HTTP\Response->sendCookies()
#5 D:\laragon\www\method-oldagehome\system\Debug\ExceptionHandler.php(78): CodeIgniter\HTTP\Response->send()
#6 D:\laragon\www\method-oldagehome\system\Debug\Exceptions.php(147): CodeIgniter\Debug\ExceptionHandler->handle(Object(CodeIgniter\Exceptions\PageNotFoundException), Object(CodeIgniter\HTTP\IncomingRequest), Object(CodeIgniter\HTTP\Response), 404, 1)
#7 [internal function]: CodeIgniter\Debug\Exceptions->exceptionHandler(Object(CodeIgniter\Exceptions\PageNotFoundException))
#8 {main}
  thrown
【Previous Exception】
CodeIgniter\Exceptions\PageNotFoundException
Page Not Found
#0 D:\laragon\www\method-oldagehome\system\CodeIgniter.php(967): CodeIgniter\Exceptions\PageNotFoundException::forPageNotFound(NULL)
#1 D:\laragon\www\method-oldagehome\system\CodeIgniter.php(362): CodeIgniter\CodeIgniter->display404errors(Object(CodeIgniter\Exceptions\PageNotFoundException))
#2 D:\laragon\www\method-oldagehome\public\index.php(79): CodeIgniter\CodeIgniter->run()
#3 D:\laragon\www\method-oldagehome\system\Commands\Server\rewrite.php(47): require_once('D:\\laragon\\www\\...')
#4 {main}
in SYSTEMPATH\HTTP\ResponseTrait.php on line 774.
 1 [internal function]: CodeIgniter\Debug\Exceptions->shutdownHandler()
CRITICAL - 2024-11-11 05:55:35 --> Uncaught ErrorException: Cannot modify header information - headers already sent in D:\laragon\www\method-oldagehome\system\HTTP\ResponseTrait.php:774
Stack trace:
#0 [internal function]: CodeIgniter\Debug\Exceptions->errorHandler(2, 'Cannot modify h...', 'D:\\laragon\\www\\...', 774)
#1 D:\laragon\www\method-oldagehome\system\HTTP\ResponseTrait.php(774): setcookie('ci_session', 'p1mlsgirhht6kcj...', Array)
#2 D:\laragon\www\method-oldagehome\system\HTTP\ResponseTrait.php(750): CodeIgniter\HTTP\Response->doSetCookie('ci_session', 'p1mlsgirhht6kcj...', Array)
#3 D:\laragon\www\method-oldagehome\system\HTTP\ResponseTrait.php(730): CodeIgniter\HTTP\Response->dispatchCookies()
#4 D:\laragon\www\method-oldagehome\system\HTTP\ResponseTrait.php(447): CodeIgniter\HTTP\Response->sendCookies()
#5 D:\laragon\www\method-oldagehome\system\Debug\ExceptionHandler.php(78): CodeIgniter\HTTP\Response->send()
#6 D:\laragon\www\method-oldagehome\system\Debug\Exceptions.php(147): CodeIgniter\Debug\ExceptionHandler->handle(Object(CodeIgniter\Exceptions\PageNotFoundException), Object(CodeIgniter\HTTP\IncomingRequest), Object(CodeIgniter\HTTP\Response), 404, 1)
#7 [internal function]: CodeIgniter\Debug\Exceptions->exceptionHandler(Object(CodeIgniter\Exceptions\PageNotFoundException))
#8 {main}
  thrown
【Previous Exception】
CodeIgniter\Exceptions\PageNotFoundException
Page Not Found
#0 D:\laragon\www\method-oldagehome\system\CodeIgniter.php(967): CodeIgniter\Exceptions\PageNotFoundException::forPageNotFound(NULL)
#1 D:\laragon\www\method-oldagehome\system\CodeIgniter.php(362): CodeIgniter\CodeIgniter->display404errors(Object(CodeIgniter\Exceptions\PageNotFoundException))
#2 D:\laragon\www\method-oldagehome\public\index.php(79): CodeIgniter\CodeIgniter->run()
#3 D:\laragon\www\method-oldagehome\system\Commands\Server\rewrite.php(47): require_once('D:\\laragon\\www\\...')
#4 {main}
in SYSTEMPATH\HTTP\ResponseTrait.php on line 774.
 1 [internal function]: CodeIgniter\Debug\Exceptions->shutdownHandler()
CRITICAL - 2024-11-11 05:55:36 --> Uncaught ErrorException: Cannot modify header information - headers already sent in D:\laragon\www\method-oldagehome\system\HTTP\ResponseTrait.php:774
Stack trace:
#0 [internal function]: CodeIgniter\Debug\Exceptions->errorHandler(2, 'Cannot modify h...', 'D:\\laragon\\www\\...', 774)
#1 D:\laragon\www\method-oldagehome\system\HTTP\ResponseTrait.php(774): setcookie('ci_session', 'p1mlsgirhht6kcj...', Array)
#2 D:\laragon\www\method-oldagehome\system\HTTP\ResponseTrait.php(750): CodeIgniter\HTTP\Response->doSetCookie('ci_session', 'p1mlsgirhht6kcj...', Array)
#3 D:\laragon\www\method-oldagehome\system\HTTP\ResponseTrait.php(730): CodeIgniter\HTTP\Response->dispatchCookies()
#4 D:\laragon\www\method-oldagehome\system\HTTP\ResponseTrait.php(447): CodeIgniter\HTTP\Response->sendCookies()
#5 D:\laragon\www\method-oldagehome\system\Debug\ExceptionHandler.php(78): CodeIgniter\HTTP\Response->send()
#6 D:\laragon\www\method-oldagehome\system\Debug\Exceptions.php(147): CodeIgniter\Debug\ExceptionHandler->handle(Object(CodeIgniter\Exceptions\PageNotFoundException), Object(CodeIgniter\HTTP\IncomingRequest), Object(CodeIgniter\HTTP\Response), 404, 1)
#7 [internal function]: CodeIgniter\Debug\Exceptions->exceptionHandler(Object(CodeIgniter\Exceptions\PageNotFoundException))
#8 {main}
  thrown
【Previous Exception】
CodeIgniter\Exceptions\PageNotFoundException
Page Not Found
#0 D:\laragon\www\method-oldagehome\system\CodeIgniter.php(967): CodeIgniter\Exceptions\PageNotFoundException::forPageNotFound(NULL)
#1 D:\laragon\www\method-oldagehome\system\CodeIgniter.php(362): CodeIgniter\CodeIgniter->display404errors(Object(CodeIgniter\Exceptions\PageNotFoundException))
#2 D:\laragon\www\method-oldagehome\public\index.php(79): CodeIgniter\CodeIgniter->run()
#3 D:\laragon\www\method-oldagehome\system\Commands\Server\rewrite.php(47): require_once('D:\\laragon\\www\\...')
#4 {main}
in SYSTEMPATH\HTTP\ResponseTrait.php on line 774.
 1 [internal function]: CodeIgniter\Debug\Exceptions->shutdownHandler()
CRITICAL - 2024-11-11 05:55:37 --> Uncaught ErrorException: Cannot modify header information - headers already sent in D:\laragon\www\method-oldagehome\system\HTTP\ResponseTrait.php:774
Stack trace:
#0 [internal function]: CodeIgniter\Debug\Exceptions->errorHandler(2, 'Cannot modify h...', 'D:\\laragon\\www\\...', 774)
#1 D:\laragon\www\method-oldagehome\system\HTTP\ResponseTrait.php(774): setcookie('ci_session', 'p1mlsgirhht6kcj...', Array)
#2 D:\laragon\www\method-oldagehome\system\HTTP\ResponseTrait.php(750): CodeIgniter\HTTP\Response->doSetCookie('ci_session', 'p1mlsgirhht6kcj...', Array)
#3 D:\laragon\www\method-oldagehome\system\HTTP\ResponseTrait.php(730): CodeIgniter\HTTP\Response->dispatchCookies()
#4 D:\laragon\www\method-oldagehome\system\HTTP\ResponseTrait.php(447): CodeIgniter\HTTP\Response->sendCookies()
#5 D:\laragon\www\method-oldagehome\system\Debug\ExceptionHandler.php(78): CodeIgniter\HTTP\Response->send()
#6 D:\laragon\www\method-oldagehome\system\Debug\Exceptions.php(147): CodeIgniter\Debug\ExceptionHandler->handle(Object(CodeIgniter\Exceptions\PageNotFoundException), Object(CodeIgniter\HTTP\IncomingRequest), Object(CodeIgniter\HTTP\Response), 404, 1)
#7 [internal function]: CodeIgniter\Debug\Exceptions->exceptionHandler(Object(CodeIgniter\Exceptions\PageNotFoundException))
#8 {main}
  thrown
【Previous Exception】
CodeIgniter\Exceptions\PageNotFoundException
Page Not Found
#0 D:\laragon\www\method-oldagehome\system\CodeIgniter.php(967): CodeIgniter\Exceptions\PageNotFoundException::forPageNotFound(NULL)
#1 D:\laragon\www\method-oldagehome\system\CodeIgniter.php(362): CodeIgniter\CodeIgniter->display404errors(Object(CodeIgniter\Exceptions\PageNotFoundException))
#2 D:\laragon\www\method-oldagehome\public\index.php(79): CodeIgniter\CodeIgniter->run()
#3 D:\laragon\www\method-oldagehome\system\Commands\Server\rewrite.php(47): require_once('D:\\laragon\\www\\...')
#4 {main}
in SYSTEMPATH\HTTP\ResponseTrait.php on line 774.
 1 [internal function]: CodeIgniter\Debug\Exceptions->shutdownHandler()
CRITICAL - 2024-11-11 05:55:38 --> Uncaught ErrorException: Cannot modify header information - headers already sent in D:\laragon\www\method-oldagehome\system\HTTP\ResponseTrait.php:774
Stack trace:
#0 [internal function]: CodeIgniter\Debug\Exceptions->errorHandler(2, 'Cannot modify h...', 'D:\\laragon\\www\\...', 774)
#1 D:\laragon\www\method-oldagehome\system\HTTP\ResponseTrait.php(774): setcookie('ci_session', 'p1mlsgirhht6kcj...', Array)
#2 D:\laragon\www\method-oldagehome\system\HTTP\ResponseTrait.php(750): CodeIgniter\HTTP\Response->doSetCookie('ci_session', 'p1mlsgirhht6kcj...', Array)
#3 D:\laragon\www\method-oldagehome\system\HTTP\ResponseTrait.php(730): CodeIgniter\HTTP\Response->dispatchCookies()
#4 D:\laragon\www\method-oldagehome\system\HTTP\ResponseTrait.php(447): CodeIgniter\HTTP\Response->sendCookies()
#5 D:\laragon\www\method-oldagehome\system\Debug\ExceptionHandler.php(78): CodeIgniter\HTTP\Response->send()
#6 D:\laragon\www\method-oldagehome\system\Debug\Exceptions.php(147): CodeIgniter\Debug\ExceptionHandler->handle(Object(CodeIgniter\Exceptions\PageNotFoundException), Object(CodeIgniter\HTTP\IncomingRequest), Object(CodeIgniter\HTTP\Response), 404, 1)
#7 [internal function]: CodeIgniter\Debug\Exceptions->exceptionHandler(Object(CodeIgniter\Exceptions\PageNotFoundException))
#8 {main}
  thrown
【Previous Exception】
CodeIgniter\Exceptions\PageNotFoundException
Page Not Found
#0 D:\laragon\www\method-oldagehome\system\CodeIgniter.php(967): CodeIgniter\Exceptions\PageNotFoundException::forPageNotFound(NULL)
#1 D:\laragon\www\method-oldagehome\system\CodeIgniter.php(362): CodeIgniter\CodeIgniter->display404errors(Object(CodeIgniter\Exceptions\PageNotFoundException))
#2 D:\laragon\www\method-oldagehome\public\index.php(79): CodeIgniter\CodeIgniter->run()
#3 D:\laragon\www\method-oldagehome\system\Commands\Server\rewrite.php(47): require_once('D:\\laragon\\www\\...')
#4 {main}
in SYSTEMPATH\HTTP\ResponseTrait.php on line 774.
 1 [internal function]: CodeIgniter\Debug\Exceptions->shutdownHandler()
CRITICAL - 2024-11-11 05:55:39 --> Uncaught ErrorException: Cannot modify header information - headers already sent in D:\laragon\www\method-oldagehome\system\HTTP\ResponseTrait.php:774
Stack trace:
#0 [internal function]: CodeIgniter\Debug\Exceptions->errorHandler(2, 'Cannot modify h...', 'D:\\laragon\\www\\...', 774)
#1 D:\laragon\www\method-oldagehome\system\HTTP\ResponseTrait.php(774): setcookie('ci_session', 'p1mlsgirhht6kcj...', Array)
#2 D:\laragon\www\method-oldagehome\system\HTTP\ResponseTrait.php(750): CodeIgniter\HTTP\Response->doSetCookie('ci_session', 'p1mlsgirhht6kcj...', Array)
#3 D:\laragon\www\method-oldagehome\system\HTTP\ResponseTrait.php(730): CodeIgniter\HTTP\Response->dispatchCookies()
#4 D:\laragon\www\method-oldagehome\system\HTTP\ResponseTrait.php(447): CodeIgniter\HTTP\Response->sendCookies()
#5 D:\laragon\www\method-oldagehome\system\Debug\ExceptionHandler.php(78): CodeIgniter\HTTP\Response->send()
#6 D:\laragon\www\method-oldagehome\system\Debug\Exceptions.php(147): CodeIgniter\Debug\ExceptionHandler->handle(Object(CodeIgniter\Exceptions\PageNotFoundException), Object(CodeIgniter\HTTP\IncomingRequest), Object(CodeIgniter\HTTP\Response), 404, 1)
#7 [internal function]: CodeIgniter\Debug\Exceptions->exceptionHandler(Object(CodeIgniter\Exceptions\PageNotFoundException))
#8 {main}
  thrown
【Previous Exception】
CodeIgniter\Exceptions\PageNotFoundException
Page Not Found
#0 D:\laragon\www\method-oldagehome\system\CodeIgniter.php(967): CodeIgniter\Exceptions\PageNotFoundException::forPageNotFound(NULL)
#1 D:\laragon\www\method-oldagehome\system\CodeIgniter.php(362): CodeIgniter\CodeIgniter->display404errors(Object(CodeIgniter\Exceptions\PageNotFoundException))
#2 D:\laragon\www\method-oldagehome\public\index.php(79): CodeIgniter\CodeIgniter->run()
#3 D:\laragon\www\method-oldagehome\system\Commands\Server\rewrite.php(47): require_once('D:\\laragon\\www\\...')
#4 {main}
in SYSTEMPATH\HTTP\ResponseTrait.php on line 774.
 1 [internal function]: CodeIgniter\Debug\Exceptions->shutdownHandler()
CRITICAL - 2024-11-11 05:55:40 --> Uncaught ErrorException: Cannot modify header information - headers already sent in D:\laragon\www\method-oldagehome\system\HTTP\ResponseTrait.php:774
Stack trace:
#0 [internal function]: CodeIgniter\Debug\Exceptions->errorHandler(2, 'Cannot modify h...', 'D:\\laragon\\www\\...', 774)
#1 D:\laragon\www\method-oldagehome\system\HTTP\ResponseTrait.php(774): setcookie('ci_session', 'p1mlsgirhht6kcj...', Array)
#2 D:\laragon\www\method-oldagehome\system\HTTP\ResponseTrait.php(750): CodeIgniter\HTTP\Response->doSetCookie('ci_session', 'p1mlsgirhht6kcj...', Array)
#3 D:\laragon\www\method-oldagehome\system\HTTP\ResponseTrait.php(730): CodeIgniter\HTTP\Response->dispatchCookies()
#4 D:\laragon\www\method-oldagehome\system\HTTP\ResponseTrait.php(447): CodeIgniter\HTTP\Response->sendCookies()
#5 D:\laragon\www\method-oldagehome\system\Debug\ExceptionHandler.php(78): CodeIgniter\HTTP\Response->send()
#6 D:\laragon\www\method-oldagehome\system\Debug\Exceptions.php(147): CodeIgniter\Debug\ExceptionHandler->handle(Object(CodeIgniter\Exceptions\PageNotFoundException), Object(CodeIgniter\HTTP\IncomingRequest), Object(CodeIgniter\HTTP\Response), 404, 1)
#7 [internal function]: CodeIgniter\Debug\Exceptions->exceptionHandler(Object(CodeIgniter\Exceptions\PageNotFoundException))
#8 {main}
  thrown
【Previous Exception】
CodeIgniter\Exceptions\PageNotFoundException
Page Not Found
#0 D:\laragon\www\method-oldagehome\system\CodeIgniter.php(967): CodeIgniter\Exceptions\PageNotFoundException::forPageNotFound(NULL)
#1 D:\laragon\www\method-oldagehome\system\CodeIgniter.php(362): CodeIgniter\CodeIgniter->display404errors(Object(CodeIgniter\Exceptions\PageNotFoundException))
#2 D:\laragon\www\method-oldagehome\public\index.php(79): CodeIgniter\CodeIgniter->run()
#3 D:\laragon\www\method-oldagehome\system\Commands\Server\rewrite.php(47): require_once('D:\\laragon\\www\\...')
#4 {main}
in SYSTEMPATH\HTTP\ResponseTrait.php on line 774.
 1 [internal function]: CodeIgniter\Debug\Exceptions->shutdownHandler()
CRITICAL - 2024-11-11 05:55:41 --> Uncaught ErrorException: Cannot modify header information - headers already sent in D:\laragon\www\method-oldagehome\system\HTTP\ResponseTrait.php:774
Stack trace:
#0 [internal function]: CodeIgniter\Debug\Exceptions->errorHandler(2, 'Cannot modify h...', 'D:\\laragon\\www\\...', 774)
#1 D:\laragon\www\method-oldagehome\system\HTTP\ResponseTrait.php(774): setcookie('ci_session', 'p1mlsgirhht6kcj...', Array)
#2 D:\laragon\www\method-oldagehome\system\HTTP\ResponseTrait.php(750): CodeIgniter\HTTP\Response->doSetCookie('ci_session', 'p1mlsgirhht6kcj...', Array)
#3 D:\laragon\www\method-oldagehome\system\HTTP\ResponseTrait.php(730): CodeIgniter\HTTP\Response->dispatchCookies()
#4 D:\laragon\www\method-oldagehome\system\HTTP\ResponseTrait.php(447): CodeIgniter\HTTP\Response->sendCookies()
#5 D:\laragon\www\method-oldagehome\system\Debug\ExceptionHandler.php(78): CodeIgniter\HTTP\Response->send()
#6 D:\laragon\www\method-oldagehome\system\Debug\Exceptions.php(147): CodeIgniter\Debug\ExceptionHandler->handle(Object(CodeIgniter\Exceptions\PageNotFoundException), Object(CodeIgniter\HTTP\IncomingRequest), Object(CodeIgniter\HTTP\Response), 404, 1)
#7 [internal function]: CodeIgniter\Debug\Exceptions->exceptionHandler(Object(CodeIgniter\Exceptions\PageNotFoundException))
#8 {main}
  thrown
【Previous Exception】
CodeIgniter\Exceptions\PageNotFoundException
Page Not Found
#0 D:\laragon\www\method-oldagehome\system\CodeIgniter.php(967): CodeIgniter\Exceptions\PageNotFoundException::forPageNotFound(NULL)
#1 D:\laragon\www\method-oldagehome\system\CodeIgniter.php(362): CodeIgniter\CodeIgniter->display404errors(Object(CodeIgniter\Exceptions\PageNotFoundException))
#2 D:\laragon\www\method-oldagehome\public\index.php(79): CodeIgniter\CodeIgniter->run()
#3 D:\laragon\www\method-oldagehome\system\Commands\Server\rewrite.php(47): require_once('D:\\laragon\\www\\...')
#4 {main}
in SYSTEMPATH\HTTP\ResponseTrait.php on line 774.
 1 [internal function]: CodeIgniter\Debug\Exceptions->shutdownHandler()
CRITICAL - 2024-11-11 05:55:42 --> Uncaught ErrorException: Cannot modify header information - headers already sent in D:\laragon\www\method-oldagehome\system\HTTP\ResponseTrait.php:774
Stack trace:
#0 [internal function]: CodeIgniter\Debug\Exceptions->errorHandler(2, 'Cannot modify h...', 'D:\\laragon\\www\\...', 774)
#1 D:\laragon\www\method-oldagehome\system\HTTP\ResponseTrait.php(774): setcookie('ci_session', 'p1mlsgirhht6kcj...', Array)
#2 D:\laragon\www\method-oldagehome\system\HTTP\ResponseTrait.php(750): CodeIgniter\HTTP\Response->doSetCookie('ci_session', 'p1mlsgirhht6kcj...', Array)
#3 D:\laragon\www\method-oldagehome\system\HTTP\ResponseTrait.php(730): CodeIgniter\HTTP\Response->dispatchCookies()
#4 D:\laragon\www\method-oldagehome\system\HTTP\ResponseTrait.php(447): CodeIgniter\HTTP\Response->sendCookies()
#5 D:\laragon\www\method-oldagehome\system\Debug\ExceptionHandler.php(78): CodeIgniter\HTTP\Response->send()
#6 D:\laragon\www\method-oldagehome\system\Debug\Exceptions.php(147): CodeIgniter\Debug\ExceptionHandler->handle(Object(CodeIgniter\Exceptions\PageNotFoundException), Object(CodeIgniter\HTTP\IncomingRequest), Object(CodeIgniter\HTTP\Response), 404, 1)
#7 [internal function]: CodeIgniter\Debug\Exceptions->exceptionHandler(Object(CodeIgniter\Exceptions\PageNotFoundException))
#8 {main}
  thrown
【Previous Exception】
CodeIgniter\Exceptions\PageNotFoundException
Page Not Found
#0 D:\laragon\www\method-oldagehome\system\CodeIgniter.php(967): CodeIgniter\Exceptions\PageNotFoundException::forPageNotFound(NULL)
#1 D:\laragon\www\method-oldagehome\system\CodeIgniter.php(362): CodeIgniter\CodeIgniter->display404errors(Object(CodeIgniter\Exceptions\PageNotFoundException))
#2 D:\laragon\www\method-oldagehome\public\index.php(79): CodeIgniter\CodeIgniter->run()
#3 D:\laragon\www\method-oldagehome\system\Commands\Server\rewrite.php(47): require_once('D:\\laragon\\www\\...')
#4 {main}
in SYSTEMPATH\HTTP\ResponseTrait.php on line 774.
 1 [internal function]: CodeIgniter\Debug\Exceptions->shutdownHandler()
CRITICAL - 2024-11-11 05:55:43 --> Uncaught ErrorException: Cannot modify header information - headers already sent in D:\laragon\www\method-oldagehome\system\HTTP\ResponseTrait.php:774
Stack trace:
#0 [internal function]: CodeIgniter\Debug\Exceptions->errorHandler(2, 'Cannot modify h...', 'D:\\laragon\\www\\...', 774)
#1 D:\laragon\www\method-oldagehome\system\HTTP\ResponseTrait.php(774): setcookie('ci_session', 'p1mlsgirhht6kcj...', Array)
#2 D:\laragon\www\method-oldagehome\system\HTTP\ResponseTrait.php(750): CodeIgniter\HTTP\Response->doSetCookie('ci_session', 'p1mlsgirhht6kcj...', Array)
#3 D:\laragon\www\method-oldagehome\system\HTTP\ResponseTrait.php(730): CodeIgniter\HTTP\Response->dispatchCookies()
#4 D:\laragon\www\method-oldagehome\system\HTTP\ResponseTrait.php(447): CodeIgniter\HTTP\Response->sendCookies()
#5 D:\laragon\www\method-oldagehome\system\Debug\ExceptionHandler.php(78): CodeIgniter\HTTP\Response->send()
#6 D:\laragon\www\method-oldagehome\system\Debug\Exceptions.php(147): CodeIgniter\Debug\ExceptionHandler->handle(Object(CodeIgniter\Exceptions\PageNotFoundException), Object(CodeIgniter\HTTP\IncomingRequest), Object(CodeIgniter\HTTP\Response), 404, 1)
#7 [internal function]: CodeIgniter\Debug\Exceptions->exceptionHandler(Object(CodeIgniter\Exceptions\PageNotFoundException))
#8 {main}
  thrown
【Previous Exception】
CodeIgniter\Exceptions\PageNotFoundException
Page Not Found
#0 D:\laragon\www\method-oldagehome\system\CodeIgniter.php(967): CodeIgniter\Exceptions\PageNotFoundException::forPageNotFound(NULL)
#1 D:\laragon\www\method-oldagehome\system\CodeIgniter.php(362): CodeIgniter\CodeIgniter->display404errors(Object(CodeIgniter\Exceptions\PageNotFoundException))
#2 D:\laragon\www\method-oldagehome\public\index.php(79): CodeIgniter\CodeIgniter->run()
#3 D:\laragon\www\method-oldagehome\system\Commands\Server\rewrite.php(47): require_once('D:\\laragon\\www\\...')
#4 {main}
in SYSTEMPATH\HTTP\ResponseTrait.php on line 774.
 1 [internal function]: CodeIgniter\Debug\Exceptions->shutdownHandler()
CRITICAL - 2024-11-11 05:55:44 --> Uncaught ErrorException: Cannot modify header information - headers already sent in D:\laragon\www\method-oldagehome\system\HTTP\ResponseTrait.php:774
Stack trace:
#0 [internal function]: CodeIgniter\Debug\Exceptions->errorHandler(2, 'Cannot modify h...', 'D:\\laragon\\www\\...', 774)
#1 D:\laragon\www\method-oldagehome\system\HTTP\ResponseTrait.php(774): setcookie('ci_session', 'p1mlsgirhht6kcj...', Array)
#2 D:\laragon\www\method-oldagehome\system\HTTP\ResponseTrait.php(750): CodeIgniter\HTTP\Response->doSetCookie('ci_session', 'p1mlsgirhht6kcj...', Array)
#3 D:\laragon\www\method-oldagehome\system\HTTP\ResponseTrait.php(730): CodeIgniter\HTTP\Response->dispatchCookies()
#4 D:\laragon\www\method-oldagehome\system\HTTP\ResponseTrait.php(447): CodeIgniter\HTTP\Response->sendCookies()
#5 D:\laragon\www\method-oldagehome\system\Debug\ExceptionHandler.php(78): CodeIgniter\HTTP\Response->send()
#6 D:\laragon\www\method-oldagehome\system\Debug\Exceptions.php(147): CodeIgniter\Debug\ExceptionHandler->handle(Object(CodeIgniter\Exceptions\PageNotFoundException), Object(CodeIgniter\HTTP\IncomingRequest), Object(CodeIgniter\HTTP\Response), 404, 1)
#7 [internal function]: CodeIgniter\Debug\Exceptions->exceptionHandler(Object(CodeIgniter\Exceptions\PageNotFoundException))
#8 {main}
  thrown
【Previous Exception】
CodeIgniter\Exceptions\PageNotFoundException
Page Not Found
#0 D:\laragon\www\method-oldagehome\system\CodeIgniter.php(967): CodeIgniter\Exceptions\PageNotFoundException::forPageNotFound(NULL)
#1 D:\laragon\www\method-oldagehome\system\CodeIgniter.php(362): CodeIgniter\CodeIgniter->display404errors(Object(CodeIgniter\Exceptions\PageNotFoundException))
#2 D:\laragon\www\method-oldagehome\public\index.php(79): CodeIgniter\CodeIgniter->run()
#3 D:\laragon\www\method-oldagehome\system\Commands\Server\rewrite.php(47): require_once('D:\\laragon\\www\\...')
#4 {main}
in SYSTEMPATH\HTTP\ResponseTrait.php on line 774.
 1 [internal function]: CodeIgniter\Debug\Exceptions->shutdownHandler()
CRITICAL - 2024-11-11 05:55:45 --> Uncaught ErrorException: Cannot modify header information - headers already sent in D:\laragon\www\method-oldagehome\system\HTTP\ResponseTrait.php:774
Stack trace:
#0 [internal function]: CodeIgniter\Debug\Exceptions->errorHandler(2, 'Cannot modify h...', 'D:\\laragon\\www\\...', 774)
#1 D:\laragon\www\method-oldagehome\system\HTTP\ResponseTrait.php(774): setcookie('ci_session', 'p1mlsgirhht6kcj...', Array)
#2 D:\laragon\www\method-oldagehome\system\HTTP\ResponseTrait.php(750): CodeIgniter\HTTP\Response->doSetCookie('ci_session', 'p1mlsgirhht6kcj...', Array)
#3 D:\laragon\www\method-oldagehome\system\HTTP\ResponseTrait.php(730): CodeIgniter\HTTP\Response->dispatchCookies()
#4 D:\laragon\www\method-oldagehome\system\HTTP\ResponseTrait.php(447): CodeIgniter\HTTP\Response->sendCookies()
#5 D:\laragon\www\method-oldagehome\system\Debug\ExceptionHandler.php(78): CodeIgniter\HTTP\Response->send()
#6 D:\laragon\www\method-oldagehome\system\Debug\Exceptions.php(147): CodeIgniter\Debug\ExceptionHandler->handle(Object(CodeIgniter\Exceptions\PageNotFoundException), Object(CodeIgniter\HTTP\IncomingRequest), Object(CodeIgniter\HTTP\Response), 404, 1)
#7 [internal function]: CodeIgniter\Debug\Exceptions->exceptionHandler(Object(CodeIgniter\Exceptions\PageNotFoundException))
#8 {main}
  thrown
【Previous Exception】
CodeIgniter\Exceptions\PageNotFoundException
Page Not Found
#0 D:\laragon\www\method-oldagehome\system\CodeIgniter.php(967): CodeIgniter\Exceptions\PageNotFoundException::forPageNotFound(NULL)
#1 D:\laragon\www\method-oldagehome\system\CodeIgniter.php(362): CodeIgniter\CodeIgniter->display404errors(Object(CodeIgniter\Exceptions\PageNotFoundException))
#2 D:\laragon\www\method-oldagehome\public\index.php(79): CodeIgniter\CodeIgniter->run()
#3 D:\laragon\www\method-oldagehome\system\Commands\Server\rewrite.php(47): require_once('D:\\laragon\\www\\...')
#4 {main}
in SYSTEMPATH\HTTP\ResponseTrait.php on line 774.
 1 [internal function]: CodeIgniter\Debug\Exceptions->shutdownHandler()
CRITICAL - 2024-11-11 05:55:46 --> Uncaught ErrorException: Cannot modify header information - headers already sent in D:\laragon\www\method-oldagehome\system\HTTP\ResponseTrait.php:774
Stack trace:
#0 [internal function]: CodeIgniter\Debug\Exceptions->errorHandler(2, 'Cannot modify h...', 'D:\\laragon\\www\\...', 774)
#1 D:\laragon\www\method-oldagehome\system\HTTP\ResponseTrait.php(774): setcookie('ci_session', 'p1mlsgirhht6kcj...', Array)
#2 D:\laragon\www\method-oldagehome\system\HTTP\ResponseTrait.php(750): CodeIgniter\HTTP\Response->doSetCookie('ci_session', 'p1mlsgirhht6kcj...', Array)
#3 D:\laragon\www\method-oldagehome\system\HTTP\ResponseTrait.php(730): CodeIgniter\HTTP\Response->dispatchCookies()
#4 D:\laragon\www\method-oldagehome\system\HTTP\ResponseTrait.php(447): CodeIgniter\HTTP\Response->sendCookies()
#5 D:\laragon\www\method-oldagehome\system\Debug\ExceptionHandler.php(78): CodeIgniter\HTTP\Response->send()
#6 D:\laragon\www\method-oldagehome\system\Debug\Exceptions.php(147): CodeIgniter\Debug\ExceptionHandler->handle(Object(CodeIgniter\Exceptions\PageNotFoundException), Object(CodeIgniter\HTTP\IncomingRequest), Object(CodeIgniter\HTTP\Response), 404, 1)
#7 [internal function]: CodeIgniter\Debug\Exceptions->exceptionHandler(Object(CodeIgniter\Exceptions\PageNotFoundException))
#8 {main}
  thrown
【Previous Exception】
CodeIgniter\Exceptions\PageNotFoundException
Page Not Found
#0 D:\laragon\www\method-oldagehome\system\CodeIgniter.php(967): CodeIgniter\Exceptions\PageNotFoundException::forPageNotFound(NULL)
#1 D:\laragon\www\method-oldagehome\system\CodeIgniter.php(362): CodeIgniter\CodeIgniter->display404errors(Object(CodeIgniter\Exceptions\PageNotFoundException))
#2 D:\laragon\www\method-oldagehome\public\index.php(79): CodeIgniter\CodeIgniter->run()
#3 D:\laragon\www\method-oldagehome\system\Commands\Server\rewrite.php(47): require_once('D:\\laragon\\www\\...')
#4 {main}
in SYSTEMPATH\HTTP\ResponseTrait.php on line 774.
 1 [internal function]: CodeIgniter\Debug\Exceptions->shutdownHandler()
CRITICAL - 2024-11-11 05:56:00 --> Uncaught ErrorException: Cannot modify header information - headers already sent in D:\laragon\www\method-oldagehome\system\HTTP\ResponseTrait.php:774
Stack trace:
#0 [internal function]: CodeIgniter\Debug\Exceptions->errorHandler(2, 'Cannot modify h...', 'D:\\laragon\\www\\...', 774)
#1 D:\laragon\www\method-oldagehome\system\HTTP\ResponseTrait.php(774): setcookie('ci_session', 'p1mlsgirhht6kcj...', Array)
#2 D:\laragon\www\method-oldagehome\system\HTTP\ResponseTrait.php(750): CodeIgniter\HTTP\Response->doSetCookie('ci_session', 'p1mlsgirhht6kcj...', Array)
#3 D:\laragon\www\method-oldagehome\system\HTTP\ResponseTrait.php(730): CodeIgniter\HTTP\Response->dispatchCookies()
#4 D:\laragon\www\method-oldagehome\system\HTTP\ResponseTrait.php(447): CodeIgniter\HTTP\Response->sendCookies()
#5 D:\laragon\www\method-oldagehome\system\Debug\ExceptionHandler.php(78): CodeIgniter\HTTP\Response->send()
#6 D:\laragon\www\method-oldagehome\system\Debug\Exceptions.php(147): CodeIgniter\Debug\ExceptionHandler->handle(Object(CodeIgniter\Exceptions\PageNotFoundException), Object(CodeIgniter\HTTP\IncomingRequest), Object(CodeIgniter\HTTP\Response), 404, 1)
#7 [internal function]: CodeIgniter\Debug\Exceptions->exceptionHandler(Object(CodeIgniter\Exceptions\PageNotFoundException))
#8 {main}
  thrown
【Previous Exception】
CodeIgniter\Exceptions\PageNotFoundException
Page Not Found
#0 D:\laragon\www\method-oldagehome\system\CodeIgniter.php(967): CodeIgniter\Exceptions\PageNotFoundException::forPageNotFound(NULL)
#1 D:\laragon\www\method-oldagehome\system\CodeIgniter.php(362): CodeIgniter\CodeIgniter->display404errors(Object(CodeIgniter\Exceptions\PageNotFoundException))
#2 D:\laragon\www\method-oldagehome\public\index.php(79): CodeIgniter\CodeIgniter->run()
#3 D:\laragon\www\method-oldagehome\system\Commands\Server\rewrite.php(47): require_once('D:\\laragon\\www\\...')
#4 {main}
in SYSTEMPATH\HTTP\ResponseTrait.php on line 774.
 1 [internal function]: CodeIgniter\Debug\Exceptions->shutdownHandler()
CRITICAL - 2024-11-11 05:56:01 --> Uncaught ErrorException: Cannot modify header information - headers already sent in D:\laragon\www\method-oldagehome\system\HTTP\ResponseTrait.php:774
Stack trace:
#0 [internal function]: CodeIgniter\Debug\Exceptions->errorHandler(2, 'Cannot modify h...', 'D:\\laragon\\www\\...', 774)
#1 D:\laragon\www\method-oldagehome\system\HTTP\ResponseTrait.php(774): setcookie('ci_session', 'p1mlsgirhht6kcj...', Array)
#2 D:\laragon\www\method-oldagehome\system\HTTP\ResponseTrait.php(750): CodeIgniter\HTTP\Response->doSetCookie('ci_session', 'p1mlsgirhht6kcj...', Array)
#3 D:\laragon\www\method-oldagehome\system\HTTP\ResponseTrait.php(730): CodeIgniter\HTTP\Response->dispatchCookies()
#4 D:\laragon\www\method-oldagehome\system\HTTP\ResponseTrait.php(447): CodeIgniter\HTTP\Response->sendCookies()
#5 D:\laragon\www\method-oldagehome\system\Debug\ExceptionHandler.php(78): CodeIgniter\HTTP\Response->send()
#6 D:\laragon\www\method-oldagehome\system\Debug\Exceptions.php(147): CodeIgniter\Debug\ExceptionHandler->handle(Object(CodeIgniter\Exceptions\PageNotFoundException), Object(CodeIgniter\HTTP\IncomingRequest), Object(CodeIgniter\HTTP\Response), 404, 1)
#7 [internal function]: CodeIgniter\Debug\Exceptions->exceptionHandler(Object(CodeIgniter\Exceptions\PageNotFoundException))
#8 {main}
  thrown
【Previous Exception】
CodeIgniter\Exceptions\PageNotFoundException
Page Not Found
#0 D:\laragon\www\method-oldagehome\system\CodeIgniter.php(967): CodeIgniter\Exceptions\PageNotFoundException::forPageNotFound(NULL)
#1 D:\laragon\www\method-oldagehome\system\CodeIgniter.php(362): CodeIgniter\CodeIgniter->display404errors(Object(CodeIgniter\Exceptions\PageNotFoundException))
#2 D:\laragon\www\method-oldagehome\public\index.php(79): CodeIgniter\CodeIgniter->run()
#3 D:\laragon\www\method-oldagehome\system\Commands\Server\rewrite.php(47): require_once('D:\\laragon\\www\\...')
#4 {main}
in SYSTEMPATH\HTTP\ResponseTrait.php on line 774.
 1 [internal function]: CodeIgniter\Debug\Exceptions->shutdownHandler()
CRITICAL - 2024-11-11 05:56:02 --> Uncaught ErrorException: Cannot modify header information - headers already sent in D:\laragon\www\method-oldagehome\system\HTTP\ResponseTrait.php:774
Stack trace:
#0 [internal function]: CodeIgniter\Debug\Exceptions->errorHandler(2, 'Cannot modify h...', 'D:\\laragon\\www\\...', 774)
#1 D:\laragon\www\method-oldagehome\system\HTTP\ResponseTrait.php(774): setcookie('ci_session', 'p1mlsgirhht6kcj...', Array)
#2 D:\laragon\www\method-oldagehome\system\HTTP\ResponseTrait.php(750): CodeIgniter\HTTP\Response->doSetCookie('ci_session', 'p1mlsgirhht6kcj...', Array)
#3 D:\laragon\www\method-oldagehome\system\HTTP\ResponseTrait.php(730): CodeIgniter\HTTP\Response->dispatchCookies()
#4 D:\laragon\www\method-oldagehome\system\HTTP\ResponseTrait.php(447): CodeIgniter\HTTP\Response->sendCookies()
#5 D:\laragon\www\method-oldagehome\system\Debug\ExceptionHandler.php(78): CodeIgniter\HTTP\Response->send()
#6 D:\laragon\www\method-oldagehome\system\Debug\Exceptions.php(147): CodeIgniter\Debug\ExceptionHandler->handle(Object(CodeIgniter\Exceptions\PageNotFoundException), Object(CodeIgniter\HTTP\IncomingRequest), Object(CodeIgniter\HTTP\Response), 404, 1)
#7 [internal function]: CodeIgniter\Debug\Exceptions->exceptionHandler(Object(CodeIgniter\Exceptions\PageNotFoundException))
#8 {main}
  thrown
【Previous Exception】
CodeIgniter\Exceptions\PageNotFoundException
Page Not Found
#0 D:\laragon\www\method-oldagehome\system\CodeIgniter.php(967): CodeIgniter\Exceptions\PageNotFoundException::forPageNotFound(NULL)
#1 D:\laragon\www\method-oldagehome\system\CodeIgniter.php(362): CodeIgniter\CodeIgniter->display404errors(Object(CodeIgniter\Exceptions\PageNotFoundException))
#2 D:\laragon\www\method-oldagehome\public\index.php(79): CodeIgniter\CodeIgniter->run()
#3 D:\laragon\www\method-oldagehome\system\Commands\Server\rewrite.php(47): require_once('D:\\laragon\\www\\...')
#4 {main}
in SYSTEMPATH\HTTP\ResponseTrait.php on line 774.
 1 [internal function]: CodeIgniter\Debug\Exceptions->shutdownHandler()
CRITICAL - 2024-11-11 05:56:03 --> Uncaught ErrorException: Cannot modify header information - headers already sent in D:\laragon\www\method-oldagehome\system\HTTP\ResponseTrait.php:774
Stack trace:
#0 [internal function]: CodeIgniter\Debug\Exceptions->errorHandler(2, 'Cannot modify h...', 'D:\\laragon\\www\\...', 774)
#1 D:\laragon\www\method-oldagehome\system\HTTP\ResponseTrait.php(774): setcookie('ci_session', 'p1mlsgirhht6kcj...', Array)
#2 D:\laragon\www\method-oldagehome\system\HTTP\ResponseTrait.php(750): CodeIgniter\HTTP\Response->doSetCookie('ci_session', 'p1mlsgirhht6kcj...', Array)
#3 D:\laragon\www\method-oldagehome\system\HTTP\ResponseTrait.php(730): CodeIgniter\HTTP\Response->dispatchCookies()
#4 D:\laragon\www\method-oldagehome\system\HTTP\ResponseTrait.php(447): CodeIgniter\HTTP\Response->sendCookies()
#5 D:\laragon\www\method-oldagehome\system\Debug\ExceptionHandler.php(78): CodeIgniter\HTTP\Response->send()
#6 D:\laragon\www\method-oldagehome\system\Debug\Exceptions.php(147): CodeIgniter\Debug\ExceptionHandler->handle(Object(CodeIgniter\Exceptions\PageNotFoundException), Object(CodeIgniter\HTTP\IncomingRequest), Object(CodeIgniter\HTTP\Response), 404, 1)
#7 [internal function]: CodeIgniter\Debug\Exceptions->exceptionHandler(Object(CodeIgniter\Exceptions\PageNotFoundException))
#8 {main}
  thrown
【Previous Exception】
CodeIgniter\Exceptions\PageNotFoundException
Page Not Found
#0 D:\laragon\www\method-oldagehome\system\CodeIgniter.php(967): CodeIgniter\Exceptions\PageNotFoundException::forPageNotFound(NULL)
#1 D:\laragon\www\method-oldagehome\system\CodeIgniter.php(362): CodeIgniter\CodeIgniter->display404errors(Object(CodeIgniter\Exceptions\PageNotFoundException))
#2 D:\laragon\www\method-oldagehome\public\index.php(79): CodeIgniter\CodeIgniter->run()
#3 D:\laragon\www\method-oldagehome\system\Commands\Server\rewrite.php(47): require_once('D:\\laragon\\www\\...')
#4 {main}
in SYSTEMPATH\HTTP\ResponseTrait.php on line 774.
 1 [internal function]: CodeIgniter\Debug\Exceptions->shutdownHandler()
CRITICAL - 2024-11-11 05:56:04 --> Uncaught ErrorException: Cannot modify header information - headers already sent in D:\laragon\www\method-oldagehome\system\HTTP\ResponseTrait.php:774
Stack trace:
#0 [internal function]: CodeIgniter\Debug\Exceptions->errorHandler(2, 'Cannot modify h...', 'D:\\laragon\\www\\...', 774)
#1 D:\laragon\www\method-oldagehome\system\HTTP\ResponseTrait.php(774): setcookie('ci_session', 'p1mlsgirhht6kcj...', Array)
#2 D:\laragon\www\method-oldagehome\system\HTTP\ResponseTrait.php(750): CodeIgniter\HTTP\Response->doSetCookie('ci_session', 'p1mlsgirhht6kcj...', Array)
#3 D:\laragon\www\method-oldagehome\system\HTTP\ResponseTrait.php(730): CodeIgniter\HTTP\Response->dispatchCookies()
#4 D:\laragon\www\method-oldagehome\system\HTTP\ResponseTrait.php(447): CodeIgniter\HTTP\Response->sendCookies()
#5 D:\laragon\www\method-oldagehome\system\Debug\ExceptionHandler.php(78): CodeIgniter\HTTP\Response->send()
#6 D:\laragon\www\method-oldagehome\system\Debug\Exceptions.php(147): CodeIgniter\Debug\ExceptionHandler->handle(Object(CodeIgniter\Exceptions\PageNotFoundException), Object(CodeIgniter\HTTP\IncomingRequest), Object(CodeIgniter\HTTP\Response), 404, 1)
#7 [internal function]: CodeIgniter\Debug\Exceptions->exceptionHandler(Object(CodeIgniter\Exceptions\PageNotFoundException))
#8 {main}
  thrown
【Previous Exception】
CodeIgniter\Exceptions\PageNotFoundException
Page Not Found
#0 D:\laragon\www\method-oldagehome\system\CodeIgniter.php(967): CodeIgniter\Exceptions\PageNotFoundException::forPageNotFound(NULL)
#1 D:\laragon\www\method-oldagehome\system\CodeIgniter.php(362): CodeIgniter\CodeIgniter->display404errors(Object(CodeIgniter\Exceptions\PageNotFoundException))
#2 D:\laragon\www\method-oldagehome\public\index.php(79): CodeIgniter\CodeIgniter->run()
#3 D:\laragon\www\method-oldagehome\system\Commands\Server\rewrite.php(47): require_once('D:\\laragon\\www\\...')
#4 {main}
in SYSTEMPATH\HTTP\ResponseTrait.php on line 774.
 1 [internal function]: CodeIgniter\Debug\Exceptions->shutdownHandler()
CRITICAL - 2024-11-11 05:56:05 --> Uncaught ErrorException: Cannot modify header information - headers already sent in D:\laragon\www\method-oldagehome\system\HTTP\ResponseTrait.php:774
Stack trace:
#0 [internal function]: CodeIgniter\Debug\Exceptions->errorHandler(2, 'Cannot modify h...', 'D:\\laragon\\www\\...', 774)
#1 D:\laragon\www\method-oldagehome\system\HTTP\ResponseTrait.php(774): setcookie('ci_session', 'p1mlsgirhht6kcj...', Array)
#2 D:\laragon\www\method-oldagehome\system\HTTP\ResponseTrait.php(750): CodeIgniter\HTTP\Response->doSetCookie('ci_session', 'p1mlsgirhht6kcj...', Array)
#3 D:\laragon\www\method-oldagehome\system\HTTP\ResponseTrait.php(730): CodeIgniter\HTTP\Response->dispatchCookies()
#4 D:\laragon\www\method-oldagehome\system\HTTP\ResponseTrait.php(447): CodeIgniter\HTTP\Response->sendCookies()
#5 D:\laragon\www\method-oldagehome\system\Debug\ExceptionHandler.php(78): CodeIgniter\HTTP\Response->send()
#6 D:\laragon\www\method-oldagehome\system\Debug\Exceptions.php(147): CodeIgniter\Debug\ExceptionHandler->handle(Object(CodeIgniter\Exceptions\PageNotFoundException), Object(CodeIgniter\HTTP\IncomingRequest), Object(CodeIgniter\HTTP\Response), 404, 1)
#7 [internal function]: CodeIgniter\Debug\Exceptions->exceptionHandler(Object(CodeIgniter\Exceptions\PageNotFoundException))
#8 {main}
  thrown
【Previous Exception】
CodeIgniter\Exceptions\PageNotFoundException
Page Not Found
#0 D:\laragon\www\method-oldagehome\system\CodeIgniter.php(967): CodeIgniter\Exceptions\PageNotFoundException::forPageNotFound(NULL)
#1 D:\laragon\www\method-oldagehome\system\CodeIgniter.php(362): CodeIgniter\CodeIgniter->display404errors(Object(CodeIgniter\Exceptions\PageNotFoundException))
#2 D:\laragon\www\method-oldagehome\public\index.php(79): CodeIgniter\CodeIgniter->run()
#3 D:\laragon\www\method-oldagehome\system\Commands\Server\rewrite.php(47): require_once('D:\\laragon\\www\\...')
#4 {main}
in SYSTEMPATH\HTTP\ResponseTrait.php on line 774.
 1 [internal function]: CodeIgniter\Debug\Exceptions->shutdownHandler()
CRITICAL - 2024-11-11 05:56:06 --> Uncaught ErrorException: Cannot modify header information - headers already sent in D:\laragon\www\method-oldagehome\system\HTTP\ResponseTrait.php:774
Stack trace:
#0 [internal function]: CodeIgniter\Debug\Exceptions->errorHandler(2, 'Cannot modify h...', 'D:\\laragon\\www\\...', 774)
#1 D:\laragon\www\method-oldagehome\system\HTTP\ResponseTrait.php(774): setcookie('ci_session', 'p1mlsgirhht6kcj...', Array)
#2 D:\laragon\www\method-oldagehome\system\HTTP\ResponseTrait.php(750): CodeIgniter\HTTP\Response->doSetCookie('ci_session', 'p1mlsgirhht6kcj...', Array)
#3 D:\laragon\www\method-oldagehome\system\HTTP\ResponseTrait.php(730): CodeIgniter\HTTP\Response->dispatchCookies()
#4 D:\laragon\www\method-oldagehome\system\HTTP\ResponseTrait.php(447): CodeIgniter\HTTP\Response->sendCookies()
#5 D:\laragon\www\method-oldagehome\system\Debug\ExceptionHandler.php(78): CodeIgniter\HTTP\Response->send()
#6 D:\laragon\www\method-oldagehome\system\Debug\Exceptions.php(147): CodeIgniter\Debug\ExceptionHandler->handle(Object(CodeIgniter\Exceptions\PageNotFoundException), Object(CodeIgniter\HTTP\IncomingRequest), Object(CodeIgniter\HTTP\Response), 404, 1)
#7 [internal function]: CodeIgniter\Debug\Exceptions->exceptionHandler(Object(CodeIgniter\Exceptions\PageNotFoundException))
#8 {main}
  thrown
【Previous Exception】
CodeIgniter\Exceptions\PageNotFoundException
Page Not Found
#0 D:\laragon\www\method-oldagehome\system\CodeIgniter.php(967): CodeIgniter\Exceptions\PageNotFoundException::forPageNotFound(NULL)
#1 D:\laragon\www\method-oldagehome\system\CodeIgniter.php(362): CodeIgniter\CodeIgniter->display404errors(Object(CodeIgniter\Exceptions\PageNotFoundException))
#2 D:\laragon\www\method-oldagehome\public\index.php(79): CodeIgniter\CodeIgniter->run()
#3 D:\laragon\www\method-oldagehome\system\Commands\Server\rewrite.php(47): require_once('D:\\laragon\\www\\...')
#4 {main}
in SYSTEMPATH\HTTP\ResponseTrait.php on line 774.
 1 [internal function]: CodeIgniter\Debug\Exceptions->shutdownHandler()
CRITICAL - 2024-11-11 05:56:07 --> Uncaught ErrorException: Cannot modify header information - headers already sent in D:\laragon\www\method-oldagehome\system\HTTP\ResponseTrait.php:774
Stack trace:
#0 [internal function]: CodeIgniter\Debug\Exceptions->errorHandler(2, 'Cannot modify h...', 'D:\\laragon\\www\\...', 774)
#1 D:\laragon\www\method-oldagehome\system\HTTP\ResponseTrait.php(774): setcookie('ci_session', 'p1mlsgirhht6kcj...', Array)
#2 D:\laragon\www\method-oldagehome\system\HTTP\ResponseTrait.php(750): CodeIgniter\HTTP\Response->doSetCookie('ci_session', 'p1mlsgirhht6kcj...', Array)
#3 D:\laragon\www\method-oldagehome\system\HTTP\ResponseTrait.php(730): CodeIgniter\HTTP\Response->dispatchCookies()
#4 D:\laragon\www\method-oldagehome\system\HTTP\ResponseTrait.php(447): CodeIgniter\HTTP\Response->sendCookies()
#5 D:\laragon\www\method-oldagehome\system\Debug\ExceptionHandler.php(78): CodeIgniter\HTTP\Response->send()
#6 D:\laragon\www\method-oldagehome\system\Debug\Exceptions.php(147): CodeIgniter\Debug\ExceptionHandler->handle(Object(CodeIgniter\Exceptions\PageNotFoundException), Object(CodeIgniter\HTTP\IncomingRequest), Object(CodeIgniter\HTTP\Response), 404, 1)
#7 [internal function]: CodeIgniter\Debug\Exceptions->exceptionHandler(Object(CodeIgniter\Exceptions\PageNotFoundException))
#8 {main}
  thrown
【Previous Exception】
CodeIgniter\Exceptions\PageNotFoundException
Page Not Found
#0 D:\laragon\www\method-oldagehome\system\CodeIgniter.php(967): CodeIgniter\Exceptions\PageNotFoundException::forPageNotFound(NULL)
#1 D:\laragon\www\method-oldagehome\system\CodeIgniter.php(362): CodeIgniter\CodeIgniter->display404errors(Object(CodeIgniter\Exceptions\PageNotFoundException))
#2 D:\laragon\www\method-oldagehome\public\index.php(79): CodeIgniter\CodeIgniter->run()
#3 D:\laragon\www\method-oldagehome\system\Commands\Server\rewrite.php(47): require_once('D:\\laragon\\www\\...')
#4 {main}
in SYSTEMPATH\HTTP\ResponseTrait.php on line 774.
 1 [internal function]: CodeIgniter\Debug\Exceptions->shutdownHandler()
CRITICAL - 2024-11-11 05:56:08 --> Uncaught ErrorException: Cannot modify header information - headers already sent in D:\laragon\www\method-oldagehome\system\HTTP\ResponseTrait.php:774
Stack trace:
#0 [internal function]: CodeIgniter\Debug\Exceptions->errorHandler(2, 'Cannot modify h...', 'D:\\laragon\\www\\...', 774)
#1 D:\laragon\www\method-oldagehome\system\HTTP\ResponseTrait.php(774): setcookie('ci_session', 'p1mlsgirhht6kcj...', Array)
#2 D:\laragon\www\method-oldagehome\system\HTTP\ResponseTrait.php(750): CodeIgniter\HTTP\Response->doSetCookie('ci_session', 'p1mlsgirhht6kcj...', Array)
#3 D:\laragon\www\method-oldagehome\system\HTTP\ResponseTrait.php(730): CodeIgniter\HTTP\Response->dispatchCookies()
#4 D:\laragon\www\method-oldagehome\system\HTTP\ResponseTrait.php(447): CodeIgniter\HTTP\Response->sendCookies()
#5 D:\laragon\www\method-oldagehome\system\Debug\ExceptionHandler.php(78): CodeIgniter\HTTP\Response->send()
#6 D:\laragon\www\method-oldagehome\system\Debug\Exceptions.php(147): CodeIgniter\Debug\ExceptionHandler->handle(Object(CodeIgniter\Exceptions\PageNotFoundException), Object(CodeIgniter\HTTP\IncomingRequest), Object(CodeIgniter\HTTP\Response), 404, 1)
#7 [internal function]: CodeIgniter\Debug\Exceptions->exceptionHandler(Object(CodeIgniter\Exceptions\PageNotFoundException))
#8 {main}
  thrown
【Previous Exception】
CodeIgniter\Exceptions\PageNotFoundException
Page Not Found
#0 D:\laragon\www\method-oldagehome\system\CodeIgniter.php(967): CodeIgniter\Exceptions\PageNotFoundException::forPageNotFound(NULL)
#1 D:\laragon\www\method-oldagehome\system\CodeIgniter.php(362): CodeIgniter\CodeIgniter->display404errors(Object(CodeIgniter\Exceptions\PageNotFoundException))
#2 D:\laragon\www\method-oldagehome\public\index.php(79): CodeIgniter\CodeIgniter->run()
#3 D:\laragon\www\method-oldagehome\system\Commands\Server\rewrite.php(47): require_once('D:\\laragon\\www\\...')
#4 {main}
in SYSTEMPATH\HTTP\ResponseTrait.php on line 774.
 1 [internal function]: CodeIgniter\Debug\Exceptions->shutdownHandler()
CRITICAL - 2024-11-11 05:56:09 --> Uncaught ErrorException: Cannot modify header information - headers already sent in D:\laragon\www\method-oldagehome\system\HTTP\ResponseTrait.php:774
Stack trace:
#0 [internal function]: CodeIgniter\Debug\Exceptions->errorHandler(2, 'Cannot modify h...', 'D:\\laragon\\www\\...', 774)
#1 D:\laragon\www\method-oldagehome\system\HTTP\ResponseTrait.php(774): setcookie('ci_session', 'p1mlsgirhht6kcj...', Array)
#2 D:\laragon\www\method-oldagehome\system\HTTP\ResponseTrait.php(750): CodeIgniter\HTTP\Response->doSetCookie('ci_session', 'p1mlsgirhht6kcj...', Array)
#3 D:\laragon\www\method-oldagehome\system\HTTP\ResponseTrait.php(730): CodeIgniter\HTTP\Response->dispatchCookies()
#4 D:\laragon\www\method-oldagehome\system\HTTP\ResponseTrait.php(447): CodeIgniter\HTTP\Response->sendCookies()
#5 D:\laragon\www\method-oldagehome\system\Debug\ExceptionHandler.php(78): CodeIgniter\HTTP\Response->send()
#6 D:\laragon\www\method-oldagehome\system\Debug\Exceptions.php(147): CodeIgniter\Debug\ExceptionHandler->handle(Object(CodeIgniter\Exceptions\PageNotFoundException), Object(CodeIgniter\HTTP\IncomingRequest), Object(CodeIgniter\HTTP\Response), 404, 1)
#7 [internal function]: CodeIgniter\Debug\Exceptions->exceptionHandler(Object(CodeIgniter\Exceptions\PageNotFoundException))
#8 {main}
  thrown
【Previous Exception】
CodeIgniter\Exceptions\PageNotFoundException
Page Not Found
#0 D:\laragon\www\method-oldagehome\system\CodeIgniter.php(967): CodeIgniter\Exceptions\PageNotFoundException::forPageNotFound(NULL)
#1 D:\laragon\www\method-oldagehome\system\CodeIgniter.php(362): CodeIgniter\CodeIgniter->display404errors(Object(CodeIgniter\Exceptions\PageNotFoundException))
#2 D:\laragon\www\method-oldagehome\public\index.php(79): CodeIgniter\CodeIgniter->run()
#3 D:\laragon\www\method-oldagehome\system\Commands\Server\rewrite.php(47): require_once('D:\\laragon\\www\\...')
#4 {main}
in SYSTEMPATH\HTTP\ResponseTrait.php on line 774.
 1 [internal function]: CodeIgniter\Debug\Exceptions->shutdownHandler()
CRITICAL - 2024-11-11 05:56:10 --> Uncaught ErrorException: Cannot modify header information - headers already sent in D:\laragon\www\method-oldagehome\system\HTTP\ResponseTrait.php:774
Stack trace:
#0 [internal function]: CodeIgniter\Debug\Exceptions->errorHandler(2, 'Cannot modify h...', 'D:\\laragon\\www\\...', 774)
#1 D:\laragon\www\method-oldagehome\system\HTTP\ResponseTrait.php(774): setcookie('ci_session', 'p1mlsgirhht6kcj...', Array)
#2 D:\laragon\www\method-oldagehome\system\HTTP\ResponseTrait.php(750): CodeIgniter\HTTP\Response->doSetCookie('ci_session', 'p1mlsgirhht6kcj...', Array)
#3 D:\laragon\www\method-oldagehome\system\HTTP\ResponseTrait.php(730): CodeIgniter\HTTP\Response->dispatchCookies()
#4 D:\laragon\www\method-oldagehome\system\HTTP\ResponseTrait.php(447): CodeIgniter\HTTP\Response->sendCookies()
#5 D:\laragon\www\method-oldagehome\system\Debug\ExceptionHandler.php(78): CodeIgniter\HTTP\Response->send()
#6 D:\laragon\www\method-oldagehome\system\Debug\Exceptions.php(147): CodeIgniter\Debug\ExceptionHandler->handle(Object(CodeIgniter\Exceptions\PageNotFoundException), Object(CodeIgniter\HTTP\IncomingRequest), Object(CodeIgniter\HTTP\Response), 404, 1)
#7 [internal function]: CodeIgniter\Debug\Exceptions->exceptionHandler(Object(CodeIgniter\Exceptions\PageNotFoundException))
#8 {main}
  thrown
【Previous Exception】
CodeIgniter\Exceptions\PageNotFoundException
Page Not Found
#0 D:\laragon\www\method-oldagehome\system\CodeIgniter.php(967): CodeIgniter\Exceptions\PageNotFoundException::forPageNotFound(NULL)
#1 D:\laragon\www\method-oldagehome\system\CodeIgniter.php(362): CodeIgniter\CodeIgniter->display404errors(Object(CodeIgniter\Exceptions\PageNotFoundException))
#2 D:\laragon\www\method-oldagehome\public\index.php(79): CodeIgniter\CodeIgniter->run()
#3 D:\laragon\www\method-oldagehome\system\Commands\Server\rewrite.php(47): require_once('D:\\laragon\\www\\...')
#4 {main}
in SYSTEMPATH\HTTP\ResponseTrait.php on line 774.
 1 [internal function]: CodeIgniter\Debug\Exceptions->shutdownHandler()
CRITICAL - 2024-11-11 05:56:11 --> Uncaught ErrorException: Cannot modify header information - headers already sent in D:\laragon\www\method-oldagehome\system\HTTP\ResponseTrait.php:774
Stack trace:
#0 [internal function]: CodeIgniter\Debug\Exceptions->errorHandler(2, 'Cannot modify h...', 'D:\\laragon\\www\\...', 774)
#1 D:\laragon\www\method-oldagehome\system\HTTP\ResponseTrait.php(774): setcookie('ci_session', 'p1mlsgirhht6kcj...', Array)
#2 D:\laragon\www\method-oldagehome\system\HTTP\ResponseTrait.php(750): CodeIgniter\HTTP\Response->doSetCookie('ci_session', 'p1mlsgirhht6kcj...', Array)
#3 D:\laragon\www\method-oldagehome\system\HTTP\ResponseTrait.php(730): CodeIgniter\HTTP\Response->dispatchCookies()
#4 D:\laragon\www\method-oldagehome\system\HTTP\ResponseTrait.php(447): CodeIgniter\HTTP\Response->sendCookies()
#5 D:\laragon\www\method-oldagehome\system\Debug\ExceptionHandler.php(78): CodeIgniter\HTTP\Response->send()
#6 D:\laragon\www\method-oldagehome\system\Debug\Exceptions.php(147): CodeIgniter\Debug\ExceptionHandler->handle(Object(CodeIgniter\Exceptions\PageNotFoundException), Object(CodeIgniter\HTTP\IncomingRequest), Object(CodeIgniter\HTTP\Response), 404, 1)
#7 [internal function]: CodeIgniter\Debug\Exceptions->exceptionHandler(Object(CodeIgniter\Exceptions\PageNotFoundException))
#8 {main}
  thrown
【Previous Exception】
CodeIgniter\Exceptions\PageNotFoundException
Page Not Found
#0 D:\laragon\www\method-oldagehome\system\CodeIgniter.php(967): CodeIgniter\Exceptions\PageNotFoundException::forPageNotFound(NULL)
#1 D:\laragon\www\method-oldagehome\system\CodeIgniter.php(362): CodeIgniter\CodeIgniter->display404errors(Object(CodeIgniter\Exceptions\PageNotFoundException))
#2 D:\laragon\www\method-oldagehome\public\index.php(79): CodeIgniter\CodeIgniter->run()
#3 D:\laragon\www\method-oldagehome\system\Commands\Server\rewrite.php(47): require_once('D:\\laragon\\www\\...')
#4 {main}
in SYSTEMPATH\HTTP\ResponseTrait.php on line 774.
 1 [internal function]: CodeIgniter\Debug\Exceptions->shutdownHandler()
CRITICAL - 2024-11-11 05:56:12 --> Uncaught ErrorException: Cannot modify header information - headers already sent in D:\laragon\www\method-oldagehome\system\HTTP\ResponseTrait.php:774
Stack trace:
#0 [internal function]: CodeIgniter\Debug\Exceptions->errorHandler(2, 'Cannot modify h...', 'D:\\laragon\\www\\...', 774)
#1 D:\laragon\www\method-oldagehome\system\HTTP\ResponseTrait.php(774): setcookie('ci_session', 'p1mlsgirhht6kcj...', Array)
#2 D:\laragon\www\method-oldagehome\system\HTTP\ResponseTrait.php(750): CodeIgniter\HTTP\Response->doSetCookie('ci_session', 'p1mlsgirhht6kcj...', Array)
#3 D:\laragon\www\method-oldagehome\system\HTTP\ResponseTrait.php(730): CodeIgniter\HTTP\Response->dispatchCookies()
#4 D:\laragon\www\method-oldagehome\system\HTTP\ResponseTrait.php(447): CodeIgniter\HTTP\Response->sendCookies()
#5 D:\laragon\www\method-oldagehome\system\Debug\ExceptionHandler.php(78): CodeIgniter\HTTP\Response->send()
#6 D:\laragon\www\method-oldagehome\system\Debug\Exceptions.php(147): CodeIgniter\Debug\ExceptionHandler->handle(Object(CodeIgniter\Exceptions\PageNotFoundException), Object(CodeIgniter\HTTP\IncomingRequest), Object(CodeIgniter\HTTP\Response), 404, 1)
#7 [internal function]: CodeIgniter\Debug\Exceptions->exceptionHandler(Object(CodeIgniter\Exceptions\PageNotFoundException))
#8 {main}
  thrown
【Previous Exception】
CodeIgniter\Exceptions\PageNotFoundException
Page Not Found
#0 D:\laragon\www\method-oldagehome\system\CodeIgniter.php(967): CodeIgniter\Exceptions\PageNotFoundException::forPageNotFound(NULL)
#1 D:\laragon\www\method-oldagehome\system\CodeIgniter.php(362): CodeIgniter\CodeIgniter->display404errors(Object(CodeIgniter\Exceptions\PageNotFoundException))
#2 D:\laragon\www\method-oldagehome\public\index.php(79): CodeIgniter\CodeIgniter->run()
#3 D:\laragon\www\method-oldagehome\system\Commands\Server\rewrite.php(47): require_once('D:\\laragon\\www\\...')
#4 {main}
in SYSTEMPATH\HTTP\ResponseTrait.php on line 774.
 1 [internal function]: CodeIgniter\Debug\Exceptions->shutdownHandler()
CRITICAL - 2024-11-11 05:56:13 --> Uncaught ErrorException: Cannot modify header information - headers already sent in D:\laragon\www\method-oldagehome\system\HTTP\ResponseTrait.php:774
Stack trace:
#0 [internal function]: CodeIgniter\Debug\Exceptions->errorHandler(2, 'Cannot modify h...', 'D:\\laragon\\www\\...', 774)
#1 D:\laragon\www\method-oldagehome\system\HTTP\ResponseTrait.php(774): setcookie('ci_session', 'p1mlsgirhht6kcj...', Array)
#2 D:\laragon\www\method-oldagehome\system\HTTP\ResponseTrait.php(750): CodeIgniter\HTTP\Response->doSetCookie('ci_session', 'p1mlsgirhht6kcj...', Array)
#3 D:\laragon\www\method-oldagehome\system\HTTP\ResponseTrait.php(730): CodeIgniter\HTTP\Response->dispatchCookies()
#4 D:\laragon\www\method-oldagehome\system\HTTP\ResponseTrait.php(447): CodeIgniter\HTTP\Response->sendCookies()
#5 D:\laragon\www\method-oldagehome\system\Debug\ExceptionHandler.php(78): CodeIgniter\HTTP\Response->send()
#6 D:\laragon\www\method-oldagehome\system\Debug\Exceptions.php(147): CodeIgniter\Debug\ExceptionHandler->handle(Object(CodeIgniter\Exceptions\PageNotFoundException), Object(CodeIgniter\HTTP\IncomingRequest), Object(CodeIgniter\HTTP\Response), 404, 1)
#7 [internal function]: CodeIgniter\Debug\Exceptions->exceptionHandler(Object(CodeIgniter\Exceptions\PageNotFoundException))
#8 {main}
  thrown
【Previous Exception】
CodeIgniter\Exceptions\PageNotFoundException
Page Not Found
#0 D:\laragon\www\method-oldagehome\system\CodeIgniter.php(967): CodeIgniter\Exceptions\PageNotFoundException::forPageNotFound(NULL)
#1 D:\laragon\www\method-oldagehome\system\CodeIgniter.php(362): CodeIgniter\CodeIgniter->display404errors(Object(CodeIgniter\Exceptions\PageNotFoundException))
#2 D:\laragon\www\method-oldagehome\public\index.php(79): CodeIgniter\CodeIgniter->run()
#3 D:\laragon\www\method-oldagehome\system\Commands\Server\rewrite.php(47): require_once('D:\\laragon\\www\\...')
#4 {main}
in SYSTEMPATH\HTTP\ResponseTrait.php on line 774.
 1 [internal function]: CodeIgniter\Debug\Exceptions->shutdownHandler()
CRITICAL - 2024-11-11 05:56:14 --> Uncaught ErrorException: Cannot modify header information - headers already sent in D:\laragon\www\method-oldagehome\system\HTTP\ResponseTrait.php:774
Stack trace:
#0 [internal function]: CodeIgniter\Debug\Exceptions->errorHandler(2, 'Cannot modify h...', 'D:\\laragon\\www\\...', 774)
#1 D:\laragon\www\method-oldagehome\system\HTTP\ResponseTrait.php(774): setcookie('ci_session', 'p1mlsgirhht6kcj...', Array)
#2 D:\laragon\www\method-oldagehome\system\HTTP\ResponseTrait.php(750): CodeIgniter\HTTP\Response->doSetCookie('ci_session', 'p1mlsgirhht6kcj...', Array)
#3 D:\laragon\www\method-oldagehome\system\HTTP\ResponseTrait.php(730): CodeIgniter\HTTP\Response->dispatchCookies()
#4 D:\laragon\www\method-oldagehome\system\HTTP\ResponseTrait.php(447): CodeIgniter\HTTP\Response->sendCookies()
#5 D:\laragon\www\method-oldagehome\system\Debug\ExceptionHandler.php(78): CodeIgniter\HTTP\Response->send()
#6 D:\laragon\www\method-oldagehome\system\Debug\Exceptions.php(147): CodeIgniter\Debug\ExceptionHandler->handle(Object(CodeIgniter\Exceptions\PageNotFoundException), Object(CodeIgniter\HTTP\IncomingRequest), Object(CodeIgniter\HTTP\Response), 404, 1)
#7 [internal function]: CodeIgniter\Debug\Exceptions->exceptionHandler(Object(CodeIgniter\Exceptions\PageNotFoundException))
#8 {main}
  thrown
【Previous Exception】
CodeIgniter\Exceptions\PageNotFoundException
Page Not Found
#0 D:\laragon\www\method-oldagehome\system\CodeIgniter.php(967): CodeIgniter\Exceptions\PageNotFoundException::forPageNotFound(NULL)
#1 D:\laragon\www\method-oldagehome\system\CodeIgniter.php(362): CodeIgniter\CodeIgniter->display404errors(Object(CodeIgniter\Exceptions\PageNotFoundException))
#2 D:\laragon\www\method-oldagehome\public\index.php(79): CodeIgniter\CodeIgniter->run()
#3 D:\laragon\www\method-oldagehome\system\Commands\Server\rewrite.php(47): require_once('D:\\laragon\\www\\...')
#4 {main}
in SYSTEMPATH\HTTP\ResponseTrait.php on line 774.
 1 [internal function]: CodeIgniter\Debug\Exceptions->shutdownHandler()
CRITICAL - 2024-11-11 05:56:15 --> Uncaught ErrorException: Cannot modify header information - headers already sent in D:\laragon\www\method-oldagehome\system\HTTP\ResponseTrait.php:774
Stack trace:
#0 [internal function]: CodeIgniter\Debug\Exceptions->errorHandler(2, 'Cannot modify h...', 'D:\\laragon\\www\\...', 774)
#1 D:\laragon\www\method-oldagehome\system\HTTP\ResponseTrait.php(774): setcookie('ci_session', 'p1mlsgirhht6kcj...', Array)
#2 D:\laragon\www\method-oldagehome\system\HTTP\ResponseTrait.php(750): CodeIgniter\HTTP\Response->doSetCookie('ci_session', 'p1mlsgirhht6kcj...', Array)
#3 D:\laragon\www\method-oldagehome\system\HTTP\ResponseTrait.php(730): CodeIgniter\HTTP\Response->dispatchCookies()
#4 D:\laragon\www\method-oldagehome\system\HTTP\ResponseTrait.php(447): CodeIgniter\HTTP\Response->sendCookies()
#5 D:\laragon\www\method-oldagehome\system\Debug\ExceptionHandler.php(78): CodeIgniter\HTTP\Response->send()
#6 D:\laragon\www\method-oldagehome\system\Debug\Exceptions.php(147): CodeIgniter\Debug\ExceptionHandler->handle(Object(CodeIgniter\Exceptions\PageNotFoundException), Object(CodeIgniter\HTTP\IncomingRequest), Object(CodeIgniter\HTTP\Response), 404, 1)
#7 [internal function]: CodeIgniter\Debug\Exceptions->exceptionHandler(Object(CodeIgniter\Exceptions\PageNotFoundException))
#8 {main}
  thrown
【Previous Exception】
CodeIgniter\Exceptions\PageNotFoundException
Page Not Found
#0 D:\laragon\www\method-oldagehome\system\CodeIgniter.php(967): CodeIgniter\Exceptions\PageNotFoundException::forPageNotFound(NULL)
#1 D:\laragon\www\method-oldagehome\system\CodeIgniter.php(362): CodeIgniter\CodeIgniter->display404errors(Object(CodeIgniter\Exceptions\PageNotFoundException))
#2 D:\laragon\www\method-oldagehome\public\index.php(79): CodeIgniter\CodeIgniter->run()
#3 D:\laragon\www\method-oldagehome\system\Commands\Server\rewrite.php(47): require_once('D:\\laragon\\www\\...')
#4 {main}
in SYSTEMPATH\HTTP\ResponseTrait.php on line 774.
 1 [internal function]: CodeIgniter\Debug\Exceptions->shutdownHandler()
CRITICAL - 2024-11-11 05:56:16 --> Uncaught ErrorException: Cannot modify header information - headers already sent in D:\laragon\www\method-oldagehome\system\HTTP\ResponseTrait.php:774
Stack trace:
#0 [internal function]: CodeIgniter\Debug\Exceptions->errorHandler(2, 'Cannot modify h...', 'D:\\laragon\\www\\...', 774)
#1 D:\laragon\www\method-oldagehome\system\HTTP\ResponseTrait.php(774): setcookie('ci_session', 'p1mlsgirhht6kcj...', Array)
#2 D:\laragon\www\method-oldagehome\system\HTTP\ResponseTrait.php(750): CodeIgniter\HTTP\Response->doSetCookie('ci_session', 'p1mlsgirhht6kcj...', Array)
#3 D:\laragon\www\method-oldagehome\system\HTTP\ResponseTrait.php(730): CodeIgniter\HTTP\Response->dispatchCookies()
#4 D:\laragon\www\method-oldagehome\system\HTTP\ResponseTrait.php(447): CodeIgniter\HTTP\Response->sendCookies()
#5 D:\laragon\www\method-oldagehome\system\Debug\ExceptionHandler.php(78): CodeIgniter\HTTP\Response->send()
#6 D:\laragon\www\method-oldagehome\system\Debug\Exceptions.php(147): CodeIgniter\Debug\ExceptionHandler->handle(Object(CodeIgniter\Exceptions\PageNotFoundException), Object(CodeIgniter\HTTP\IncomingRequest), Object(CodeIgniter\HTTP\Response), 404, 1)
#7 [internal function]: CodeIgniter\Debug\Exceptions->exceptionHandler(Object(CodeIgniter\Exceptions\PageNotFoundException))
#8 {main}
  thrown
【Previous Exception】
CodeIgniter\Exceptions\PageNotFoundException
Page Not Found
#0 D:\laragon\www\method-oldagehome\system\CodeIgniter.php(967): CodeIgniter\Exceptions\PageNotFoundException::forPageNotFound(NULL)
#1 D:\laragon\www\method-oldagehome\system\CodeIgniter.php(362): CodeIgniter\CodeIgniter->display404errors(Object(CodeIgniter\Exceptions\PageNotFoundException))
#2 D:\laragon\www\method-oldagehome\public\index.php(79): CodeIgniter\CodeIgniter->run()
#3 D:\laragon\www\method-oldagehome\system\Commands\Server\rewrite.php(47): require_once('D:\\laragon\\www\\...')
#4 {main}
in SYSTEMPATH\HTTP\ResponseTrait.php on line 774.
 1 [internal function]: CodeIgniter\Debug\Exceptions->shutdownHandler()
CRITICAL - 2024-11-11 05:56:17 --> Uncaught ErrorException: Cannot modify header information - headers already sent in D:\laragon\www\method-oldagehome\system\HTTP\ResponseTrait.php:774
Stack trace:
#0 [internal function]: CodeIgniter\Debug\Exceptions->errorHandler(2, 'Cannot modify h...', 'D:\\laragon\\www\\...', 774)
#1 D:\laragon\www\method-oldagehome\system\HTTP\ResponseTrait.php(774): setcookie('ci_session', 'p1mlsgirhht6kcj...', Array)
#2 D:\laragon\www\method-oldagehome\system\HTTP\ResponseTrait.php(750): CodeIgniter\HTTP\Response->doSetCookie('ci_session', 'p1mlsgirhht6kcj...', Array)
#3 D:\laragon\www\method-oldagehome\system\HTTP\ResponseTrait.php(730): CodeIgniter\HTTP\Response->dispatchCookies()
#4 D:\laragon\www\method-oldagehome\system\HTTP\ResponseTrait.php(447): CodeIgniter\HTTP\Response->sendCookies()
#5 D:\laragon\www\method-oldagehome\system\Debug\ExceptionHandler.php(78): CodeIgniter\HTTP\Response->send()
#6 D:\laragon\www\method-oldagehome\system\Debug\Exceptions.php(147): CodeIgniter\Debug\ExceptionHandler->handle(Object(CodeIgniter\Exceptions\PageNotFoundException), Object(CodeIgniter\HTTP\IncomingRequest), Object(CodeIgniter\HTTP\Response), 404, 1)
#7 [internal function]: CodeIgniter\Debug\Exceptions->exceptionHandler(Object(CodeIgniter\Exceptions\PageNotFoundException))
#8 {main}
  thrown
【Previous Exception】
CodeIgniter\Exceptions\PageNotFoundException
Page Not Found
#0 D:\laragon\www\method-oldagehome\system\CodeIgniter.php(967): CodeIgniter\Exceptions\PageNotFoundException::forPageNotFound(NULL)
#1 D:\laragon\www\method-oldagehome\system\CodeIgniter.php(362): CodeIgniter\CodeIgniter->display404errors(Object(CodeIgniter\Exceptions\PageNotFoundException))
#2 D:\laragon\www\method-oldagehome\public\index.php(79): CodeIgniter\CodeIgniter->run()
#3 D:\laragon\www\method-oldagehome\system\Commands\Server\rewrite.php(47): require_once('D:\\laragon\\www\\...')
#4 {main}
in SYSTEMPATH\HTTP\ResponseTrait.php on line 774.
 1 [internal function]: CodeIgniter\Debug\Exceptions->shutdownHandler()
CRITICAL - 2024-11-11 05:56:18 --> Uncaught ErrorException: Cannot modify header information - headers already sent in D:\laragon\www\method-oldagehome\system\HTTP\ResponseTrait.php:774
Stack trace:
#0 [internal function]: CodeIgniter\Debug\Exceptions->errorHandler(2, 'Cannot modify h...', 'D:\\laragon\\www\\...', 774)
#1 D:\laragon\www\method-oldagehome\system\HTTP\ResponseTrait.php(774): setcookie('ci_session', 'p1mlsgirhht6kcj...', Array)
#2 D:\laragon\www\method-oldagehome\system\HTTP\ResponseTrait.php(750): CodeIgniter\HTTP\Response->doSetCookie('ci_session', 'p1mlsgirhht6kcj...', Array)
#3 D:\laragon\www\method-oldagehome\system\HTTP\ResponseTrait.php(730): CodeIgniter\HTTP\Response->dispatchCookies()
#4 D:\laragon\www\method-oldagehome\system\HTTP\ResponseTrait.php(447): CodeIgniter\HTTP\Response->sendCookies()
#5 D:\laragon\www\method-oldagehome\system\Debug\ExceptionHandler.php(78): CodeIgniter\HTTP\Response->send()
#6 D:\laragon\www\method-oldagehome\system\Debug\Exceptions.php(147): CodeIgniter\Debug\ExceptionHandler->handle(Object(CodeIgniter\Exceptions\PageNotFoundException), Object(CodeIgniter\HTTP\IncomingRequest), Object(CodeIgniter\HTTP\Response), 404, 1)
#7 [internal function]: CodeIgniter\Debug\Exceptions->exceptionHandler(Object(CodeIgniter\Exceptions\PageNotFoundException))
#8 {main}
  thrown
【Previous Exception】
CodeIgniter\Exceptions\PageNotFoundException
Page Not Found
#0 D:\laragon\www\method-oldagehome\system\CodeIgniter.php(967): CodeIgniter\Exceptions\PageNotFoundException::forPageNotFound(NULL)
#1 D:\laragon\www\method-oldagehome\system\CodeIgniter.php(362): CodeIgniter\CodeIgniter->display404errors(Object(CodeIgniter\Exceptions\PageNotFoundException))
#2 D:\laragon\www\method-oldagehome\public\index.php(79): CodeIgniter\CodeIgniter->run()
#3 D:\laragon\www\method-oldagehome\system\Commands\Server\rewrite.php(47): require_once('D:\\laragon\\www\\...')
#4 {main}
in SYSTEMPATH\HTTP\ResponseTrait.php on line 774.
 1 [internal function]: CodeIgniter\Debug\Exceptions->shutdownHandler()
CRITICAL - 2024-11-11 05:56:19 --> Uncaught ErrorException: Cannot modify header information - headers already sent in D:\laragon\www\method-oldagehome\system\HTTP\ResponseTrait.php:774
Stack trace:
#0 [internal function]: CodeIgniter\Debug\Exceptions->errorHandler(2, 'Cannot modify h...', 'D:\\laragon\\www\\...', 774)
#1 D:\laragon\www\method-oldagehome\system\HTTP\ResponseTrait.php(774): setcookie('ci_session', 'p1mlsgirhht6kcj...', Array)
#2 D:\laragon\www\method-oldagehome\system\HTTP\ResponseTrait.php(750): CodeIgniter\HTTP\Response->doSetCookie('ci_session', 'p1mlsgirhht6kcj...', Array)
#3 D:\laragon\www\method-oldagehome\system\HTTP\ResponseTrait.php(730): CodeIgniter\HTTP\Response->dispatchCookies()
#4 D:\laragon\www\method-oldagehome\system\HTTP\ResponseTrait.php(447): CodeIgniter\HTTP\Response->sendCookies()
#5 D:\laragon\www\method-oldagehome\system\Debug\ExceptionHandler.php(78): CodeIgniter\HTTP\Response->send()
#6 D:\laragon\www\method-oldagehome\system\Debug\Exceptions.php(147): CodeIgniter\Debug\ExceptionHandler->handle(Object(CodeIgniter\Exceptions\PageNotFoundException), Object(CodeIgniter\HTTP\IncomingRequest), Object(CodeIgniter\HTTP\Response), 404, 1)
#7 [internal function]: CodeIgniter\Debug\Exceptions->exceptionHandler(Object(CodeIgniter\Exceptions\PageNotFoundException))
#8 {main}
  thrown
【Previous Exception】
CodeIgniter\Exceptions\PageNotFoundException
Page Not Found
#0 D:\laragon\www\method-oldagehome\system\CodeIgniter.php(967): CodeIgniter\Exceptions\PageNotFoundException::forPageNotFound(NULL)
#1 D:\laragon\www\method-oldagehome\system\CodeIgniter.php(362): CodeIgniter\CodeIgniter->display404errors(Object(CodeIgniter\Exceptions\PageNotFoundException))
#2 D:\laragon\www\method-oldagehome\public\index.php(79): CodeIgniter\CodeIgniter->run()
#3 D:\laragon\www\method-oldagehome\system\Commands\Server\rewrite.php(47): require_once('D:\\laragon\\www\\...')
#4 {main}
in SYSTEMPATH\HTTP\ResponseTrait.php on line 774.
 1 [internal function]: CodeIgniter\Debug\Exceptions->shutdownHandler()
CRITICAL - 2024-11-11 05:56:20 --> Uncaught ErrorException: Cannot modify header information - headers already sent in D:\laragon\www\method-oldagehome\system\HTTP\ResponseTrait.php:774
Stack trace:
#0 [internal function]: CodeIgniter\Debug\Exceptions->errorHandler(2, 'Cannot modify h...', 'D:\\laragon\\www\\...', 774)
#1 D:\laragon\www\method-oldagehome\system\HTTP\ResponseTrait.php(774): setcookie('ci_session', 'p1mlsgirhht6kcj...', Array)
#2 D:\laragon\www\method-oldagehome\system\HTTP\ResponseTrait.php(750): CodeIgniter\HTTP\Response->doSetCookie('ci_session', 'p1mlsgirhht6kcj...', Array)
#3 D:\laragon\www\method-oldagehome\system\HTTP\ResponseTrait.php(730): CodeIgniter\HTTP\Response->dispatchCookies()
#4 D:\laragon\www\method-oldagehome\system\HTTP\ResponseTrait.php(447): CodeIgniter\HTTP\Response->sendCookies()
#5 D:\laragon\www\method-oldagehome\system\Debug\ExceptionHandler.php(78): CodeIgniter\HTTP\Response->send()
#6 D:\laragon\www\method-oldagehome\system\Debug\Exceptions.php(147): CodeIgniter\Debug\ExceptionHandler->handle(Object(CodeIgniter\Exceptions\PageNotFoundException), Object(CodeIgniter\HTTP\IncomingRequest), Object(CodeIgniter\HTTP\Response), 404, 1)
#7 [internal function]: CodeIgniter\Debug\Exceptions->exceptionHandler(Object(CodeIgniter\Exceptions\PageNotFoundException))
#8 {main}
  thrown
【Previous Exception】
CodeIgniter\Exceptions\PageNotFoundException
Page Not Found
#0 D:\laragon\www\method-oldagehome\system\CodeIgniter.php(967): CodeIgniter\Exceptions\PageNotFoundException::forPageNotFound(NULL)
#1 D:\laragon\www\method-oldagehome\system\CodeIgniter.php(362): CodeIgniter\CodeIgniter->display404errors(Object(CodeIgniter\Exceptions\PageNotFoundException))
#2 D:\laragon\www\method-oldagehome\public\index.php(79): CodeIgniter\CodeIgniter->run()
#3 D:\laragon\www\method-oldagehome\system\Commands\Server\rewrite.php(47): require_once('D:\\laragon\\www\\...')
#4 {main}
in SYSTEMPATH\HTTP\ResponseTrait.php on line 774.
 1 [internal function]: CodeIgniter\Debug\Exceptions->shutdownHandler()
CRITICAL - 2024-11-11 05:56:27 --> Uncaught ErrorException: Cannot modify header information - headers already sent in D:\laragon\www\method-oldagehome\system\HTTP\ResponseTrait.php:774
Stack trace:
#0 [internal function]: CodeIgniter\Debug\Exceptions->errorHandler(2, 'Cannot modify h...', 'D:\\laragon\\www\\...', 774)
#1 D:\laragon\www\method-oldagehome\system\HTTP\ResponseTrait.php(774): setcookie('ci_session', 'p1mlsgirhht6kcj...', Array)
#2 D:\laragon\www\method-oldagehome\system\HTTP\ResponseTrait.php(750): CodeIgniter\HTTP\Response->doSetCookie('ci_session', 'p1mlsgirhht6kcj...', Array)
#3 D:\laragon\www\method-oldagehome\system\HTTP\ResponseTrait.php(730): CodeIgniter\HTTP\Response->dispatchCookies()
#4 D:\laragon\www\method-oldagehome\system\HTTP\ResponseTrait.php(447): CodeIgniter\HTTP\Response->sendCookies()
#5 D:\laragon\www\method-oldagehome\system\Debug\ExceptionHandler.php(78): CodeIgniter\HTTP\Response->send()
#6 D:\laragon\www\method-oldagehome\system\Debug\Exceptions.php(147): CodeIgniter\Debug\ExceptionHandler->handle(Object(CodeIgniter\Exceptions\PageNotFoundException), Object(CodeIgniter\HTTP\IncomingRequest), Object(CodeIgniter\HTTP\Response), 404, 1)
#7 [internal function]: CodeIgniter\Debug\Exceptions->exceptionHandler(Object(CodeIgniter\Exceptions\PageNotFoundException))
#8 {main}
  thrown
【Previous Exception】
CodeIgniter\Exceptions\PageNotFoundException
Page Not Found
#0 D:\laragon\www\method-oldagehome\system\CodeIgniter.php(967): CodeIgniter\Exceptions\PageNotFoundException::forPageNotFound(NULL)
#1 D:\laragon\www\method-oldagehome\system\CodeIgniter.php(362): CodeIgniter\CodeIgniter->display404errors(Object(CodeIgniter\Exceptions\PageNotFoundException))
#2 D:\laragon\www\method-oldagehome\public\index.php(79): CodeIgniter\CodeIgniter->run()
#3 D:\laragon\www\method-oldagehome\system\Commands\Server\rewrite.php(47): require_once('D:\\laragon\\www\\...')
#4 {main}
in SYSTEMPATH\HTTP\ResponseTrait.php on line 774.
 1 [internal function]: CodeIgniter\Debug\Exceptions->shutdownHandler()
CRITICAL - 2024-11-11 05:56:28 --> Uncaught ErrorException: Cannot modify header information - headers already sent in D:\laragon\www\method-oldagehome\system\HTTP\ResponseTrait.php:774
Stack trace:
#0 [internal function]: CodeIgniter\Debug\Exceptions->errorHandler(2, 'Cannot modify h...', 'D:\\laragon\\www\\...', 774)
#1 D:\laragon\www\method-oldagehome\system\HTTP\ResponseTrait.php(774): setcookie('ci_session', 'p1mlsgirhht6kcj...', Array)
#2 D:\laragon\www\method-oldagehome\system\HTTP\ResponseTrait.php(750): CodeIgniter\HTTP\Response->doSetCookie('ci_session', 'p1mlsgirhht6kcj...', Array)
#3 D:\laragon\www\method-oldagehome\system\HTTP\ResponseTrait.php(730): CodeIgniter\HTTP\Response->dispatchCookies()
#4 D:\laragon\www\method-oldagehome\system\HTTP\ResponseTrait.php(447): CodeIgniter\HTTP\Response->sendCookies()
#5 D:\laragon\www\method-oldagehome\system\Debug\ExceptionHandler.php(78): CodeIgniter\HTTP\Response->send()
#6 D:\laragon\www\method-oldagehome\system\Debug\Exceptions.php(147): CodeIgniter\Debug\ExceptionHandler->handle(Object(CodeIgniter\Exceptions\PageNotFoundException), Object(CodeIgniter\HTTP\IncomingRequest), Object(CodeIgniter\HTTP\Response), 404, 1)
#7 [internal function]: CodeIgniter\Debug\Exceptions->exceptionHandler(Object(CodeIgniter\Exceptions\PageNotFoundException))
#8 {main}
  thrown
【Previous Exception】
CodeIgniter\Exceptions\PageNotFoundException
Page Not Found
#0 D:\laragon\www\method-oldagehome\system\CodeIgniter.php(967): CodeIgniter\Exceptions\PageNotFoundException::forPageNotFound(NULL)
#1 D:\laragon\www\method-oldagehome\system\CodeIgniter.php(362): CodeIgniter\CodeIgniter->display404errors(Object(CodeIgniter\Exceptions\PageNotFoundException))
#2 D:\laragon\www\method-oldagehome\public\index.php(79): CodeIgniter\CodeIgniter->run()
#3 D:\laragon\www\method-oldagehome\system\Commands\Server\rewrite.php(47): require_once('D:\\laragon\\www\\...')
#4 {main}
in SYSTEMPATH\HTTP\ResponseTrait.php on line 774.
 1 [internal function]: CodeIgniter\Debug\Exceptions->shutdownHandler()
CRITICAL - 2024-11-11 05:56:29 --> Uncaught ErrorException: Cannot modify header information - headers already sent in D:\laragon\www\method-oldagehome\system\HTTP\ResponseTrait.php:774
Stack trace:
#0 [internal function]: CodeIgniter\Debug\Exceptions->errorHandler(2, 'Cannot modify h...', 'D:\\laragon\\www\\...', 774)
#1 D:\laragon\www\method-oldagehome\system\HTTP\ResponseTrait.php(774): setcookie('ci_session', 'p1mlsgirhht6kcj...', Array)
#2 D:\laragon\www\method-oldagehome\system\HTTP\ResponseTrait.php(750): CodeIgniter\HTTP\Response->doSetCookie('ci_session', 'p1mlsgirhht6kcj...', Array)
#3 D:\laragon\www\method-oldagehome\system\HTTP\ResponseTrait.php(730): CodeIgniter\HTTP\Response->dispatchCookies()
#4 D:\laragon\www\method-oldagehome\system\HTTP\ResponseTrait.php(447): CodeIgniter\HTTP\Response->sendCookies()
#5 D:\laragon\www\method-oldagehome\system\Debug\ExceptionHandler.php(78): CodeIgniter\HTTP\Response->send()
#6 D:\laragon\www\method-oldagehome\system\Debug\Exceptions.php(147): CodeIgniter\Debug\ExceptionHandler->handle(Object(CodeIgniter\Exceptions\PageNotFoundException), Object(CodeIgniter\HTTP\IncomingRequest), Object(CodeIgniter\HTTP\Response), 404, 1)
#7 [internal function]: CodeIgniter\Debug\Exceptions->exceptionHandler(Object(CodeIgniter\Exceptions\PageNotFoundException))
#8 {main}
  thrown
【Previous Exception】
CodeIgniter\Exceptions\PageNotFoundException
Page Not Found
#0 D:\laragon\www\method-oldagehome\system\CodeIgniter.php(967): CodeIgniter\Exceptions\PageNotFoundException::forPageNotFound(NULL)
#1 D:\laragon\www\method-oldagehome\system\CodeIgniter.php(362): CodeIgniter\CodeIgniter->display404errors(Object(CodeIgniter\Exceptions\PageNotFoundException))
#2 D:\laragon\www\method-oldagehome\public\index.php(79): CodeIgniter\CodeIgniter->run()
#3 D:\laragon\www\method-oldagehome\system\Commands\Server\rewrite.php(47): require_once('D:\\laragon\\www\\...')
#4 {main}
in SYSTEMPATH\HTTP\ResponseTrait.php on line 774.
 1 [internal function]: CodeIgniter\Debug\Exceptions->shutdownHandler()
CRITICAL - 2024-11-11 05:56:30 --> Uncaught ErrorException: Cannot modify header information - headers already sent in D:\laragon\www\method-oldagehome\system\HTTP\ResponseTrait.php:774
Stack trace:
#0 [internal function]: CodeIgniter\Debug\Exceptions->errorHandler(2, 'Cannot modify h...', 'D:\\laragon\\www\\...', 774)
#1 D:\laragon\www\method-oldagehome\system\HTTP\ResponseTrait.php(774): setcookie('ci_session', 'p1mlsgirhht6kcj...', Array)
#2 D:\laragon\www\method-oldagehome\system\HTTP\ResponseTrait.php(750): CodeIgniter\HTTP\Response->doSetCookie('ci_session', 'p1mlsgirhht6kcj...', Array)
#3 D:\laragon\www\method-oldagehome\system\HTTP\ResponseTrait.php(730): CodeIgniter\HTTP\Response->dispatchCookies()
#4 D:\laragon\www\method-oldagehome\system\HTTP\ResponseTrait.php(447): CodeIgniter\HTTP\Response->sendCookies()
#5 D:\laragon\www\method-oldagehome\system\Debug\ExceptionHandler.php(78): CodeIgniter\HTTP\Response->send()
#6 D:\laragon\www\method-oldagehome\system\Debug\Exceptions.php(147): CodeIgniter\Debug\ExceptionHandler->handle(Object(CodeIgniter\Exceptions\PageNotFoundException), Object(CodeIgniter\HTTP\IncomingRequest), Object(CodeIgniter\HTTP\Response), 404, 1)
#7 [internal function]: CodeIgniter\Debug\Exceptions->exceptionHandler(Object(CodeIgniter\Exceptions\PageNotFoundException))
#8 {main}
  thrown
【Previous Exception】
CodeIgniter\Exceptions\PageNotFoundException
Page Not Found
#0 D:\laragon\www\method-oldagehome\system\CodeIgniter.php(967): CodeIgniter\Exceptions\PageNotFoundException::forPageNotFound(NULL)
#1 D:\laragon\www\method-oldagehome\system\CodeIgniter.php(362): CodeIgniter\CodeIgniter->display404errors(Object(CodeIgniter\Exceptions\PageNotFoundException))
#2 D:\laragon\www\method-oldagehome\public\index.php(79): CodeIgniter\CodeIgniter->run()
#3 D:\laragon\www\method-oldagehome\system\Commands\Server\rewrite.php(47): require_once('D:\\laragon\\www\\...')
#4 {main}
in SYSTEMPATH\HTTP\ResponseTrait.php on line 774.
 1 [internal function]: CodeIgniter\Debug\Exceptions->shutdownHandler()
CRITICAL - 2024-11-11 05:56:31 --> Uncaught ErrorException: Cannot modify header information - headers already sent in D:\laragon\www\method-oldagehome\system\HTTP\ResponseTrait.php:774
Stack trace:
#0 [internal function]: CodeIgniter\Debug\Exceptions->errorHandler(2, 'Cannot modify h...', 'D:\\laragon\\www\\...', 774)
#1 D:\laragon\www\method-oldagehome\system\HTTP\ResponseTrait.php(774): setcookie('ci_session', 'p1mlsgirhht6kcj...', Array)
#2 D:\laragon\www\method-oldagehome\system\HTTP\ResponseTrait.php(750): CodeIgniter\HTTP\Response->doSetCookie('ci_session', 'p1mlsgirhht6kcj...', Array)
#3 D:\laragon\www\method-oldagehome\system\HTTP\ResponseTrait.php(730): CodeIgniter\HTTP\Response->dispatchCookies()
#4 D:\laragon\www\method-oldagehome\system\HTTP\ResponseTrait.php(447): CodeIgniter\HTTP\Response->sendCookies()
#5 D:\laragon\www\method-oldagehome\system\Debug\ExceptionHandler.php(78): CodeIgniter\HTTP\Response->send()
#6 D:\laragon\www\method-oldagehome\system\Debug\Exceptions.php(147): CodeIgniter\Debug\ExceptionHandler->handle(Object(CodeIgniter\Exceptions\PageNotFoundException), Object(CodeIgniter\HTTP\IncomingRequest), Object(CodeIgniter\HTTP\Response), 404, 1)
#7 [internal function]: CodeIgniter\Debug\Exceptions->exceptionHandler(Object(CodeIgniter\Exceptions\PageNotFoundException))
#8 {main}
  thrown
【Previous Exception】
CodeIgniter\Exceptions\PageNotFoundException
Page Not Found
#0 D:\laragon\www\method-oldagehome\system\CodeIgniter.php(967): CodeIgniter\Exceptions\PageNotFoundException::forPageNotFound(NULL)
#1 D:\laragon\www\method-oldagehome\system\CodeIgniter.php(362): CodeIgniter\CodeIgniter->display404errors(Object(CodeIgniter\Exceptions\PageNotFoundException))
#2 D:\laragon\www\method-oldagehome\public\index.php(79): CodeIgniter\CodeIgniter->run()
#3 D:\laragon\www\method-oldagehome\system\Commands\Server\rewrite.php(47): require_once('D:\\laragon\\www\\...')
#4 {main}
in SYSTEMPATH\HTTP\ResponseTrait.php on line 774.
 1 [internal function]: CodeIgniter\Debug\Exceptions->shutdownHandler()
CRITICAL - 2024-11-11 05:56:32 --> Uncaught ErrorException: Cannot modify header information - headers already sent in D:\laragon\www\method-oldagehome\system\HTTP\ResponseTrait.php:774
Stack trace:
#0 [internal function]: CodeIgniter\Debug\Exceptions->errorHandler(2, 'Cannot modify h...', 'D:\\laragon\\www\\...', 774)
#1 D:\laragon\www\method-oldagehome\system\HTTP\ResponseTrait.php(774): setcookie('ci_session', 'p1mlsgirhht6kcj...', Array)
#2 D:\laragon\www\method-oldagehome\system\HTTP\ResponseTrait.php(750): CodeIgniter\HTTP\Response->doSetCookie('ci_session', 'p1mlsgirhht6kcj...', Array)
#3 D:\laragon\www\method-oldagehome\system\HTTP\ResponseTrait.php(730): CodeIgniter\HTTP\Response->dispatchCookies()
#4 D:\laragon\www\method-oldagehome\system\HTTP\ResponseTrait.php(447): CodeIgniter\HTTP\Response->sendCookies()
#5 D:\laragon\www\method-oldagehome\system\Debug\ExceptionHandler.php(78): CodeIgniter\HTTP\Response->send()
#6 D:\laragon\www\method-oldagehome\system\Debug\Exceptions.php(147): CodeIgniter\Debug\ExceptionHandler->handle(Object(CodeIgniter\Exceptions\PageNotFoundException), Object(CodeIgniter\HTTP\IncomingRequest), Object(CodeIgniter\HTTP\Response), 404, 1)
#7 [internal function]: CodeIgniter\Debug\Exceptions->exceptionHandler(Object(CodeIgniter\Exceptions\PageNotFoundException))
#8 {main}
  thrown
【Previous Exception】
CodeIgniter\Exceptions\PageNotFoundException
Page Not Found
#0 D:\laragon\www\method-oldagehome\system\CodeIgniter.php(967): CodeIgniter\Exceptions\PageNotFoundException::forPageNotFound(NULL)
#1 D:\laragon\www\method-oldagehome\system\CodeIgniter.php(362): CodeIgniter\CodeIgniter->display404errors(Object(CodeIgniter\Exceptions\PageNotFoundException))
#2 D:\laragon\www\method-oldagehome\public\index.php(79): CodeIgniter\CodeIgniter->run()
#3 D:\laragon\www\method-oldagehome\system\Commands\Server\rewrite.php(47): require_once('D:\\laragon\\www\\...')
#4 {main}
in SYSTEMPATH\HTTP\ResponseTrait.php on line 774.
 1 [internal function]: CodeIgniter\Debug\Exceptions->shutdownHandler()
CRITICAL - 2024-11-11 05:56:33 --> Uncaught ErrorException: Cannot modify header information - headers already sent in D:\laragon\www\method-oldagehome\system\HTTP\ResponseTrait.php:774
Stack trace:
#0 [internal function]: CodeIgniter\Debug\Exceptions->errorHandler(2, 'Cannot modify h...', 'D:\\laragon\\www\\...', 774)
#1 D:\laragon\www\method-oldagehome\system\HTTP\ResponseTrait.php(774): setcookie('ci_session', 'p1mlsgirhht6kcj...', Array)
#2 D:\laragon\www\method-oldagehome\system\HTTP\ResponseTrait.php(750): CodeIgniter\HTTP\Response->doSetCookie('ci_session', 'p1mlsgirhht6kcj...', Array)
#3 D:\laragon\www\method-oldagehome\system\HTTP\ResponseTrait.php(730): CodeIgniter\HTTP\Response->dispatchCookies()
#4 D:\laragon\www\method-oldagehome\system\HTTP\ResponseTrait.php(447): CodeIgniter\HTTP\Response->sendCookies()
#5 D:\laragon\www\method-oldagehome\system\Debug\ExceptionHandler.php(78): CodeIgniter\HTTP\Response->send()
#6 D:\laragon\www\method-oldagehome\system\Debug\Exceptions.php(147): CodeIgniter\Debug\ExceptionHandler->handle(Object(CodeIgniter\Exceptions\PageNotFoundException), Object(CodeIgniter\HTTP\IncomingRequest), Object(CodeIgniter\HTTP\Response), 404, 1)
#7 [internal function]: CodeIgniter\Debug\Exceptions->exceptionHandler(Object(CodeIgniter\Exceptions\PageNotFoundException))
#8 {main}
  thrown
【Previous Exception】
CodeIgniter\Exceptions\PageNotFoundException
Page Not Found
#0 D:\laragon\www\method-oldagehome\system\CodeIgniter.php(967): CodeIgniter\Exceptions\PageNotFoundException::forPageNotFound(NULL)
#1 D:\laragon\www\method-oldagehome\system\CodeIgniter.php(362): CodeIgniter\CodeIgniter->display404errors(Object(CodeIgniter\Exceptions\PageNotFoundException))
#2 D:\laragon\www\method-oldagehome\public\index.php(79): CodeIgniter\CodeIgniter->run()
#3 D:\laragon\www\method-oldagehome\system\Commands\Server\rewrite.php(47): require_once('D:\\laragon\\www\\...')
#4 {main}
in SYSTEMPATH\HTTP\ResponseTrait.php on line 774.
 1 [internal function]: CodeIgniter\Debug\Exceptions->shutdownHandler()
CRITICAL - 2024-11-11 05:56:34 --> Uncaught ErrorException: Cannot modify header information - headers already sent in D:\laragon\www\method-oldagehome\system\HTTP\ResponseTrait.php:774
Stack trace:
#0 [internal function]: CodeIgniter\Debug\Exceptions->errorHandler(2, 'Cannot modify h...', 'D:\\laragon\\www\\...', 774)
#1 D:\laragon\www\method-oldagehome\system\HTTP\ResponseTrait.php(774): setcookie('ci_session', 'p1mlsgirhht6kcj...', Array)
#2 D:\laragon\www\method-oldagehome\system\HTTP\ResponseTrait.php(750): CodeIgniter\HTTP\Response->doSetCookie('ci_session', 'p1mlsgirhht6kcj...', Array)
#3 D:\laragon\www\method-oldagehome\system\HTTP\ResponseTrait.php(730): CodeIgniter\HTTP\Response->dispatchCookies()
#4 D:\laragon\www\method-oldagehome\system\HTTP\ResponseTrait.php(447): CodeIgniter\HTTP\Response->sendCookies()
#5 D:\laragon\www\method-oldagehome\system\Debug\ExceptionHandler.php(78): CodeIgniter\HTTP\Response->send()
#6 D:\laragon\www\method-oldagehome\system\Debug\Exceptions.php(147): CodeIgniter\Debug\ExceptionHandler->handle(Object(CodeIgniter\Exceptions\PageNotFoundException), Object(CodeIgniter\HTTP\IncomingRequest), Object(CodeIgniter\HTTP\Response), 404, 1)
#7 [internal function]: CodeIgniter\Debug\Exceptions->exceptionHandler(Object(CodeIgniter\Exceptions\PageNotFoundException))
#8 {main}
  thrown
【Previous Exception】
CodeIgniter\Exceptions\PageNotFoundException
Page Not Found
#0 D:\laragon\www\method-oldagehome\system\CodeIgniter.php(967): CodeIgniter\Exceptions\PageNotFoundException::forPageNotFound(NULL)
#1 D:\laragon\www\method-oldagehome\system\CodeIgniter.php(362): CodeIgniter\CodeIgniter->display404errors(Object(CodeIgniter\Exceptions\PageNotFoundException))
#2 D:\laragon\www\method-oldagehome\public\index.php(79): CodeIgniter\CodeIgniter->run()
#3 D:\laragon\www\method-oldagehome\system\Commands\Server\rewrite.php(47): require_once('D:\\laragon\\www\\...')
#4 {main}
in SYSTEMPATH\HTTP\ResponseTrait.php on line 774.
 1 [internal function]: CodeIgniter\Debug\Exceptions->shutdownHandler()
CRITICAL - 2024-11-11 05:56:35 --> Uncaught ErrorException: Cannot modify header information - headers already sent in D:\laragon\www\method-oldagehome\system\HTTP\ResponseTrait.php:774
Stack trace:
#0 [internal function]: CodeIgniter\Debug\Exceptions->errorHandler(2, 'Cannot modify h...', 'D:\\laragon\\www\\...', 774)
#1 D:\laragon\www\method-oldagehome\system\HTTP\ResponseTrait.php(774): setcookie('ci_session', 'p1mlsgirhht6kcj...', Array)
#2 D:\laragon\www\method-oldagehome\system\HTTP\ResponseTrait.php(750): CodeIgniter\HTTP\Response->doSetCookie('ci_session', 'p1mlsgirhht6kcj...', Array)
#3 D:\laragon\www\method-oldagehome\system\HTTP\ResponseTrait.php(730): CodeIgniter\HTTP\Response->dispatchCookies()
#4 D:\laragon\www\method-oldagehome\system\HTTP\ResponseTrait.php(447): CodeIgniter\HTTP\Response->sendCookies()
#5 D:\laragon\www\method-oldagehome\system\Debug\ExceptionHandler.php(78): CodeIgniter\HTTP\Response->send()
#6 D:\laragon\www\method-oldagehome\system\Debug\Exceptions.php(147): CodeIgniter\Debug\ExceptionHandler->handle(Object(CodeIgniter\Exceptions\PageNotFoundException), Object(CodeIgniter\HTTP\IncomingRequest), Object(CodeIgniter\HTTP\Response), 404, 1)
#7 [internal function]: CodeIgniter\Debug\Exceptions->exceptionHandler(Object(CodeIgniter\Exceptions\PageNotFoundException))
#8 {main}
  thrown
【Previous Exception】
CodeIgniter\Exceptions\PageNotFoundException
Page Not Found
#0 D:\laragon\www\method-oldagehome\system\CodeIgniter.php(967): CodeIgniter\Exceptions\PageNotFoundException::forPageNotFound(NULL)
#1 D:\laragon\www\method-oldagehome\system\CodeIgniter.php(362): CodeIgniter\CodeIgniter->display404errors(Object(CodeIgniter\Exceptions\PageNotFoundException))
#2 D:\laragon\www\method-oldagehome\public\index.php(79): CodeIgniter\CodeIgniter->run()
#3 D:\laragon\www\method-oldagehome\system\Commands\Server\rewrite.php(47): require_once('D:\\laragon\\www\\...')
#4 {main}
in SYSTEMPATH\HTTP\ResponseTrait.php on line 774.
 1 [internal function]: CodeIgniter\Debug\Exceptions->shutdownHandler()
CRITICAL - 2024-11-11 05:56:36 --> Uncaught ErrorException: Cannot modify header information - headers already sent in D:\laragon\www\method-oldagehome\system\HTTP\ResponseTrait.php:774
Stack trace:
#0 [internal function]: CodeIgniter\Debug\Exceptions->errorHandler(2, 'Cannot modify h...', 'D:\\laragon\\www\\...', 774)
#1 D:\laragon\www\method-oldagehome\system\HTTP\ResponseTrait.php(774): setcookie('ci_session', 'p1mlsgirhht6kcj...', Array)
#2 D:\laragon\www\method-oldagehome\system\HTTP\ResponseTrait.php(750): CodeIgniter\HTTP\Response->doSetCookie('ci_session', 'p1mlsgirhht6kcj...', Array)
#3 D:\laragon\www\method-oldagehome\system\HTTP\ResponseTrait.php(730): CodeIgniter\HTTP\Response->dispatchCookies()
#4 D:\laragon\www\method-oldagehome\system\HTTP\ResponseTrait.php(447): CodeIgniter\HTTP\Response->sendCookies()
#5 D:\laragon\www\method-oldagehome\system\Debug\ExceptionHandler.php(78): CodeIgniter\HTTP\Response->send()
#6 D:\laragon\www\method-oldagehome\system\Debug\Exceptions.php(147): CodeIgniter\Debug\ExceptionHandler->handle(Object(CodeIgniter\Exceptions\PageNotFoundException), Object(CodeIgniter\HTTP\IncomingRequest), Object(CodeIgniter\HTTP\Response), 404, 1)
#7 [internal function]: CodeIgniter\Debug\Exceptions->exceptionHandler(Object(CodeIgniter\Exceptions\PageNotFoundException))
#8 {main}
  thrown
【Previous Exception】
CodeIgniter\Exceptions\PageNotFoundException
Page Not Found
#0 D:\laragon\www\method-oldagehome\system\CodeIgniter.php(967): CodeIgniter\Exceptions\PageNotFoundException::forPageNotFound(NULL)
#1 D:\laragon\www\method-oldagehome\system\CodeIgniter.php(362): CodeIgniter\CodeIgniter->display404errors(Object(CodeIgniter\Exceptions\PageNotFoundException))
#2 D:\laragon\www\method-oldagehome\public\index.php(79): CodeIgniter\CodeIgniter->run()
#3 D:\laragon\www\method-oldagehome\system\Commands\Server\rewrite.php(47): require_once('D:\\laragon\\www\\...')
#4 {main}
in SYSTEMPATH\HTTP\ResponseTrait.php on line 774.
 1 [internal function]: CodeIgniter\Debug\Exceptions->shutdownHandler()
CRITICAL - 2024-11-11 05:56:37 --> Uncaught ErrorException: Cannot modify header information - headers already sent in D:\laragon\www\method-oldagehome\system\HTTP\ResponseTrait.php:774
Stack trace:
#0 [internal function]: CodeIgniter\Debug\Exceptions->errorHandler(2, 'Cannot modify h...', 'D:\\laragon\\www\\...', 774)
#1 D:\laragon\www\method-oldagehome\system\HTTP\ResponseTrait.php(774): setcookie('ci_session', 'p1mlsgirhht6kcj...', Array)
#2 D:\laragon\www\method-oldagehome\system\HTTP\ResponseTrait.php(750): CodeIgniter\HTTP\Response->doSetCookie('ci_session', 'p1mlsgirhht6kcj...', Array)
#3 D:\laragon\www\method-oldagehome\system\HTTP\ResponseTrait.php(730): CodeIgniter\HTTP\Response->dispatchCookies()
#4 D:\laragon\www\method-oldagehome\system\HTTP\ResponseTrait.php(447): CodeIgniter\HTTP\Response->sendCookies()
#5 D:\laragon\www\method-oldagehome\system\Debug\ExceptionHandler.php(78): CodeIgniter\HTTP\Response->send()
#6 D:\laragon\www\method-oldagehome\system\Debug\Exceptions.php(147): CodeIgniter\Debug\ExceptionHandler->handle(Object(CodeIgniter\Exceptions\PageNotFoundException), Object(CodeIgniter\HTTP\IncomingRequest), Object(CodeIgniter\HTTP\Response), 404, 1)
#7 [internal function]: CodeIgniter\Debug\Exceptions->exceptionHandler(Object(CodeIgniter\Exceptions\PageNotFoundException))
#8 {main}
  thrown
【Previous Exception】
CodeIgniter\Exceptions\PageNotFoundException
Page Not Found
#0 D:\laragon\www\method-oldagehome\system\CodeIgniter.php(967): CodeIgniter\Exceptions\PageNotFoundException::forPageNotFound(NULL)
#1 D:\laragon\www\method-oldagehome\system\CodeIgniter.php(362): CodeIgniter\CodeIgniter->display404errors(Object(CodeIgniter\Exceptions\PageNotFoundException))
#2 D:\laragon\www\method-oldagehome\public\index.php(79): CodeIgniter\CodeIgniter->run()
#3 D:\laragon\www\method-oldagehome\system\Commands\Server\rewrite.php(47): require_once('D:\\laragon\\www\\...')
#4 {main}
in SYSTEMPATH\HTTP\ResponseTrait.php on line 774.
 1 [internal function]: CodeIgniter\Debug\Exceptions->shutdownHandler()
CRITICAL - 2024-11-11 05:56:38 --> Uncaught ErrorException: Cannot modify header information - headers already sent in D:\laragon\www\method-oldagehome\system\HTTP\ResponseTrait.php:774
Stack trace:
#0 [internal function]: CodeIgniter\Debug\Exceptions->errorHandler(2, 'Cannot modify h...', 'D:\\laragon\\www\\...', 774)
#1 D:\laragon\www\method-oldagehome\system\HTTP\ResponseTrait.php(774): setcookie('ci_session', 'p1mlsgirhht6kcj...', Array)
#2 D:\laragon\www\method-oldagehome\system\HTTP\ResponseTrait.php(750): CodeIgniter\HTTP\Response->doSetCookie('ci_session', 'p1mlsgirhht6kcj...', Array)
#3 D:\laragon\www\method-oldagehome\system\HTTP\ResponseTrait.php(730): CodeIgniter\HTTP\Response->dispatchCookies()
#4 D:\laragon\www\method-oldagehome\system\HTTP\ResponseTrait.php(447): CodeIgniter\HTTP\Response->sendCookies()
#5 D:\laragon\www\method-oldagehome\system\Debug\ExceptionHandler.php(78): CodeIgniter\HTTP\Response->send()
#6 D:\laragon\www\method-oldagehome\system\Debug\Exceptions.php(147): CodeIgniter\Debug\ExceptionHandler->handle(Object(CodeIgniter\Exceptions\PageNotFoundException), Object(CodeIgniter\HTTP\IncomingRequest), Object(CodeIgniter\HTTP\Response), 404, 1)
#7 [internal function]: CodeIgniter\Debug\Exceptions->exceptionHandler(Object(CodeIgniter\Exceptions\PageNotFoundException))
#8 {main}
  thrown
【Previous Exception】
CodeIgniter\Exceptions\PageNotFoundException
Page Not Found
#0 D:\laragon\www\method-oldagehome\system\CodeIgniter.php(967): CodeIgniter\Exceptions\PageNotFoundException::forPageNotFound(NULL)
#1 D:\laragon\www\method-oldagehome\system\CodeIgniter.php(362): CodeIgniter\CodeIgniter->display404errors(Object(CodeIgniter\Exceptions\PageNotFoundException))
#2 D:\laragon\www\method-oldagehome\public\index.php(79): CodeIgniter\CodeIgniter->run()
#3 D:\laragon\www\method-oldagehome\system\Commands\Server\rewrite.php(47): require_once('D:\\laragon\\www\\...')
#4 {main}
in SYSTEMPATH\HTTP\ResponseTrait.php on line 774.
 1 [internal function]: CodeIgniter\Debug\Exceptions->shutdownHandler()
CRITICAL - 2024-11-11 05:56:39 --> Uncaught ErrorException: Cannot modify header information - headers already sent in D:\laragon\www\method-oldagehome\system\HTTP\ResponseTrait.php:774
Stack trace:
#0 [internal function]: CodeIgniter\Debug\Exceptions->errorHandler(2, 'Cannot modify h...', 'D:\\laragon\\www\\...', 774)
#1 D:\laragon\www\method-oldagehome\system\HTTP\ResponseTrait.php(774): setcookie('ci_session', 'p1mlsgirhht6kcj...', Array)
#2 D:\laragon\www\method-oldagehome\system\HTTP\ResponseTrait.php(750): CodeIgniter\HTTP\Response->doSetCookie('ci_session', 'p1mlsgirhht6kcj...', Array)
#3 D:\laragon\www\method-oldagehome\system\HTTP\ResponseTrait.php(730): CodeIgniter\HTTP\Response->dispatchCookies()
#4 D:\laragon\www\method-oldagehome\system\HTTP\ResponseTrait.php(447): CodeIgniter\HTTP\Response->sendCookies()
#5 D:\laragon\www\method-oldagehome\system\Debug\ExceptionHandler.php(78): CodeIgniter\HTTP\Response->send()
#6 D:\laragon\www\method-oldagehome\system\Debug\Exceptions.php(147): CodeIgniter\Debug\ExceptionHandler->handle(Object(CodeIgniter\Exceptions\PageNotFoundException), Object(CodeIgniter\HTTP\IncomingRequest), Object(CodeIgniter\HTTP\Response), 404, 1)
#7 [internal function]: CodeIgniter\Debug\Exceptions->exceptionHandler(Object(CodeIgniter\Exceptions\PageNotFoundException))
#8 {main}
  thrown
【Previous Exception】
CodeIgniter\Exceptions\PageNotFoundException
Page Not Found
#0 D:\laragon\www\method-oldagehome\system\CodeIgniter.php(967): CodeIgniter\Exceptions\PageNotFoundException::forPageNotFound(NULL)
#1 D:\laragon\www\method-oldagehome\system\CodeIgniter.php(362): CodeIgniter\CodeIgniter->display404errors(Object(CodeIgniter\Exceptions\PageNotFoundException))
#2 D:\laragon\www\method-oldagehome\public\index.php(79): CodeIgniter\CodeIgniter->run()
#3 D:\laragon\www\method-oldagehome\system\Commands\Server\rewrite.php(47): require_once('D:\\laragon\\www\\...')
#4 {main}
in SYSTEMPATH\HTTP\ResponseTrait.php on line 774.
 1 [internal function]: CodeIgniter\Debug\Exceptions->shutdownHandler()
CRITICAL - 2024-11-11 05:56:40 --> Uncaught ErrorException: Cannot modify header information - headers already sent in D:\laragon\www\method-oldagehome\system\HTTP\ResponseTrait.php:774
Stack trace:
#0 [internal function]: CodeIgniter\Debug\Exceptions->errorHandler(2, 'Cannot modify h...', 'D:\\laragon\\www\\...', 774)
#1 D:\laragon\www\method-oldagehome\system\HTTP\ResponseTrait.php(774): setcookie('ci_session', 'p1mlsgirhht6kcj...', Array)
#2 D:\laragon\www\method-oldagehome\system\HTTP\ResponseTrait.php(750): CodeIgniter\HTTP\Response->doSetCookie('ci_session', 'p1mlsgirhht6kcj...', Array)
#3 D:\laragon\www\method-oldagehome\system\HTTP\ResponseTrait.php(730): CodeIgniter\HTTP\Response->dispatchCookies()
#4 D:\laragon\www\method-oldagehome\system\HTTP\ResponseTrait.php(447): CodeIgniter\HTTP\Response->sendCookies()
#5 D:\laragon\www\method-oldagehome\system\Debug\ExceptionHandler.php(78): CodeIgniter\HTTP\Response->send()
#6 D:\laragon\www\method-oldagehome\system\Debug\Exceptions.php(147): CodeIgniter\Debug\ExceptionHandler->handle(Object(CodeIgniter\Exceptions\PageNotFoundException), Object(CodeIgniter\HTTP\IncomingRequest), Object(CodeIgniter\HTTP\Response), 404, 1)
#7 [internal function]: CodeIgniter\Debug\Exceptions->exceptionHandler(Object(CodeIgniter\Exceptions\PageNotFoundException))
#8 {main}
  thrown
【Previous Exception】
CodeIgniter\Exceptions\PageNotFoundException
Page Not Found
#0 D:\laragon\www\method-oldagehome\system\CodeIgniter.php(967): CodeIgniter\Exceptions\PageNotFoundException::forPageNotFound(NULL)
#1 D:\laragon\www\method-oldagehome\system\CodeIgniter.php(362): CodeIgniter\CodeIgniter->display404errors(Object(CodeIgniter\Exceptions\PageNotFoundException))
#2 D:\laragon\www\method-oldagehome\public\index.php(79): CodeIgniter\CodeIgniter->run()
#3 D:\laragon\www\method-oldagehome\system\Commands\Server\rewrite.php(47): require_once('D:\\laragon\\www\\...')
#4 {main}
in SYSTEMPATH\HTTP\ResponseTrait.php on line 774.
 1 [internal function]: CodeIgniter\Debug\Exceptions->shutdownHandler()
CRITICAL - 2024-11-11 05:56:41 --> Uncaught ErrorException: Cannot modify header information - headers already sent in D:\laragon\www\method-oldagehome\system\HTTP\ResponseTrait.php:774
Stack trace:
#0 [internal function]: CodeIgniter\Debug\Exceptions->errorHandler(2, 'Cannot modify h...', 'D:\\laragon\\www\\...', 774)
#1 D:\laragon\www\method-oldagehome\system\HTTP\ResponseTrait.php(774): setcookie('ci_session', 'p1mlsgirhht6kcj...', Array)
#2 D:\laragon\www\method-oldagehome\system\HTTP\ResponseTrait.php(750): CodeIgniter\HTTP\Response->doSetCookie('ci_session', 'p1mlsgirhht6kcj...', Array)
#3 D:\laragon\www\method-oldagehome\system\HTTP\ResponseTrait.php(730): CodeIgniter\HTTP\Response->dispatchCookies()
#4 D:\laragon\www\method-oldagehome\system\HTTP\ResponseTrait.php(447): CodeIgniter\HTTP\Response->sendCookies()
#5 D:\laragon\www\method-oldagehome\system\Debug\ExceptionHandler.php(78): CodeIgniter\HTTP\Response->send()
#6 D:\laragon\www\method-oldagehome\system\Debug\Exceptions.php(147): CodeIgniter\Debug\ExceptionHandler->handle(Object(CodeIgniter\Exceptions\PageNotFoundException), Object(CodeIgniter\HTTP\IncomingRequest), Object(CodeIgniter\HTTP\Response), 404, 1)
#7 [internal function]: CodeIgniter\Debug\Exceptions->exceptionHandler(Object(CodeIgniter\Exceptions\PageNotFoundException))
#8 {main}
  thrown
【Previous Exception】
CodeIgniter\Exceptions\PageNotFoundException
Page Not Found
#0 D:\laragon\www\method-oldagehome\system\CodeIgniter.php(967): CodeIgniter\Exceptions\PageNotFoundException::forPageNotFound(NULL)
#1 D:\laragon\www\method-oldagehome\system\CodeIgniter.php(362): CodeIgniter\CodeIgniter->display404errors(Object(CodeIgniter\Exceptions\PageNotFoundException))
#2 D:\laragon\www\method-oldagehome\public\index.php(79): CodeIgniter\CodeIgniter->run()
#3 D:\laragon\www\method-oldagehome\system\Commands\Server\rewrite.php(47): require_once('D:\\laragon\\www\\...')
#4 {main}
in SYSTEMPATH\HTTP\ResponseTrait.php on line 774.
 1 [internal function]: CodeIgniter\Debug\Exceptions->shutdownHandler()
CRITICAL - 2024-11-11 05:56:42 --> Uncaught ErrorException: Cannot modify header information - headers already sent in D:\laragon\www\method-oldagehome\system\HTTP\ResponseTrait.php:774
Stack trace:
#0 [internal function]: CodeIgniter\Debug\Exceptions->errorHandler(2, 'Cannot modify h...', 'D:\\laragon\\www\\...', 774)
#1 D:\laragon\www\method-oldagehome\system\HTTP\ResponseTrait.php(774): setcookie('ci_session', 'p1mlsgirhht6kcj...', Array)
#2 D:\laragon\www\method-oldagehome\system\HTTP\ResponseTrait.php(750): CodeIgniter\HTTP\Response->doSetCookie('ci_session', 'p1mlsgirhht6kcj...', Array)
#3 D:\laragon\www\method-oldagehome\system\HTTP\ResponseTrait.php(730): CodeIgniter\HTTP\Response->dispatchCookies()
#4 D:\laragon\www\method-oldagehome\system\HTTP\ResponseTrait.php(447): CodeIgniter\HTTP\Response->sendCookies()
#5 D:\laragon\www\method-oldagehome\system\Debug\ExceptionHandler.php(78): CodeIgniter\HTTP\Response->send()
#6 D:\laragon\www\method-oldagehome\system\Debug\Exceptions.php(147): CodeIgniter\Debug\ExceptionHandler->handle(Object(CodeIgniter\Exceptions\PageNotFoundException), Object(CodeIgniter\HTTP\IncomingRequest), Object(CodeIgniter\HTTP\Response), 404, 1)
#7 [internal function]: CodeIgniter\Debug\Exceptions->exceptionHandler(Object(CodeIgniter\Exceptions\PageNotFoundException))
#8 {main}
  thrown
【Previous Exception】
CodeIgniter\Exceptions\PageNotFoundException
Page Not Found
#0 D:\laragon\www\method-oldagehome\system\CodeIgniter.php(967): CodeIgniter\Exceptions\PageNotFoundException::forPageNotFound(NULL)
#1 D:\laragon\www\method-oldagehome\system\CodeIgniter.php(362): CodeIgniter\CodeIgniter->display404errors(Object(CodeIgniter\Exceptions\PageNotFoundException))
#2 D:\laragon\www\method-oldagehome\public\index.php(79): CodeIgniter\CodeIgniter->run()
#3 D:\laragon\www\method-oldagehome\system\Commands\Server\rewrite.php(47): require_once('D:\\laragon\\www\\...')
#4 {main}
in SYSTEMPATH\HTTP\ResponseTrait.php on line 774.
 1 [internal function]: CodeIgniter\Debug\Exceptions->shutdownHandler()
CRITICAL - 2024-11-11 05:56:43 --> Uncaught ErrorException: Cannot modify header information - headers already sent in D:\laragon\www\method-oldagehome\system\HTTP\ResponseTrait.php:774
Stack trace:
#0 [internal function]: CodeIgniter\Debug\Exceptions->errorHandler(2, 'Cannot modify h...', 'D:\\laragon\\www\\...', 774)
#1 D:\laragon\www\method-oldagehome\system\HTTP\ResponseTrait.php(774): setcookie('ci_session', 'p1mlsgirhht6kcj...', Array)
#2 D:\laragon\www\method-oldagehome\system\HTTP\ResponseTrait.php(750): CodeIgniter\HTTP\Response->doSetCookie('ci_session', 'p1mlsgirhht6kcj...', Array)
#3 D:\laragon\www\method-oldagehome\system\HTTP\ResponseTrait.php(730): CodeIgniter\HTTP\Response->dispatchCookies()
#4 D:\laragon\www\method-oldagehome\system\HTTP\ResponseTrait.php(447): CodeIgniter\HTTP\Response->sendCookies()
#5 D:\laragon\www\method-oldagehome\system\Debug\ExceptionHandler.php(78): CodeIgniter\HTTP\Response->send()
#6 D:\laragon\www\method-oldagehome\system\Debug\Exceptions.php(147): CodeIgniter\Debug\ExceptionHandler->handle(Object(CodeIgniter\Exceptions\PageNotFoundException), Object(CodeIgniter\HTTP\IncomingRequest), Object(CodeIgniter\HTTP\Response), 404, 1)
#7 [internal function]: CodeIgniter\Debug\Exceptions->exceptionHandler(Object(CodeIgniter\Exceptions\PageNotFoundException))
#8 {main}
  thrown
【Previous Exception】
CodeIgniter\Exceptions\PageNotFoundException
Page Not Found
#0 D:\laragon\www\method-oldagehome\system\CodeIgniter.php(967): CodeIgniter\Exceptions\PageNotFoundException::forPageNotFound(NULL)
#1 D:\laragon\www\method-oldagehome\system\CodeIgniter.php(362): CodeIgniter\CodeIgniter->display404errors(Object(CodeIgniter\Exceptions\PageNotFoundException))
#2 D:\laragon\www\method-oldagehome\public\index.php(79): CodeIgniter\CodeIgniter->run()
#3 D:\laragon\www\method-oldagehome\system\Commands\Server\rewrite.php(47): require_once('D:\\laragon\\www\\...')
#4 {main}
in SYSTEMPATH\HTTP\ResponseTrait.php on line 774.
 1 [internal function]: CodeIgniter\Debug\Exceptions->shutdownHandler()
CRITICAL - 2024-11-11 05:56:44 --> Uncaught ErrorException: Cannot modify header information - headers already sent in D:\laragon\www\method-oldagehome\system\HTTP\ResponseTrait.php:774
Stack trace:
#0 [internal function]: CodeIgniter\Debug\Exceptions->errorHandler(2, 'Cannot modify h...', 'D:\\laragon\\www\\...', 774)
#1 D:\laragon\www\method-oldagehome\system\HTTP\ResponseTrait.php(774): setcookie('ci_session', 'p1mlsgirhht6kcj...', Array)
#2 D:\laragon\www\method-oldagehome\system\HTTP\ResponseTrait.php(750): CodeIgniter\HTTP\Response->doSetCookie('ci_session', 'p1mlsgirhht6kcj...', Array)
#3 D:\laragon\www\method-oldagehome\system\HTTP\ResponseTrait.php(730): CodeIgniter\HTTP\Response->dispatchCookies()
#4 D:\laragon\www\method-oldagehome\system\HTTP\ResponseTrait.php(447): CodeIgniter\HTTP\Response->sendCookies()
#5 D:\laragon\www\method-oldagehome\system\Debug\ExceptionHandler.php(78): CodeIgniter\HTTP\Response->send()
#6 D:\laragon\www\method-oldagehome\system\Debug\Exceptions.php(147): CodeIgniter\Debug\ExceptionHandler->handle(Object(CodeIgniter\Exceptions\PageNotFoundException), Object(CodeIgniter\HTTP\IncomingRequest), Object(CodeIgniter\HTTP\Response), 404, 1)
#7 [internal function]: CodeIgniter\Debug\Exceptions->exceptionHandler(Object(CodeIgniter\Exceptions\PageNotFoundException))
#8 {main}
  thrown
【Previous Exception】
CodeIgniter\Exceptions\PageNotFoundException
Page Not Found
#0 D:\laragon\www\method-oldagehome\system\CodeIgniter.php(967): CodeIgniter\Exceptions\PageNotFoundException::forPageNotFound(NULL)
#1 D:\laragon\www\method-oldagehome\system\CodeIgniter.php(362): CodeIgniter\CodeIgniter->display404errors(Object(CodeIgniter\Exceptions\PageNotFoundException))
#2 D:\laragon\www\method-oldagehome\public\index.php(79): CodeIgniter\CodeIgniter->run()
#3 D:\laragon\www\method-oldagehome\system\Commands\Server\rewrite.php(47): require_once('D:\\laragon\\www\\...')
#4 {main}
in SYSTEMPATH\HTTP\ResponseTrait.php on line 774.
 1 [internal function]: CodeIgniter\Debug\Exceptions->shutdownHandler()
CRITICAL - 2024-11-11 05:56:45 --> Uncaught ErrorException: Cannot modify header information - headers already sent in D:\laragon\www\method-oldagehome\system\HTTP\ResponseTrait.php:774
Stack trace:
#0 [internal function]: CodeIgniter\Debug\Exceptions->errorHandler(2, 'Cannot modify h...', 'D:\\laragon\\www\\...', 774)
#1 D:\laragon\www\method-oldagehome\system\HTTP\ResponseTrait.php(774): setcookie('ci_session', 'p1mlsgirhht6kcj...', Array)
#2 D:\laragon\www\method-oldagehome\system\HTTP\ResponseTrait.php(750): CodeIgniter\HTTP\Response->doSetCookie('ci_session', 'p1mlsgirhht6kcj...', Array)
#3 D:\laragon\www\method-oldagehome\system\HTTP\ResponseTrait.php(730): CodeIgniter\HTTP\Response->dispatchCookies()
#4 D:\laragon\www\method-oldagehome\system\HTTP\ResponseTrait.php(447): CodeIgniter\HTTP\Response->sendCookies()
#5 D:\laragon\www\method-oldagehome\system\Debug\ExceptionHandler.php(78): CodeIgniter\HTTP\Response->send()
#6 D:\laragon\www\method-oldagehome\system\Debug\Exceptions.php(147): CodeIgniter\Debug\ExceptionHandler->handle(Object(CodeIgniter\Exceptions\PageNotFoundException), Object(CodeIgniter\HTTP\IncomingRequest), Object(CodeIgniter\HTTP\Response), 404, 1)
#7 [internal function]: CodeIgniter\Debug\Exceptions->exceptionHandler(Object(CodeIgniter\Exceptions\PageNotFoundException))
#8 {main}
  thrown
【Previous Exception】
CodeIgniter\Exceptions\PageNotFoundException
Page Not Found
#0 D:\laragon\www\method-oldagehome\system\CodeIgniter.php(967): CodeIgniter\Exceptions\PageNotFoundException::forPageNotFound(NULL)
#1 D:\laragon\www\method-oldagehome\system\CodeIgniter.php(362): CodeIgniter\CodeIgniter->display404errors(Object(CodeIgniter\Exceptions\PageNotFoundException))
#2 D:\laragon\www\method-oldagehome\public\index.php(79): CodeIgniter\CodeIgniter->run()
#3 D:\laragon\www\method-oldagehome\system\Commands\Server\rewrite.php(47): require_once('D:\\laragon\\www\\...')
#4 {main}
in SYSTEMPATH\HTTP\ResponseTrait.php on line 774.
 1 [internal function]: CodeIgniter\Debug\Exceptions->shutdownHandler()
CRITICAL - 2024-11-11 05:56:46 --> Uncaught ErrorException: Cannot modify header information - headers already sent in D:\laragon\www\method-oldagehome\system\HTTP\ResponseTrait.php:774
Stack trace:
#0 [internal function]: CodeIgniter\Debug\Exceptions->errorHandler(2, 'Cannot modify h...', 'D:\\laragon\\www\\...', 774)
#1 D:\laragon\www\method-oldagehome\system\HTTP\ResponseTrait.php(774): setcookie('ci_session', 'p1mlsgirhht6kcj...', Array)
#2 D:\laragon\www\method-oldagehome\system\HTTP\ResponseTrait.php(750): CodeIgniter\HTTP\Response->doSetCookie('ci_session', 'p1mlsgirhht6kcj...', Array)
#3 D:\laragon\www\method-oldagehome\system\HTTP\ResponseTrait.php(730): CodeIgniter\HTTP\Response->dispatchCookies()
#4 D:\laragon\www\method-oldagehome\system\HTTP\ResponseTrait.php(447): CodeIgniter\HTTP\Response->sendCookies()
#5 D:\laragon\www\method-oldagehome\system\Debug\ExceptionHandler.php(78): CodeIgniter\HTTP\Response->send()
#6 D:\laragon\www\method-oldagehome\system\Debug\Exceptions.php(147): CodeIgniter\Debug\ExceptionHandler->handle(Object(CodeIgniter\Exceptions\PageNotFoundException), Object(CodeIgniter\HTTP\IncomingRequest), Object(CodeIgniter\HTTP\Response), 404, 1)
#7 [internal function]: CodeIgniter\Debug\Exceptions->exceptionHandler(Object(CodeIgniter\Exceptions\PageNotFoundException))
#8 {main}
  thrown
【Previous Exception】
CodeIgniter\Exceptions\PageNotFoundException
Page Not Found
#0 D:\laragon\www\method-oldagehome\system\CodeIgniter.php(967): CodeIgniter\Exceptions\PageNotFoundException::forPageNotFound(NULL)
#1 D:\laragon\www\method-oldagehome\system\CodeIgniter.php(362): CodeIgniter\CodeIgniter->display404errors(Object(CodeIgniter\Exceptions\PageNotFoundException))
#2 D:\laragon\www\method-oldagehome\public\index.php(79): CodeIgniter\CodeIgniter->run()
#3 D:\laragon\www\method-oldagehome\system\Commands\Server\rewrite.php(47): require_once('D:\\laragon\\www\\...')
#4 {main}
in SYSTEMPATH\HTTP\ResponseTrait.php on line 774.
 1 [internal function]: CodeIgniter\Debug\Exceptions->shutdownHandler()
CRITICAL - 2024-11-11 05:56:47 --> Uncaught ErrorException: Cannot modify header information - headers already sent in D:\laragon\www\method-oldagehome\system\HTTP\ResponseTrait.php:774
Stack trace:
#0 [internal function]: CodeIgniter\Debug\Exceptions->errorHandler(2, 'Cannot modify h...', 'D:\\laragon\\www\\...', 774)
#1 D:\laragon\www\method-oldagehome\system\HTTP\ResponseTrait.php(774): setcookie('ci_session', 'p1mlsgirhht6kcj...', Array)
#2 D:\laragon\www\method-oldagehome\system\HTTP\ResponseTrait.php(750): CodeIgniter\HTTP\Response->doSetCookie('ci_session', 'p1mlsgirhht6kcj...', Array)
#3 D:\laragon\www\method-oldagehome\system\HTTP\ResponseTrait.php(730): CodeIgniter\HTTP\Response->dispatchCookies()
#4 D:\laragon\www\method-oldagehome\system\HTTP\ResponseTrait.php(447): CodeIgniter\HTTP\Response->sendCookies()
#5 D:\laragon\www\method-oldagehome\system\Debug\ExceptionHandler.php(78): CodeIgniter\HTTP\Response->send()
#6 D:\laragon\www\method-oldagehome\system\Debug\Exceptions.php(147): CodeIgniter\Debug\ExceptionHandler->handle(Object(CodeIgniter\Exceptions\PageNotFoundException), Object(CodeIgniter\HTTP\IncomingRequest), Object(CodeIgniter\HTTP\Response), 404, 1)
#7 [internal function]: CodeIgniter\Debug\Exceptions->exceptionHandler(Object(CodeIgniter\Exceptions\PageNotFoundException))
#8 {main}
  thrown
【Previous Exception】
CodeIgniter\Exceptions\PageNotFoundException
Page Not Found
#0 D:\laragon\www\method-oldagehome\system\CodeIgniter.php(967): CodeIgniter\Exceptions\PageNotFoundException::forPageNotFound(NULL)
#1 D:\laragon\www\method-oldagehome\system\CodeIgniter.php(362): CodeIgniter\CodeIgniter->display404errors(Object(CodeIgniter\Exceptions\PageNotFoundException))
#2 D:\laragon\www\method-oldagehome\public\index.php(79): CodeIgniter\CodeIgniter->run()
#3 D:\laragon\www\method-oldagehome\system\Commands\Server\rewrite.php(47): require_once('D:\\laragon\\www\\...')
#4 {main}
in SYSTEMPATH\HTTP\ResponseTrait.php on line 774.
 1 [internal function]: CodeIgniter\Debug\Exceptions->shutdownHandler()
CRITICAL - 2024-11-11 05:58:15 --> Uncaught ErrorException: Cannot modify header information - headers already sent in D:\laragon\www\method-oldagehome\system\HTTP\ResponseTrait.php:774
Stack trace:
#0 [internal function]: CodeIgniter\Debug\Exceptions->errorHandler(2, 'Cannot modify h...', 'D:\\laragon\\www\\...', 774)
#1 D:\laragon\www\method-oldagehome\system\HTTP\ResponseTrait.php(774): setcookie('ci_session', 'p1mlsgirhht6kcj...', Array)
#2 D:\laragon\www\method-oldagehome\system\HTTP\ResponseTrait.php(750): CodeIgniter\HTTP\Response->doSetCookie('ci_session', 'p1mlsgirhht6kcj...', Array)
#3 D:\laragon\www\method-oldagehome\system\HTTP\ResponseTrait.php(730): CodeIgniter\HTTP\Response->dispatchCookies()
#4 D:\laragon\www\method-oldagehome\system\HTTP\ResponseTrait.php(447): CodeIgniter\HTTP\Response->sendCookies()
#5 D:\laragon\www\method-oldagehome\system\Debug\ExceptionHandler.php(78): CodeIgniter\HTTP\Response->send()
#6 D:\laragon\www\method-oldagehome\system\Debug\Exceptions.php(147): CodeIgniter\Debug\ExceptionHandler->handle(Object(CodeIgniter\Exceptions\PageNotFoundException), Object(CodeIgniter\HTTP\IncomingRequest), Object(CodeIgniter\HTTP\Response), 404, 1)
#7 [internal function]: CodeIgniter\Debug\Exceptions->exceptionHandler(Object(CodeIgniter\Exceptions\PageNotFoundException))
#8 {main}
  thrown
【Previous Exception】
CodeIgniter\Exceptions\PageNotFoundException
Page Not Found
#0 D:\laragon\www\method-oldagehome\system\CodeIgniter.php(967): CodeIgniter\Exceptions\PageNotFoundException::forPageNotFound(NULL)
#1 D:\laragon\www\method-oldagehome\system\CodeIgniter.php(362): CodeIgniter\CodeIgniter->display404errors(Object(CodeIgniter\Exceptions\PageNotFoundException))
#2 D:\laragon\www\method-oldagehome\public\index.php(79): CodeIgniter\CodeIgniter->run()
#3 D:\laragon\www\method-oldagehome\system\Commands\Server\rewrite.php(47): require_once('D:\\laragon\\www\\...')
#4 {main}
in SYSTEMPATH\HTTP\ResponseTrait.php on line 774.
 1 [internal function]: CodeIgniter\Debug\Exceptions->shutdownHandler()
CRITICAL - 2024-11-11 05:58:16 --> Uncaught ErrorException: Cannot modify header information - headers already sent in D:\laragon\www\method-oldagehome\system\HTTP\ResponseTrait.php:774
Stack trace:
#0 [internal function]: CodeIgniter\Debug\Exceptions->errorHandler(2, 'Cannot modify h...', 'D:\\laragon\\www\\...', 774)
#1 D:\laragon\www\method-oldagehome\system\HTTP\ResponseTrait.php(774): setcookie('ci_session', 'p1mlsgirhht6kcj...', Array)
#2 D:\laragon\www\method-oldagehome\system\HTTP\ResponseTrait.php(750): CodeIgniter\HTTP\Response->doSetCookie('ci_session', 'p1mlsgirhht6kcj...', Array)
#3 D:\laragon\www\method-oldagehome\system\HTTP\ResponseTrait.php(730): CodeIgniter\HTTP\Response->dispatchCookies()
#4 D:\laragon\www\method-oldagehome\system\HTTP\ResponseTrait.php(447): CodeIgniter\HTTP\Response->sendCookies()
#5 D:\laragon\www\method-oldagehome\system\Debug\ExceptionHandler.php(78): CodeIgniter\HTTP\Response->send()
#6 D:\laragon\www\method-oldagehome\system\Debug\Exceptions.php(147): CodeIgniter\Debug\ExceptionHandler->handle(Object(CodeIgniter\Exceptions\PageNotFoundException), Object(CodeIgniter\HTTP\IncomingRequest), Object(CodeIgniter\HTTP\Response), 404, 1)
#7 [internal function]: CodeIgniter\Debug\Exceptions->exceptionHandler(Object(CodeIgniter\Exceptions\PageNotFoundException))
#8 {main}
  thrown
【Previous Exception】
CodeIgniter\Exceptions\PageNotFoundException
Page Not Found
#0 D:\laragon\www\method-oldagehome\system\CodeIgniter.php(967): CodeIgniter\Exceptions\PageNotFoundException::forPageNotFound(NULL)
#1 D:\laragon\www\method-oldagehome\system\CodeIgniter.php(362): CodeIgniter\CodeIgniter->display404errors(Object(CodeIgniter\Exceptions\PageNotFoundException))
#2 D:\laragon\www\method-oldagehome\public\index.php(79): CodeIgniter\CodeIgniter->run()
#3 D:\laragon\www\method-oldagehome\system\Commands\Server\rewrite.php(47): require_once('D:\\laragon\\www\\...')
#4 {main}
in SYSTEMPATH\HTTP\ResponseTrait.php on line 774.
 1 [internal function]: CodeIgniter\Debug\Exceptions->shutdownHandler()
CRITICAL - 2024-11-11 05:58:17 --> Uncaught ErrorException: Cannot modify header information - headers already sent in D:\laragon\www\method-oldagehome\system\HTTP\ResponseTrait.php:774
Stack trace:
#0 [internal function]: CodeIgniter\Debug\Exceptions->errorHandler(2, 'Cannot modify h...', 'D:\\laragon\\www\\...', 774)
#1 D:\laragon\www\method-oldagehome\system\HTTP\ResponseTrait.php(774): setcookie('ci_session', 'p1mlsgirhht6kcj...', Array)
#2 D:\laragon\www\method-oldagehome\system\HTTP\ResponseTrait.php(750): CodeIgniter\HTTP\Response->doSetCookie('ci_session', 'p1mlsgirhht6kcj...', Array)
#3 D:\laragon\www\method-oldagehome\system\HTTP\ResponseTrait.php(730): CodeIgniter\HTTP\Response->dispatchCookies()
#4 D:\laragon\www\method-oldagehome\system\HTTP\ResponseTrait.php(447): CodeIgniter\HTTP\Response->sendCookies()
#5 D:\laragon\www\method-oldagehome\system\Debug\ExceptionHandler.php(78): CodeIgniter\HTTP\Response->send()
#6 D:\laragon\www\method-oldagehome\system\Debug\Exceptions.php(147): CodeIgniter\Debug\ExceptionHandler->handle(Object(CodeIgniter\Exceptions\PageNotFoundException), Object(CodeIgniter\HTTP\IncomingRequest), Object(CodeIgniter\HTTP\Response), 404, 1)
#7 [internal function]: CodeIgniter\Debug\Exceptions->exceptionHandler(Object(CodeIgniter\Exceptions\PageNotFoundException))
#8 {main}
  thrown
【Previous Exception】
CodeIgniter\Exceptions\PageNotFoundException
Page Not Found
#0 D:\laragon\www\method-oldagehome\system\CodeIgniter.php(967): CodeIgniter\Exceptions\PageNotFoundException::forPageNotFound(NULL)
#1 D:\laragon\www\method-oldagehome\system\CodeIgniter.php(362): CodeIgniter\CodeIgniter->display404errors(Object(CodeIgniter\Exceptions\PageNotFoundException))
#2 D:\laragon\www\method-oldagehome\public\index.php(79): CodeIgniter\CodeIgniter->run()
#3 D:\laragon\www\method-oldagehome\system\Commands\Server\rewrite.php(47): require_once('D:\\laragon\\www\\...')
#4 {main}
in SYSTEMPATH\HTTP\ResponseTrait.php on line 774.
 1 [internal function]: CodeIgniter\Debug\Exceptions->shutdownHandler()
CRITICAL - 2024-11-11 05:58:18 --> Uncaught ErrorException: Cannot modify header information - headers already sent in D:\laragon\www\method-oldagehome\system\HTTP\ResponseTrait.php:774
Stack trace:
#0 [internal function]: CodeIgniter\Debug\Exceptions->errorHandler(2, 'Cannot modify h...', 'D:\\laragon\\www\\...', 774)
#1 D:\laragon\www\method-oldagehome\system\HTTP\ResponseTrait.php(774): setcookie('ci_session', 'p1mlsgirhht6kcj...', Array)
#2 D:\laragon\www\method-oldagehome\system\HTTP\ResponseTrait.php(750): CodeIgniter\HTTP\Response->doSetCookie('ci_session', 'p1mlsgirhht6kcj...', Array)
#3 D:\laragon\www\method-oldagehome\system\HTTP\ResponseTrait.php(730): CodeIgniter\HTTP\Response->dispatchCookies()
#4 D:\laragon\www\method-oldagehome\system\HTTP\ResponseTrait.php(447): CodeIgniter\HTTP\Response->sendCookies()
#5 D:\laragon\www\method-oldagehome\system\Debug\ExceptionHandler.php(78): CodeIgniter\HTTP\Response->send()
#6 D:\laragon\www\method-oldagehome\system\Debug\Exceptions.php(147): CodeIgniter\Debug\ExceptionHandler->handle(Object(CodeIgniter\Exceptions\PageNotFoundException), Object(CodeIgniter\HTTP\IncomingRequest), Object(CodeIgniter\HTTP\Response), 404, 1)
#7 [internal function]: CodeIgniter\Debug\Exceptions->exceptionHandler(Object(CodeIgniter\Exceptions\PageNotFoundException))
#8 {main}
  thrown
【Previous Exception】
CodeIgniter\Exceptions\PageNotFoundException
Page Not Found
#0 D:\laragon\www\method-oldagehome\system\CodeIgniter.php(967): CodeIgniter\Exceptions\PageNotFoundException::forPageNotFound(NULL)
#1 D:\laragon\www\method-oldagehome\system\CodeIgniter.php(362): CodeIgniter\CodeIgniter->display404errors(Object(CodeIgniter\Exceptions\PageNotFoundException))
#2 D:\laragon\www\method-oldagehome\public\index.php(79): CodeIgniter\CodeIgniter->run()
#3 D:\laragon\www\method-oldagehome\system\Commands\Server\rewrite.php(47): require_once('D:\\laragon\\www\\...')
#4 {main}
in SYSTEMPATH\HTTP\ResponseTrait.php on line 774.
 1 [internal function]: CodeIgniter\Debug\Exceptions->shutdownHandler()
CRITICAL - 2024-11-11 05:58:19 --> Uncaught ErrorException: Cannot modify header information - headers already sent in D:\laragon\www\method-oldagehome\system\HTTP\ResponseTrait.php:774
Stack trace:
#0 [internal function]: CodeIgniter\Debug\Exceptions->errorHandler(2, 'Cannot modify h...', 'D:\\laragon\\www\\...', 774)
#1 D:\laragon\www\method-oldagehome\system\HTTP\ResponseTrait.php(774): setcookie('ci_session', 'p1mlsgirhht6kcj...', Array)
#2 D:\laragon\www\method-oldagehome\system\HTTP\ResponseTrait.php(750): CodeIgniter\HTTP\Response->doSetCookie('ci_session', 'p1mlsgirhht6kcj...', Array)
#3 D:\laragon\www\method-oldagehome\system\HTTP\ResponseTrait.php(730): CodeIgniter\HTTP\Response->dispatchCookies()
#4 D:\laragon\www\method-oldagehome\system\HTTP\ResponseTrait.php(447): CodeIgniter\HTTP\Response->sendCookies()
#5 D:\laragon\www\method-oldagehome\system\Debug\ExceptionHandler.php(78): CodeIgniter\HTTP\Response->send()
#6 D:\laragon\www\method-oldagehome\system\Debug\Exceptions.php(147): CodeIgniter\Debug\ExceptionHandler->handle(Object(CodeIgniter\Exceptions\PageNotFoundException), Object(CodeIgniter\HTTP\IncomingRequest), Object(CodeIgniter\HTTP\Response), 404, 1)
#7 [internal function]: CodeIgniter\Debug\Exceptions->exceptionHandler(Object(CodeIgniter\Exceptions\PageNotFoundException))
#8 {main}
  thrown
【Previous Exception】
CodeIgniter\Exceptions\PageNotFoundException
Page Not Found
#0 D:\laragon\www\method-oldagehome\system\CodeIgniter.php(967): CodeIgniter\Exceptions\PageNotFoundException::forPageNotFound(NULL)
#1 D:\laragon\www\method-oldagehome\system\CodeIgniter.php(362): CodeIgniter\CodeIgniter->display404errors(Object(CodeIgniter\Exceptions\PageNotFoundException))
#2 D:\laragon\www\method-oldagehome\public\index.php(79): CodeIgniter\CodeIgniter->run()
#3 D:\laragon\www\method-oldagehome\system\Commands\Server\rewrite.php(47): require_once('D:\\laragon\\www\\...')
#4 {main}
in SYSTEMPATH\HTTP\ResponseTrait.php on line 774.
 1 [internal function]: CodeIgniter\Debug\Exceptions->shutdownHandler()
CRITICAL - 2024-11-11 05:58:20 --> Uncaught ErrorException: Cannot modify header information - headers already sent in D:\laragon\www\method-oldagehome\system\HTTP\ResponseTrait.php:774
Stack trace:
#0 [internal function]: CodeIgniter\Debug\Exceptions->errorHandler(2, 'Cannot modify h...', 'D:\\laragon\\www\\...', 774)
#1 D:\laragon\www\method-oldagehome\system\HTTP\ResponseTrait.php(774): setcookie('ci_session', 'p1mlsgirhht6kcj...', Array)
#2 D:\laragon\www\method-oldagehome\system\HTTP\ResponseTrait.php(750): CodeIgniter\HTTP\Response->doSetCookie('ci_session', 'p1mlsgirhht6kcj...', Array)
#3 D:\laragon\www\method-oldagehome\system\HTTP\ResponseTrait.php(730): CodeIgniter\HTTP\Response->dispatchCookies()
#4 D:\laragon\www\method-oldagehome\system\HTTP\ResponseTrait.php(447): CodeIgniter\HTTP\Response->sendCookies()
#5 D:\laragon\www\method-oldagehome\system\Debug\ExceptionHandler.php(78): CodeIgniter\HTTP\Response->send()
#6 D:\laragon\www\method-oldagehome\system\Debug\Exceptions.php(147): CodeIgniter\Debug\ExceptionHandler->handle(Object(CodeIgniter\Exceptions\PageNotFoundException), Object(CodeIgniter\HTTP\IncomingRequest), Object(CodeIgniter\HTTP\Response), 404, 1)
#7 [internal function]: CodeIgniter\Debug\Exceptions->exceptionHandler(Object(CodeIgniter\Exceptions\PageNotFoundException))
#8 {main}
  thrown
【Previous Exception】
CodeIgniter\Exceptions\PageNotFoundException
Page Not Found
#0 D:\laragon\www\method-oldagehome\system\CodeIgniter.php(967): CodeIgniter\Exceptions\PageNotFoundException::forPageNotFound(NULL)
#1 D:\laragon\www\method-oldagehome\system\CodeIgniter.php(362): CodeIgniter\CodeIgniter->display404errors(Object(CodeIgniter\Exceptions\PageNotFoundException))
#2 D:\laragon\www\method-oldagehome\public\index.php(79): CodeIgniter\CodeIgniter->run()
#3 D:\laragon\www\method-oldagehome\system\Commands\Server\rewrite.php(47): require_once('D:\\laragon\\www\\...')
#4 {main}
in SYSTEMPATH\HTTP\ResponseTrait.php on line 774.
 1 [internal function]: CodeIgniter\Debug\Exceptions->shutdownHandler()
CRITICAL - 2024-11-11 05:58:21 --> Uncaught ErrorException: Cannot modify header information - headers already sent in D:\laragon\www\method-oldagehome\system\HTTP\ResponseTrait.php:774
Stack trace:
#0 [internal function]: CodeIgniter\Debug\Exceptions->errorHandler(2, 'Cannot modify h...', 'D:\\laragon\\www\\...', 774)
#1 D:\laragon\www\method-oldagehome\system\HTTP\ResponseTrait.php(774): setcookie('ci_session', 'p1mlsgirhht6kcj...', Array)
#2 D:\laragon\www\method-oldagehome\system\HTTP\ResponseTrait.php(750): CodeIgniter\HTTP\Response->doSetCookie('ci_session', 'p1mlsgirhht6kcj...', Array)
#3 D:\laragon\www\method-oldagehome\system\HTTP\ResponseTrait.php(730): CodeIgniter\HTTP\Response->dispatchCookies()
#4 D:\laragon\www\method-oldagehome\system\HTTP\ResponseTrait.php(447): CodeIgniter\HTTP\Response->sendCookies()
#5 D:\laragon\www\method-oldagehome\system\Debug\ExceptionHandler.php(78): CodeIgniter\HTTP\Response->send()
#6 D:\laragon\www\method-oldagehome\system\Debug\Exceptions.php(147): CodeIgniter\Debug\ExceptionHandler->handle(Object(CodeIgniter\Exceptions\PageNotFoundException), Object(CodeIgniter\HTTP\IncomingRequest), Object(CodeIgniter\HTTP\Response), 404, 1)
#7 [internal function]: CodeIgniter\Debug\Exceptions->exceptionHandler(Object(CodeIgniter\Exceptions\PageNotFoundException))
#8 {main}
  thrown
【Previous Exception】
CodeIgniter\Exceptions\PageNotFoundException
Page Not Found
#0 D:\laragon\www\method-oldagehome\system\CodeIgniter.php(967): CodeIgniter\Exceptions\PageNotFoundException::forPageNotFound(NULL)
#1 D:\laragon\www\method-oldagehome\system\CodeIgniter.php(362): CodeIgniter\CodeIgniter->display404errors(Object(CodeIgniter\Exceptions\PageNotFoundException))
#2 D:\laragon\www\method-oldagehome\public\index.php(79): CodeIgniter\CodeIgniter->run()
#3 D:\laragon\www\method-oldagehome\system\Commands\Server\rewrite.php(47): require_once('D:\\laragon\\www\\...')
#4 {main}
in SYSTEMPATH\HTTP\ResponseTrait.php on line 774.
 1 [internal function]: CodeIgniter\Debug\Exceptions->shutdownHandler()
CRITICAL - 2024-11-11 05:58:22 --> Uncaught ErrorException: Cannot modify header information - headers already sent in D:\laragon\www\method-oldagehome\system\HTTP\ResponseTrait.php:774
Stack trace:
#0 [internal function]: CodeIgniter\Debug\Exceptions->errorHandler(2, 'Cannot modify h...', 'D:\\laragon\\www\\...', 774)
#1 D:\laragon\www\method-oldagehome\system\HTTP\ResponseTrait.php(774): setcookie('ci_session', 'p1mlsgirhht6kcj...', Array)
#2 D:\laragon\www\method-oldagehome\system\HTTP\ResponseTrait.php(750): CodeIgniter\HTTP\Response->doSetCookie('ci_session', 'p1mlsgirhht6kcj...', Array)
#3 D:\laragon\www\method-oldagehome\system\HTTP\ResponseTrait.php(730): CodeIgniter\HTTP\Response->dispatchCookies()
#4 D:\laragon\www\method-oldagehome\system\HTTP\ResponseTrait.php(447): CodeIgniter\HTTP\Response->sendCookies()
#5 D:\laragon\www\method-oldagehome\system\Debug\ExceptionHandler.php(78): CodeIgniter\HTTP\Response->send()
#6 D:\laragon\www\method-oldagehome\system\Debug\Exceptions.php(147): CodeIgniter\Debug\ExceptionHandler->handle(Object(CodeIgniter\Exceptions\PageNotFoundException), Object(CodeIgniter\HTTP\IncomingRequest), Object(CodeIgniter\HTTP\Response), 404, 1)
#7 [internal function]: CodeIgniter\Debug\Exceptions->exceptionHandler(Object(CodeIgniter\Exceptions\PageNotFoundException))
#8 {main}
  thrown
【Previous Exception】
CodeIgniter\Exceptions\PageNotFoundException
Page Not Found
#0 D:\laragon\www\method-oldagehome\system\CodeIgniter.php(967): CodeIgniter\Exceptions\PageNotFoundException::forPageNotFound(NULL)
#1 D:\laragon\www\method-oldagehome\system\CodeIgniter.php(362): CodeIgniter\CodeIgniter->display404errors(Object(CodeIgniter\Exceptions\PageNotFoundException))
#2 D:\laragon\www\method-oldagehome\public\index.php(79): CodeIgniter\CodeIgniter->run()
#3 D:\laragon\www\method-oldagehome\system\Commands\Server\rewrite.php(47): require_once('D:\\laragon\\www\\...')
#4 {main}
in SYSTEMPATH\HTTP\ResponseTrait.php on line 774.
 1 [internal function]: CodeIgniter\Debug\Exceptions->shutdownHandler()
CRITICAL - 2024-11-11 05:58:23 --> Uncaught ErrorException: Cannot modify header information - headers already sent in D:\laragon\www\method-oldagehome\system\HTTP\ResponseTrait.php:774
Stack trace:
#0 [internal function]: CodeIgniter\Debug\Exceptions->errorHandler(2, 'Cannot modify h...', 'D:\\laragon\\www\\...', 774)
#1 D:\laragon\www\method-oldagehome\system\HTTP\ResponseTrait.php(774): setcookie('ci_session', 'p1mlsgirhht6kcj...', Array)
#2 D:\laragon\www\method-oldagehome\system\HTTP\ResponseTrait.php(750): CodeIgniter\HTTP\Response->doSetCookie('ci_session', 'p1mlsgirhht6kcj...', Array)
#3 D:\laragon\www\method-oldagehome\system\HTTP\ResponseTrait.php(730): CodeIgniter\HTTP\Response->dispatchCookies()
#4 D:\laragon\www\method-oldagehome\system\HTTP\ResponseTrait.php(447): CodeIgniter\HTTP\Response->sendCookies()
#5 D:\laragon\www\method-oldagehome\system\Debug\ExceptionHandler.php(78): CodeIgniter\HTTP\Response->send()
#6 D:\laragon\www\method-oldagehome\system\Debug\Exceptions.php(147): CodeIgniter\Debug\ExceptionHandler->handle(Object(CodeIgniter\Exceptions\PageNotFoundException), Object(CodeIgniter\HTTP\IncomingRequest), Object(CodeIgniter\HTTP\Response), 404, 1)
#7 [internal function]: CodeIgniter\Debug\Exceptions->exceptionHandler(Object(CodeIgniter\Exceptions\PageNotFoundException))
#8 {main}
  thrown
【Previous Exception】
CodeIgniter\Exceptions\PageNotFoundException
Page Not Found
#0 D:\laragon\www\method-oldagehome\system\CodeIgniter.php(967): CodeIgniter\Exceptions\PageNotFoundException::forPageNotFound(NULL)
#1 D:\laragon\www\method-oldagehome\system\CodeIgniter.php(362): CodeIgniter\CodeIgniter->display404errors(Object(CodeIgniter\Exceptions\PageNotFoundException))
#2 D:\laragon\www\method-oldagehome\public\index.php(79): CodeIgniter\CodeIgniter->run()
#3 D:\laragon\www\method-oldagehome\system\Commands\Server\rewrite.php(47): require_once('D:\\laragon\\www\\...')
#4 {main}
in SYSTEMPATH\HTTP\ResponseTrait.php on line 774.
 1 [internal function]: CodeIgniter\Debug\Exceptions->shutdownHandler()
CRITICAL - 2024-11-11 05:58:24 --> Uncaught ErrorException: Cannot modify header information - headers already sent in D:\laragon\www\method-oldagehome\system\HTTP\ResponseTrait.php:774
Stack trace:
#0 [internal function]: CodeIgniter\Debug\Exceptions->errorHandler(2, 'Cannot modify h...', 'D:\\laragon\\www\\...', 774)
#1 D:\laragon\www\method-oldagehome\system\HTTP\ResponseTrait.php(774): setcookie('ci_session', 'p1mlsgirhht6kcj...', Array)
#2 D:\laragon\www\method-oldagehome\system\HTTP\ResponseTrait.php(750): CodeIgniter\HTTP\Response->doSetCookie('ci_session', 'p1mlsgirhht6kcj...', Array)
#3 D:\laragon\www\method-oldagehome\system\HTTP\ResponseTrait.php(730): CodeIgniter\HTTP\Response->dispatchCookies()
#4 D:\laragon\www\method-oldagehome\system\HTTP\ResponseTrait.php(447): CodeIgniter\HTTP\Response->sendCookies()
#5 D:\laragon\www\method-oldagehome\system\Debug\ExceptionHandler.php(78): CodeIgniter\HTTP\Response->send()
#6 D:\laragon\www\method-oldagehome\system\Debug\Exceptions.php(147): CodeIgniter\Debug\ExceptionHandler->handle(Object(CodeIgniter\Exceptions\PageNotFoundException), Object(CodeIgniter\HTTP\IncomingRequest), Object(CodeIgniter\HTTP\Response), 404, 1)
#7 [internal function]: CodeIgniter\Debug\Exceptions->exceptionHandler(Object(CodeIgniter\Exceptions\PageNotFoundException))
#8 {main}
  thrown
【Previous Exception】
CodeIgniter\Exceptions\PageNotFoundException
Page Not Found
#0 D:\laragon\www\method-oldagehome\system\CodeIgniter.php(967): CodeIgniter\Exceptions\PageNotFoundException::forPageNotFound(NULL)
#1 D:\laragon\www\method-oldagehome\system\CodeIgniter.php(362): CodeIgniter\CodeIgniter->display404errors(Object(CodeIgniter\Exceptions\PageNotFoundException))
#2 D:\laragon\www\method-oldagehome\public\index.php(79): CodeIgniter\CodeIgniter->run()
#3 D:\laragon\www\method-oldagehome\system\Commands\Server\rewrite.php(47): require_once('D:\\laragon\\www\\...')
#4 {main}
in SYSTEMPATH\HTTP\ResponseTrait.php on line 774.
 1 [internal function]: CodeIgniter\Debug\Exceptions->shutdownHandler()
CRITICAL - 2024-11-11 05:58:25 --> Uncaught ErrorException: Cannot modify header information - headers already sent in D:\laragon\www\method-oldagehome\system\HTTP\ResponseTrait.php:774
Stack trace:
#0 [internal function]: CodeIgniter\Debug\Exceptions->errorHandler(2, 'Cannot modify h...', 'D:\\laragon\\www\\...', 774)
#1 D:\laragon\www\method-oldagehome\system\HTTP\ResponseTrait.php(774): setcookie('ci_session', 'p1mlsgirhht6kcj...', Array)
#2 D:\laragon\www\method-oldagehome\system\HTTP\ResponseTrait.php(750): CodeIgniter\HTTP\Response->doSetCookie('ci_session', 'p1mlsgirhht6kcj...', Array)
#3 D:\laragon\www\method-oldagehome\system\HTTP\ResponseTrait.php(730): CodeIgniter\HTTP\Response->dispatchCookies()
#4 D:\laragon\www\method-oldagehome\system\HTTP\ResponseTrait.php(447): CodeIgniter\HTTP\Response->sendCookies()
#5 D:\laragon\www\method-oldagehome\system\Debug\ExceptionHandler.php(78): CodeIgniter\HTTP\Response->send()
#6 D:\laragon\www\method-oldagehome\system\Debug\Exceptions.php(147): CodeIgniter\Debug\ExceptionHandler->handle(Object(CodeIgniter\Exceptions\PageNotFoundException), Object(CodeIgniter\HTTP\IncomingRequest), Object(CodeIgniter\HTTP\Response), 404, 1)
#7 [internal function]: CodeIgniter\Debug\Exceptions->exceptionHandler(Object(CodeIgniter\Exceptions\PageNotFoundException))
#8 {main}
  thrown
【Previous Exception】
CodeIgniter\Exceptions\PageNotFoundException
Page Not Found
#0 D:\laragon\www\method-oldagehome\system\CodeIgniter.php(967): CodeIgniter\Exceptions\PageNotFoundException::forPageNotFound(NULL)
#1 D:\laragon\www\method-oldagehome\system\CodeIgniter.php(362): CodeIgniter\CodeIgniter->display404errors(Object(CodeIgniter\Exceptions\PageNotFoundException))
#2 D:\laragon\www\method-oldagehome\public\index.php(79): CodeIgniter\CodeIgniter->run()
#3 D:\laragon\www\method-oldagehome\system\Commands\Server\rewrite.php(47): require_once('D:\\laragon\\www\\...')
#4 {main}
in SYSTEMPATH\HTTP\ResponseTrait.php on line 774.
 1 [internal function]: CodeIgniter\Debug\Exceptions->shutdownHandler()
CRITICAL - 2024-11-11 05:58:26 --> Uncaught ErrorException: Cannot modify header information - headers already sent in D:\laragon\www\method-oldagehome\system\HTTP\ResponseTrait.php:774
Stack trace:
#0 [internal function]: CodeIgniter\Debug\Exceptions->errorHandler(2, 'Cannot modify h...', 'D:\\laragon\\www\\...', 774)
#1 D:\laragon\www\method-oldagehome\system\HTTP\ResponseTrait.php(774): setcookie('ci_session', 'p1mlsgirhht6kcj...', Array)
#2 D:\laragon\www\method-oldagehome\system\HTTP\ResponseTrait.php(750): CodeIgniter\HTTP\Response->doSetCookie('ci_session', 'p1mlsgirhht6kcj...', Array)
#3 D:\laragon\www\method-oldagehome\system\HTTP\ResponseTrait.php(730): CodeIgniter\HTTP\Response->dispatchCookies()
#4 D:\laragon\www\method-oldagehome\system\HTTP\ResponseTrait.php(447): CodeIgniter\HTTP\Response->sendCookies()
#5 D:\laragon\www\method-oldagehome\system\Debug\ExceptionHandler.php(78): CodeIgniter\HTTP\Response->send()
#6 D:\laragon\www\method-oldagehome\system\Debug\Exceptions.php(147): CodeIgniter\Debug\ExceptionHandler->handle(Object(CodeIgniter\Exceptions\PageNotFoundException), Object(CodeIgniter\HTTP\IncomingRequest), Object(CodeIgniter\HTTP\Response), 404, 1)
#7 [internal function]: CodeIgniter\Debug\Exceptions->exceptionHandler(Object(CodeIgniter\Exceptions\PageNotFoundException))
#8 {main}
  thrown
【Previous Exception】
CodeIgniter\Exceptions\PageNotFoundException
Page Not Found
#0 D:\laragon\www\method-oldagehome\system\CodeIgniter.php(967): CodeIgniter\Exceptions\PageNotFoundException::forPageNotFound(NULL)
#1 D:\laragon\www\method-oldagehome\system\CodeIgniter.php(362): CodeIgniter\CodeIgniter->display404errors(Object(CodeIgniter\Exceptions\PageNotFoundException))
#2 D:\laragon\www\method-oldagehome\public\index.php(79): CodeIgniter\CodeIgniter->run()
#3 D:\laragon\www\method-oldagehome\system\Commands\Server\rewrite.php(47): require_once('D:\\laragon\\www\\...')
#4 {main}
in SYSTEMPATH\HTTP\ResponseTrait.php on line 774.
 1 [internal function]: CodeIgniter\Debug\Exceptions->shutdownHandler()
CRITICAL - 2024-11-11 05:58:27 --> Uncaught ErrorException: Cannot modify header information - headers already sent in D:\laragon\www\method-oldagehome\system\HTTP\ResponseTrait.php:774
Stack trace:
#0 [internal function]: CodeIgniter\Debug\Exceptions->errorHandler(2, 'Cannot modify h...', 'D:\\laragon\\www\\...', 774)
#1 D:\laragon\www\method-oldagehome\system\HTTP\ResponseTrait.php(774): setcookie('ci_session', 'p1mlsgirhht6kcj...', Array)
#2 D:\laragon\www\method-oldagehome\system\HTTP\ResponseTrait.php(750): CodeIgniter\HTTP\Response->doSetCookie('ci_session', 'p1mlsgirhht6kcj...', Array)
#3 D:\laragon\www\method-oldagehome\system\HTTP\ResponseTrait.php(730): CodeIgniter\HTTP\Response->dispatchCookies()
#4 D:\laragon\www\method-oldagehome\system\HTTP\ResponseTrait.php(447): CodeIgniter\HTTP\Response->sendCookies()
#5 D:\laragon\www\method-oldagehome\system\Debug\ExceptionHandler.php(78): CodeIgniter\HTTP\Response->send()
#6 D:\laragon\www\method-oldagehome\system\Debug\Exceptions.php(147): CodeIgniter\Debug\ExceptionHandler->handle(Object(CodeIgniter\Exceptions\PageNotFoundException), Object(CodeIgniter\HTTP\IncomingRequest), Object(CodeIgniter\HTTP\Response), 404, 1)
#7 [internal function]: CodeIgniter\Debug\Exceptions->exceptionHandler(Object(CodeIgniter\Exceptions\PageNotFoundException))
#8 {main}
  thrown
【Previous Exception】
CodeIgniter\Exceptions\PageNotFoundException
Page Not Found
#0 D:\laragon\www\method-oldagehome\system\CodeIgniter.php(967): CodeIgniter\Exceptions\PageNotFoundException::forPageNotFound(NULL)
#1 D:\laragon\www\method-oldagehome\system\CodeIgniter.php(362): CodeIgniter\CodeIgniter->display404errors(Object(CodeIgniter\Exceptions\PageNotFoundException))
#2 D:\laragon\www\method-oldagehome\public\index.php(79): CodeIgniter\CodeIgniter->run()
#3 D:\laragon\www\method-oldagehome\system\Commands\Server\rewrite.php(47): require_once('D:\\laragon\\www\\...')
#4 {main}
in SYSTEMPATH\HTTP\ResponseTrait.php on line 774.
 1 [internal function]: CodeIgniter\Debug\Exceptions->shutdownHandler()
CRITICAL - 2024-11-11 05:58:28 --> Uncaught ErrorException: Cannot modify header information - headers already sent in D:\laragon\www\method-oldagehome\system\HTTP\ResponseTrait.php:774
Stack trace:
#0 [internal function]: CodeIgniter\Debug\Exceptions->errorHandler(2, 'Cannot modify h...', 'D:\\laragon\\www\\...', 774)
#1 D:\laragon\www\method-oldagehome\system\HTTP\ResponseTrait.php(774): setcookie('ci_session', 'p1mlsgirhht6kcj...', Array)
#2 D:\laragon\www\method-oldagehome\system\HTTP\ResponseTrait.php(750): CodeIgniter\HTTP\Response->doSetCookie('ci_session', 'p1mlsgirhht6kcj...', Array)
#3 D:\laragon\www\method-oldagehome\system\HTTP\ResponseTrait.php(730): CodeIgniter\HTTP\Response->dispatchCookies()
#4 D:\laragon\www\method-oldagehome\system\HTTP\ResponseTrait.php(447): CodeIgniter\HTTP\Response->sendCookies()
#5 D:\laragon\www\method-oldagehome\system\Debug\ExceptionHandler.php(78): CodeIgniter\HTTP\Response->send()
#6 D:\laragon\www\method-oldagehome\system\Debug\Exceptions.php(147): CodeIgniter\Debug\ExceptionHandler->handle(Object(CodeIgniter\Exceptions\PageNotFoundException), Object(CodeIgniter\HTTP\IncomingRequest), Object(CodeIgniter\HTTP\Response), 404, 1)
#7 [internal function]: CodeIgniter\Debug\Exceptions->exceptionHandler(Object(CodeIgniter\Exceptions\PageNotFoundException))
#8 {main}
  thrown
【Previous Exception】
CodeIgniter\Exceptions\PageNotFoundException
Page Not Found
#0 D:\laragon\www\method-oldagehome\system\CodeIgniter.php(967): CodeIgniter\Exceptions\PageNotFoundException::forPageNotFound(NULL)
#1 D:\laragon\www\method-oldagehome\system\CodeIgniter.php(362): CodeIgniter\CodeIgniter->display404errors(Object(CodeIgniter\Exceptions\PageNotFoundException))
#2 D:\laragon\www\method-oldagehome\public\index.php(79): CodeIgniter\CodeIgniter->run()
#3 D:\laragon\www\method-oldagehome\system\Commands\Server\rewrite.php(47): require_once('D:\\laragon\\www\\...')
#4 {main}
in SYSTEMPATH\HTTP\ResponseTrait.php on line 774.
 1 [internal function]: CodeIgniter\Debug\Exceptions->shutdownHandler()
CRITICAL - 2024-11-11 05:58:29 --> Uncaught ErrorException: Cannot modify header information - headers already sent in D:\laragon\www\method-oldagehome\system\HTTP\ResponseTrait.php:774
Stack trace:
#0 [internal function]: CodeIgniter\Debug\Exceptions->errorHandler(2, 'Cannot modify h...', 'D:\\laragon\\www\\...', 774)
#1 D:\laragon\www\method-oldagehome\system\HTTP\ResponseTrait.php(774): setcookie('ci_session', 'p1mlsgirhht6kcj...', Array)
#2 D:\laragon\www\method-oldagehome\system\HTTP\ResponseTrait.php(750): CodeIgniter\HTTP\Response->doSetCookie('ci_session', 'p1mlsgirhht6kcj...', Array)
#3 D:\laragon\www\method-oldagehome\system\HTTP\ResponseTrait.php(730): CodeIgniter\HTTP\Response->dispatchCookies()
#4 D:\laragon\www\method-oldagehome\system\HTTP\ResponseTrait.php(447): CodeIgniter\HTTP\Response->sendCookies()
#5 D:\laragon\www\method-oldagehome\system\Debug\ExceptionHandler.php(78): CodeIgniter\HTTP\Response->send()
#6 D:\laragon\www\method-oldagehome\system\Debug\Exceptions.php(147): CodeIgniter\Debug\ExceptionHandler->handle(Object(CodeIgniter\Exceptions\PageNotFoundException), Object(CodeIgniter\HTTP\IncomingRequest), Object(CodeIgniter\HTTP\Response), 404, 1)
#7 [internal function]: CodeIgniter\Debug\Exceptions->exceptionHandler(Object(CodeIgniter\Exceptions\PageNotFoundException))
#8 {main}
  thrown
【Previous Exception】
CodeIgniter\Exceptions\PageNotFoundException
Page Not Found
#0 D:\laragon\www\method-oldagehome\system\CodeIgniter.php(967): CodeIgniter\Exceptions\PageNotFoundException::forPageNotFound(NULL)
#1 D:\laragon\www\method-oldagehome\system\CodeIgniter.php(362): CodeIgniter\CodeIgniter->display404errors(Object(CodeIgniter\Exceptions\PageNotFoundException))
#2 D:\laragon\www\method-oldagehome\public\index.php(79): CodeIgniter\CodeIgniter->run()
#3 D:\laragon\www\method-oldagehome\system\Commands\Server\rewrite.php(47): require_once('D:\\laragon\\www\\...')
#4 {main}
in SYSTEMPATH\HTTP\ResponseTrait.php on line 774.
 1 [internal function]: CodeIgniter\Debug\Exceptions->shutdownHandler()
CRITICAL - 2024-11-11 05:58:30 --> Uncaught ErrorException: Cannot modify header information - headers already sent in D:\laragon\www\method-oldagehome\system\HTTP\ResponseTrait.php:774
Stack trace:
#0 [internal function]: CodeIgniter\Debug\Exceptions->errorHandler(2, 'Cannot modify h...', 'D:\\laragon\\www\\...', 774)
#1 D:\laragon\www\method-oldagehome\system\HTTP\ResponseTrait.php(774): setcookie('ci_session', 'p1mlsgirhht6kcj...', Array)
#2 D:\laragon\www\method-oldagehome\system\HTTP\ResponseTrait.php(750): CodeIgniter\HTTP\Response->doSetCookie('ci_session', 'p1mlsgirhht6kcj...', Array)
#3 D:\laragon\www\method-oldagehome\system\HTTP\ResponseTrait.php(730): CodeIgniter\HTTP\Response->dispatchCookies()
#4 D:\laragon\www\method-oldagehome\system\HTTP\ResponseTrait.php(447): CodeIgniter\HTTP\Response->sendCookies()
#5 D:\laragon\www\method-oldagehome\system\Debug\ExceptionHandler.php(78): CodeIgniter\HTTP\Response->send()
#6 D:\laragon\www\method-oldagehome\system\Debug\Exceptions.php(147): CodeIgniter\Debug\ExceptionHandler->handle(Object(CodeIgniter\Exceptions\PageNotFoundException), Object(CodeIgniter\HTTP\IncomingRequest), Object(CodeIgniter\HTTP\Response), 404, 1)
#7 [internal function]: CodeIgniter\Debug\Exceptions->exceptionHandler(Object(CodeIgniter\Exceptions\PageNotFoundException))
#8 {main}
  thrown
【Previous Exception】
CodeIgniter\Exceptions\PageNotFoundException
Page Not Found
#0 D:\laragon\www\method-oldagehome\system\CodeIgniter.php(967): CodeIgniter\Exceptions\PageNotFoundException::forPageNotFound(NULL)
#1 D:\laragon\www\method-oldagehome\system\CodeIgniter.php(362): CodeIgniter\CodeIgniter->display404errors(Object(CodeIgniter\Exceptions\PageNotFoundException))
#2 D:\laragon\www\method-oldagehome\public\index.php(79): CodeIgniter\CodeIgniter->run()
#3 D:\laragon\www\method-oldagehome\system\Commands\Server\rewrite.php(47): require_once('D:\\laragon\\www\\...')
#4 {main}
in SYSTEMPATH\HTTP\ResponseTrait.php on line 774.
 1 [internal function]: CodeIgniter\Debug\Exceptions->shutdownHandler()
CRITICAL - 2024-11-11 05:58:31 --> Uncaught ErrorException: Cannot modify header information - headers already sent in D:\laragon\www\method-oldagehome\system\HTTP\ResponseTrait.php:774
Stack trace:
#0 [internal function]: CodeIgniter\Debug\Exceptions->errorHandler(2, 'Cannot modify h...', 'D:\\laragon\\www\\...', 774)
#1 D:\laragon\www\method-oldagehome\system\HTTP\ResponseTrait.php(774): setcookie('ci_session', 'p1mlsgirhht6kcj...', Array)
#2 D:\laragon\www\method-oldagehome\system\HTTP\ResponseTrait.php(750): CodeIgniter\HTTP\Response->doSetCookie('ci_session', 'p1mlsgirhht6kcj...', Array)
#3 D:\laragon\www\method-oldagehome\system\HTTP\ResponseTrait.php(730): CodeIgniter\HTTP\Response->dispatchCookies()
#4 D:\laragon\www\method-oldagehome\system\HTTP\ResponseTrait.php(447): CodeIgniter\HTTP\Response->sendCookies()
#5 D:\laragon\www\method-oldagehome\system\Debug\ExceptionHandler.php(78): CodeIgniter\HTTP\Response->send()
#6 D:\laragon\www\method-oldagehome\system\Debug\Exceptions.php(147): CodeIgniter\Debug\ExceptionHandler->handle(Object(CodeIgniter\Exceptions\PageNotFoundException), Object(CodeIgniter\HTTP\IncomingRequest), Object(CodeIgniter\HTTP\Response), 404, 1)
#7 [internal function]: CodeIgniter\Debug\Exceptions->exceptionHandler(Object(CodeIgniter\Exceptions\PageNotFoundException))
#8 {main}
  thrown
【Previous Exception】
CodeIgniter\Exceptions\PageNotFoundException
Page Not Found
#0 D:\laragon\www\method-oldagehome\system\CodeIgniter.php(967): CodeIgniter\Exceptions\PageNotFoundException::forPageNotFound(NULL)
#1 D:\laragon\www\method-oldagehome\system\CodeIgniter.php(362): CodeIgniter\CodeIgniter->display404errors(Object(CodeIgniter\Exceptions\PageNotFoundException))
#2 D:\laragon\www\method-oldagehome\public\index.php(79): CodeIgniter\CodeIgniter->run()
#3 D:\laragon\www\method-oldagehome\system\Commands\Server\rewrite.php(47): require_once('D:\\laragon\\www\\...')
#4 {main}
in SYSTEMPATH\HTTP\ResponseTrait.php on line 774.
 1 [internal function]: CodeIgniter\Debug\Exceptions->shutdownHandler()
CRITICAL - 2024-11-11 05:58:32 --> Uncaught ErrorException: Cannot modify header information - headers already sent in D:\laragon\www\method-oldagehome\system\HTTP\ResponseTrait.php:774
Stack trace:
#0 [internal function]: CodeIgniter\Debug\Exceptions->errorHandler(2, 'Cannot modify h...', 'D:\\laragon\\www\\...', 774)
#1 D:\laragon\www\method-oldagehome\system\HTTP\ResponseTrait.php(774): setcookie('ci_session', 'p1mlsgirhht6kcj...', Array)
#2 D:\laragon\www\method-oldagehome\system\HTTP\ResponseTrait.php(750): CodeIgniter\HTTP\Response->doSetCookie('ci_session', 'p1mlsgirhht6kcj...', Array)
#3 D:\laragon\www\method-oldagehome\system\HTTP\ResponseTrait.php(730): CodeIgniter\HTTP\Response->dispatchCookies()
#4 D:\laragon\www\method-oldagehome\system\HTTP\ResponseTrait.php(447): CodeIgniter\HTTP\Response->sendCookies()
#5 D:\laragon\www\method-oldagehome\system\Debug\ExceptionHandler.php(78): CodeIgniter\HTTP\Response->send()
#6 D:\laragon\www\method-oldagehome\system\Debug\Exceptions.php(147): CodeIgniter\Debug\ExceptionHandler->handle(Object(CodeIgniter\Exceptions\PageNotFoundException), Object(CodeIgniter\HTTP\IncomingRequest), Object(CodeIgniter\HTTP\Response), 404, 1)
#7 [internal function]: CodeIgniter\Debug\Exceptions->exceptionHandler(Object(CodeIgniter\Exceptions\PageNotFoundException))
#8 {main}
  thrown
【Previous Exception】
CodeIgniter\Exceptions\PageNotFoundException
Page Not Found
#0 D:\laragon\www\method-oldagehome\system\CodeIgniter.php(967): CodeIgniter\Exceptions\PageNotFoundException::forPageNotFound(NULL)
#1 D:\laragon\www\method-oldagehome\system\CodeIgniter.php(362): CodeIgniter\CodeIgniter->display404errors(Object(CodeIgniter\Exceptions\PageNotFoundException))
#2 D:\laragon\www\method-oldagehome\public\index.php(79): CodeIgniter\CodeIgniter->run()
#3 D:\laragon\www\method-oldagehome\system\Commands\Server\rewrite.php(47): require_once('D:\\laragon\\www\\...')
#4 {main}
in SYSTEMPATH\HTTP\ResponseTrait.php on line 774.
 1 [internal function]: CodeIgniter\Debug\Exceptions->shutdownHandler()
CRITICAL - 2024-11-11 05:58:33 --> Uncaught ErrorException: Cannot modify header information - headers already sent in D:\laragon\www\method-oldagehome\system\HTTP\ResponseTrait.php:774
Stack trace:
#0 [internal function]: CodeIgniter\Debug\Exceptions->errorHandler(2, 'Cannot modify h...', 'D:\\laragon\\www\\...', 774)
#1 D:\laragon\www\method-oldagehome\system\HTTP\ResponseTrait.php(774): setcookie('ci_session', 'p1mlsgirhht6kcj...', Array)
#2 D:\laragon\www\method-oldagehome\system\HTTP\ResponseTrait.php(750): CodeIgniter\HTTP\Response->doSetCookie('ci_session', 'p1mlsgirhht6kcj...', Array)
#3 D:\laragon\www\method-oldagehome\system\HTTP\ResponseTrait.php(730): CodeIgniter\HTTP\Response->dispatchCookies()
#4 D:\laragon\www\method-oldagehome\system\HTTP\ResponseTrait.php(447): CodeIgniter\HTTP\Response->sendCookies()
#5 D:\laragon\www\method-oldagehome\system\Debug\ExceptionHandler.php(78): CodeIgniter\HTTP\Response->send()
#6 D:\laragon\www\method-oldagehome\system\Debug\Exceptions.php(147): CodeIgniter\Debug\ExceptionHandler->handle(Object(CodeIgniter\Exceptions\PageNotFoundException), Object(CodeIgniter\HTTP\IncomingRequest), Object(CodeIgniter\HTTP\Response), 404, 1)
#7 [internal function]: CodeIgniter\Debug\Exceptions->exceptionHandler(Object(CodeIgniter\Exceptions\PageNotFoundException))
#8 {main}
  thrown
【Previous Exception】
CodeIgniter\Exceptions\PageNotFoundException
Page Not Found
#0 D:\laragon\www\method-oldagehome\system\CodeIgniter.php(967): CodeIgniter\Exceptions\PageNotFoundException::forPageNotFound(NULL)
#1 D:\laragon\www\method-oldagehome\system\CodeIgniter.php(362): CodeIgniter\CodeIgniter->display404errors(Object(CodeIgniter\Exceptions\PageNotFoundException))
#2 D:\laragon\www\method-oldagehome\public\index.php(79): CodeIgniter\CodeIgniter->run()
#3 D:\laragon\www\method-oldagehome\system\Commands\Server\rewrite.php(47): require_once('D:\\laragon\\www\\...')
#4 {main}
in SYSTEMPATH\HTTP\ResponseTrait.php on line 774.
 1 [internal function]: CodeIgniter\Debug\Exceptions->shutdownHandler()
CRITICAL - 2024-11-11 05:58:34 --> Uncaught ErrorException: Cannot modify header information - headers already sent in D:\laragon\www\method-oldagehome\system\HTTP\ResponseTrait.php:774
Stack trace:
#0 [internal function]: CodeIgniter\Debug\Exceptions->errorHandler(2, 'Cannot modify h...', 'D:\\laragon\\www\\...', 774)
#1 D:\laragon\www\method-oldagehome\system\HTTP\ResponseTrait.php(774): setcookie('ci_session', 'p1mlsgirhht6kcj...', Array)
#2 D:\laragon\www\method-oldagehome\system\HTTP\ResponseTrait.php(750): CodeIgniter\HTTP\Response->doSetCookie('ci_session', 'p1mlsgirhht6kcj...', Array)
#3 D:\laragon\www\method-oldagehome\system\HTTP\ResponseTrait.php(730): CodeIgniter\HTTP\Response->dispatchCookies()
#4 D:\laragon\www\method-oldagehome\system\HTTP\ResponseTrait.php(447): CodeIgniter\HTTP\Response->sendCookies()
#5 D:\laragon\www\method-oldagehome\system\Debug\ExceptionHandler.php(78): CodeIgniter\HTTP\Response->send()
#6 D:\laragon\www\method-oldagehome\system\Debug\Exceptions.php(147): CodeIgniter\Debug\ExceptionHandler->handle(Object(CodeIgniter\Exceptions\PageNotFoundException), Object(CodeIgniter\HTTP\IncomingRequest), Object(CodeIgniter\HTTP\Response), 404, 1)
#7 [internal function]: CodeIgniter\Debug\Exceptions->exceptionHandler(Object(CodeIgniter\Exceptions\PageNotFoundException))
#8 {main}
  thrown
【Previous Exception】
CodeIgniter\Exceptions\PageNotFoundException
Page Not Found
#0 D:\laragon\www\method-oldagehome\system\CodeIgniter.php(967): CodeIgniter\Exceptions\PageNotFoundException::forPageNotFound(NULL)
#1 D:\laragon\www\method-oldagehome\system\CodeIgniter.php(362): CodeIgniter\CodeIgniter->display404errors(Object(CodeIgniter\Exceptions\PageNotFoundException))
#2 D:\laragon\www\method-oldagehome\public\index.php(79): CodeIgniter\CodeIgniter->run()
#3 D:\laragon\www\method-oldagehome\system\Commands\Server\rewrite.php(47): require_once('D:\\laragon\\www\\...')
#4 {main}
in SYSTEMPATH\HTTP\ResponseTrait.php on line 774.
 1 [internal function]: CodeIgniter\Debug\Exceptions->shutdownHandler()
CRITICAL - 2024-11-11 05:58:35 --> Uncaught ErrorException: Cannot modify header information - headers already sent in D:\laragon\www\method-oldagehome\system\HTTP\ResponseTrait.php:774
Stack trace:
#0 [internal function]: CodeIgniter\Debug\Exceptions->errorHandler(2, 'Cannot modify h...', 'D:\\laragon\\www\\...', 774)
#1 D:\laragon\www\method-oldagehome\system\HTTP\ResponseTrait.php(774): setcookie('ci_session', 'p1mlsgirhht6kcj...', Array)
#2 D:\laragon\www\method-oldagehome\system\HTTP\ResponseTrait.php(750): CodeIgniter\HTTP\Response->doSetCookie('ci_session', 'p1mlsgirhht6kcj...', Array)
#3 D:\laragon\www\method-oldagehome\system\HTTP\ResponseTrait.php(730): CodeIgniter\HTTP\Response->dispatchCookies()
#4 D:\laragon\www\method-oldagehome\system\HTTP\ResponseTrait.php(447): CodeIgniter\HTTP\Response->sendCookies()
#5 D:\laragon\www\method-oldagehome\system\Debug\ExceptionHandler.php(78): CodeIgniter\HTTP\Response->send()
#6 D:\laragon\www\method-oldagehome\system\Debug\Exceptions.php(147): CodeIgniter\Debug\ExceptionHandler->handle(Object(CodeIgniter\Exceptions\PageNotFoundException), Object(CodeIgniter\HTTP\IncomingRequest), Object(CodeIgniter\HTTP\Response), 404, 1)
#7 [internal function]: CodeIgniter\Debug\Exceptions->exceptionHandler(Object(CodeIgniter\Exceptions\PageNotFoundException))
#8 {main}
  thrown
【Previous Exception】
CodeIgniter\Exceptions\PageNotFoundException
Page Not Found
#0 D:\laragon\www\method-oldagehome\system\CodeIgniter.php(967): CodeIgniter\Exceptions\PageNotFoundException::forPageNotFound(NULL)
#1 D:\laragon\www\method-oldagehome\system\CodeIgniter.php(362): CodeIgniter\CodeIgniter->display404errors(Object(CodeIgniter\Exceptions\PageNotFoundException))
#2 D:\laragon\www\method-oldagehome\public\index.php(79): CodeIgniter\CodeIgniter->run()
#3 D:\laragon\www\method-oldagehome\system\Commands\Server\rewrite.php(47): require_once('D:\\laragon\\www\\...')
#4 {main}
in SYSTEMPATH\HTTP\ResponseTrait.php on line 774.
 1 [internal function]: CodeIgniter\Debug\Exceptions->shutdownHandler()
CRITICAL - 2024-11-11 06:05:33 --> Uncaught ErrorException: Cannot modify header information - headers already sent in D:\laragon\www\method-oldagehome\system\HTTP\ResponseTrait.php:774
Stack trace:
#0 [internal function]: CodeIgniter\Debug\Exceptions->errorHandler(2, 'Cannot modify h...', 'D:\\laragon\\www\\...', 774)
#1 D:\laragon\www\method-oldagehome\system\HTTP\ResponseTrait.php(774): setcookie('ci_session', '6lacbkkm4nr0v42...', Array)
#2 D:\laragon\www\method-oldagehome\system\HTTP\ResponseTrait.php(750): CodeIgniter\HTTP\Response->doSetCookie('ci_session', '6lacbkkm4nr0v42...', Array)
#3 D:\laragon\www\method-oldagehome\system\HTTP\ResponseTrait.php(730): CodeIgniter\HTTP\Response->dispatchCookies()
#4 D:\laragon\www\method-oldagehome\system\HTTP\ResponseTrait.php(447): CodeIgniter\HTTP\Response->sendCookies()
#5 D:\laragon\www\method-oldagehome\system\Debug\ExceptionHandler.php(78): CodeIgniter\HTTP\Response->send()
#6 D:\laragon\www\method-oldagehome\system\Debug\Exceptions.php(147): CodeIgniter\Debug\ExceptionHandler->handle(Object(CodeIgniter\Exceptions\PageNotFoundException), Object(CodeIgniter\HTTP\IncomingRequest), Object(CodeIgniter\HTTP\Response), 404, 1)
#7 [internal function]: CodeIgniter\Debug\Exceptions->exceptionHandler(Object(CodeIgniter\Exceptions\PageNotFoundException))
#8 {main}
  thrown
【Previous Exception】
CodeIgniter\Exceptions\PageNotFoundException
Page Not Found
#0 D:\laragon\www\method-oldagehome\system\CodeIgniter.php(967): CodeIgniter\Exceptions\PageNotFoundException::forPageNotFound(NULL)
#1 D:\laragon\www\method-oldagehome\system\CodeIgniter.php(362): CodeIgniter\CodeIgniter->display404errors(Object(CodeIgniter\Exceptions\PageNotFoundException))
#2 D:\laragon\www\method-oldagehome\public\index.php(79): CodeIgniter\CodeIgniter->run()
#3 D:\laragon\www\method-oldagehome\system\Commands\Server\rewrite.php(47): require_once('D:\\laragon\\www\\...')
#4 {main}
in SYSTEMPATH\HTTP\ResponseTrait.php on line 774.
 1 [internal function]: CodeIgniter\Debug\Exceptions->shutdownHandler()
CRITICAL - 2024-11-11 06:05:34 --> Uncaught ErrorException: Cannot modify header information - headers already sent in D:\laragon\www\method-oldagehome\system\HTTP\ResponseTrait.php:774
Stack trace:
#0 [internal function]: CodeIgniter\Debug\Exceptions->errorHandler(2, 'Cannot modify h...', 'D:\\laragon\\www\\...', 774)
#1 D:\laragon\www\method-oldagehome\system\HTTP\ResponseTrait.php(774): setcookie('ci_session', '6lacbkkm4nr0v42...', Array)
#2 D:\laragon\www\method-oldagehome\system\HTTP\ResponseTrait.php(750): CodeIgniter\HTTP\Response->doSetCookie('ci_session', '6lacbkkm4nr0v42...', Array)
#3 D:\laragon\www\method-oldagehome\system\HTTP\ResponseTrait.php(730): CodeIgniter\HTTP\Response->dispatchCookies()
#4 D:\laragon\www\method-oldagehome\system\HTTP\ResponseTrait.php(447): CodeIgniter\HTTP\Response->sendCookies()
#5 D:\laragon\www\method-oldagehome\system\Debug\ExceptionHandler.php(78): CodeIgniter\HTTP\Response->send()
#6 D:\laragon\www\method-oldagehome\system\Debug\Exceptions.php(147): CodeIgniter\Debug\ExceptionHandler->handle(Object(CodeIgniter\Exceptions\PageNotFoundException), Object(CodeIgniter\HTTP\IncomingRequest), Object(CodeIgniter\HTTP\Response), 404, 1)
#7 [internal function]: CodeIgniter\Debug\Exceptions->exceptionHandler(Object(CodeIgniter\Exceptions\PageNotFoundException))
#8 {main}
  thrown
【Previous Exception】
CodeIgniter\Exceptions\PageNotFoundException
Page Not Found
#0 D:\laragon\www\method-oldagehome\system\CodeIgniter.php(967): CodeIgniter\Exceptions\PageNotFoundException::forPageNotFound(NULL)
#1 D:\laragon\www\method-oldagehome\system\CodeIgniter.php(362): CodeIgniter\CodeIgniter->display404errors(Object(CodeIgniter\Exceptions\PageNotFoundException))
#2 D:\laragon\www\method-oldagehome\public\index.php(79): CodeIgniter\CodeIgniter->run()
#3 D:\laragon\www\method-oldagehome\system\Commands\Server\rewrite.php(47): require_once('D:\\laragon\\www\\...')
#4 {main}
in SYSTEMPATH\HTTP\ResponseTrait.php on line 774.
 1 [internal function]: CodeIgniter\Debug\Exceptions->shutdownHandler()
CRITICAL - 2024-11-11 06:05:35 --> Uncaught ErrorException: Cannot modify header information - headers already sent in D:\laragon\www\method-oldagehome\system\HTTP\ResponseTrait.php:774
Stack trace:
#0 [internal function]: CodeIgniter\Debug\Exceptions->errorHandler(2, 'Cannot modify h...', 'D:\\laragon\\www\\...', 774)
#1 D:\laragon\www\method-oldagehome\system\HTTP\ResponseTrait.php(774): setcookie('ci_session', '6lacbkkm4nr0v42...', Array)
#2 D:\laragon\www\method-oldagehome\system\HTTP\ResponseTrait.php(750): CodeIgniter\HTTP\Response->doSetCookie('ci_session', '6lacbkkm4nr0v42...', Array)
#3 D:\laragon\www\method-oldagehome\system\HTTP\ResponseTrait.php(730): CodeIgniter\HTTP\Response->dispatchCookies()
#4 D:\laragon\www\method-oldagehome\system\HTTP\ResponseTrait.php(447): CodeIgniter\HTTP\Response->sendCookies()
#5 D:\laragon\www\method-oldagehome\system\Debug\ExceptionHandler.php(78): CodeIgniter\HTTP\Response->send()
#6 D:\laragon\www\method-oldagehome\system\Debug\Exceptions.php(147): CodeIgniter\Debug\ExceptionHandler->handle(Object(CodeIgniter\Exceptions\PageNotFoundException), Object(CodeIgniter\HTTP\IncomingRequest), Object(CodeIgniter\HTTP\Response), 404, 1)
#7 [internal function]: CodeIgniter\Debug\Exceptions->exceptionHandler(Object(CodeIgniter\Exceptions\PageNotFoundException))
#8 {main}
  thrown
【Previous Exception】
CodeIgniter\Exceptions\PageNotFoundException
Page Not Found
#0 D:\laragon\www\method-oldagehome\system\CodeIgniter.php(967): CodeIgniter\Exceptions\PageNotFoundException::forPageNotFound(NULL)
#1 D:\laragon\www\method-oldagehome\system\CodeIgniter.php(362): CodeIgniter\CodeIgniter->display404errors(Object(CodeIgniter\Exceptions\PageNotFoundException))
#2 D:\laragon\www\method-oldagehome\public\index.php(79): CodeIgniter\CodeIgniter->run()
#3 D:\laragon\www\method-oldagehome\system\Commands\Server\rewrite.php(47): require_once('D:\\laragon\\www\\...')
#4 {main}
in SYSTEMPATH\HTTP\ResponseTrait.php on line 774.
 1 [internal function]: CodeIgniter\Debug\Exceptions->shutdownHandler()
CRITICAL - 2024-11-11 06:05:36 --> Uncaught ErrorException: Cannot modify header information - headers already sent in D:\laragon\www\method-oldagehome\system\HTTP\ResponseTrait.php:774
Stack trace:
#0 [internal function]: CodeIgniter\Debug\Exceptions->errorHandler(2, 'Cannot modify h...', 'D:\\laragon\\www\\...', 774)
#1 D:\laragon\www\method-oldagehome\system\HTTP\ResponseTrait.php(774): setcookie('ci_session', '6lacbkkm4nr0v42...', Array)
#2 D:\laragon\www\method-oldagehome\system\HTTP\ResponseTrait.php(750): CodeIgniter\HTTP\Response->doSetCookie('ci_session', '6lacbkkm4nr0v42...', Array)
#3 D:\laragon\www\method-oldagehome\system\HTTP\ResponseTrait.php(730): CodeIgniter\HTTP\Response->dispatchCookies()
#4 D:\laragon\www\method-oldagehome\system\HTTP\ResponseTrait.php(447): CodeIgniter\HTTP\Response->sendCookies()
#5 D:\laragon\www\method-oldagehome\system\Debug\ExceptionHandler.php(78): CodeIgniter\HTTP\Response->send()
#6 D:\laragon\www\method-oldagehome\system\Debug\Exceptions.php(147): CodeIgniter\Debug\ExceptionHandler->handle(Object(CodeIgniter\Exceptions\PageNotFoundException), Object(CodeIgniter\HTTP\IncomingRequest), Object(CodeIgniter\HTTP\Response), 404, 1)
#7 [internal function]: CodeIgniter\Debug\Exceptions->exceptionHandler(Object(CodeIgniter\Exceptions\PageNotFoundException))
#8 {main}
  thrown
【Previous Exception】
CodeIgniter\Exceptions\PageNotFoundException
Page Not Found
#0 D:\laragon\www\method-oldagehome\system\CodeIgniter.php(967): CodeIgniter\Exceptions\PageNotFoundException::forPageNotFound(NULL)
#1 D:\laragon\www\method-oldagehome\system\CodeIgniter.php(362): CodeIgniter\CodeIgniter->display404errors(Object(CodeIgniter\Exceptions\PageNotFoundException))
#2 D:\laragon\www\method-oldagehome\public\index.php(79): CodeIgniter\CodeIgniter->run()
#3 D:\laragon\www\method-oldagehome\system\Commands\Server\rewrite.php(47): require_once('D:\\laragon\\www\\...')
#4 {main}
in SYSTEMPATH\HTTP\ResponseTrait.php on line 774.
 1 [internal function]: CodeIgniter\Debug\Exceptions->shutdownHandler()
CRITICAL - 2024-11-11 06:05:37 --> Uncaught ErrorException: Cannot modify header information - headers already sent in D:\laragon\www\method-oldagehome\system\HTTP\ResponseTrait.php:774
Stack trace:
#0 [internal function]: CodeIgniter\Debug\Exceptions->errorHandler(2, 'Cannot modify h...', 'D:\\laragon\\www\\...', 774)
#1 D:\laragon\www\method-oldagehome\system\HTTP\ResponseTrait.php(774): setcookie('ci_session', '6lacbkkm4nr0v42...', Array)
#2 D:\laragon\www\method-oldagehome\system\HTTP\ResponseTrait.php(750): CodeIgniter\HTTP\Response->doSetCookie('ci_session', '6lacbkkm4nr0v42...', Array)
#3 D:\laragon\www\method-oldagehome\system\HTTP\ResponseTrait.php(730): CodeIgniter\HTTP\Response->dispatchCookies()
#4 D:\laragon\www\method-oldagehome\system\HTTP\ResponseTrait.php(447): CodeIgniter\HTTP\Response->sendCookies()
#5 D:\laragon\www\method-oldagehome\system\Debug\ExceptionHandler.php(78): CodeIgniter\HTTP\Response->send()
#6 D:\laragon\www\method-oldagehome\system\Debug\Exceptions.php(147): CodeIgniter\Debug\ExceptionHandler->handle(Object(CodeIgniter\Exceptions\PageNotFoundException), Object(CodeIgniter\HTTP\IncomingRequest), Object(CodeIgniter\HTTP\Response), 404, 1)
#7 [internal function]: CodeIgniter\Debug\Exceptions->exceptionHandler(Object(CodeIgniter\Exceptions\PageNotFoundException))
#8 {main}
  thrown
【Previous Exception】
CodeIgniter\Exceptions\PageNotFoundException
Page Not Found
#0 D:\laragon\www\method-oldagehome\system\CodeIgniter.php(967): CodeIgniter\Exceptions\PageNotFoundException::forPageNotFound(NULL)
#1 D:\laragon\www\method-oldagehome\system\CodeIgniter.php(362): CodeIgniter\CodeIgniter->display404errors(Object(CodeIgniter\Exceptions\PageNotFoundException))
#2 D:\laragon\www\method-oldagehome\public\index.php(79): CodeIgniter\CodeIgniter->run()
#3 D:\laragon\www\method-oldagehome\system\Commands\Server\rewrite.php(47): require_once('D:\\laragon\\www\\...')
#4 {main}
in SYSTEMPATH\HTTP\ResponseTrait.php on line 774.
 1 [internal function]: CodeIgniter\Debug\Exceptions->shutdownHandler()
CRITICAL - 2024-11-11 06:05:38 --> Uncaught ErrorException: Cannot modify header information - headers already sent in D:\laragon\www\method-oldagehome\system\HTTP\ResponseTrait.php:774
Stack trace:
#0 [internal function]: CodeIgniter\Debug\Exceptions->errorHandler(2, 'Cannot modify h...', 'D:\\laragon\\www\\...', 774)
#1 D:\laragon\www\method-oldagehome\system\HTTP\ResponseTrait.php(774): setcookie('ci_session', '6lacbkkm4nr0v42...', Array)
#2 D:\laragon\www\method-oldagehome\system\HTTP\ResponseTrait.php(750): CodeIgniter\HTTP\Response->doSetCookie('ci_session', '6lacbkkm4nr0v42...', Array)
#3 D:\laragon\www\method-oldagehome\system\HTTP\ResponseTrait.php(730): CodeIgniter\HTTP\Response->dispatchCookies()
#4 D:\laragon\www\method-oldagehome\system\HTTP\ResponseTrait.php(447): CodeIgniter\HTTP\Response->sendCookies()
#5 D:\laragon\www\method-oldagehome\system\Debug\ExceptionHandler.php(78): CodeIgniter\HTTP\Response->send()
#6 D:\laragon\www\method-oldagehome\system\Debug\Exceptions.php(147): CodeIgniter\Debug\ExceptionHandler->handle(Object(CodeIgniter\Exceptions\PageNotFoundException), Object(CodeIgniter\HTTP\IncomingRequest), Object(CodeIgniter\HTTP\Response), 404, 1)
#7 [internal function]: CodeIgniter\Debug\Exceptions->exceptionHandler(Object(CodeIgniter\Exceptions\PageNotFoundException))
#8 {main}
  thrown
【Previous Exception】
CodeIgniter\Exceptions\PageNotFoundException
Page Not Found
#0 D:\laragon\www\method-oldagehome\system\CodeIgniter.php(967): CodeIgniter\Exceptions\PageNotFoundException::forPageNotFound(NULL)
#1 D:\laragon\www\method-oldagehome\system\CodeIgniter.php(362): CodeIgniter\CodeIgniter->display404errors(Object(CodeIgniter\Exceptions\PageNotFoundException))
#2 D:\laragon\www\method-oldagehome\public\index.php(79): CodeIgniter\CodeIgniter->run()
#3 D:\laragon\www\method-oldagehome\system\Commands\Server\rewrite.php(47): require_once('D:\\laragon\\www\\...')
#4 {main}
in SYSTEMPATH\HTTP\ResponseTrait.php on line 774.
 1 [internal function]: CodeIgniter\Debug\Exceptions->shutdownHandler()
CRITICAL - 2024-11-11 06:05:39 --> Uncaught ErrorException: Cannot modify header information - headers already sent in D:\laragon\www\method-oldagehome\system\HTTP\ResponseTrait.php:774
Stack trace:
#0 [internal function]: CodeIgniter\Debug\Exceptions->errorHandler(2, 'Cannot modify h...', 'D:\\laragon\\www\\...', 774)
#1 D:\laragon\www\method-oldagehome\system\HTTP\ResponseTrait.php(774): setcookie('ci_session', '6lacbkkm4nr0v42...', Array)
#2 D:\laragon\www\method-oldagehome\system\HTTP\ResponseTrait.php(750): CodeIgniter\HTTP\Response->doSetCookie('ci_session', '6lacbkkm4nr0v42...', Array)
#3 D:\laragon\www\method-oldagehome\system\HTTP\ResponseTrait.php(730): CodeIgniter\HTTP\Response->dispatchCookies()
#4 D:\laragon\www\method-oldagehome\system\HTTP\ResponseTrait.php(447): CodeIgniter\HTTP\Response->sendCookies()
#5 D:\laragon\www\method-oldagehome\system\Debug\ExceptionHandler.php(78): CodeIgniter\HTTP\Response->send()
#6 D:\laragon\www\method-oldagehome\system\Debug\Exceptions.php(147): CodeIgniter\Debug\ExceptionHandler->handle(Object(CodeIgniter\Exceptions\PageNotFoundException), Object(CodeIgniter\HTTP\IncomingRequest), Object(CodeIgniter\HTTP\Response), 404, 1)
#7 [internal function]: CodeIgniter\Debug\Exceptions->exceptionHandler(Object(CodeIgniter\Exceptions\PageNotFoundException))
#8 {main}
  thrown
【Previous Exception】
CodeIgniter\Exceptions\PageNotFoundException
Page Not Found
#0 D:\laragon\www\method-oldagehome\system\CodeIgniter.php(967): CodeIgniter\Exceptions\PageNotFoundException::forPageNotFound(NULL)
#1 D:\laragon\www\method-oldagehome\system\CodeIgniter.php(362): CodeIgniter\CodeIgniter->display404errors(Object(CodeIgniter\Exceptions\PageNotFoundException))
#2 D:\laragon\www\method-oldagehome\public\index.php(79): CodeIgniter\CodeIgniter->run()
#3 D:\laragon\www\method-oldagehome\system\Commands\Server\rewrite.php(47): require_once('D:\\laragon\\www\\...')
#4 {main}
in SYSTEMPATH\HTTP\ResponseTrait.php on line 774.
 1 [internal function]: CodeIgniter\Debug\Exceptions->shutdownHandler()
CRITICAL - 2024-11-11 06:05:40 --> Uncaught ErrorException: Cannot modify header information - headers already sent in D:\laragon\www\method-oldagehome\system\HTTP\ResponseTrait.php:774
Stack trace:
#0 [internal function]: CodeIgniter\Debug\Exceptions->errorHandler(2, 'Cannot modify h...', 'D:\\laragon\\www\\...', 774)
#1 D:\laragon\www\method-oldagehome\system\HTTP\ResponseTrait.php(774): setcookie('ci_session', '6lacbkkm4nr0v42...', Array)
#2 D:\laragon\www\method-oldagehome\system\HTTP\ResponseTrait.php(750): CodeIgniter\HTTP\Response->doSetCookie('ci_session', '6lacbkkm4nr0v42...', Array)
#3 D:\laragon\www\method-oldagehome\system\HTTP\ResponseTrait.php(730): CodeIgniter\HTTP\Response->dispatchCookies()
#4 D:\laragon\www\method-oldagehome\system\HTTP\ResponseTrait.php(447): CodeIgniter\HTTP\Response->sendCookies()
#5 D:\laragon\www\method-oldagehome\system\Debug\ExceptionHandler.php(78): CodeIgniter\HTTP\Response->send()
#6 D:\laragon\www\method-oldagehome\system\Debug\Exceptions.php(147): CodeIgniter\Debug\ExceptionHandler->handle(Object(CodeIgniter\Exceptions\PageNotFoundException), Object(CodeIgniter\HTTP\IncomingRequest), Object(CodeIgniter\HTTP\Response), 404, 1)
#7 [internal function]: CodeIgniter\Debug\Exceptions->exceptionHandler(Object(CodeIgniter\Exceptions\PageNotFoundException))
#8 {main}
  thrown
【Previous Exception】
CodeIgniter\Exceptions\PageNotFoundException
Page Not Found
#0 D:\laragon\www\method-oldagehome\system\CodeIgniter.php(967): CodeIgniter\Exceptions\PageNotFoundException::forPageNotFound(NULL)
#1 D:\laragon\www\method-oldagehome\system\CodeIgniter.php(362): CodeIgniter\CodeIgniter->display404errors(Object(CodeIgniter\Exceptions\PageNotFoundException))
#2 D:\laragon\www\method-oldagehome\public\index.php(79): CodeIgniter\CodeIgniter->run()
#3 D:\laragon\www\method-oldagehome\system\Commands\Server\rewrite.php(47): require_once('D:\\laragon\\www\\...')
#4 {main}
in SYSTEMPATH\HTTP\ResponseTrait.php on line 774.
 1 [internal function]: CodeIgniter\Debug\Exceptions->shutdownHandler()
CRITICAL - 2024-11-11 06:05:41 --> Uncaught ErrorException: Cannot modify header information - headers already sent in D:\laragon\www\method-oldagehome\system\HTTP\ResponseTrait.php:774
Stack trace:
#0 [internal function]: CodeIgniter\Debug\Exceptions->errorHandler(2, 'Cannot modify h...', 'D:\\laragon\\www\\...', 774)
#1 D:\laragon\www\method-oldagehome\system\HTTP\ResponseTrait.php(774): setcookie('ci_session', '6lacbkkm4nr0v42...', Array)
#2 D:\laragon\www\method-oldagehome\system\HTTP\ResponseTrait.php(750): CodeIgniter\HTTP\Response->doSetCookie('ci_session', '6lacbkkm4nr0v42...', Array)
#3 D:\laragon\www\method-oldagehome\system\HTTP\ResponseTrait.php(730): CodeIgniter\HTTP\Response->dispatchCookies()
#4 D:\laragon\www\method-oldagehome\system\HTTP\ResponseTrait.php(447): CodeIgniter\HTTP\Response->sendCookies()
#5 D:\laragon\www\method-oldagehome\system\Debug\ExceptionHandler.php(78): CodeIgniter\HTTP\Response->send()
#6 D:\laragon\www\method-oldagehome\system\Debug\Exceptions.php(147): CodeIgniter\Debug\ExceptionHandler->handle(Object(CodeIgniter\Exceptions\PageNotFoundException), Object(CodeIgniter\HTTP\IncomingRequest), Object(CodeIgniter\HTTP\Response), 404, 1)
#7 [internal function]: CodeIgniter\Debug\Exceptions->exceptionHandler(Object(CodeIgniter\Exceptions\PageNotFoundException))
#8 {main}
  thrown
【Previous Exception】
CodeIgniter\Exceptions\PageNotFoundException
Page Not Found
#0 D:\laragon\www\method-oldagehome\system\CodeIgniter.php(967): CodeIgniter\Exceptions\PageNotFoundException::forPageNotFound(NULL)
#1 D:\laragon\www\method-oldagehome\system\CodeIgniter.php(362): CodeIgniter\CodeIgniter->display404errors(Object(CodeIgniter\Exceptions\PageNotFoundException))
#2 D:\laragon\www\method-oldagehome\public\index.php(79): CodeIgniter\CodeIgniter->run()
#3 D:\laragon\www\method-oldagehome\system\Commands\Server\rewrite.php(47): require_once('D:\\laragon\\www\\...')
#4 {main}
in SYSTEMPATH\HTTP\ResponseTrait.php on line 774.
 1 [internal function]: CodeIgniter\Debug\Exceptions->shutdownHandler()
CRITICAL - 2024-11-11 06:05:42 --> Uncaught ErrorException: Cannot modify header information - headers already sent in D:\laragon\www\method-oldagehome\system\HTTP\ResponseTrait.php:774
Stack trace:
#0 [internal function]: CodeIgniter\Debug\Exceptions->errorHandler(2, 'Cannot modify h...', 'D:\\laragon\\www\\...', 774)
#1 D:\laragon\www\method-oldagehome\system\HTTP\ResponseTrait.php(774): setcookie('ci_session', '6lacbkkm4nr0v42...', Array)
#2 D:\laragon\www\method-oldagehome\system\HTTP\ResponseTrait.php(750): CodeIgniter\HTTP\Response->doSetCookie('ci_session', '6lacbkkm4nr0v42...', Array)
#3 D:\laragon\www\method-oldagehome\system\HTTP\ResponseTrait.php(730): CodeIgniter\HTTP\Response->dispatchCookies()
#4 D:\laragon\www\method-oldagehome\system\HTTP\ResponseTrait.php(447): CodeIgniter\HTTP\Response->sendCookies()
#5 D:\laragon\www\method-oldagehome\system\Debug\ExceptionHandler.php(78): CodeIgniter\HTTP\Response->send()
#6 D:\laragon\www\method-oldagehome\system\Debug\Exceptions.php(147): CodeIgniter\Debug\ExceptionHandler->handle(Object(CodeIgniter\Exceptions\PageNotFoundException), Object(CodeIgniter\HTTP\IncomingRequest), Object(CodeIgniter\HTTP\Response), 404, 1)
#7 [internal function]: CodeIgniter\Debug\Exceptions->exceptionHandler(Object(CodeIgniter\Exceptions\PageNotFoundException))
#8 {main}
  thrown
【Previous Exception】
CodeIgniter\Exceptions\PageNotFoundException
Page Not Found
#0 D:\laragon\www\method-oldagehome\system\CodeIgniter.php(967): CodeIgniter\Exceptions\PageNotFoundException::forPageNotFound(NULL)
#1 D:\laragon\www\method-oldagehome\system\CodeIgniter.php(362): CodeIgniter\CodeIgniter->display404errors(Object(CodeIgniter\Exceptions\PageNotFoundException))
#2 D:\laragon\www\method-oldagehome\public\index.php(79): CodeIgniter\CodeIgniter->run()
#3 D:\laragon\www\method-oldagehome\system\Commands\Server\rewrite.php(47): require_once('D:\\laragon\\www\\...')
#4 {main}
in SYSTEMPATH\HTTP\ResponseTrait.php on line 774.
 1 [internal function]: CodeIgniter\Debug\Exceptions->shutdownHandler()
CRITICAL - 2024-11-11 06:05:43 --> Uncaught ErrorException: Cannot modify header information - headers already sent in D:\laragon\www\method-oldagehome\system\HTTP\ResponseTrait.php:774
Stack trace:
#0 [internal function]: CodeIgniter\Debug\Exceptions->errorHandler(2, 'Cannot modify h...', 'D:\\laragon\\www\\...', 774)
#1 D:\laragon\www\method-oldagehome\system\HTTP\ResponseTrait.php(774): setcookie('ci_session', '6lacbkkm4nr0v42...', Array)
#2 D:\laragon\www\method-oldagehome\system\HTTP\ResponseTrait.php(750): CodeIgniter\HTTP\Response->doSetCookie('ci_session', '6lacbkkm4nr0v42...', Array)
#3 D:\laragon\www\method-oldagehome\system\HTTP\ResponseTrait.php(730): CodeIgniter\HTTP\Response->dispatchCookies()
#4 D:\laragon\www\method-oldagehome\system\HTTP\ResponseTrait.php(447): CodeIgniter\HTTP\Response->sendCookies()
#5 D:\laragon\www\method-oldagehome\system\Debug\ExceptionHandler.php(78): CodeIgniter\HTTP\Response->send()
#6 D:\laragon\www\method-oldagehome\system\Debug\Exceptions.php(147): CodeIgniter\Debug\ExceptionHandler->handle(Object(CodeIgniter\Exceptions\PageNotFoundException), Object(CodeIgniter\HTTP\IncomingRequest), Object(CodeIgniter\HTTP\Response), 404, 1)
#7 [internal function]: CodeIgniter\Debug\Exceptions->exceptionHandler(Object(CodeIgniter\Exceptions\PageNotFoundException))
#8 {main}
  thrown
【Previous Exception】
CodeIgniter\Exceptions\PageNotFoundException
Page Not Found
#0 D:\laragon\www\method-oldagehome\system\CodeIgniter.php(967): CodeIgniter\Exceptions\PageNotFoundException::forPageNotFound(NULL)
#1 D:\laragon\www\method-oldagehome\system\CodeIgniter.php(362): CodeIgniter\CodeIgniter->display404errors(Object(CodeIgniter\Exceptions\PageNotFoundException))
#2 D:\laragon\www\method-oldagehome\public\index.php(79): CodeIgniter\CodeIgniter->run()
#3 D:\laragon\www\method-oldagehome\system\Commands\Server\rewrite.php(47): require_once('D:\\laragon\\www\\...')
#4 {main}
in SYSTEMPATH\HTTP\ResponseTrait.php on line 774.
 1 [internal function]: CodeIgniter\Debug\Exceptions->shutdownHandler()
CRITICAL - 2024-11-11 06:05:44 --> Uncaught ErrorException: Cannot modify header information - headers already sent in D:\laragon\www\method-oldagehome\system\HTTP\ResponseTrait.php:774
Stack trace:
#0 [internal function]: CodeIgniter\Debug\Exceptions->errorHandler(2, 'Cannot modify h...', 'D:\\laragon\\www\\...', 774)
#1 D:\laragon\www\method-oldagehome\system\HTTP\ResponseTrait.php(774): setcookie('ci_session', '6lacbkkm4nr0v42...', Array)
#2 D:\laragon\www\method-oldagehome\system\HTTP\ResponseTrait.php(750): CodeIgniter\HTTP\Response->doSetCookie('ci_session', '6lacbkkm4nr0v42...', Array)
#3 D:\laragon\www\method-oldagehome\system\HTTP\ResponseTrait.php(730): CodeIgniter\HTTP\Response->dispatchCookies()
#4 D:\laragon\www\method-oldagehome\system\HTTP\ResponseTrait.php(447): CodeIgniter\HTTP\Response->sendCookies()
#5 D:\laragon\www\method-oldagehome\system\Debug\ExceptionHandler.php(78): CodeIgniter\HTTP\Response->send()
#6 D:\laragon\www\method-oldagehome\system\Debug\Exceptions.php(147): CodeIgniter\Debug\ExceptionHandler->handle(Object(CodeIgniter\Exceptions\PageNotFoundException), Object(CodeIgniter\HTTP\IncomingRequest), Object(CodeIgniter\HTTP\Response), 404, 1)
#7 [internal function]: CodeIgniter\Debug\Exceptions->exceptionHandler(Object(CodeIgniter\Exceptions\PageNotFoundException))
#8 {main}
  thrown
【Previous Exception】
CodeIgniter\Exceptions\PageNotFoundException
Page Not Found
#0 D:\laragon\www\method-oldagehome\system\CodeIgniter.php(967): CodeIgniter\Exceptions\PageNotFoundException::forPageNotFound(NULL)
#1 D:\laragon\www\method-oldagehome\system\CodeIgniter.php(362): CodeIgniter\CodeIgniter->display404errors(Object(CodeIgniter\Exceptions\PageNotFoundException))
#2 D:\laragon\www\method-oldagehome\public\index.php(79): CodeIgniter\CodeIgniter->run()
#3 D:\laragon\www\method-oldagehome\system\Commands\Server\rewrite.php(47): require_once('D:\\laragon\\www\\...')
#4 {main}
in SYSTEMPATH\HTTP\ResponseTrait.php on line 774.
 1 [internal function]: CodeIgniter\Debug\Exceptions->shutdownHandler()
CRITICAL - 2024-11-11 06:05:45 --> Uncaught ErrorException: Cannot modify header information - headers already sent in D:\laragon\www\method-oldagehome\system\HTTP\ResponseTrait.php:774
Stack trace:
#0 [internal function]: CodeIgniter\Debug\Exceptions->errorHandler(2, 'Cannot modify h...', 'D:\\laragon\\www\\...', 774)
#1 D:\laragon\www\method-oldagehome\system\HTTP\ResponseTrait.php(774): setcookie('ci_session', '6lacbkkm4nr0v42...', Array)
#2 D:\laragon\www\method-oldagehome\system\HTTP\ResponseTrait.php(750): CodeIgniter\HTTP\Response->doSetCookie('ci_session', '6lacbkkm4nr0v42...', Array)
#3 D:\laragon\www\method-oldagehome\system\HTTP\ResponseTrait.php(730): CodeIgniter\HTTP\Response->dispatchCookies()
#4 D:\laragon\www\method-oldagehome\system\HTTP\ResponseTrait.php(447): CodeIgniter\HTTP\Response->sendCookies()
#5 D:\laragon\www\method-oldagehome\system\Debug\ExceptionHandler.php(78): CodeIgniter\HTTP\Response->send()
#6 D:\laragon\www\method-oldagehome\system\Debug\Exceptions.php(147): CodeIgniter\Debug\ExceptionHandler->handle(Object(CodeIgniter\Exceptions\PageNotFoundException), Object(CodeIgniter\HTTP\IncomingRequest), Object(CodeIgniter\HTTP\Response), 404, 1)
#7 [internal function]: CodeIgniter\Debug\Exceptions->exceptionHandler(Object(CodeIgniter\Exceptions\PageNotFoundException))
#8 {main}
  thrown
【Previous Exception】
CodeIgniter\Exceptions\PageNotFoundException
Page Not Found
#0 D:\laragon\www\method-oldagehome\system\CodeIgniter.php(967): CodeIgniter\Exceptions\PageNotFoundException::forPageNotFound(NULL)
#1 D:\laragon\www\method-oldagehome\system\CodeIgniter.php(362): CodeIgniter\CodeIgniter->display404errors(Object(CodeIgniter\Exceptions\PageNotFoundException))
#2 D:\laragon\www\method-oldagehome\public\index.php(79): CodeIgniter\CodeIgniter->run()
#3 D:\laragon\www\method-oldagehome\system\Commands\Server\rewrite.php(47): require_once('D:\\laragon\\www\\...')
#4 {main}
in SYSTEMPATH\HTTP\ResponseTrait.php on line 774.
 1 [internal function]: CodeIgniter\Debug\Exceptions->shutdownHandler()
CRITICAL - 2024-11-11 06:05:46 --> Uncaught ErrorException: Cannot modify header information - headers already sent in D:\laragon\www\method-oldagehome\system\HTTP\ResponseTrait.php:774
Stack trace:
#0 [internal function]: CodeIgniter\Debug\Exceptions->errorHandler(2, 'Cannot modify h...', 'D:\\laragon\\www\\...', 774)
#1 D:\laragon\www\method-oldagehome\system\HTTP\ResponseTrait.php(774): setcookie('ci_session', '6lacbkkm4nr0v42...', Array)
#2 D:\laragon\www\method-oldagehome\system\HTTP\ResponseTrait.php(750): CodeIgniter\HTTP\Response->doSetCookie('ci_session', '6lacbkkm4nr0v42...', Array)
#3 D:\laragon\www\method-oldagehome\system\HTTP\ResponseTrait.php(730): CodeIgniter\HTTP\Response->dispatchCookies()
#4 D:\laragon\www\method-oldagehome\system\HTTP\ResponseTrait.php(447): CodeIgniter\HTTP\Response->sendCookies()
#5 D:\laragon\www\method-oldagehome\system\Debug\ExceptionHandler.php(78): CodeIgniter\HTTP\Response->send()
#6 D:\laragon\www\method-oldagehome\system\Debug\Exceptions.php(147): CodeIgniter\Debug\ExceptionHandler->handle(Object(CodeIgniter\Exceptions\PageNotFoundException), Object(CodeIgniter\HTTP\IncomingRequest), Object(CodeIgniter\HTTP\Response), 404, 1)
#7 [internal function]: CodeIgniter\Debug\Exceptions->exceptionHandler(Object(CodeIgniter\Exceptions\PageNotFoundException))
#8 {main}
  thrown
【Previous Exception】
CodeIgniter\Exceptions\PageNotFoundException
Page Not Found
#0 D:\laragon\www\method-oldagehome\system\CodeIgniter.php(967): CodeIgniter\Exceptions\PageNotFoundException::forPageNotFound(NULL)
#1 D:\laragon\www\method-oldagehome\system\CodeIgniter.php(362): CodeIgniter\CodeIgniter->display404errors(Object(CodeIgniter\Exceptions\PageNotFoundException))
#2 D:\laragon\www\method-oldagehome\public\index.php(79): CodeIgniter\CodeIgniter->run()
#3 D:\laragon\www\method-oldagehome\system\Commands\Server\rewrite.php(47): require_once('D:\\laragon\\www\\...')
#4 {main}
in SYSTEMPATH\HTTP\ResponseTrait.php on line 774.
 1 [internal function]: CodeIgniter\Debug\Exceptions->shutdownHandler()
CRITICAL - 2024-11-11 06:05:47 --> Uncaught ErrorException: Cannot modify header information - headers already sent in D:\laragon\www\method-oldagehome\system\HTTP\ResponseTrait.php:774
Stack trace:
#0 [internal function]: CodeIgniter\Debug\Exceptions->errorHandler(2, 'Cannot modify h...', 'D:\\laragon\\www\\...', 774)
#1 D:\laragon\www\method-oldagehome\system\HTTP\ResponseTrait.php(774): setcookie('ci_session', '6lacbkkm4nr0v42...', Array)
#2 D:\laragon\www\method-oldagehome\system\HTTP\ResponseTrait.php(750): CodeIgniter\HTTP\Response->doSetCookie('ci_session', '6lacbkkm4nr0v42...', Array)
#3 D:\laragon\www\method-oldagehome\system\HTTP\ResponseTrait.php(730): CodeIgniter\HTTP\Response->dispatchCookies()
#4 D:\laragon\www\method-oldagehome\system\HTTP\ResponseTrait.php(447): CodeIgniter\HTTP\Response->sendCookies()
#5 D:\laragon\www\method-oldagehome\system\Debug\ExceptionHandler.php(78): CodeIgniter\HTTP\Response->send()
#6 D:\laragon\www\method-oldagehome\system\Debug\Exceptions.php(147): CodeIgniter\Debug\ExceptionHandler->handle(Object(CodeIgniter\Exceptions\PageNotFoundException), Object(CodeIgniter\HTTP\IncomingRequest), Object(CodeIgniter\HTTP\Response), 404, 1)
#7 [internal function]: CodeIgniter\Debug\Exceptions->exceptionHandler(Object(CodeIgniter\Exceptions\PageNotFoundException))
#8 {main}
  thrown
【Previous Exception】
CodeIgniter\Exceptions\PageNotFoundException
Page Not Found
#0 D:\laragon\www\method-oldagehome\system\CodeIgniter.php(967): CodeIgniter\Exceptions\PageNotFoundException::forPageNotFound(NULL)
#1 D:\laragon\www\method-oldagehome\system\CodeIgniter.php(362): CodeIgniter\CodeIgniter->display404errors(Object(CodeIgniter\Exceptions\PageNotFoundException))
#2 D:\laragon\www\method-oldagehome\public\index.php(79): CodeIgniter\CodeIgniter->run()
#3 D:\laragon\www\method-oldagehome\system\Commands\Server\rewrite.php(47): require_once('D:\\laragon\\www\\...')
#4 {main}
in SYSTEMPATH\HTTP\ResponseTrait.php on line 774.
 1 [internal function]: CodeIgniter\Debug\Exceptions->shutdownHandler()
CRITICAL - 2024-11-11 06:05:48 --> Uncaught ErrorException: Cannot modify header information - headers already sent in D:\laragon\www\method-oldagehome\system\HTTP\ResponseTrait.php:774
Stack trace:
#0 [internal function]: CodeIgniter\Debug\Exceptions->errorHandler(2, 'Cannot modify h...', 'D:\\laragon\\www\\...', 774)
#1 D:\laragon\www\method-oldagehome\system\HTTP\ResponseTrait.php(774): setcookie('ci_session', '6lacbkkm4nr0v42...', Array)
#2 D:\laragon\www\method-oldagehome\system\HTTP\ResponseTrait.php(750): CodeIgniter\HTTP\Response->doSetCookie('ci_session', '6lacbkkm4nr0v42...', Array)
#3 D:\laragon\www\method-oldagehome\system\HTTP\ResponseTrait.php(730): CodeIgniter\HTTP\Response->dispatchCookies()
#4 D:\laragon\www\method-oldagehome\system\HTTP\ResponseTrait.php(447): CodeIgniter\HTTP\Response->sendCookies()
#5 D:\laragon\www\method-oldagehome\system\Debug\ExceptionHandler.php(78): CodeIgniter\HTTP\Response->send()
#6 D:\laragon\www\method-oldagehome\system\Debug\Exceptions.php(147): CodeIgniter\Debug\ExceptionHandler->handle(Object(CodeIgniter\Exceptions\PageNotFoundException), Object(CodeIgniter\HTTP\IncomingRequest), Object(CodeIgniter\HTTP\Response), 404, 1)
#7 [internal function]: CodeIgniter\Debug\Exceptions->exceptionHandler(Object(CodeIgniter\Exceptions\PageNotFoundException))
#8 {main}
  thrown
【Previous Exception】
CodeIgniter\Exceptions\PageNotFoundException
Page Not Found
#0 D:\laragon\www\method-oldagehome\system\CodeIgniter.php(967): CodeIgniter\Exceptions\PageNotFoundException::forPageNotFound(NULL)
#1 D:\laragon\www\method-oldagehome\system\CodeIgniter.php(362): CodeIgniter\CodeIgniter->display404errors(Object(CodeIgniter\Exceptions\PageNotFoundException))
#2 D:\laragon\www\method-oldagehome\public\index.php(79): CodeIgniter\CodeIgniter->run()
#3 D:\laragon\www\method-oldagehome\system\Commands\Server\rewrite.php(47): require_once('D:\\laragon\\www\\...')
#4 {main}
in SYSTEMPATH\HTTP\ResponseTrait.php on line 774.
 1 [internal function]: CodeIgniter\Debug\Exceptions->shutdownHandler()
CRITICAL - 2024-11-11 06:05:49 --> Uncaught ErrorException: Cannot modify header information - headers already sent in D:\laragon\www\method-oldagehome\system\HTTP\ResponseTrait.php:774
Stack trace:
#0 [internal function]: CodeIgniter\Debug\Exceptions->errorHandler(2, 'Cannot modify h...', 'D:\\laragon\\www\\...', 774)
#1 D:\laragon\www\method-oldagehome\system\HTTP\ResponseTrait.php(774): setcookie('ci_session', '6lacbkkm4nr0v42...', Array)
#2 D:\laragon\www\method-oldagehome\system\HTTP\ResponseTrait.php(750): CodeIgniter\HTTP\Response->doSetCookie('ci_session', '6lacbkkm4nr0v42...', Array)
#3 D:\laragon\www\method-oldagehome\system\HTTP\ResponseTrait.php(730): CodeIgniter\HTTP\Response->dispatchCookies()
#4 D:\laragon\www\method-oldagehome\system\HTTP\ResponseTrait.php(447): CodeIgniter\HTTP\Response->sendCookies()
#5 D:\laragon\www\method-oldagehome\system\Debug\ExceptionHandler.php(78): CodeIgniter\HTTP\Response->send()
#6 D:\laragon\www\method-oldagehome\system\Debug\Exceptions.php(147): CodeIgniter\Debug\ExceptionHandler->handle(Object(CodeIgniter\Exceptions\PageNotFoundException), Object(CodeIgniter\HTTP\IncomingRequest), Object(CodeIgniter\HTTP\Response), 404, 1)
#7 [internal function]: CodeIgniter\Debug\Exceptions->exceptionHandler(Object(CodeIgniter\Exceptions\PageNotFoundException))
#8 {main}
  thrown
【Previous Exception】
CodeIgniter\Exceptions\PageNotFoundException
Page Not Found
#0 D:\laragon\www\method-oldagehome\system\CodeIgniter.php(967): CodeIgniter\Exceptions\PageNotFoundException::forPageNotFound(NULL)
#1 D:\laragon\www\method-oldagehome\system\CodeIgniter.php(362): CodeIgniter\CodeIgniter->display404errors(Object(CodeIgniter\Exceptions\PageNotFoundException))
#2 D:\laragon\www\method-oldagehome\public\index.php(79): CodeIgniter\CodeIgniter->run()
#3 D:\laragon\www\method-oldagehome\system\Commands\Server\rewrite.php(47): require_once('D:\\laragon\\www\\...')
#4 {main}
in SYSTEMPATH\HTTP\ResponseTrait.php on line 774.
 1 [internal function]: CodeIgniter\Debug\Exceptions->shutdownHandler()
CRITICAL - 2024-11-11 06:05:50 --> Uncaught ErrorException: Cannot modify header information - headers already sent in D:\laragon\www\method-oldagehome\system\HTTP\ResponseTrait.php:774
Stack trace:
#0 [internal function]: CodeIgniter\Debug\Exceptions->errorHandler(2, 'Cannot modify h...', 'D:\\laragon\\www\\...', 774)
#1 D:\laragon\www\method-oldagehome\system\HTTP\ResponseTrait.php(774): setcookie('ci_session', '6lacbkkm4nr0v42...', Array)
#2 D:\laragon\www\method-oldagehome\system\HTTP\ResponseTrait.php(750): CodeIgniter\HTTP\Response->doSetCookie('ci_session', '6lacbkkm4nr0v42...', Array)
#3 D:\laragon\www\method-oldagehome\system\HTTP\ResponseTrait.php(730): CodeIgniter\HTTP\Response->dispatchCookies()
#4 D:\laragon\www\method-oldagehome\system\HTTP\ResponseTrait.php(447): CodeIgniter\HTTP\Response->sendCookies()
#5 D:\laragon\www\method-oldagehome\system\Debug\ExceptionHandler.php(78): CodeIgniter\HTTP\Response->send()
#6 D:\laragon\www\method-oldagehome\system\Debug\Exceptions.php(147): CodeIgniter\Debug\ExceptionHandler->handle(Object(CodeIgniter\Exceptions\PageNotFoundException), Object(CodeIgniter\HTTP\IncomingRequest), Object(CodeIgniter\HTTP\Response), 404, 1)
#7 [internal function]: CodeIgniter\Debug\Exceptions->exceptionHandler(Object(CodeIgniter\Exceptions\PageNotFoundException))
#8 {main}
  thrown
【Previous Exception】
CodeIgniter\Exceptions\PageNotFoundException
Page Not Found
#0 D:\laragon\www\method-oldagehome\system\CodeIgniter.php(967): CodeIgniter\Exceptions\PageNotFoundException::forPageNotFound(NULL)
#1 D:\laragon\www\method-oldagehome\system\CodeIgniter.php(362): CodeIgniter\CodeIgniter->display404errors(Object(CodeIgniter\Exceptions\PageNotFoundException))
#2 D:\laragon\www\method-oldagehome\public\index.php(79): CodeIgniter\CodeIgniter->run()
#3 D:\laragon\www\method-oldagehome\system\Commands\Server\rewrite.php(47): require_once('D:\\laragon\\www\\...')
#4 {main}
in SYSTEMPATH\HTTP\ResponseTrait.php on line 774.
 1 [internal function]: CodeIgniter\Debug\Exceptions->shutdownHandler()
CRITICAL - 2024-11-11 06:06:14 --> Uncaught ErrorException: Cannot modify header information - headers already sent in D:\laragon\www\method-oldagehome\system\HTTP\ResponseTrait.php:774
Stack trace:
#0 [internal function]: CodeIgniter\Debug\Exceptions->errorHandler(2, 'Cannot modify h...', 'D:\\laragon\\www\\...', 774)
#1 D:\laragon\www\method-oldagehome\system\HTTP\ResponseTrait.php(774): setcookie('ci_session', '6lacbkkm4nr0v42...', Array)
#2 D:\laragon\www\method-oldagehome\system\HTTP\ResponseTrait.php(750): CodeIgniter\HTTP\Response->doSetCookie('ci_session', '6lacbkkm4nr0v42...', Array)
#3 D:\laragon\www\method-oldagehome\system\HTTP\ResponseTrait.php(730): CodeIgniter\HTTP\Response->dispatchCookies()
#4 D:\laragon\www\method-oldagehome\system\HTTP\ResponseTrait.php(447): CodeIgniter\HTTP\Response->sendCookies()
#5 D:\laragon\www\method-oldagehome\system\Debug\ExceptionHandler.php(78): CodeIgniter\HTTP\Response->send()
#6 D:\laragon\www\method-oldagehome\system\Debug\Exceptions.php(147): CodeIgniter\Debug\ExceptionHandler->handle(Object(CodeIgniter\Exceptions\PageNotFoundException), Object(CodeIgniter\HTTP\IncomingRequest), Object(CodeIgniter\HTTP\Response), 404, 1)
#7 [internal function]: CodeIgniter\Debug\Exceptions->exceptionHandler(Object(CodeIgniter\Exceptions\PageNotFoundException))
#8 {main}
  thrown
【Previous Exception】
CodeIgniter\Exceptions\PageNotFoundException
Page Not Found
#0 D:\laragon\www\method-oldagehome\system\CodeIgniter.php(967): CodeIgniter\Exceptions\PageNotFoundException::forPageNotFound(NULL)
#1 D:\laragon\www\method-oldagehome\system\CodeIgniter.php(362): CodeIgniter\CodeIgniter->display404errors(Object(CodeIgniter\Exceptions\PageNotFoundException))
#2 D:\laragon\www\method-oldagehome\public\index.php(79): CodeIgniter\CodeIgniter->run()
#3 D:\laragon\www\method-oldagehome\system\Commands\Server\rewrite.php(47): require_once('D:\\laragon\\www\\...')
#4 {main}
in SYSTEMPATH\HTTP\ResponseTrait.php on line 774.
 1 [internal function]: CodeIgniter\Debug\Exceptions->shutdownHandler()
CRITICAL - 2024-11-11 06:06:15 --> Uncaught ErrorException: Cannot modify header information - headers already sent in D:\laragon\www\method-oldagehome\system\HTTP\ResponseTrait.php:774
Stack trace:
#0 [internal function]: CodeIgniter\Debug\Exceptions->errorHandler(2, 'Cannot modify h...', 'D:\\laragon\\www\\...', 774)
#1 D:\laragon\www\method-oldagehome\system\HTTP\ResponseTrait.php(774): setcookie('ci_session', '6lacbkkm4nr0v42...', Array)
#2 D:\laragon\www\method-oldagehome\system\HTTP\ResponseTrait.php(750): CodeIgniter\HTTP\Response->doSetCookie('ci_session', '6lacbkkm4nr0v42...', Array)
#3 D:\laragon\www\method-oldagehome\system\HTTP\ResponseTrait.php(730): CodeIgniter\HTTP\Response->dispatchCookies()
#4 D:\laragon\www\method-oldagehome\system\HTTP\ResponseTrait.php(447): CodeIgniter\HTTP\Response->sendCookies()
#5 D:\laragon\www\method-oldagehome\system\Debug\ExceptionHandler.php(78): CodeIgniter\HTTP\Response->send()
#6 D:\laragon\www\method-oldagehome\system\Debug\Exceptions.php(147): CodeIgniter\Debug\ExceptionHandler->handle(Object(CodeIgniter\Exceptions\PageNotFoundException), Object(CodeIgniter\HTTP\IncomingRequest), Object(CodeIgniter\HTTP\Response), 404, 1)
#7 [internal function]: CodeIgniter\Debug\Exceptions->exceptionHandler(Object(CodeIgniter\Exceptions\PageNotFoundException))
#8 {main}
  thrown
【Previous Exception】
CodeIgniter\Exceptions\PageNotFoundException
Page Not Found
#0 D:\laragon\www\method-oldagehome\system\CodeIgniter.php(967): CodeIgniter\Exceptions\PageNotFoundException::forPageNotFound(NULL)
#1 D:\laragon\www\method-oldagehome\system\CodeIgniter.php(362): CodeIgniter\CodeIgniter->display404errors(Object(CodeIgniter\Exceptions\PageNotFoundException))
#2 D:\laragon\www\method-oldagehome\public\index.php(79): CodeIgniter\CodeIgniter->run()
#3 D:\laragon\www\method-oldagehome\system\Commands\Server\rewrite.php(47): require_once('D:\\laragon\\www\\...')
#4 {main}
in SYSTEMPATH\HTTP\ResponseTrait.php on line 774.
 1 [internal function]: CodeIgniter\Debug\Exceptions->shutdownHandler()
CRITICAL - 2024-11-11 06:06:16 --> Uncaught ErrorException: Cannot modify header information - headers already sent in D:\laragon\www\method-oldagehome\system\HTTP\ResponseTrait.php:774
Stack trace:
#0 [internal function]: CodeIgniter\Debug\Exceptions->errorHandler(2, 'Cannot modify h...', 'D:\\laragon\\www\\...', 774)
#1 D:\laragon\www\method-oldagehome\system\HTTP\ResponseTrait.php(774): setcookie('ci_session', '6lacbkkm4nr0v42...', Array)
#2 D:\laragon\www\method-oldagehome\system\HTTP\ResponseTrait.php(750): CodeIgniter\HTTP\Response->doSetCookie('ci_session', '6lacbkkm4nr0v42...', Array)
#3 D:\laragon\www\method-oldagehome\system\HTTP\ResponseTrait.php(730): CodeIgniter\HTTP\Response->dispatchCookies()
#4 D:\laragon\www\method-oldagehome\system\HTTP\ResponseTrait.php(447): CodeIgniter\HTTP\Response->sendCookies()
#5 D:\laragon\www\method-oldagehome\system\Debug\ExceptionHandler.php(78): CodeIgniter\HTTP\Response->send()
#6 D:\laragon\www\method-oldagehome\system\Debug\Exceptions.php(147): CodeIgniter\Debug\ExceptionHandler->handle(Object(CodeIgniter\Exceptions\PageNotFoundException), Object(CodeIgniter\HTTP\IncomingRequest), Object(CodeIgniter\HTTP\Response), 404, 1)
#7 [internal function]: CodeIgniter\Debug\Exceptions->exceptionHandler(Object(CodeIgniter\Exceptions\PageNotFoundException))
#8 {main}
  thrown
【Previous Exception】
CodeIgniter\Exceptions\PageNotFoundException
Page Not Found
#0 D:\laragon\www\method-oldagehome\system\CodeIgniter.php(967): CodeIgniter\Exceptions\PageNotFoundException::forPageNotFound(NULL)
#1 D:\laragon\www\method-oldagehome\system\CodeIgniter.php(362): CodeIgniter\CodeIgniter->display404errors(Object(CodeIgniter\Exceptions\PageNotFoundException))
#2 D:\laragon\www\method-oldagehome\public\index.php(79): CodeIgniter\CodeIgniter->run()
#3 D:\laragon\www\method-oldagehome\system\Commands\Server\rewrite.php(47): require_once('D:\\laragon\\www\\...')
#4 {main}
in SYSTEMPATH\HTTP\ResponseTrait.php on line 774.
 1 [internal function]: CodeIgniter\Debug\Exceptions->shutdownHandler()
CRITICAL - 2024-11-11 06:06:17 --> Uncaught ErrorException: Cannot modify header information - headers already sent in D:\laragon\www\method-oldagehome\system\HTTP\ResponseTrait.php:774
Stack trace:
#0 [internal function]: CodeIgniter\Debug\Exceptions->errorHandler(2, 'Cannot modify h...', 'D:\\laragon\\www\\...', 774)
#1 D:\laragon\www\method-oldagehome\system\HTTP\ResponseTrait.php(774): setcookie('ci_session', '6lacbkkm4nr0v42...', Array)
#2 D:\laragon\www\method-oldagehome\system\HTTP\ResponseTrait.php(750): CodeIgniter\HTTP\Response->doSetCookie('ci_session', '6lacbkkm4nr0v42...', Array)
#3 D:\laragon\www\method-oldagehome\system\HTTP\ResponseTrait.php(730): CodeIgniter\HTTP\Response->dispatchCookies()
#4 D:\laragon\www\method-oldagehome\system\HTTP\ResponseTrait.php(447): CodeIgniter\HTTP\Response->sendCookies()
#5 D:\laragon\www\method-oldagehome\system\Debug\ExceptionHandler.php(78): CodeIgniter\HTTP\Response->send()
#6 D:\laragon\www\method-oldagehome\system\Debug\Exceptions.php(147): CodeIgniter\Debug\ExceptionHandler->handle(Object(CodeIgniter\Exceptions\PageNotFoundException), Object(CodeIgniter\HTTP\IncomingRequest), Object(CodeIgniter\HTTP\Response), 404, 1)
#7 [internal function]: CodeIgniter\Debug\Exceptions->exceptionHandler(Object(CodeIgniter\Exceptions\PageNotFoundException))
#8 {main}
  thrown
【Previous Exception】
CodeIgniter\Exceptions\PageNotFoundException
Page Not Found
#0 D:\laragon\www\method-oldagehome\system\CodeIgniter.php(967): CodeIgniter\Exceptions\PageNotFoundException::forPageNotFound(NULL)
#1 D:\laragon\www\method-oldagehome\system\CodeIgniter.php(362): CodeIgniter\CodeIgniter->display404errors(Object(CodeIgniter\Exceptions\PageNotFoundException))
#2 D:\laragon\www\method-oldagehome\public\index.php(79): CodeIgniter\CodeIgniter->run()
#3 D:\laragon\www\method-oldagehome\system\Commands\Server\rewrite.php(47): require_once('D:\\laragon\\www\\...')
#4 {main}
in SYSTEMPATH\HTTP\ResponseTrait.php on line 774.
 1 [internal function]: CodeIgniter\Debug\Exceptions->shutdownHandler()
CRITICAL - 2024-11-11 06:06:18 --> Uncaught ErrorException: Cannot modify header information - headers already sent in D:\laragon\www\method-oldagehome\system\HTTP\ResponseTrait.php:774
Stack trace:
#0 [internal function]: CodeIgniter\Debug\Exceptions->errorHandler(2, 'Cannot modify h...', 'D:\\laragon\\www\\...', 774)
#1 D:\laragon\www\method-oldagehome\system\HTTP\ResponseTrait.php(774): setcookie('ci_session', '6lacbkkm4nr0v42...', Array)
#2 D:\laragon\www\method-oldagehome\system\HTTP\ResponseTrait.php(750): CodeIgniter\HTTP\Response->doSetCookie('ci_session', '6lacbkkm4nr0v42...', Array)
#3 D:\laragon\www\method-oldagehome\system\HTTP\ResponseTrait.php(730): CodeIgniter\HTTP\Response->dispatchCookies()
#4 D:\laragon\www\method-oldagehome\system\HTTP\ResponseTrait.php(447): CodeIgniter\HTTP\Response->sendCookies()
#5 D:\laragon\www\method-oldagehome\system\Debug\ExceptionHandler.php(78): CodeIgniter\HTTP\Response->send()
#6 D:\laragon\www\method-oldagehome\system\Debug\Exceptions.php(147): CodeIgniter\Debug\ExceptionHandler->handle(Object(CodeIgniter\Exceptions\PageNotFoundException), Object(CodeIgniter\HTTP\IncomingRequest), Object(CodeIgniter\HTTP\Response), 404, 1)
#7 [internal function]: CodeIgniter\Debug\Exceptions->exceptionHandler(Object(CodeIgniter\Exceptions\PageNotFoundException))
#8 {main}
  thrown
【Previous Exception】
CodeIgniter\Exceptions\PageNotFoundException
Page Not Found
#0 D:\laragon\www\method-oldagehome\system\CodeIgniter.php(967): CodeIgniter\Exceptions\PageNotFoundException::forPageNotFound(NULL)
#1 D:\laragon\www\method-oldagehome\system\CodeIgniter.php(362): CodeIgniter\CodeIgniter->display404errors(Object(CodeIgniter\Exceptions\PageNotFoundException))
#2 D:\laragon\www\method-oldagehome\public\index.php(79): CodeIgniter\CodeIgniter->run()
#3 D:\laragon\www\method-oldagehome\system\Commands\Server\rewrite.php(47): require_once('D:\\laragon\\www\\...')
#4 {main}
in SYSTEMPATH\HTTP\ResponseTrait.php on line 774.
 1 [internal function]: CodeIgniter\Debug\Exceptions->shutdownHandler()
CRITICAL - 2024-11-11 06:06:19 --> Uncaught ErrorException: Cannot modify header information - headers already sent in D:\laragon\www\method-oldagehome\system\HTTP\ResponseTrait.php:774
Stack trace:
#0 [internal function]: CodeIgniter\Debug\Exceptions->errorHandler(2, 'Cannot modify h...', 'D:\\laragon\\www\\...', 774)
#1 D:\laragon\www\method-oldagehome\system\HTTP\ResponseTrait.php(774): setcookie('ci_session', '6lacbkkm4nr0v42...', Array)
#2 D:\laragon\www\method-oldagehome\system\HTTP\ResponseTrait.php(750): CodeIgniter\HTTP\Response->doSetCookie('ci_session', '6lacbkkm4nr0v42...', Array)
#3 D:\laragon\www\method-oldagehome\system\HTTP\ResponseTrait.php(730): CodeIgniter\HTTP\Response->dispatchCookies()
#4 D:\laragon\www\method-oldagehome\system\HTTP\ResponseTrait.php(447): CodeIgniter\HTTP\Response->sendCookies()
#5 D:\laragon\www\method-oldagehome\system\Debug\ExceptionHandler.php(78): CodeIgniter\HTTP\Response->send()
#6 D:\laragon\www\method-oldagehome\system\Debug\Exceptions.php(147): CodeIgniter\Debug\ExceptionHandler->handle(Object(CodeIgniter\Exceptions\PageNotFoundException), Object(CodeIgniter\HTTP\IncomingRequest), Object(CodeIgniter\HTTP\Response), 404, 1)
#7 [internal function]: CodeIgniter\Debug\Exceptions->exceptionHandler(Object(CodeIgniter\Exceptions\PageNotFoundException))
#8 {main}
  thrown
【Previous Exception】
CodeIgniter\Exceptions\PageNotFoundException
Page Not Found
#0 D:\laragon\www\method-oldagehome\system\CodeIgniter.php(967): CodeIgniter\Exceptions\PageNotFoundException::forPageNotFound(NULL)
#1 D:\laragon\www\method-oldagehome\system\CodeIgniter.php(362): CodeIgniter\CodeIgniter->display404errors(Object(CodeIgniter\Exceptions\PageNotFoundException))
#2 D:\laragon\www\method-oldagehome\public\index.php(79): CodeIgniter\CodeIgniter->run()
#3 D:\laragon\www\method-oldagehome\system\Commands\Server\rewrite.php(47): require_once('D:\\laragon\\www\\...')
#4 {main}
in SYSTEMPATH\HTTP\ResponseTrait.php on line 774.
 1 [internal function]: CodeIgniter\Debug\Exceptions->shutdownHandler()
CRITICAL - 2024-11-11 06:06:20 --> Uncaught ErrorException: Cannot modify header information - headers already sent in D:\laragon\www\method-oldagehome\system\HTTP\ResponseTrait.php:774
Stack trace:
#0 [internal function]: CodeIgniter\Debug\Exceptions->errorHandler(2, 'Cannot modify h...', 'D:\\laragon\\www\\...', 774)
#1 D:\laragon\www\method-oldagehome\system\HTTP\ResponseTrait.php(774): setcookie('ci_session', '6lacbkkm4nr0v42...', Array)
#2 D:\laragon\www\method-oldagehome\system\HTTP\ResponseTrait.php(750): CodeIgniter\HTTP\Response->doSetCookie('ci_session', '6lacbkkm4nr0v42...', Array)
#3 D:\laragon\www\method-oldagehome\system\HTTP\ResponseTrait.php(730): CodeIgniter\HTTP\Response->dispatchCookies()
#4 D:\laragon\www\method-oldagehome\system\HTTP\ResponseTrait.php(447): CodeIgniter\HTTP\Response->sendCookies()
#5 D:\laragon\www\method-oldagehome\system\Debug\ExceptionHandler.php(78): CodeIgniter\HTTP\Response->send()
#6 D:\laragon\www\method-oldagehome\system\Debug\Exceptions.php(147): CodeIgniter\Debug\ExceptionHandler->handle(Object(CodeIgniter\Exceptions\PageNotFoundException), Object(CodeIgniter\HTTP\IncomingRequest), Object(CodeIgniter\HTTP\Response), 404, 1)
#7 [internal function]: CodeIgniter\Debug\Exceptions->exceptionHandler(Object(CodeIgniter\Exceptions\PageNotFoundException))
#8 {main}
  thrown
【Previous Exception】
CodeIgniter\Exceptions\PageNotFoundException
Page Not Found
#0 D:\laragon\www\method-oldagehome\system\CodeIgniter.php(967): CodeIgniter\Exceptions\PageNotFoundException::forPageNotFound(NULL)
#1 D:\laragon\www\method-oldagehome\system\CodeIgniter.php(362): CodeIgniter\CodeIgniter->display404errors(Object(CodeIgniter\Exceptions\PageNotFoundException))
#2 D:\laragon\www\method-oldagehome\public\index.php(79): CodeIgniter\CodeIgniter->run()
#3 D:\laragon\www\method-oldagehome\system\Commands\Server\rewrite.php(47): require_once('D:\\laragon\\www\\...')
#4 {main}
in SYSTEMPATH\HTTP\ResponseTrait.php on line 774.
 1 [internal function]: CodeIgniter\Debug\Exceptions->shutdownHandler()
CRITICAL - 2024-11-11 06:06:21 --> Uncaught ErrorException: Cannot modify header information - headers already sent in D:\laragon\www\method-oldagehome\system\HTTP\ResponseTrait.php:774
Stack trace:
#0 [internal function]: CodeIgniter\Debug\Exceptions->errorHandler(2, 'Cannot modify h...', 'D:\\laragon\\www\\...', 774)
#1 D:\laragon\www\method-oldagehome\system\HTTP\ResponseTrait.php(774): setcookie('ci_session', '6lacbkkm4nr0v42...', Array)
#2 D:\laragon\www\method-oldagehome\system\HTTP\ResponseTrait.php(750): CodeIgniter\HTTP\Response->doSetCookie('ci_session', '6lacbkkm4nr0v42...', Array)
#3 D:\laragon\www\method-oldagehome\system\HTTP\ResponseTrait.php(730): CodeIgniter\HTTP\Response->dispatchCookies()
#4 D:\laragon\www\method-oldagehome\system\HTTP\ResponseTrait.php(447): CodeIgniter\HTTP\Response->sendCookies()
#5 D:\laragon\www\method-oldagehome\system\Debug\ExceptionHandler.php(78): CodeIgniter\HTTP\Response->send()
#6 D:\laragon\www\method-oldagehome\system\Debug\Exceptions.php(147): CodeIgniter\Debug\ExceptionHandler->handle(Object(CodeIgniter\Exceptions\PageNotFoundException), Object(CodeIgniter\HTTP\IncomingRequest), Object(CodeIgniter\HTTP\Response), 404, 1)
#7 [internal function]: CodeIgniter\Debug\Exceptions->exceptionHandler(Object(CodeIgniter\Exceptions\PageNotFoundException))
#8 {main}
  thrown
【Previous Exception】
CodeIgniter\Exceptions\PageNotFoundException
Page Not Found
#0 D:\laragon\www\method-oldagehome\system\CodeIgniter.php(967): CodeIgniter\Exceptions\PageNotFoundException::forPageNotFound(NULL)
#1 D:\laragon\www\method-oldagehome\system\CodeIgniter.php(362): CodeIgniter\CodeIgniter->display404errors(Object(CodeIgniter\Exceptions\PageNotFoundException))
#2 D:\laragon\www\method-oldagehome\public\index.php(79): CodeIgniter\CodeIgniter->run()
#3 D:\laragon\www\method-oldagehome\system\Commands\Server\rewrite.php(47): require_once('D:\\laragon\\www\\...')
#4 {main}
in SYSTEMPATH\HTTP\ResponseTrait.php on line 774.
 1 [internal function]: CodeIgniter\Debug\Exceptions->shutdownHandler()
CRITICAL - 2024-11-11 06:06:22 --> Uncaught ErrorException: Cannot modify header information - headers already sent in D:\laragon\www\method-oldagehome\system\HTTP\ResponseTrait.php:774
Stack trace:
#0 [internal function]: CodeIgniter\Debug\Exceptions->errorHandler(2, 'Cannot modify h...', 'D:\\laragon\\www\\...', 774)
#1 D:\laragon\www\method-oldagehome\system\HTTP\ResponseTrait.php(774): setcookie('ci_session', '6lacbkkm4nr0v42...', Array)
#2 D:\laragon\www\method-oldagehome\system\HTTP\ResponseTrait.php(750): CodeIgniter\HTTP\Response->doSetCookie('ci_session', '6lacbkkm4nr0v42...', Array)
#3 D:\laragon\www\method-oldagehome\system\HTTP\ResponseTrait.php(730): CodeIgniter\HTTP\Response->dispatchCookies()
#4 D:\laragon\www\method-oldagehome\system\HTTP\ResponseTrait.php(447): CodeIgniter\HTTP\Response->sendCookies()
#5 D:\laragon\www\method-oldagehome\system\Debug\ExceptionHandler.php(78): CodeIgniter\HTTP\Response->send()
#6 D:\laragon\www\method-oldagehome\system\Debug\Exceptions.php(147): CodeIgniter\Debug\ExceptionHandler->handle(Object(CodeIgniter\Exceptions\PageNotFoundException), Object(CodeIgniter\HTTP\IncomingRequest), Object(CodeIgniter\HTTP\Response), 404, 1)
#7 [internal function]: CodeIgniter\Debug\Exceptions->exceptionHandler(Object(CodeIgniter\Exceptions\PageNotFoundException))
#8 {main}
  thrown
【Previous Exception】
CodeIgniter\Exceptions\PageNotFoundException
Page Not Found
#0 D:\laragon\www\method-oldagehome\system\CodeIgniter.php(967): CodeIgniter\Exceptions\PageNotFoundException::forPageNotFound(NULL)
#1 D:\laragon\www\method-oldagehome\system\CodeIgniter.php(362): CodeIgniter\CodeIgniter->display404errors(Object(CodeIgniter\Exceptions\PageNotFoundException))
#2 D:\laragon\www\method-oldagehome\public\index.php(79): CodeIgniter\CodeIgniter->run()
#3 D:\laragon\www\method-oldagehome\system\Commands\Server\rewrite.php(47): require_once('D:\\laragon\\www\\...')
#4 {main}
in SYSTEMPATH\HTTP\ResponseTrait.php on line 774.
 1 [internal function]: CodeIgniter\Debug\Exceptions->shutdownHandler()
CRITICAL - 2024-11-11 06:06:23 --> Uncaught ErrorException: Cannot modify header information - headers already sent in D:\laragon\www\method-oldagehome\system\HTTP\ResponseTrait.php:774
Stack trace:
#0 [internal function]: CodeIgniter\Debug\Exceptions->errorHandler(2, 'Cannot modify h...', 'D:\\laragon\\www\\...', 774)
#1 D:\laragon\www\method-oldagehome\system\HTTP\ResponseTrait.php(774): setcookie('ci_session', '6lacbkkm4nr0v42...', Array)
#2 D:\laragon\www\method-oldagehome\system\HTTP\ResponseTrait.php(750): CodeIgniter\HTTP\Response->doSetCookie('ci_session', '6lacbkkm4nr0v42...', Array)
#3 D:\laragon\www\method-oldagehome\system\HTTP\ResponseTrait.php(730): CodeIgniter\HTTP\Response->dispatchCookies()
#4 D:\laragon\www\method-oldagehome\system\HTTP\ResponseTrait.php(447): CodeIgniter\HTTP\Response->sendCookies()
#5 D:\laragon\www\method-oldagehome\system\Debug\ExceptionHandler.php(78): CodeIgniter\HTTP\Response->send()
#6 D:\laragon\www\method-oldagehome\system\Debug\Exceptions.php(147): CodeIgniter\Debug\ExceptionHandler->handle(Object(CodeIgniter\Exceptions\PageNotFoundException), Object(CodeIgniter\HTTP\IncomingRequest), Object(CodeIgniter\HTTP\Response), 404, 1)
#7 [internal function]: CodeIgniter\Debug\Exceptions->exceptionHandler(Object(CodeIgniter\Exceptions\PageNotFoundException))
#8 {main}
  thrown
【Previous Exception】
CodeIgniter\Exceptions\PageNotFoundException
Page Not Found
#0 D:\laragon\www\method-oldagehome\system\CodeIgniter.php(967): CodeIgniter\Exceptions\PageNotFoundException::forPageNotFound(NULL)
#1 D:\laragon\www\method-oldagehome\system\CodeIgniter.php(362): CodeIgniter\CodeIgniter->display404errors(Object(CodeIgniter\Exceptions\PageNotFoundException))
#2 D:\laragon\www\method-oldagehome\public\index.php(79): CodeIgniter\CodeIgniter->run()
#3 D:\laragon\www\method-oldagehome\system\Commands\Server\rewrite.php(47): require_once('D:\\laragon\\www\\...')
#4 {main}
in SYSTEMPATH\HTTP\ResponseTrait.php on line 774.
 1 [internal function]: CodeIgniter\Debug\Exceptions->shutdownHandler()
CRITICAL - 2024-11-11 06:06:24 --> Uncaught ErrorException: Cannot modify header information - headers already sent in D:\laragon\www\method-oldagehome\system\HTTP\ResponseTrait.php:774
Stack trace:
#0 [internal function]: CodeIgniter\Debug\Exceptions->errorHandler(2, 'Cannot modify h...', 'D:\\laragon\\www\\...', 774)
#1 D:\laragon\www\method-oldagehome\system\HTTP\ResponseTrait.php(774): setcookie('ci_session', '6lacbkkm4nr0v42...', Array)
#2 D:\laragon\www\method-oldagehome\system\HTTP\ResponseTrait.php(750): CodeIgniter\HTTP\Response->doSetCookie('ci_session', '6lacbkkm4nr0v42...', Array)
#3 D:\laragon\www\method-oldagehome\system\HTTP\ResponseTrait.php(730): CodeIgniter\HTTP\Response->dispatchCookies()
#4 D:\laragon\www\method-oldagehome\system\HTTP\ResponseTrait.php(447): CodeIgniter\HTTP\Response->sendCookies()
#5 D:\laragon\www\method-oldagehome\system\Debug\ExceptionHandler.php(78): CodeIgniter\HTTP\Response->send()
#6 D:\laragon\www\method-oldagehome\system\Debug\Exceptions.php(147): CodeIgniter\Debug\ExceptionHandler->handle(Object(CodeIgniter\Exceptions\PageNotFoundException), Object(CodeIgniter\HTTP\IncomingRequest), Object(CodeIgniter\HTTP\Response), 404, 1)
#7 [internal function]: CodeIgniter\Debug\Exceptions->exceptionHandler(Object(CodeIgniter\Exceptions\PageNotFoundException))
#8 {main}
  thrown
【Previous Exception】
CodeIgniter\Exceptions\PageNotFoundException
Page Not Found
#0 D:\laragon\www\method-oldagehome\system\CodeIgniter.php(967): CodeIgniter\Exceptions\PageNotFoundException::forPageNotFound(NULL)
#1 D:\laragon\www\method-oldagehome\system\CodeIgniter.php(362): CodeIgniter\CodeIgniter->display404errors(Object(CodeIgniter\Exceptions\PageNotFoundException))
#2 D:\laragon\www\method-oldagehome\public\index.php(79): CodeIgniter\CodeIgniter->run()
#3 D:\laragon\www\method-oldagehome\system\Commands\Server\rewrite.php(47): require_once('D:\\laragon\\www\\...')
#4 {main}
in SYSTEMPATH\HTTP\ResponseTrait.php on line 774.
 1 [internal function]: CodeIgniter\Debug\Exceptions->shutdownHandler()
CRITICAL - 2024-11-11 06:06:25 --> Uncaught ErrorException: Cannot modify header information - headers already sent in D:\laragon\www\method-oldagehome\system\HTTP\ResponseTrait.php:774
Stack trace:
#0 [internal function]: CodeIgniter\Debug\Exceptions->errorHandler(2, 'Cannot modify h...', 'D:\\laragon\\www\\...', 774)
#1 D:\laragon\www\method-oldagehome\system\HTTP\ResponseTrait.php(774): setcookie('ci_session', '6lacbkkm4nr0v42...', Array)
#2 D:\laragon\www\method-oldagehome\system\HTTP\ResponseTrait.php(750): CodeIgniter\HTTP\Response->doSetCookie('ci_session', '6lacbkkm4nr0v42...', Array)
#3 D:\laragon\www\method-oldagehome\system\HTTP\ResponseTrait.php(730): CodeIgniter\HTTP\Response->dispatchCookies()
#4 D:\laragon\www\method-oldagehome\system\HTTP\ResponseTrait.php(447): CodeIgniter\HTTP\Response->sendCookies()
#5 D:\laragon\www\method-oldagehome\system\Debug\ExceptionHandler.php(78): CodeIgniter\HTTP\Response->send()
#6 D:\laragon\www\method-oldagehome\system\Debug\Exceptions.php(147): CodeIgniter\Debug\ExceptionHandler->handle(Object(CodeIgniter\Exceptions\PageNotFoundException), Object(CodeIgniter\HTTP\IncomingRequest), Object(CodeIgniter\HTTP\Response), 404, 1)
#7 [internal function]: CodeIgniter\Debug\Exceptions->exceptionHandler(Object(CodeIgniter\Exceptions\PageNotFoundException))
#8 {main}
  thrown
【Previous Exception】
CodeIgniter\Exceptions\PageNotFoundException
Page Not Found
#0 D:\laragon\www\method-oldagehome\system\CodeIgniter.php(967): CodeIgniter\Exceptions\PageNotFoundException::forPageNotFound(NULL)
#1 D:\laragon\www\method-oldagehome\system\CodeIgniter.php(362): CodeIgniter\CodeIgniter->display404errors(Object(CodeIgniter\Exceptions\PageNotFoundException))
#2 D:\laragon\www\method-oldagehome\public\index.php(79): CodeIgniter\CodeIgniter->run()
#3 D:\laragon\www\method-oldagehome\system\Commands\Server\rewrite.php(47): require_once('D:\\laragon\\www\\...')
#4 {main}
in SYSTEMPATH\HTTP\ResponseTrait.php on line 774.
 1 [internal function]: CodeIgniter\Debug\Exceptions->shutdownHandler()
CRITICAL - 2024-11-11 06:06:26 --> Uncaught ErrorException: Cannot modify header information - headers already sent in D:\laragon\www\method-oldagehome\system\HTTP\ResponseTrait.php:774
Stack trace:
#0 [internal function]: CodeIgniter\Debug\Exceptions->errorHandler(2, 'Cannot modify h...', 'D:\\laragon\\www\\...', 774)
#1 D:\laragon\www\method-oldagehome\system\HTTP\ResponseTrait.php(774): setcookie('ci_session', '6lacbkkm4nr0v42...', Array)
#2 D:\laragon\www\method-oldagehome\system\HTTP\ResponseTrait.php(750): CodeIgniter\HTTP\Response->doSetCookie('ci_session', '6lacbkkm4nr0v42...', Array)
#3 D:\laragon\www\method-oldagehome\system\HTTP\ResponseTrait.php(730): CodeIgniter\HTTP\Response->dispatchCookies()
#4 D:\laragon\www\method-oldagehome\system\HTTP\ResponseTrait.php(447): CodeIgniter\HTTP\Response->sendCookies()
#5 D:\laragon\www\method-oldagehome\system\Debug\ExceptionHandler.php(78): CodeIgniter\HTTP\Response->send()
#6 D:\laragon\www\method-oldagehome\system\Debug\Exceptions.php(147): CodeIgniter\Debug\ExceptionHandler->handle(Object(CodeIgniter\Exceptions\PageNotFoundException), Object(CodeIgniter\HTTP\IncomingRequest), Object(CodeIgniter\HTTP\Response), 404, 1)
#7 [internal function]: CodeIgniter\Debug\Exceptions->exceptionHandler(Object(CodeIgniter\Exceptions\PageNotFoundException))
#8 {main}
  thrown
【Previous Exception】
CodeIgniter\Exceptions\PageNotFoundException
Page Not Found
#0 D:\laragon\www\method-oldagehome\system\CodeIgniter.php(967): CodeIgniter\Exceptions\PageNotFoundException::forPageNotFound(NULL)
#1 D:\laragon\www\method-oldagehome\system\CodeIgniter.php(362): CodeIgniter\CodeIgniter->display404errors(Object(CodeIgniter\Exceptions\PageNotFoundException))
#2 D:\laragon\www\method-oldagehome\public\index.php(79): CodeIgniter\CodeIgniter->run()
#3 D:\laragon\www\method-oldagehome\system\Commands\Server\rewrite.php(47): require_once('D:\\laragon\\www\\...')
#4 {main}
in SYSTEMPATH\HTTP\ResponseTrait.php on line 774.
 1 [internal function]: CodeIgniter\Debug\Exceptions->shutdownHandler()
CRITICAL - 2024-11-11 06:06:27 --> Uncaught ErrorException: Cannot modify header information - headers already sent in D:\laragon\www\method-oldagehome\system\HTTP\ResponseTrait.php:774
Stack trace:
#0 [internal function]: CodeIgniter\Debug\Exceptions->errorHandler(2, 'Cannot modify h...', 'D:\\laragon\\www\\...', 774)
#1 D:\laragon\www\method-oldagehome\system\HTTP\ResponseTrait.php(774): setcookie('ci_session', '6lacbkkm4nr0v42...', Array)
#2 D:\laragon\www\method-oldagehome\system\HTTP\ResponseTrait.php(750): CodeIgniter\HTTP\Response->doSetCookie('ci_session', '6lacbkkm4nr0v42...', Array)
#3 D:\laragon\www\method-oldagehome\system\HTTP\ResponseTrait.php(730): CodeIgniter\HTTP\Response->dispatchCookies()
#4 D:\laragon\www\method-oldagehome\system\HTTP\ResponseTrait.php(447): CodeIgniter\HTTP\Response->sendCookies()
#5 D:\laragon\www\method-oldagehome\system\Debug\ExceptionHandler.php(78): CodeIgniter\HTTP\Response->send()
#6 D:\laragon\www\method-oldagehome\system\Debug\Exceptions.php(147): CodeIgniter\Debug\ExceptionHandler->handle(Object(CodeIgniter\Exceptions\PageNotFoundException), Object(CodeIgniter\HTTP\IncomingRequest), Object(CodeIgniter\HTTP\Response), 404, 1)
#7 [internal function]: CodeIgniter\Debug\Exceptions->exceptionHandler(Object(CodeIgniter\Exceptions\PageNotFoundException))
#8 {main}
  thrown
【Previous Exception】
CodeIgniter\Exceptions\PageNotFoundException
Page Not Found
#0 D:\laragon\www\method-oldagehome\system\CodeIgniter.php(967): CodeIgniter\Exceptions\PageNotFoundException::forPageNotFound(NULL)
#1 D:\laragon\www\method-oldagehome\system\CodeIgniter.php(362): CodeIgniter\CodeIgniter->display404errors(Object(CodeIgniter\Exceptions\PageNotFoundException))
#2 D:\laragon\www\method-oldagehome\public\index.php(79): CodeIgniter\CodeIgniter->run()
#3 D:\laragon\www\method-oldagehome\system\Commands\Server\rewrite.php(47): require_once('D:\\laragon\\www\\...')
#4 {main}
in SYSTEMPATH\HTTP\ResponseTrait.php on line 774.
 1 [internal function]: CodeIgniter\Debug\Exceptions->shutdownHandler()
CRITICAL - 2024-11-11 06:06:28 --> Uncaught ErrorException: Cannot modify header information - headers already sent in D:\laragon\www\method-oldagehome\system\HTTP\ResponseTrait.php:774
Stack trace:
#0 [internal function]: CodeIgniter\Debug\Exceptions->errorHandler(2, 'Cannot modify h...', 'D:\\laragon\\www\\...', 774)
#1 D:\laragon\www\method-oldagehome\system\HTTP\ResponseTrait.php(774): setcookie('ci_session', '6lacbkkm4nr0v42...', Array)
#2 D:\laragon\www\method-oldagehome\system\HTTP\ResponseTrait.php(750): CodeIgniter\HTTP\Response->doSetCookie('ci_session', '6lacbkkm4nr0v42...', Array)
#3 D:\laragon\www\method-oldagehome\system\HTTP\ResponseTrait.php(730): CodeIgniter\HTTP\Response->dispatchCookies()
#4 D:\laragon\www\method-oldagehome\system\HTTP\ResponseTrait.php(447): CodeIgniter\HTTP\Response->sendCookies()
#5 D:\laragon\www\method-oldagehome\system\Debug\ExceptionHandler.php(78): CodeIgniter\HTTP\Response->send()
#6 D:\laragon\www\method-oldagehome\system\Debug\Exceptions.php(147): CodeIgniter\Debug\ExceptionHandler->handle(Object(CodeIgniter\Exceptions\PageNotFoundException), Object(CodeIgniter\HTTP\IncomingRequest), Object(CodeIgniter\HTTP\Response), 404, 1)
#7 [internal function]: CodeIgniter\Debug\Exceptions->exceptionHandler(Object(CodeIgniter\Exceptions\PageNotFoundException))
#8 {main}
  thrown
【Previous Exception】
CodeIgniter\Exceptions\PageNotFoundException
Page Not Found
#0 D:\laragon\www\method-oldagehome\system\CodeIgniter.php(967): CodeIgniter\Exceptions\PageNotFoundException::forPageNotFound(NULL)
#1 D:\laragon\www\method-oldagehome\system\CodeIgniter.php(362): CodeIgniter\CodeIgniter->display404errors(Object(CodeIgniter\Exceptions\PageNotFoundException))
#2 D:\laragon\www\method-oldagehome\public\index.php(79): CodeIgniter\CodeIgniter->run()
#3 D:\laragon\www\method-oldagehome\system\Commands\Server\rewrite.php(47): require_once('D:\\laragon\\www\\...')
#4 {main}
in SYSTEMPATH\HTTP\ResponseTrait.php on line 774.
 1 [internal function]: CodeIgniter\Debug\Exceptions->shutdownHandler()
CRITICAL - 2024-11-11 06:06:29 --> Uncaught ErrorException: Cannot modify header information - headers already sent in D:\laragon\www\method-oldagehome\system\HTTP\ResponseTrait.php:774
Stack trace:
#0 [internal function]: CodeIgniter\Debug\Exceptions->errorHandler(2, 'Cannot modify h...', 'D:\\laragon\\www\\...', 774)
#1 D:\laragon\www\method-oldagehome\system\HTTP\ResponseTrait.php(774): setcookie('ci_session', '6lacbkkm4nr0v42...', Array)
#2 D:\laragon\www\method-oldagehome\system\HTTP\ResponseTrait.php(750): CodeIgniter\HTTP\Response->doSetCookie('ci_session', '6lacbkkm4nr0v42...', Array)
#3 D:\laragon\www\method-oldagehome\system\HTTP\ResponseTrait.php(730): CodeIgniter\HTTP\Response->dispatchCookies()
#4 D:\laragon\www\method-oldagehome\system\HTTP\ResponseTrait.php(447): CodeIgniter\HTTP\Response->sendCookies()
#5 D:\laragon\www\method-oldagehome\system\Debug\ExceptionHandler.php(78): CodeIgniter\HTTP\Response->send()
#6 D:\laragon\www\method-oldagehome\system\Debug\Exceptions.php(147): CodeIgniter\Debug\ExceptionHandler->handle(Object(CodeIgniter\Exceptions\PageNotFoundException), Object(CodeIgniter\HTTP\IncomingRequest), Object(CodeIgniter\HTTP\Response), 404, 1)
#7 [internal function]: CodeIgniter\Debug\Exceptions->exceptionHandler(Object(CodeIgniter\Exceptions\PageNotFoundException))
#8 {main}
  thrown
【Previous Exception】
CodeIgniter\Exceptions\PageNotFoundException
Page Not Found
#0 D:\laragon\www\method-oldagehome\system\CodeIgniter.php(967): CodeIgniter\Exceptions\PageNotFoundException::forPageNotFound(NULL)
#1 D:\laragon\www\method-oldagehome\system\CodeIgniter.php(362): CodeIgniter\CodeIgniter->display404errors(Object(CodeIgniter\Exceptions\PageNotFoundException))
#2 D:\laragon\www\method-oldagehome\public\index.php(79): CodeIgniter\CodeIgniter->run()
#3 D:\laragon\www\method-oldagehome\system\Commands\Server\rewrite.php(47): require_once('D:\\laragon\\www\\...')
#4 {main}
in SYSTEMPATH\HTTP\ResponseTrait.php on line 774.
 1 [internal function]: CodeIgniter\Debug\Exceptions->shutdownHandler()
CRITICAL - 2024-11-11 06:06:30 --> Uncaught ErrorException: Cannot modify header information - headers already sent in D:\laragon\www\method-oldagehome\system\HTTP\ResponseTrait.php:774
Stack trace:
#0 [internal function]: CodeIgniter\Debug\Exceptions->errorHandler(2, 'Cannot modify h...', 'D:\\laragon\\www\\...', 774)
#1 D:\laragon\www\method-oldagehome\system\HTTP\ResponseTrait.php(774): setcookie('ci_session', '6lacbkkm4nr0v42...', Array)
#2 D:\laragon\www\method-oldagehome\system\HTTP\ResponseTrait.php(750): CodeIgniter\HTTP\Response->doSetCookie('ci_session', '6lacbkkm4nr0v42...', Array)
#3 D:\laragon\www\method-oldagehome\system\HTTP\ResponseTrait.php(730): CodeIgniter\HTTP\Response->dispatchCookies()
#4 D:\laragon\www\method-oldagehome\system\HTTP\ResponseTrait.php(447): CodeIgniter\HTTP\Response->sendCookies()
#5 D:\laragon\www\method-oldagehome\system\Debug\ExceptionHandler.php(78): CodeIgniter\HTTP\Response->send()
#6 D:\laragon\www\method-oldagehome\system\Debug\Exceptions.php(147): CodeIgniter\Debug\ExceptionHandler->handle(Object(CodeIgniter\Exceptions\PageNotFoundException), Object(CodeIgniter\HTTP\IncomingRequest), Object(CodeIgniter\HTTP\Response), 404, 1)
#7 [internal function]: CodeIgniter\Debug\Exceptions->exceptionHandler(Object(CodeIgniter\Exceptions\PageNotFoundException))
#8 {main}
  thrown
【Previous Exception】
CodeIgniter\Exceptions\PageNotFoundException
Page Not Found
#0 D:\laragon\www\method-oldagehome\system\CodeIgniter.php(967): CodeIgniter\Exceptions\PageNotFoundException::forPageNotFound(NULL)
#1 D:\laragon\www\method-oldagehome\system\CodeIgniter.php(362): CodeIgniter\CodeIgniter->display404errors(Object(CodeIgniter\Exceptions\PageNotFoundException))
#2 D:\laragon\www\method-oldagehome\public\index.php(79): CodeIgniter\CodeIgniter->run()
#3 D:\laragon\www\method-oldagehome\system\Commands\Server\rewrite.php(47): require_once('D:\\laragon\\www\\...')
#4 {main}
in SYSTEMPATH\HTTP\ResponseTrait.php on line 774.
 1 [internal function]: CodeIgniter\Debug\Exceptions->shutdownHandler()
CRITICAL - 2024-11-11 06:06:31 --> Uncaught ErrorException: Cannot modify header information - headers already sent in D:\laragon\www\method-oldagehome\system\HTTP\ResponseTrait.php:774
Stack trace:
#0 [internal function]: CodeIgniter\Debug\Exceptions->errorHandler(2, 'Cannot modify h...', 'D:\\laragon\\www\\...', 774)
#1 D:\laragon\www\method-oldagehome\system\HTTP\ResponseTrait.php(774): setcookie('ci_session', '6lacbkkm4nr0v42...', Array)
#2 D:\laragon\www\method-oldagehome\system\HTTP\ResponseTrait.php(750): CodeIgniter\HTTP\Response->doSetCookie('ci_session', '6lacbkkm4nr0v42...', Array)
#3 D:\laragon\www\method-oldagehome\system\HTTP\ResponseTrait.php(730): CodeIgniter\HTTP\Response->dispatchCookies()
#4 D:\laragon\www\method-oldagehome\system\HTTP\ResponseTrait.php(447): CodeIgniter\HTTP\Response->sendCookies()
#5 D:\laragon\www\method-oldagehome\system\Debug\ExceptionHandler.php(78): CodeIgniter\HTTP\Response->send()
#6 D:\laragon\www\method-oldagehome\system\Debug\Exceptions.php(147): CodeIgniter\Debug\ExceptionHandler->handle(Object(CodeIgniter\Exceptions\PageNotFoundException), Object(CodeIgniter\HTTP\IncomingRequest), Object(CodeIgniter\HTTP\Response), 404, 1)
#7 [internal function]: CodeIgniter\Debug\Exceptions->exceptionHandler(Object(CodeIgniter\Exceptions\PageNotFoundException))
#8 {main}
  thrown
【Previous Exception】
CodeIgniter\Exceptions\PageNotFoundException
Page Not Found
#0 D:\laragon\www\method-oldagehome\system\CodeIgniter.php(967): CodeIgniter\Exceptions\PageNotFoundException::forPageNotFound(NULL)
#1 D:\laragon\www\method-oldagehome\system\CodeIgniter.php(362): CodeIgniter\CodeIgniter->display404errors(Object(CodeIgniter\Exceptions\PageNotFoundException))
#2 D:\laragon\www\method-oldagehome\public\index.php(79): CodeIgniter\CodeIgniter->run()
#3 D:\laragon\www\method-oldagehome\system\Commands\Server\rewrite.php(47): require_once('D:\\laragon\\www\\...')
#4 {main}
in SYSTEMPATH\HTTP\ResponseTrait.php on line 774.
 1 [internal function]: CodeIgniter\Debug\Exceptions->shutdownHandler()
CRITICAL - 2024-11-11 06:06:32 --> Uncaught ErrorException: Cannot modify header information - headers already sent in D:\laragon\www\method-oldagehome\system\HTTP\ResponseTrait.php:774
Stack trace:
#0 [internal function]: CodeIgniter\Debug\Exceptions->errorHandler(2, 'Cannot modify h...', 'D:\\laragon\\www\\...', 774)
#1 D:\laragon\www\method-oldagehome\system\HTTP\ResponseTrait.php(774): setcookie('ci_session', '6lacbkkm4nr0v42...', Array)
#2 D:\laragon\www\method-oldagehome\system\HTTP\ResponseTrait.php(750): CodeIgniter\HTTP\Response->doSetCookie('ci_session', '6lacbkkm4nr0v42...', Array)
#3 D:\laragon\www\method-oldagehome\system\HTTP\ResponseTrait.php(730): CodeIgniter\HTTP\Response->dispatchCookies()
#4 D:\laragon\www\method-oldagehome\system\HTTP\ResponseTrait.php(447): CodeIgniter\HTTP\Response->sendCookies()
#5 D:\laragon\www\method-oldagehome\system\Debug\ExceptionHandler.php(78): CodeIgniter\HTTP\Response->send()
#6 D:\laragon\www\method-oldagehome\system\Debug\Exceptions.php(147): CodeIgniter\Debug\ExceptionHandler->handle(Object(CodeIgniter\Exceptions\PageNotFoundException), Object(CodeIgniter\HTTP\IncomingRequest), Object(CodeIgniter\HTTP\Response), 404, 1)
#7 [internal function]: CodeIgniter\Debug\Exceptions->exceptionHandler(Object(CodeIgniter\Exceptions\PageNotFoundException))
#8 {main}
  thrown
【Previous Exception】
CodeIgniter\Exceptions\PageNotFoundException
Page Not Found
#0 D:\laragon\www\method-oldagehome\system\CodeIgniter.php(967): CodeIgniter\Exceptions\PageNotFoundException::forPageNotFound(NULL)
#1 D:\laragon\www\method-oldagehome\system\CodeIgniter.php(362): CodeIgniter\CodeIgniter->display404errors(Object(CodeIgniter\Exceptions\PageNotFoundException))
#2 D:\laragon\www\method-oldagehome\public\index.php(79): CodeIgniter\CodeIgniter->run()
#3 D:\laragon\www\method-oldagehome\system\Commands\Server\rewrite.php(47): require_once('D:\\laragon\\www\\...')
#4 {main}
in SYSTEMPATH\HTTP\ResponseTrait.php on line 774.
 1 [internal function]: CodeIgniter\Debug\Exceptions->shutdownHandler()
CRITICAL - 2024-11-11 06:06:33 --> Uncaught ErrorException: Cannot modify header information - headers already sent in D:\laragon\www\method-oldagehome\system\HTTP\ResponseTrait.php:774
Stack trace:
#0 [internal function]: CodeIgniter\Debug\Exceptions->errorHandler(2, 'Cannot modify h...', 'D:\\laragon\\www\\...', 774)
#1 D:\laragon\www\method-oldagehome\system\HTTP\ResponseTrait.php(774): setcookie('ci_session', '6lacbkkm4nr0v42...', Array)
#2 D:\laragon\www\method-oldagehome\system\HTTP\ResponseTrait.php(750): CodeIgniter\HTTP\Response->doSetCookie('ci_session', '6lacbkkm4nr0v42...', Array)
#3 D:\laragon\www\method-oldagehome\system\HTTP\ResponseTrait.php(730): CodeIgniter\HTTP\Response->dispatchCookies()
#4 D:\laragon\www\method-oldagehome\system\HTTP\ResponseTrait.php(447): CodeIgniter\HTTP\Response->sendCookies()
#5 D:\laragon\www\method-oldagehome\system\Debug\ExceptionHandler.php(78): CodeIgniter\HTTP\Response->send()
#6 D:\laragon\www\method-oldagehome\system\Debug\Exceptions.php(147): CodeIgniter\Debug\ExceptionHandler->handle(Object(CodeIgniter\Exceptions\PageNotFoundException), Object(CodeIgniter\HTTP\IncomingRequest), Object(CodeIgniter\HTTP\Response), 404, 1)
#7 [internal function]: CodeIgniter\Debug\Exceptions->exceptionHandler(Object(CodeIgniter\Exceptions\PageNotFoundException))
#8 {main}
  thrown
【Previous Exception】
CodeIgniter\Exceptions\PageNotFoundException
Page Not Found
#0 D:\laragon\www\method-oldagehome\system\CodeIgniter.php(967): CodeIgniter\Exceptions\PageNotFoundException::forPageNotFound(NULL)
#1 D:\laragon\www\method-oldagehome\system\CodeIgniter.php(362): CodeIgniter\CodeIgniter->display404errors(Object(CodeIgniter\Exceptions\PageNotFoundException))
#2 D:\laragon\www\method-oldagehome\public\index.php(79): CodeIgniter\CodeIgniter->run()
#3 D:\laragon\www\method-oldagehome\system\Commands\Server\rewrite.php(47): require_once('D:\\laragon\\www\\...')
#4 {main}
in SYSTEMPATH\HTTP\ResponseTrait.php on line 774.
 1 [internal function]: CodeIgniter\Debug\Exceptions->shutdownHandler()
CRITICAL - 2024-11-11 06:06:34 --> Uncaught ErrorException: Cannot modify header information - headers already sent in D:\laragon\www\method-oldagehome\system\HTTP\ResponseTrait.php:774
Stack trace:
#0 [internal function]: CodeIgniter\Debug\Exceptions->errorHandler(2, 'Cannot modify h...', 'D:\\laragon\\www\\...', 774)
#1 D:\laragon\www\method-oldagehome\system\HTTP\ResponseTrait.php(774): setcookie('ci_session', '6lacbkkm4nr0v42...', Array)
#2 D:\laragon\www\method-oldagehome\system\HTTP\ResponseTrait.php(750): CodeIgniter\HTTP\Response->doSetCookie('ci_session', '6lacbkkm4nr0v42...', Array)
#3 D:\laragon\www\method-oldagehome\system\HTTP\ResponseTrait.php(730): CodeIgniter\HTTP\Response->dispatchCookies()
#4 D:\laragon\www\method-oldagehome\system\HTTP\ResponseTrait.php(447): CodeIgniter\HTTP\Response->sendCookies()
#5 D:\laragon\www\method-oldagehome\system\Debug\ExceptionHandler.php(78): CodeIgniter\HTTP\Response->send()
#6 D:\laragon\www\method-oldagehome\system\Debug\Exceptions.php(147): CodeIgniter\Debug\ExceptionHandler->handle(Object(CodeIgniter\Exceptions\PageNotFoundException), Object(CodeIgniter\HTTP\IncomingRequest), Object(CodeIgniter\HTTP\Response), 404, 1)
#7 [internal function]: CodeIgniter\Debug\Exceptions->exceptionHandler(Object(CodeIgniter\Exceptions\PageNotFoundException))
#8 {main}
  thrown
【Previous Exception】
CodeIgniter\Exceptions\PageNotFoundException
Page Not Found
#0 D:\laragon\www\method-oldagehome\system\CodeIgniter.php(967): CodeIgniter\Exceptions\PageNotFoundException::forPageNotFound(NULL)
#1 D:\laragon\www\method-oldagehome\system\CodeIgniter.php(362): CodeIgniter\CodeIgniter->display404errors(Object(CodeIgniter\Exceptions\PageNotFoundException))
#2 D:\laragon\www\method-oldagehome\public\index.php(79): CodeIgniter\CodeIgniter->run()
#3 D:\laragon\www\method-oldagehome\system\Commands\Server\rewrite.php(47): require_once('D:\\laragon\\www\\...')
#4 {main}
in SYSTEMPATH\HTTP\ResponseTrait.php on line 774.
 1 [internal function]: CodeIgniter\Debug\Exceptions->shutdownHandler()
CRITICAL - 2024-11-11 06:06:35 --> Uncaught ErrorException: Cannot modify header information - headers already sent in D:\laragon\www\method-oldagehome\system\HTTP\ResponseTrait.php:774
Stack trace:
#0 [internal function]: CodeIgniter\Debug\Exceptions->errorHandler(2, 'Cannot modify h...', 'D:\\laragon\\www\\...', 774)
#1 D:\laragon\www\method-oldagehome\system\HTTP\ResponseTrait.php(774): setcookie('ci_session', '6lacbkkm4nr0v42...', Array)
#2 D:\laragon\www\method-oldagehome\system\HTTP\ResponseTrait.php(750): CodeIgniter\HTTP\Response->doSetCookie('ci_session', '6lacbkkm4nr0v42...', Array)
#3 D:\laragon\www\method-oldagehome\system\HTTP\ResponseTrait.php(730): CodeIgniter\HTTP\Response->dispatchCookies()
#4 D:\laragon\www\method-oldagehome\system\HTTP\ResponseTrait.php(447): CodeIgniter\HTTP\Response->sendCookies()
#5 D:\laragon\www\method-oldagehome\system\Debug\ExceptionHandler.php(78): CodeIgniter\HTTP\Response->send()
#6 D:\laragon\www\method-oldagehome\system\Debug\Exceptions.php(147): CodeIgniter\Debug\ExceptionHandler->handle(Object(CodeIgniter\Exceptions\PageNotFoundException), Object(CodeIgniter\HTTP\IncomingRequest), Object(CodeIgniter\HTTP\Response), 404, 1)
#7 [internal function]: CodeIgniter\Debug\Exceptions->exceptionHandler(Object(CodeIgniter\Exceptions\PageNotFoundException))
#8 {main}
  thrown
【Previous Exception】
CodeIgniter\Exceptions\PageNotFoundException
Page Not Found
#0 D:\laragon\www\method-oldagehome\system\CodeIgniter.php(967): CodeIgniter\Exceptions\PageNotFoundException::forPageNotFound(NULL)
#1 D:\laragon\www\method-oldagehome\system\CodeIgniter.php(362): CodeIgniter\CodeIgniter->display404errors(Object(CodeIgniter\Exceptions\PageNotFoundException))
#2 D:\laragon\www\method-oldagehome\public\index.php(79): CodeIgniter\CodeIgniter->run()
#3 D:\laragon\www\method-oldagehome\system\Commands\Server\rewrite.php(47): require_once('D:\\laragon\\www\\...')
#4 {main}
in SYSTEMPATH\HTTP\ResponseTrait.php on line 774.
 1 [internal function]: CodeIgniter\Debug\Exceptions->shutdownHandler()
CRITICAL - 2024-11-11 06:06:36 --> Uncaught ErrorException: Cannot modify header information - headers already sent in D:\laragon\www\method-oldagehome\system\HTTP\ResponseTrait.php:774
Stack trace:
#0 [internal function]: CodeIgniter\Debug\Exceptions->errorHandler(2, 'Cannot modify h...', 'D:\\laragon\\www\\...', 774)
#1 D:\laragon\www\method-oldagehome\system\HTTP\ResponseTrait.php(774): setcookie('ci_session', '6lacbkkm4nr0v42...', Array)
#2 D:\laragon\www\method-oldagehome\system\HTTP\ResponseTrait.php(750): CodeIgniter\HTTP\Response->doSetCookie('ci_session', '6lacbkkm4nr0v42...', Array)
#3 D:\laragon\www\method-oldagehome\system\HTTP\ResponseTrait.php(730): CodeIgniter\HTTP\Response->dispatchCookies()
#4 D:\laragon\www\method-oldagehome\system\HTTP\ResponseTrait.php(447): CodeIgniter\HTTP\Response->sendCookies()
#5 D:\laragon\www\method-oldagehome\system\Debug\ExceptionHandler.php(78): CodeIgniter\HTTP\Response->send()
#6 D:\laragon\www\method-oldagehome\system\Debug\Exceptions.php(147): CodeIgniter\Debug\ExceptionHandler->handle(Object(CodeIgniter\Exceptions\PageNotFoundException), Object(CodeIgniter\HTTP\IncomingRequest), Object(CodeIgniter\HTTP\Response), 404, 1)
#7 [internal function]: CodeIgniter\Debug\Exceptions->exceptionHandler(Object(CodeIgniter\Exceptions\PageNotFoundException))
#8 {main}
  thrown
【Previous Exception】
CodeIgniter\Exceptions\PageNotFoundException
Page Not Found
#0 D:\laragon\www\method-oldagehome\system\CodeIgniter.php(967): CodeIgniter\Exceptions\PageNotFoundException::forPageNotFound(NULL)
#1 D:\laragon\www\method-oldagehome\system\CodeIgniter.php(362): CodeIgniter\CodeIgniter->display404errors(Object(CodeIgniter\Exceptions\PageNotFoundException))
#2 D:\laragon\www\method-oldagehome\public\index.php(79): CodeIgniter\CodeIgniter->run()
#3 D:\laragon\www\method-oldagehome\system\Commands\Server\rewrite.php(47): require_once('D:\\laragon\\www\\...')
#4 {main}
in SYSTEMPATH\HTTP\ResponseTrait.php on line 774.
 1 [internal function]: CodeIgniter\Debug\Exceptions->shutdownHandler()
CRITICAL - 2024-11-11 06:06:37 --> Uncaught ErrorException: Cannot modify header information - headers already sent in D:\laragon\www\method-oldagehome\system\HTTP\ResponseTrait.php:774
Stack trace:
#0 [internal function]: CodeIgniter\Debug\Exceptions->errorHandler(2, 'Cannot modify h...', 'D:\\laragon\\www\\...', 774)
#1 D:\laragon\www\method-oldagehome\system\HTTP\ResponseTrait.php(774): setcookie('ci_session', '6lacbkkm4nr0v42...', Array)
#2 D:\laragon\www\method-oldagehome\system\HTTP\ResponseTrait.php(750): CodeIgniter\HTTP\Response->doSetCookie('ci_session', '6lacbkkm4nr0v42...', Array)
#3 D:\laragon\www\method-oldagehome\system\HTTP\ResponseTrait.php(730): CodeIgniter\HTTP\Response->dispatchCookies()
#4 D:\laragon\www\method-oldagehome\system\HTTP\ResponseTrait.php(447): CodeIgniter\HTTP\Response->sendCookies()
#5 D:\laragon\www\method-oldagehome\system\Debug\ExceptionHandler.php(78): CodeIgniter\HTTP\Response->send()
#6 D:\laragon\www\method-oldagehome\system\Debug\Exceptions.php(147): CodeIgniter\Debug\ExceptionHandler->handle(Object(CodeIgniter\Exceptions\PageNotFoundException), Object(CodeIgniter\HTTP\IncomingRequest), Object(CodeIgniter\HTTP\Response), 404, 1)
#7 [internal function]: CodeIgniter\Debug\Exceptions->exceptionHandler(Object(CodeIgniter\Exceptions\PageNotFoundException))
#8 {main}
  thrown
【Previous Exception】
CodeIgniter\Exceptions\PageNotFoundException
Page Not Found
#0 D:\laragon\www\method-oldagehome\system\CodeIgniter.php(967): CodeIgniter\Exceptions\PageNotFoundException::forPageNotFound(NULL)
#1 D:\laragon\www\method-oldagehome\system\CodeIgniter.php(362): CodeIgniter\CodeIgniter->display404errors(Object(CodeIgniter\Exceptions\PageNotFoundException))
#2 D:\laragon\www\method-oldagehome\public\index.php(79): CodeIgniter\CodeIgniter->run()
#3 D:\laragon\www\method-oldagehome\system\Commands\Server\rewrite.php(47): require_once('D:\\laragon\\www\\...')
#4 {main}
in SYSTEMPATH\HTTP\ResponseTrait.php on line 774.
 1 [internal function]: CodeIgniter\Debug\Exceptions->shutdownHandler()
CRITICAL - 2024-11-11 06:06:38 --> Uncaught ErrorException: Cannot modify header information - headers already sent in D:\laragon\www\method-oldagehome\system\HTTP\ResponseTrait.php:774
Stack trace:
#0 [internal function]: CodeIgniter\Debug\Exceptions->errorHandler(2, 'Cannot modify h...', 'D:\\laragon\\www\\...', 774)
#1 D:\laragon\www\method-oldagehome\system\HTTP\ResponseTrait.php(774): setcookie('ci_session', '6lacbkkm4nr0v42...', Array)
#2 D:\laragon\www\method-oldagehome\system\HTTP\ResponseTrait.php(750): CodeIgniter\HTTP\Response->doSetCookie('ci_session', '6lacbkkm4nr0v42...', Array)
#3 D:\laragon\www\method-oldagehome\system\HTTP\ResponseTrait.php(730): CodeIgniter\HTTP\Response->dispatchCookies()
#4 D:\laragon\www\method-oldagehome\system\HTTP\ResponseTrait.php(447): CodeIgniter\HTTP\Response->sendCookies()
#5 D:\laragon\www\method-oldagehome\system\Debug\ExceptionHandler.php(78): CodeIgniter\HTTP\Response->send()
#6 D:\laragon\www\method-oldagehome\system\Debug\Exceptions.php(147): CodeIgniter\Debug\ExceptionHandler->handle(Object(CodeIgniter\Exceptions\PageNotFoundException), Object(CodeIgniter\HTTP\IncomingRequest), Object(CodeIgniter\HTTP\Response), 404, 1)
#7 [internal function]: CodeIgniter\Debug\Exceptions->exceptionHandler(Object(CodeIgniter\Exceptions\PageNotFoundException))
#8 {main}
  thrown
【Previous Exception】
CodeIgniter\Exceptions\PageNotFoundException
Page Not Found
#0 D:\laragon\www\method-oldagehome\system\CodeIgniter.php(967): CodeIgniter\Exceptions\PageNotFoundException::forPageNotFound(NULL)
#1 D:\laragon\www\method-oldagehome\system\CodeIgniter.php(362): CodeIgniter\CodeIgniter->display404errors(Object(CodeIgniter\Exceptions\PageNotFoundException))
#2 D:\laragon\www\method-oldagehome\public\index.php(79): CodeIgniter\CodeIgniter->run()
#3 D:\laragon\www\method-oldagehome\system\Commands\Server\rewrite.php(47): require_once('D:\\laragon\\www\\...')
#4 {main}
in SYSTEMPATH\HTTP\ResponseTrait.php on line 774.
 1 [internal function]: CodeIgniter\Debug\Exceptions->shutdownHandler()
CRITICAL - 2024-11-11 06:06:39 --> Uncaught ErrorException: Cannot modify header information - headers already sent in D:\laragon\www\method-oldagehome\system\HTTP\ResponseTrait.php:774
Stack trace:
#0 [internal function]: CodeIgniter\Debug\Exceptions->errorHandler(2, 'Cannot modify h...', 'D:\\laragon\\www\\...', 774)
#1 D:\laragon\www\method-oldagehome\system\HTTP\ResponseTrait.php(774): setcookie('ci_session', '6lacbkkm4nr0v42...', Array)
#2 D:\laragon\www\method-oldagehome\system\HTTP\ResponseTrait.php(750): CodeIgniter\HTTP\Response->doSetCookie('ci_session', '6lacbkkm4nr0v42...', Array)
#3 D:\laragon\www\method-oldagehome\system\HTTP\ResponseTrait.php(730): CodeIgniter\HTTP\Response->dispatchCookies()
#4 D:\laragon\www\method-oldagehome\system\HTTP\ResponseTrait.php(447): CodeIgniter\HTTP\Response->sendCookies()
#5 D:\laragon\www\method-oldagehome\system\Debug\ExceptionHandler.php(78): CodeIgniter\HTTP\Response->send()
#6 D:\laragon\www\method-oldagehome\system\Debug\Exceptions.php(147): CodeIgniter\Debug\ExceptionHandler->handle(Object(CodeIgniter\Exceptions\PageNotFoundException), Object(CodeIgniter\HTTP\IncomingRequest), Object(CodeIgniter\HTTP\Response), 404, 1)
#7 [internal function]: CodeIgniter\Debug\Exceptions->exceptionHandler(Object(CodeIgniter\Exceptions\PageNotFoundException))
#8 {main}
  thrown
【Previous Exception】
CodeIgniter\Exceptions\PageNotFoundException
Page Not Found
#0 D:\laragon\www\method-oldagehome\system\CodeIgniter.php(967): CodeIgniter\Exceptions\PageNotFoundException::forPageNotFound(NULL)
#1 D:\laragon\www\method-oldagehome\system\CodeIgniter.php(362): CodeIgniter\CodeIgniter->display404errors(Object(CodeIgniter\Exceptions\PageNotFoundException))
#2 D:\laragon\www\method-oldagehome\public\index.php(79): CodeIgniter\CodeIgniter->run()
#3 D:\laragon\www\method-oldagehome\system\Commands\Server\rewrite.php(47): require_once('D:\\laragon\\www\\...')
#4 {main}
in SYSTEMPATH\HTTP\ResponseTrait.php on line 774.
 1 [internal function]: CodeIgniter\Debug\Exceptions->shutdownHandler()
CRITICAL - 2024-11-11 06:06:40 --> Uncaught ErrorException: Cannot modify header information - headers already sent in D:\laragon\www\method-oldagehome\system\HTTP\ResponseTrait.php:774
Stack trace:
#0 [internal function]: CodeIgniter\Debug\Exceptions->errorHandler(2, 'Cannot modify h...', 'D:\\laragon\\www\\...', 774)
#1 D:\laragon\www\method-oldagehome\system\HTTP\ResponseTrait.php(774): setcookie('ci_session', '6lacbkkm4nr0v42...', Array)
#2 D:\laragon\www\method-oldagehome\system\HTTP\ResponseTrait.php(750): CodeIgniter\HTTP\Response->doSetCookie('ci_session', '6lacbkkm4nr0v42...', Array)
#3 D:\laragon\www\method-oldagehome\system\HTTP\ResponseTrait.php(730): CodeIgniter\HTTP\Response->dispatchCookies()
#4 D:\laragon\www\method-oldagehome\system\HTTP\ResponseTrait.php(447): CodeIgniter\HTTP\Response->sendCookies()
#5 D:\laragon\www\method-oldagehome\system\Debug\ExceptionHandler.php(78): CodeIgniter\HTTP\Response->send()
#6 D:\laragon\www\method-oldagehome\system\Debug\Exceptions.php(147): CodeIgniter\Debug\ExceptionHandler->handle(Object(CodeIgniter\Exceptions\PageNotFoundException), Object(CodeIgniter\HTTP\IncomingRequest), Object(CodeIgniter\HTTP\Response), 404, 1)
#7 [internal function]: CodeIgniter\Debug\Exceptions->exceptionHandler(Object(CodeIgniter\Exceptions\PageNotFoundException))
#8 {main}
  thrown
【Previous Exception】
CodeIgniter\Exceptions\PageNotFoundException
Page Not Found
#0 D:\laragon\www\method-oldagehome\system\CodeIgniter.php(967): CodeIgniter\Exceptions\PageNotFoundException::forPageNotFound(NULL)
#1 D:\laragon\www\method-oldagehome\system\CodeIgniter.php(362): CodeIgniter\CodeIgniter->display404errors(Object(CodeIgniter\Exceptions\PageNotFoundException))
#2 D:\laragon\www\method-oldagehome\public\index.php(79): CodeIgniter\CodeIgniter->run()
#3 D:\laragon\www\method-oldagehome\system\Commands\Server\rewrite.php(47): require_once('D:\\laragon\\www\\...')
#4 {main}
in SYSTEMPATH\HTTP\ResponseTrait.php on line 774.
 1 [internal function]: CodeIgniter\Debug\Exceptions->shutdownHandler()
CRITICAL - 2024-11-11 06:06:41 --> Uncaught ErrorException: Cannot modify header information - headers already sent in D:\laragon\www\method-oldagehome\system\HTTP\ResponseTrait.php:774
Stack trace:
#0 [internal function]: CodeIgniter\Debug\Exceptions->errorHandler(2, 'Cannot modify h...', 'D:\\laragon\\www\\...', 774)
#1 D:\laragon\www\method-oldagehome\system\HTTP\ResponseTrait.php(774): setcookie('ci_session', '6lacbkkm4nr0v42...', Array)
#2 D:\laragon\www\method-oldagehome\system\HTTP\ResponseTrait.php(750): CodeIgniter\HTTP\Response->doSetCookie('ci_session', '6lacbkkm4nr0v42...', Array)
#3 D:\laragon\www\method-oldagehome\system\HTTP\ResponseTrait.php(730): CodeIgniter\HTTP\Response->dispatchCookies()
#4 D:\laragon\www\method-oldagehome\system\HTTP\ResponseTrait.php(447): CodeIgniter\HTTP\Response->sendCookies()
#5 D:\laragon\www\method-oldagehome\system\Debug\ExceptionHandler.php(78): CodeIgniter\HTTP\Response->send()
#6 D:\laragon\www\method-oldagehome\system\Debug\Exceptions.php(147): CodeIgniter\Debug\ExceptionHandler->handle(Object(CodeIgniter\Exceptions\PageNotFoundException), Object(CodeIgniter\HTTP\IncomingRequest), Object(CodeIgniter\HTTP\Response), 404, 1)
#7 [internal function]: CodeIgniter\Debug\Exceptions->exceptionHandler(Object(CodeIgniter\Exceptions\PageNotFoundException))
#8 {main}
  thrown
【Previous Exception】
CodeIgniter\Exceptions\PageNotFoundException
Page Not Found
#0 D:\laragon\www\method-oldagehome\system\CodeIgniter.php(967): CodeIgniter\Exceptions\PageNotFoundException::forPageNotFound(NULL)
#1 D:\laragon\www\method-oldagehome\system\CodeIgniter.php(362): CodeIgniter\CodeIgniter->display404errors(Object(CodeIgniter\Exceptions\PageNotFoundException))
#2 D:\laragon\www\method-oldagehome\public\index.php(79): CodeIgniter\CodeIgniter->run()
#3 D:\laragon\www\method-oldagehome\system\Commands\Server\rewrite.php(47): require_once('D:\\laragon\\www\\...')
#4 {main}
in SYSTEMPATH\HTTP\ResponseTrait.php on line 774.
 1 [internal function]: CodeIgniter\Debug\Exceptions->shutdownHandler()
CRITICAL - 2024-11-11 06:06:42 --> Uncaught ErrorException: Cannot modify header information - headers already sent in D:\laragon\www\method-oldagehome\system\HTTP\ResponseTrait.php:774
Stack trace:
#0 [internal function]: CodeIgniter\Debug\Exceptions->errorHandler(2, 'Cannot modify h...', 'D:\\laragon\\www\\...', 774)
#1 D:\laragon\www\method-oldagehome\system\HTTP\ResponseTrait.php(774): setcookie('ci_session', '6lacbkkm4nr0v42...', Array)
#2 D:\laragon\www\method-oldagehome\system\HTTP\ResponseTrait.php(750): CodeIgniter\HTTP\Response->doSetCookie('ci_session', '6lacbkkm4nr0v42...', Array)
#3 D:\laragon\www\method-oldagehome\system\HTTP\ResponseTrait.php(730): CodeIgniter\HTTP\Response->dispatchCookies()
#4 D:\laragon\www\method-oldagehome\system\HTTP\ResponseTrait.php(447): CodeIgniter\HTTP\Response->sendCookies()
#5 D:\laragon\www\method-oldagehome\system\Debug\ExceptionHandler.php(78): CodeIgniter\HTTP\Response->send()
#6 D:\laragon\www\method-oldagehome\system\Debug\Exceptions.php(147): CodeIgniter\Debug\ExceptionHandler->handle(Object(CodeIgniter\Exceptions\PageNotFoundException), Object(CodeIgniter\HTTP\IncomingRequest), Object(CodeIgniter\HTTP\Response), 404, 1)
#7 [internal function]: CodeIgniter\Debug\Exceptions->exceptionHandler(Object(CodeIgniter\Exceptions\PageNotFoundException))
#8 {main}
  thrown
【Previous Exception】
CodeIgniter\Exceptions\PageNotFoundException
Page Not Found
#0 D:\laragon\www\method-oldagehome\system\CodeIgniter.php(967): CodeIgniter\Exceptions\PageNotFoundException::forPageNotFound(NULL)
#1 D:\laragon\www\method-oldagehome\system\CodeIgniter.php(362): CodeIgniter\CodeIgniter->display404errors(Object(CodeIgniter\Exceptions\PageNotFoundException))
#2 D:\laragon\www\method-oldagehome\public\index.php(79): CodeIgniter\CodeIgniter->run()
#3 D:\laragon\www\method-oldagehome\system\Commands\Server\rewrite.php(47): require_once('D:\\laragon\\www\\...')
#4 {main}
in SYSTEMPATH\HTTP\ResponseTrait.php on line 774.
 1 [internal function]: CodeIgniter\Debug\Exceptions->shutdownHandler()
CRITICAL - 2024-11-11 06:06:43 --> Uncaught ErrorException: Cannot modify header information - headers already sent in D:\laragon\www\method-oldagehome\system\HTTP\ResponseTrait.php:774
Stack trace:
#0 [internal function]: CodeIgniter\Debug\Exceptions->errorHandler(2, 'Cannot modify h...', 'D:\\laragon\\www\\...', 774)
#1 D:\laragon\www\method-oldagehome\system\HTTP\ResponseTrait.php(774): setcookie('ci_session', '6lacbkkm4nr0v42...', Array)
#2 D:\laragon\www\method-oldagehome\system\HTTP\ResponseTrait.php(750): CodeIgniter\HTTP\Response->doSetCookie('ci_session', '6lacbkkm4nr0v42...', Array)
#3 D:\laragon\www\method-oldagehome\system\HTTP\ResponseTrait.php(730): CodeIgniter\HTTP\Response->dispatchCookies()
#4 D:\laragon\www\method-oldagehome\system\HTTP\ResponseTrait.php(447): CodeIgniter\HTTP\Response->sendCookies()
#5 D:\laragon\www\method-oldagehome\system\Debug\ExceptionHandler.php(78): CodeIgniter\HTTP\Response->send()
#6 D:\laragon\www\method-oldagehome\system\Debug\Exceptions.php(147): CodeIgniter\Debug\ExceptionHandler->handle(Object(CodeIgniter\Exceptions\PageNotFoundException), Object(CodeIgniter\HTTP\IncomingRequest), Object(CodeIgniter\HTTP\Response), 404, 1)
#7 [internal function]: CodeIgniter\Debug\Exceptions->exceptionHandler(Object(CodeIgniter\Exceptions\PageNotFoundException))
#8 {main}
  thrown
【Previous Exception】
CodeIgniter\Exceptions\PageNotFoundException
Page Not Found
#0 D:\laragon\www\method-oldagehome\system\CodeIgniter.php(967): CodeIgniter\Exceptions\PageNotFoundException::forPageNotFound(NULL)
#1 D:\laragon\www\method-oldagehome\system\CodeIgniter.php(362): CodeIgniter\CodeIgniter->display404errors(Object(CodeIgniter\Exceptions\PageNotFoundException))
#2 D:\laragon\www\method-oldagehome\public\index.php(79): CodeIgniter\CodeIgniter->run()
#3 D:\laragon\www\method-oldagehome\system\Commands\Server\rewrite.php(47): require_once('D:\\laragon\\www\\...')
#4 {main}
in SYSTEMPATH\HTTP\ResponseTrait.php on line 774.
 1 [internal function]: CodeIgniter\Debug\Exceptions->shutdownHandler()
CRITICAL - 2024-11-11 06:06:44 --> Uncaught ErrorException: Cannot modify header information - headers already sent in D:\laragon\www\method-oldagehome\system\HTTP\ResponseTrait.php:774
Stack trace:
#0 [internal function]: CodeIgniter\Debug\Exceptions->errorHandler(2, 'Cannot modify h...', 'D:\\laragon\\www\\...', 774)
#1 D:\laragon\www\method-oldagehome\system\HTTP\ResponseTrait.php(774): setcookie('ci_session', '6lacbkkm4nr0v42...', Array)
#2 D:\laragon\www\method-oldagehome\system\HTTP\ResponseTrait.php(750): CodeIgniter\HTTP\Response->doSetCookie('ci_session', '6lacbkkm4nr0v42...', Array)
#3 D:\laragon\www\method-oldagehome\system\HTTP\ResponseTrait.php(730): CodeIgniter\HTTP\Response->dispatchCookies()
#4 D:\laragon\www\method-oldagehome\system\HTTP\ResponseTrait.php(447): CodeIgniter\HTTP\Response->sendCookies()
#5 D:\laragon\www\method-oldagehome\system\Debug\ExceptionHandler.php(78): CodeIgniter\HTTP\Response->send()
#6 D:\laragon\www\method-oldagehome\system\Debug\Exceptions.php(147): CodeIgniter\Debug\ExceptionHandler->handle(Object(CodeIgniter\Exceptions\PageNotFoundException), Object(CodeIgniter\HTTP\IncomingRequest), Object(CodeIgniter\HTTP\Response), 404, 1)
#7 [internal function]: CodeIgniter\Debug\Exceptions->exceptionHandler(Object(CodeIgniter\Exceptions\PageNotFoundException))
#8 {main}
  thrown
【Previous Exception】
CodeIgniter\Exceptions\PageNotFoundException
Page Not Found
#0 D:\laragon\www\method-oldagehome\system\CodeIgniter.php(967): CodeIgniter\Exceptions\PageNotFoundException::forPageNotFound(NULL)
#1 D:\laragon\www\method-oldagehome\system\CodeIgniter.php(362): CodeIgniter\CodeIgniter->display404errors(Object(CodeIgniter\Exceptions\PageNotFoundException))
#2 D:\laragon\www\method-oldagehome\public\index.php(79): CodeIgniter\CodeIgniter->run()
#3 D:\laragon\www\method-oldagehome\system\Commands\Server\rewrite.php(47): require_once('D:\\laragon\\www\\...')
#4 {main}
in SYSTEMPATH\HTTP\ResponseTrait.php on line 774.
 1 [internal function]: CodeIgniter\Debug\Exceptions->shutdownHandler()
CRITICAL - 2024-11-11 06:06:45 --> Uncaught ErrorException: Cannot modify header information - headers already sent in D:\laragon\www\method-oldagehome\system\HTTP\ResponseTrait.php:774
Stack trace:
#0 [internal function]: CodeIgniter\Debug\Exceptions->errorHandler(2, 'Cannot modify h...', 'D:\\laragon\\www\\...', 774)
#1 D:\laragon\www\method-oldagehome\system\HTTP\ResponseTrait.php(774): setcookie('ci_session', '6lacbkkm4nr0v42...', Array)
#2 D:\laragon\www\method-oldagehome\system\HTTP\ResponseTrait.php(750): CodeIgniter\HTTP\Response->doSetCookie('ci_session', '6lacbkkm4nr0v42...', Array)
#3 D:\laragon\www\method-oldagehome\system\HTTP\ResponseTrait.php(730): CodeIgniter\HTTP\Response->dispatchCookies()
#4 D:\laragon\www\method-oldagehome\system\HTTP\ResponseTrait.php(447): CodeIgniter\HTTP\Response->sendCookies()
#5 D:\laragon\www\method-oldagehome\system\Debug\ExceptionHandler.php(78): CodeIgniter\HTTP\Response->send()
#6 D:\laragon\www\method-oldagehome\system\Debug\Exceptions.php(147): CodeIgniter\Debug\ExceptionHandler->handle(Object(CodeIgniter\Exceptions\PageNotFoundException), Object(CodeIgniter\HTTP\IncomingRequest), Object(CodeIgniter\HTTP\Response), 404, 1)
#7 [internal function]: CodeIgniter\Debug\Exceptions->exceptionHandler(Object(CodeIgniter\Exceptions\PageNotFoundException))
#8 {main}
  thrown
【Previous Exception】
CodeIgniter\Exceptions\PageNotFoundException
Page Not Found
#0 D:\laragon\www\method-oldagehome\system\CodeIgniter.php(967): CodeIgniter\Exceptions\PageNotFoundException::forPageNotFound(NULL)
#1 D:\laragon\www\method-oldagehome\system\CodeIgniter.php(362): CodeIgniter\CodeIgniter->display404errors(Object(CodeIgniter\Exceptions\PageNotFoundException))
#2 D:\laragon\www\method-oldagehome\public\index.php(79): CodeIgniter\CodeIgniter->run()
#3 D:\laragon\www\method-oldagehome\system\Commands\Server\rewrite.php(47): require_once('D:\\laragon\\www\\...')
#4 {main}
in SYSTEMPATH\HTTP\ResponseTrait.php on line 774.
 1 [internal function]: CodeIgniter\Debug\Exceptions->shutdownHandler()
CRITICAL - 2024-11-11 06:06:46 --> Uncaught ErrorException: Cannot modify header information - headers already sent in D:\laragon\www\method-oldagehome\system\HTTP\ResponseTrait.php:774
Stack trace:
#0 [internal function]: CodeIgniter\Debug\Exceptions->errorHandler(2, 'Cannot modify h...', 'D:\\laragon\\www\\...', 774)
#1 D:\laragon\www\method-oldagehome\system\HTTP\ResponseTrait.php(774): setcookie('ci_session', '6lacbkkm4nr0v42...', Array)
#2 D:\laragon\www\method-oldagehome\system\HTTP\ResponseTrait.php(750): CodeIgniter\HTTP\Response->doSetCookie('ci_session', '6lacbkkm4nr0v42...', Array)
#3 D:\laragon\www\method-oldagehome\system\HTTP\ResponseTrait.php(730): CodeIgniter\HTTP\Response->dispatchCookies()
#4 D:\laragon\www\method-oldagehome\system\HTTP\ResponseTrait.php(447): CodeIgniter\HTTP\Response->sendCookies()
#5 D:\laragon\www\method-oldagehome\system\Debug\ExceptionHandler.php(78): CodeIgniter\HTTP\Response->send()
#6 D:\laragon\www\method-oldagehome\system\Debug\Exceptions.php(147): CodeIgniter\Debug\ExceptionHandler->handle(Object(CodeIgniter\Exceptions\PageNotFoundException), Object(CodeIgniter\HTTP\IncomingRequest), Object(CodeIgniter\HTTP\Response), 404, 1)
#7 [internal function]: CodeIgniter\Debug\Exceptions->exceptionHandler(Object(CodeIgniter\Exceptions\PageNotFoundException))
#8 {main}
  thrown
【Previous Exception】
CodeIgniter\Exceptions\PageNotFoundException
Page Not Found
#0 D:\laragon\www\method-oldagehome\system\CodeIgniter.php(967): CodeIgniter\Exceptions\PageNotFoundException::forPageNotFound(NULL)
#1 D:\laragon\www\method-oldagehome\system\CodeIgniter.php(362): CodeIgniter\CodeIgniter->display404errors(Object(CodeIgniter\Exceptions\PageNotFoundException))
#2 D:\laragon\www\method-oldagehome\public\index.php(79): CodeIgniter\CodeIgniter->run()
#3 D:\laragon\www\method-oldagehome\system\Commands\Server\rewrite.php(47): require_once('D:\\laragon\\www\\...')
#4 {main}
in SYSTEMPATH\HTTP\ResponseTrait.php on line 774.
 1 [internal function]: CodeIgniter\Debug\Exceptions->shutdownHandler()
CRITICAL - 2024-11-11 06:06:47 --> Uncaught ErrorException: Cannot modify header information - headers already sent in D:\laragon\www\method-oldagehome\system\HTTP\ResponseTrait.php:774
Stack trace:
#0 [internal function]: CodeIgniter\Debug\Exceptions->errorHandler(2, 'Cannot modify h...', 'D:\\laragon\\www\\...', 774)
#1 D:\laragon\www\method-oldagehome\system\HTTP\ResponseTrait.php(774): setcookie('ci_session', '6lacbkkm4nr0v42...', Array)
#2 D:\laragon\www\method-oldagehome\system\HTTP\ResponseTrait.php(750): CodeIgniter\HTTP\Response->doSetCookie('ci_session', '6lacbkkm4nr0v42...', Array)
#3 D:\laragon\www\method-oldagehome\system\HTTP\ResponseTrait.php(730): CodeIgniter\HTTP\Response->dispatchCookies()
#4 D:\laragon\www\method-oldagehome\system\HTTP\ResponseTrait.php(447): CodeIgniter\HTTP\Response->sendCookies()
#5 D:\laragon\www\method-oldagehome\system\Debug\ExceptionHandler.php(78): CodeIgniter\HTTP\Response->send()
#6 D:\laragon\www\method-oldagehome\system\Debug\Exceptions.php(147): CodeIgniter\Debug\ExceptionHandler->handle(Object(CodeIgniter\Exceptions\PageNotFoundException), Object(CodeIgniter\HTTP\IncomingRequest), Object(CodeIgniter\HTTP\Response), 404, 1)
#7 [internal function]: CodeIgniter\Debug\Exceptions->exceptionHandler(Object(CodeIgniter\Exceptions\PageNotFoundException))
#8 {main}
  thrown
【Previous Exception】
CodeIgniter\Exceptions\PageNotFoundException
Page Not Found
#0 D:\laragon\www\method-oldagehome\system\CodeIgniter.php(967): CodeIgniter\Exceptions\PageNotFoundException::forPageNotFound(NULL)
#1 D:\laragon\www\method-oldagehome\system\CodeIgniter.php(362): CodeIgniter\CodeIgniter->display404errors(Object(CodeIgniter\Exceptions\PageNotFoundException))
#2 D:\laragon\www\method-oldagehome\public\index.php(79): CodeIgniter\CodeIgniter->run()
#3 D:\laragon\www\method-oldagehome\system\Commands\Server\rewrite.php(47): require_once('D:\\laragon\\www\\...')
#4 {main}
in SYSTEMPATH\HTTP\ResponseTrait.php on line 774.
 1 [internal function]: CodeIgniter\Debug\Exceptions->shutdownHandler()
CRITICAL - 2024-11-11 06:06:48 --> Uncaught ErrorException: Cannot modify header information - headers already sent in D:\laragon\www\method-oldagehome\system\HTTP\ResponseTrait.php:774
Stack trace:
#0 [internal function]: CodeIgniter\Debug\Exceptions->errorHandler(2, 'Cannot modify h...', 'D:\\laragon\\www\\...', 774)
#1 D:\laragon\www\method-oldagehome\system\HTTP\ResponseTrait.php(774): setcookie('ci_session', '6lacbkkm4nr0v42...', Array)
#2 D:\laragon\www\method-oldagehome\system\HTTP\ResponseTrait.php(750): CodeIgniter\HTTP\Response->doSetCookie('ci_session', '6lacbkkm4nr0v42...', Array)
#3 D:\laragon\www\method-oldagehome\system\HTTP\ResponseTrait.php(730): CodeIgniter\HTTP\Response->dispatchCookies()
#4 D:\laragon\www\method-oldagehome\system\HTTP\ResponseTrait.php(447): CodeIgniter\HTTP\Response->sendCookies()
#5 D:\laragon\www\method-oldagehome\system\Debug\ExceptionHandler.php(78): CodeIgniter\HTTP\Response->send()
#6 D:\laragon\www\method-oldagehome\system\Debug\Exceptions.php(147): CodeIgniter\Debug\ExceptionHandler->handle(Object(CodeIgniter\Exceptions\PageNotFoundException), Object(CodeIgniter\HTTP\IncomingRequest), Object(CodeIgniter\HTTP\Response), 404, 1)
#7 [internal function]: CodeIgniter\Debug\Exceptions->exceptionHandler(Object(CodeIgniter\Exceptions\PageNotFoundException))
#8 {main}
  thrown
【Previous Exception】
CodeIgniter\Exceptions\PageNotFoundException
Page Not Found
#0 D:\laragon\www\method-oldagehome\system\CodeIgniter.php(967): CodeIgniter\Exceptions\PageNotFoundException::forPageNotFound(NULL)
#1 D:\laragon\www\method-oldagehome\system\CodeIgniter.php(362): CodeIgniter\CodeIgniter->display404errors(Object(CodeIgniter\Exceptions\PageNotFoundException))
#2 D:\laragon\www\method-oldagehome\public\index.php(79): CodeIgniter\CodeIgniter->run()
#3 D:\laragon\www\method-oldagehome\system\Commands\Server\rewrite.php(47): require_once('D:\\laragon\\www\\...')
#4 {main}
in SYSTEMPATH\HTTP\ResponseTrait.php on line 774.
 1 [internal function]: CodeIgniter\Debug\Exceptions->shutdownHandler()
CRITICAL - 2024-11-11 06:06:49 --> Uncaught ErrorException: Cannot modify header information - headers already sent in D:\laragon\www\method-oldagehome\system\HTTP\ResponseTrait.php:774
Stack trace:
#0 [internal function]: CodeIgniter\Debug\Exceptions->errorHandler(2, 'Cannot modify h...', 'D:\\laragon\\www\\...', 774)
#1 D:\laragon\www\method-oldagehome\system\HTTP\ResponseTrait.php(774): setcookie('ci_session', '6lacbkkm4nr0v42...', Array)
#2 D:\laragon\www\method-oldagehome\system\HTTP\ResponseTrait.php(750): CodeIgniter\HTTP\Response->doSetCookie('ci_session', '6lacbkkm4nr0v42...', Array)
#3 D:\laragon\www\method-oldagehome\system\HTTP\ResponseTrait.php(730): CodeIgniter\HTTP\Response->dispatchCookies()
#4 D:\laragon\www\method-oldagehome\system\HTTP\ResponseTrait.php(447): CodeIgniter\HTTP\Response->sendCookies()
#5 D:\laragon\www\method-oldagehome\system\Debug\ExceptionHandler.php(78): CodeIgniter\HTTP\Response->send()
#6 D:\laragon\www\method-oldagehome\system\Debug\Exceptions.php(147): CodeIgniter\Debug\ExceptionHandler->handle(Object(CodeIgniter\Exceptions\PageNotFoundException), Object(CodeIgniter\HTTP\IncomingRequest), Object(CodeIgniter\HTTP\Response), 404, 1)
#7 [internal function]: CodeIgniter\Debug\Exceptions->exceptionHandler(Object(CodeIgniter\Exceptions\PageNotFoundException))
#8 {main}
  thrown
【Previous Exception】
CodeIgniter\Exceptions\PageNotFoundException
Page Not Found
#0 D:\laragon\www\method-oldagehome\system\CodeIgniter.php(967): CodeIgniter\Exceptions\PageNotFoundException::forPageNotFound(NULL)
#1 D:\laragon\www\method-oldagehome\system\CodeIgniter.php(362): CodeIgniter\CodeIgniter->display404errors(Object(CodeIgniter\Exceptions\PageNotFoundException))
#2 D:\laragon\www\method-oldagehome\public\index.php(79): CodeIgniter\CodeIgniter->run()
#3 D:\laragon\www\method-oldagehome\system\Commands\Server\rewrite.php(47): require_once('D:\\laragon\\www\\...')
#4 {main}
in SYSTEMPATH\HTTP\ResponseTrait.php on line 774.
 1 [internal function]: CodeIgniter\Debug\Exceptions->shutdownHandler()
CRITICAL - 2024-11-11 06:06:50 --> Uncaught ErrorException: Cannot modify header information - headers already sent in D:\laragon\www\method-oldagehome\system\HTTP\ResponseTrait.php:774
Stack trace:
#0 [internal function]: CodeIgniter\Debug\Exceptions->errorHandler(2, 'Cannot modify h...', 'D:\\laragon\\www\\...', 774)
#1 D:\laragon\www\method-oldagehome\system\HTTP\ResponseTrait.php(774): setcookie('ci_session', '6lacbkkm4nr0v42...', Array)
#2 D:\laragon\www\method-oldagehome\system\HTTP\ResponseTrait.php(750): CodeIgniter\HTTP\Response->doSetCookie('ci_session', '6lacbkkm4nr0v42...', Array)
#3 D:\laragon\www\method-oldagehome\system\HTTP\ResponseTrait.php(730): CodeIgniter\HTTP\Response->dispatchCookies()
#4 D:\laragon\www\method-oldagehome\system\HTTP\ResponseTrait.php(447): CodeIgniter\HTTP\Response->sendCookies()
#5 D:\laragon\www\method-oldagehome\system\Debug\ExceptionHandler.php(78): CodeIgniter\HTTP\Response->send()
#6 D:\laragon\www\method-oldagehome\system\Debug\Exceptions.php(147): CodeIgniter\Debug\ExceptionHandler->handle(Object(CodeIgniter\Exceptions\PageNotFoundException), Object(CodeIgniter\HTTP\IncomingRequest), Object(CodeIgniter\HTTP\Response), 404, 1)
#7 [internal function]: CodeIgniter\Debug\Exceptions->exceptionHandler(Object(CodeIgniter\Exceptions\PageNotFoundException))
#8 {main}
  thrown
【Previous Exception】
CodeIgniter\Exceptions\PageNotFoundException
Page Not Found
#0 D:\laragon\www\method-oldagehome\system\CodeIgniter.php(967): CodeIgniter\Exceptions\PageNotFoundException::forPageNotFound(NULL)
#1 D:\laragon\www\method-oldagehome\system\CodeIgniter.php(362): CodeIgniter\CodeIgniter->display404errors(Object(CodeIgniter\Exceptions\PageNotFoundException))
#2 D:\laragon\www\method-oldagehome\public\index.php(79): CodeIgniter\CodeIgniter->run()
#3 D:\laragon\www\method-oldagehome\system\Commands\Server\rewrite.php(47): require_once('D:\\laragon\\www\\...')
#4 {main}
in SYSTEMPATH\HTTP\ResponseTrait.php on line 774.
 1 [internal function]: CodeIgniter\Debug\Exceptions->shutdownHandler()
CRITICAL - 2024-11-11 06:06:51 --> Uncaught ErrorException: Cannot modify header information - headers already sent in D:\laragon\www\method-oldagehome\system\HTTP\ResponseTrait.php:774
Stack trace:
#0 [internal function]: CodeIgniter\Debug\Exceptions->errorHandler(2, 'Cannot modify h...', 'D:\\laragon\\www\\...', 774)
#1 D:\laragon\www\method-oldagehome\system\HTTP\ResponseTrait.php(774): setcookie('ci_session', '6lacbkkm4nr0v42...', Array)
#2 D:\laragon\www\method-oldagehome\system\HTTP\ResponseTrait.php(750): CodeIgniter\HTTP\Response->doSetCookie('ci_session', '6lacbkkm4nr0v42...', Array)
#3 D:\laragon\www\method-oldagehome\system\HTTP\ResponseTrait.php(730): CodeIgniter\HTTP\Response->dispatchCookies()
#4 D:\laragon\www\method-oldagehome\system\HTTP\ResponseTrait.php(447): CodeIgniter\HTTP\Response->sendCookies()
#5 D:\laragon\www\method-oldagehome\system\Debug\ExceptionHandler.php(78): CodeIgniter\HTTP\Response->send()
#6 D:\laragon\www\method-oldagehome\system\Debug\Exceptions.php(147): CodeIgniter\Debug\ExceptionHandler->handle(Object(CodeIgniter\Exceptions\PageNotFoundException), Object(CodeIgniter\HTTP\IncomingRequest), Object(CodeIgniter\HTTP\Response), 404, 1)
#7 [internal function]: CodeIgniter\Debug\Exceptions->exceptionHandler(Object(CodeIgniter\Exceptions\PageNotFoundException))
#8 {main}
  thrown
【Previous Exception】
CodeIgniter\Exceptions\PageNotFoundException
Page Not Found
#0 D:\laragon\www\method-oldagehome\system\CodeIgniter.php(967): CodeIgniter\Exceptions\PageNotFoundException::forPageNotFound(NULL)
#1 D:\laragon\www\method-oldagehome\system\CodeIgniter.php(362): CodeIgniter\CodeIgniter->display404errors(Object(CodeIgniter\Exceptions\PageNotFoundException))
#2 D:\laragon\www\method-oldagehome\public\index.php(79): CodeIgniter\CodeIgniter->run()
#3 D:\laragon\www\method-oldagehome\system\Commands\Server\rewrite.php(47): require_once('D:\\laragon\\www\\...')
#4 {main}
in SYSTEMPATH\HTTP\ResponseTrait.php on line 774.
 1 [internal function]: CodeIgniter\Debug\Exceptions->shutdownHandler()
CRITICAL - 2024-11-11 06:06:52 --> Uncaught ErrorException: Cannot modify header information - headers already sent in D:\laragon\www\method-oldagehome\system\HTTP\ResponseTrait.php:774
Stack trace:
#0 [internal function]: CodeIgniter\Debug\Exceptions->errorHandler(2, 'Cannot modify h...', 'D:\\laragon\\www\\...', 774)
#1 D:\laragon\www\method-oldagehome\system\HTTP\ResponseTrait.php(774): setcookie('ci_session', '6lacbkkm4nr0v42...', Array)
#2 D:\laragon\www\method-oldagehome\system\HTTP\ResponseTrait.php(750): CodeIgniter\HTTP\Response->doSetCookie('ci_session', '6lacbkkm4nr0v42...', Array)
#3 D:\laragon\www\method-oldagehome\system\HTTP\ResponseTrait.php(730): CodeIgniter\HTTP\Response->dispatchCookies()
#4 D:\laragon\www\method-oldagehome\system\HTTP\ResponseTrait.php(447): CodeIgniter\HTTP\Response->sendCookies()
#5 D:\laragon\www\method-oldagehome\system\Debug\ExceptionHandler.php(78): CodeIgniter\HTTP\Response->send()
#6 D:\laragon\www\method-oldagehome\system\Debug\Exceptions.php(147): CodeIgniter\Debug\ExceptionHandler->handle(Object(CodeIgniter\Exceptions\PageNotFoundException), Object(CodeIgniter\HTTP\IncomingRequest), Object(CodeIgniter\HTTP\Response), 404, 1)
#7 [internal function]: CodeIgniter\Debug\Exceptions->exceptionHandler(Object(CodeIgniter\Exceptions\PageNotFoundException))
#8 {main}
  thrown
【Previous Exception】
CodeIgniter\Exceptions\PageNotFoundException
Page Not Found
#0 D:\laragon\www\method-oldagehome\system\CodeIgniter.php(967): CodeIgniter\Exceptions\PageNotFoundException::forPageNotFound(NULL)
#1 D:\laragon\www\method-oldagehome\system\CodeIgniter.php(362): CodeIgniter\CodeIgniter->display404errors(Object(CodeIgniter\Exceptions\PageNotFoundException))
#2 D:\laragon\www\method-oldagehome\public\index.php(79): CodeIgniter\CodeIgniter->run()
#3 D:\laragon\www\method-oldagehome\system\Commands\Server\rewrite.php(47): require_once('D:\\laragon\\www\\...')
#4 {main}
in SYSTEMPATH\HTTP\ResponseTrait.php on line 774.
 1 [internal function]: CodeIgniter\Debug\Exceptions->shutdownHandler()
CRITICAL - 2024-11-11 06:06:53 --> Uncaught ErrorException: Cannot modify header information - headers already sent in D:\laragon\www\method-oldagehome\system\HTTP\ResponseTrait.php:774
Stack trace:
#0 [internal function]: CodeIgniter\Debug\Exceptions->errorHandler(2, 'Cannot modify h...', 'D:\\laragon\\www\\...', 774)
#1 D:\laragon\www\method-oldagehome\system\HTTP\ResponseTrait.php(774): setcookie('ci_session', '6lacbkkm4nr0v42...', Array)
#2 D:\laragon\www\method-oldagehome\system\HTTP\ResponseTrait.php(750): CodeIgniter\HTTP\Response->doSetCookie('ci_session', '6lacbkkm4nr0v42...', Array)
#3 D:\laragon\www\method-oldagehome\system\HTTP\ResponseTrait.php(730): CodeIgniter\HTTP\Response->dispatchCookies()
#4 D:\laragon\www\method-oldagehome\system\HTTP\ResponseTrait.php(447): CodeIgniter\HTTP\Response->sendCookies()
#5 D:\laragon\www\method-oldagehome\system\Debug\ExceptionHandler.php(78): CodeIgniter\HTTP\Response->send()
#6 D:\laragon\www\method-oldagehome\system\Debug\Exceptions.php(147): CodeIgniter\Debug\ExceptionHandler->handle(Object(CodeIgniter\Exceptions\PageNotFoundException), Object(CodeIgniter\HTTP\IncomingRequest), Object(CodeIgniter\HTTP\Response), 404, 1)
#7 [internal function]: CodeIgniter\Debug\Exceptions->exceptionHandler(Object(CodeIgniter\Exceptions\PageNotFoundException))
#8 {main}
  thrown
【Previous Exception】
CodeIgniter\Exceptions\PageNotFoundException
Page Not Found
#0 D:\laragon\www\method-oldagehome\system\CodeIgniter.php(967): CodeIgniter\Exceptions\PageNotFoundException::forPageNotFound(NULL)
#1 D:\laragon\www\method-oldagehome\system\CodeIgniter.php(362): CodeIgniter\CodeIgniter->display404errors(Object(CodeIgniter\Exceptions\PageNotFoundException))
#2 D:\laragon\www\method-oldagehome\public\index.php(79): CodeIgniter\CodeIgniter->run()
#3 D:\laragon\www\method-oldagehome\system\Commands\Server\rewrite.php(47): require_once('D:\\laragon\\www\\...')
#4 {main}
in SYSTEMPATH\HTTP\ResponseTrait.php on line 774.
 1 [internal function]: CodeIgniter\Debug\Exceptions->shutdownHandler()
CRITICAL - 2024-11-11 06:06:54 --> Uncaught ErrorException: Cannot modify header information - headers already sent in D:\laragon\www\method-oldagehome\system\HTTP\ResponseTrait.php:774
Stack trace:
#0 [internal function]: CodeIgniter\Debug\Exceptions->errorHandler(2, 'Cannot modify h...', 'D:\\laragon\\www\\...', 774)
#1 D:\laragon\www\method-oldagehome\system\HTTP\ResponseTrait.php(774): setcookie('ci_session', '6lacbkkm4nr0v42...', Array)
#2 D:\laragon\www\method-oldagehome\system\HTTP\ResponseTrait.php(750): CodeIgniter\HTTP\Response->doSetCookie('ci_session', '6lacbkkm4nr0v42...', Array)
#3 D:\laragon\www\method-oldagehome\system\HTTP\ResponseTrait.php(730): CodeIgniter\HTTP\Response->dispatchCookies()
#4 D:\laragon\www\method-oldagehome\system\HTTP\ResponseTrait.php(447): CodeIgniter\HTTP\Response->sendCookies()
#5 D:\laragon\www\method-oldagehome\system\Debug\ExceptionHandler.php(78): CodeIgniter\HTTP\Response->send()
#6 D:\laragon\www\method-oldagehome\system\Debug\Exceptions.php(147): CodeIgniter\Debug\ExceptionHandler->handle(Object(CodeIgniter\Exceptions\PageNotFoundException), Object(CodeIgniter\HTTP\IncomingRequest), Object(CodeIgniter\HTTP\Response), 404, 1)
#7 [internal function]: CodeIgniter\Debug\Exceptions->exceptionHandler(Object(CodeIgniter\Exceptions\PageNotFoundException))
#8 {main}
  thrown
【Previous Exception】
CodeIgniter\Exceptions\PageNotFoundException
Page Not Found
#0 D:\laragon\www\method-oldagehome\system\CodeIgniter.php(967): CodeIgniter\Exceptions\PageNotFoundException::forPageNotFound(NULL)
#1 D:\laragon\www\method-oldagehome\system\CodeIgniter.php(362): CodeIgniter\CodeIgniter->display404errors(Object(CodeIgniter\Exceptions\PageNotFoundException))
#2 D:\laragon\www\method-oldagehome\public\index.php(79): CodeIgniter\CodeIgniter->run()
#3 D:\laragon\www\method-oldagehome\system\Commands\Server\rewrite.php(47): require_once('D:\\laragon\\www\\...')
#4 {main}
in SYSTEMPATH\HTTP\ResponseTrait.php on line 774.
 1 [internal function]: CodeIgniter\Debug\Exceptions->shutdownHandler()
CRITICAL - 2024-11-11 06:06:55 --> Uncaught ErrorException: Cannot modify header information - headers already sent in D:\laragon\www\method-oldagehome\system\HTTP\ResponseTrait.php:774
Stack trace:
#0 [internal function]: CodeIgniter\Debug\Exceptions->errorHandler(2, 'Cannot modify h...', 'D:\\laragon\\www\\...', 774)
#1 D:\laragon\www\method-oldagehome\system\HTTP\ResponseTrait.php(774): setcookie('ci_session', '6lacbkkm4nr0v42...', Array)
#2 D:\laragon\www\method-oldagehome\system\HTTP\ResponseTrait.php(750): CodeIgniter\HTTP\Response->doSetCookie('ci_session', '6lacbkkm4nr0v42...', Array)
#3 D:\laragon\www\method-oldagehome\system\HTTP\ResponseTrait.php(730): CodeIgniter\HTTP\Response->dispatchCookies()
#4 D:\laragon\www\method-oldagehome\system\HTTP\ResponseTrait.php(447): CodeIgniter\HTTP\Response->sendCookies()
#5 D:\laragon\www\method-oldagehome\system\Debug\ExceptionHandler.php(78): CodeIgniter\HTTP\Response->send()
#6 D:\laragon\www\method-oldagehome\system\Debug\Exceptions.php(147): CodeIgniter\Debug\ExceptionHandler->handle(Object(CodeIgniter\Exceptions\PageNotFoundException), Object(CodeIgniter\HTTP\IncomingRequest), Object(CodeIgniter\HTTP\Response), 404, 1)
#7 [internal function]: CodeIgniter\Debug\Exceptions->exceptionHandler(Object(CodeIgniter\Exceptions\PageNotFoundException))
#8 {main}
  thrown
【Previous Exception】
CodeIgniter\Exceptions\PageNotFoundException
Page Not Found
#0 D:\laragon\www\method-oldagehome\system\CodeIgniter.php(967): CodeIgniter\Exceptions\PageNotFoundException::forPageNotFound(NULL)
#1 D:\laragon\www\method-oldagehome\system\CodeIgniter.php(362): CodeIgniter\CodeIgniter->display404errors(Object(CodeIgniter\Exceptions\PageNotFoundException))
#2 D:\laragon\www\method-oldagehome\public\index.php(79): CodeIgniter\CodeIgniter->run()
#3 D:\laragon\www\method-oldagehome\system\Commands\Server\rewrite.php(47): require_once('D:\\laragon\\www\\...')
#4 {main}
in SYSTEMPATH\HTTP\ResponseTrait.php on line 774.
 1 [internal function]: CodeIgniter\Debug\Exceptions->shutdownHandler()
CRITICAL - 2024-11-11 06:06:56 --> Uncaught ErrorException: Cannot modify header information - headers already sent in D:\laragon\www\method-oldagehome\system\HTTP\ResponseTrait.php:774
Stack trace:
#0 [internal function]: CodeIgniter\Debug\Exceptions->errorHandler(2, 'Cannot modify h...', 'D:\\laragon\\www\\...', 774)
#1 D:\laragon\www\method-oldagehome\system\HTTP\ResponseTrait.php(774): setcookie('ci_session', '6lacbkkm4nr0v42...', Array)
#2 D:\laragon\www\method-oldagehome\system\HTTP\ResponseTrait.php(750): CodeIgniter\HTTP\Response->doSetCookie('ci_session', '6lacbkkm4nr0v42...', Array)
#3 D:\laragon\www\method-oldagehome\system\HTTP\ResponseTrait.php(730): CodeIgniter\HTTP\Response->dispatchCookies()
#4 D:\laragon\www\method-oldagehome\system\HTTP\ResponseTrait.php(447): CodeIgniter\HTTP\Response->sendCookies()
#5 D:\laragon\www\method-oldagehome\system\Debug\ExceptionHandler.php(78): CodeIgniter\HTTP\Response->send()
#6 D:\laragon\www\method-oldagehome\system\Debug\Exceptions.php(147): CodeIgniter\Debug\ExceptionHandler->handle(Object(CodeIgniter\Exceptions\PageNotFoundException), Object(CodeIgniter\HTTP\IncomingRequest), Object(CodeIgniter\HTTP\Response), 404, 1)
#7 [internal function]: CodeIgniter\Debug\Exceptions->exceptionHandler(Object(CodeIgniter\Exceptions\PageNotFoundException))
#8 {main}
  thrown
【Previous Exception】
CodeIgniter\Exceptions\PageNotFoundException
Page Not Found
#0 D:\laragon\www\method-oldagehome\system\CodeIgniter.php(967): CodeIgniter\Exceptions\PageNotFoundException::forPageNotFound(NULL)
#1 D:\laragon\www\method-oldagehome\system\CodeIgniter.php(362): CodeIgniter\CodeIgniter->display404errors(Object(CodeIgniter\Exceptions\PageNotFoundException))
#2 D:\laragon\www\method-oldagehome\public\index.php(79): CodeIgniter\CodeIgniter->run()
#3 D:\laragon\www\method-oldagehome\system\Commands\Server\rewrite.php(47): require_once('D:\\laragon\\www\\...')
#4 {main}
in SYSTEMPATH\HTTP\ResponseTrait.php on line 774.
 1 [internal function]: CodeIgniter\Debug\Exceptions->shutdownHandler()
CRITICAL - 2024-11-11 06:06:57 --> Uncaught ErrorException: Cannot modify header information - headers already sent in D:\laragon\www\method-oldagehome\system\HTTP\ResponseTrait.php:774
Stack trace:
#0 [internal function]: CodeIgniter\Debug\Exceptions->errorHandler(2, 'Cannot modify h...', 'D:\\laragon\\www\\...', 774)
#1 D:\laragon\www\method-oldagehome\system\HTTP\ResponseTrait.php(774): setcookie('ci_session', '6lacbkkm4nr0v42...', Array)
#2 D:\laragon\www\method-oldagehome\system\HTTP\ResponseTrait.php(750): CodeIgniter\HTTP\Response->doSetCookie('ci_session', '6lacbkkm4nr0v42...', Array)
#3 D:\laragon\www\method-oldagehome\system\HTTP\ResponseTrait.php(730): CodeIgniter\HTTP\Response->dispatchCookies()
#4 D:\laragon\www\method-oldagehome\system\HTTP\ResponseTrait.php(447): CodeIgniter\HTTP\Response->sendCookies()
#5 D:\laragon\www\method-oldagehome\system\Debug\ExceptionHandler.php(78): CodeIgniter\HTTP\Response->send()
#6 D:\laragon\www\method-oldagehome\system\Debug\Exceptions.php(147): CodeIgniter\Debug\ExceptionHandler->handle(Object(CodeIgniter\Exceptions\PageNotFoundException), Object(CodeIgniter\HTTP\IncomingRequest), Object(CodeIgniter\HTTP\Response), 404, 1)
#7 [internal function]: CodeIgniter\Debug\Exceptions->exceptionHandler(Object(CodeIgniter\Exceptions\PageNotFoundException))
#8 {main}
  thrown
【Previous Exception】
CodeIgniter\Exceptions\PageNotFoundException
Page Not Found
#0 D:\laragon\www\method-oldagehome\system\CodeIgniter.php(967): CodeIgniter\Exceptions\PageNotFoundException::forPageNotFound(NULL)
#1 D:\laragon\www\method-oldagehome\system\CodeIgniter.php(362): CodeIgniter\CodeIgniter->display404errors(Object(CodeIgniter\Exceptions\PageNotFoundException))
#2 D:\laragon\www\method-oldagehome\public\index.php(79): CodeIgniter\CodeIgniter->run()
#3 D:\laragon\www\method-oldagehome\system\Commands\Server\rewrite.php(47): require_once('D:\\laragon\\www\\...')
#4 {main}
in SYSTEMPATH\HTTP\ResponseTrait.php on line 774.
 1 [internal function]: CodeIgniter\Debug\Exceptions->shutdownHandler()
CRITICAL - 2024-11-11 06:06:58 --> Uncaught ErrorException: Cannot modify header information - headers already sent in D:\laragon\www\method-oldagehome\system\HTTP\ResponseTrait.php:774
Stack trace:
#0 [internal function]: CodeIgniter\Debug\Exceptions->errorHandler(2, 'Cannot modify h...', 'D:\\laragon\\www\\...', 774)
#1 D:\laragon\www\method-oldagehome\system\HTTP\ResponseTrait.php(774): setcookie('ci_session', '6lacbkkm4nr0v42...', Array)
#2 D:\laragon\www\method-oldagehome\system\HTTP\ResponseTrait.php(750): CodeIgniter\HTTP\Response->doSetCookie('ci_session', '6lacbkkm4nr0v42...', Array)
#3 D:\laragon\www\method-oldagehome\system\HTTP\ResponseTrait.php(730): CodeIgniter\HTTP\Response->dispatchCookies()
#4 D:\laragon\www\method-oldagehome\system\HTTP\ResponseTrait.php(447): CodeIgniter\HTTP\Response->sendCookies()
#5 D:\laragon\www\method-oldagehome\system\Debug\ExceptionHandler.php(78): CodeIgniter\HTTP\Response->send()
#6 D:\laragon\www\method-oldagehome\system\Debug\Exceptions.php(147): CodeIgniter\Debug\ExceptionHandler->handle(Object(CodeIgniter\Exceptions\PageNotFoundException), Object(CodeIgniter\HTTP\IncomingRequest), Object(CodeIgniter\HTTP\Response), 404, 1)
#7 [internal function]: CodeIgniter\Debug\Exceptions->exceptionHandler(Object(CodeIgniter\Exceptions\PageNotFoundException))
#8 {main}
  thrown
【Previous Exception】
CodeIgniter\Exceptions\PageNotFoundException
Page Not Found
#0 D:\laragon\www\method-oldagehome\system\CodeIgniter.php(967): CodeIgniter\Exceptions\PageNotFoundException::forPageNotFound(NULL)
#1 D:\laragon\www\method-oldagehome\system\CodeIgniter.php(362): CodeIgniter\CodeIgniter->display404errors(Object(CodeIgniter\Exceptions\PageNotFoundException))
#2 D:\laragon\www\method-oldagehome\public\index.php(79): CodeIgniter\CodeIgniter->run()
#3 D:\laragon\www\method-oldagehome\system\Commands\Server\rewrite.php(47): require_once('D:\\laragon\\www\\...')
#4 {main}
in SYSTEMPATH\HTTP\ResponseTrait.php on line 774.
 1 [internal function]: CodeIgniter\Debug\Exceptions->shutdownHandler()
CRITICAL - 2024-11-11 06:06:59 --> Uncaught ErrorException: Cannot modify header information - headers already sent in D:\laragon\www\method-oldagehome\system\HTTP\ResponseTrait.php:774
Stack trace:
#0 [internal function]: CodeIgniter\Debug\Exceptions->errorHandler(2, 'Cannot modify h...', 'D:\\laragon\\www\\...', 774)
#1 D:\laragon\www\method-oldagehome\system\HTTP\ResponseTrait.php(774): setcookie('ci_session', '6lacbkkm4nr0v42...', Array)
#2 D:\laragon\www\method-oldagehome\system\HTTP\ResponseTrait.php(750): CodeIgniter\HTTP\Response->doSetCookie('ci_session', '6lacbkkm4nr0v42...', Array)
#3 D:\laragon\www\method-oldagehome\system\HTTP\ResponseTrait.php(730): CodeIgniter\HTTP\Response->dispatchCookies()
#4 D:\laragon\www\method-oldagehome\system\HTTP\ResponseTrait.php(447): CodeIgniter\HTTP\Response->sendCookies()
#5 D:\laragon\www\method-oldagehome\system\Debug\ExceptionHandler.php(78): CodeIgniter\HTTP\Response->send()
#6 D:\laragon\www\method-oldagehome\system\Debug\Exceptions.php(147): CodeIgniter\Debug\ExceptionHandler->handle(Object(CodeIgniter\Exceptions\PageNotFoundException), Object(CodeIgniter\HTTP\IncomingRequest), Object(CodeIgniter\HTTP\Response), 404, 1)
#7 [internal function]: CodeIgniter\Debug\Exceptions->exceptionHandler(Object(CodeIgniter\Exceptions\PageNotFoundException))
#8 {main}
  thrown
【Previous Exception】
CodeIgniter\Exceptions\PageNotFoundException
Page Not Found
#0 D:\laragon\www\method-oldagehome\system\CodeIgniter.php(967): CodeIgniter\Exceptions\PageNotFoundException::forPageNotFound(NULL)
#1 D:\laragon\www\method-oldagehome\system\CodeIgniter.php(362): CodeIgniter\CodeIgniter->display404errors(Object(CodeIgniter\Exceptions\PageNotFoundException))
#2 D:\laragon\www\method-oldagehome\public\index.php(79): CodeIgniter\CodeIgniter->run()
#3 D:\laragon\www\method-oldagehome\system\Commands\Server\rewrite.php(47): require_once('D:\\laragon\\www\\...')
#4 {main}
in SYSTEMPATH\HTTP\ResponseTrait.php on line 774.
 1 [internal function]: CodeIgniter\Debug\Exceptions->shutdownHandler()
CRITICAL - 2024-11-11 06:07:00 --> Uncaught ErrorException: Cannot modify header information - headers already sent in D:\laragon\www\method-oldagehome\system\HTTP\ResponseTrait.php:774
Stack trace:
#0 [internal function]: CodeIgniter\Debug\Exceptions->errorHandler(2, 'Cannot modify h...', 'D:\\laragon\\www\\...', 774)
#1 D:\laragon\www\method-oldagehome\system\HTTP\ResponseTrait.php(774): setcookie('ci_session', '6lacbkkm4nr0v42...', Array)
#2 D:\laragon\www\method-oldagehome\system\HTTP\ResponseTrait.php(750): CodeIgniter\HTTP\Response->doSetCookie('ci_session', '6lacbkkm4nr0v42...', Array)
#3 D:\laragon\www\method-oldagehome\system\HTTP\ResponseTrait.php(730): CodeIgniter\HTTP\Response->dispatchCookies()
#4 D:\laragon\www\method-oldagehome\system\HTTP\ResponseTrait.php(447): CodeIgniter\HTTP\Response->sendCookies()
#5 D:\laragon\www\method-oldagehome\system\Debug\ExceptionHandler.php(78): CodeIgniter\HTTP\Response->send()
#6 D:\laragon\www\method-oldagehome\system\Debug\Exceptions.php(147): CodeIgniter\Debug\ExceptionHandler->handle(Object(CodeIgniter\Exceptions\PageNotFoundException), Object(CodeIgniter\HTTP\IncomingRequest), Object(CodeIgniter\HTTP\Response), 404, 1)
#7 [internal function]: CodeIgniter\Debug\Exceptions->exceptionHandler(Object(CodeIgniter\Exceptions\PageNotFoundException))
#8 {main}
  thrown
【Previous Exception】
CodeIgniter\Exceptions\PageNotFoundException
Page Not Found
#0 D:\laragon\www\method-oldagehome\system\CodeIgniter.php(967): CodeIgniter\Exceptions\PageNotFoundException::forPageNotFound(NULL)
#1 D:\laragon\www\method-oldagehome\system\CodeIgniter.php(362): CodeIgniter\CodeIgniter->display404errors(Object(CodeIgniter\Exceptions\PageNotFoundException))
#2 D:\laragon\www\method-oldagehome\public\index.php(79): CodeIgniter\CodeIgniter->run()
#3 D:\laragon\www\method-oldagehome\system\Commands\Server\rewrite.php(47): require_once('D:\\laragon\\www\\...')
#4 {main}
in SYSTEMPATH\HTTP\ResponseTrait.php on line 774.
 1 [internal function]: CodeIgniter\Debug\Exceptions->shutdownHandler()
CRITICAL - 2024-11-11 06:07:01 --> Uncaught ErrorException: Cannot modify header information - headers already sent in D:\laragon\www\method-oldagehome\system\HTTP\ResponseTrait.php:774
Stack trace:
#0 [internal function]: CodeIgniter\Debug\Exceptions->errorHandler(2, 'Cannot modify h...', 'D:\\laragon\\www\\...', 774)
#1 D:\laragon\www\method-oldagehome\system\HTTP\ResponseTrait.php(774): setcookie('ci_session', '6lacbkkm4nr0v42...', Array)
#2 D:\laragon\www\method-oldagehome\system\HTTP\ResponseTrait.php(750): CodeIgniter\HTTP\Response->doSetCookie('ci_session', '6lacbkkm4nr0v42...', Array)
#3 D:\laragon\www\method-oldagehome\system\HTTP\ResponseTrait.php(730): CodeIgniter\HTTP\Response->dispatchCookies()
#4 D:\laragon\www\method-oldagehome\system\HTTP\ResponseTrait.php(447): CodeIgniter\HTTP\Response->sendCookies()
#5 D:\laragon\www\method-oldagehome\system\Debug\ExceptionHandler.php(78): CodeIgniter\HTTP\Response->send()
#6 D:\laragon\www\method-oldagehome\system\Debug\Exceptions.php(147): CodeIgniter\Debug\ExceptionHandler->handle(Object(CodeIgniter\Exceptions\PageNotFoundException), Object(CodeIgniter\HTTP\IncomingRequest), Object(CodeIgniter\HTTP\Response), 404, 1)
#7 [internal function]: CodeIgniter\Debug\Exceptions->exceptionHandler(Object(CodeIgniter\Exceptions\PageNotFoundException))
#8 {main}
  thrown
【Previous Exception】
CodeIgniter\Exceptions\PageNotFoundException
Page Not Found
#0 D:\laragon\www\method-oldagehome\system\CodeIgniter.php(967): CodeIgniter\Exceptions\PageNotFoundException::forPageNotFound(NULL)
#1 D:\laragon\www\method-oldagehome\system\CodeIgniter.php(362): CodeIgniter\CodeIgniter->display404errors(Object(CodeIgniter\Exceptions\PageNotFoundException))
#2 D:\laragon\www\method-oldagehome\public\index.php(79): CodeIgniter\CodeIgniter->run()
#3 D:\laragon\www\method-oldagehome\system\Commands\Server\rewrite.php(47): require_once('D:\\laragon\\www\\...')
#4 {main}
in SYSTEMPATH\HTTP\ResponseTrait.php on line 774.
 1 [internal function]: CodeIgniter\Debug\Exceptions->shutdownHandler()
CRITICAL - 2024-11-11 06:07:02 --> Uncaught ErrorException: Cannot modify header information - headers already sent in D:\laragon\www\method-oldagehome\system\HTTP\ResponseTrait.php:774
Stack trace:
#0 [internal function]: CodeIgniter\Debug\Exceptions->errorHandler(2, 'Cannot modify h...', 'D:\\laragon\\www\\...', 774)
#1 D:\laragon\www\method-oldagehome\system\HTTP\ResponseTrait.php(774): setcookie('ci_session', '6lacbkkm4nr0v42...', Array)
#2 D:\laragon\www\method-oldagehome\system\HTTP\ResponseTrait.php(750): CodeIgniter\HTTP\Response->doSetCookie('ci_session', '6lacbkkm4nr0v42...', Array)
#3 D:\laragon\www\method-oldagehome\system\HTTP\ResponseTrait.php(730): CodeIgniter\HTTP\Response->dispatchCookies()
#4 D:\laragon\www\method-oldagehome\system\HTTP\ResponseTrait.php(447): CodeIgniter\HTTP\Response->sendCookies()
#5 D:\laragon\www\method-oldagehome\system\Debug\ExceptionHandler.php(78): CodeIgniter\HTTP\Response->send()
#6 D:\laragon\www\method-oldagehome\system\Debug\Exceptions.php(147): CodeIgniter\Debug\ExceptionHandler->handle(Object(CodeIgniter\Exceptions\PageNotFoundException), Object(CodeIgniter\HTTP\IncomingRequest), Object(CodeIgniter\HTTP\Response), 404, 1)
#7 [internal function]: CodeIgniter\Debug\Exceptions->exceptionHandler(Object(CodeIgniter\Exceptions\PageNotFoundException))
#8 {main}
  thrown
【Previous Exception】
CodeIgniter\Exceptions\PageNotFoundException
Page Not Found
#0 D:\laragon\www\method-oldagehome\system\CodeIgniter.php(967): CodeIgniter\Exceptions\PageNotFoundException::forPageNotFound(NULL)
#1 D:\laragon\www\method-oldagehome\system\CodeIgniter.php(362): CodeIgniter\CodeIgniter->display404errors(Object(CodeIgniter\Exceptions\PageNotFoundException))
#2 D:\laragon\www\method-oldagehome\public\index.php(79): CodeIgniter\CodeIgniter->run()
#3 D:\laragon\www\method-oldagehome\system\Commands\Server\rewrite.php(47): require_once('D:\\laragon\\www\\...')
#4 {main}
in SYSTEMPATH\HTTP\ResponseTrait.php on line 774.
 1 [internal function]: CodeIgniter\Debug\Exceptions->shutdownHandler()
CRITICAL - 2024-11-11 06:07:03 --> Uncaught ErrorException: Cannot modify header information - headers already sent in D:\laragon\www\method-oldagehome\system\HTTP\ResponseTrait.php:774
Stack trace:
#0 [internal function]: CodeIgniter\Debug\Exceptions->errorHandler(2, 'Cannot modify h...', 'D:\\laragon\\www\\...', 774)
#1 D:\laragon\www\method-oldagehome\system\HTTP\ResponseTrait.php(774): setcookie('ci_session', '6lacbkkm4nr0v42...', Array)
#2 D:\laragon\www\method-oldagehome\system\HTTP\ResponseTrait.php(750): CodeIgniter\HTTP\Response->doSetCookie('ci_session', '6lacbkkm4nr0v42...', Array)
#3 D:\laragon\www\method-oldagehome\system\HTTP\ResponseTrait.php(730): CodeIgniter\HTTP\Response->dispatchCookies()
#4 D:\laragon\www\method-oldagehome\system\HTTP\ResponseTrait.php(447): CodeIgniter\HTTP\Response->sendCookies()
#5 D:\laragon\www\method-oldagehome\system\Debug\ExceptionHandler.php(78): CodeIgniter\HTTP\Response->send()
#6 D:\laragon\www\method-oldagehome\system\Debug\Exceptions.php(147): CodeIgniter\Debug\ExceptionHandler->handle(Object(CodeIgniter\Exceptions\PageNotFoundException), Object(CodeIgniter\HTTP\IncomingRequest), Object(CodeIgniter\HTTP\Response), 404, 1)
#7 [internal function]: CodeIgniter\Debug\Exceptions->exceptionHandler(Object(CodeIgniter\Exceptions\PageNotFoundException))
#8 {main}
  thrown
【Previous Exception】
CodeIgniter\Exceptions\PageNotFoundException
Page Not Found
#0 D:\laragon\www\method-oldagehome\system\CodeIgniter.php(967): CodeIgniter\Exceptions\PageNotFoundException::forPageNotFound(NULL)
#1 D:\laragon\www\method-oldagehome\system\CodeIgniter.php(362): CodeIgniter\CodeIgniter->display404errors(Object(CodeIgniter\Exceptions\PageNotFoundException))
#2 D:\laragon\www\method-oldagehome\public\index.php(79): CodeIgniter\CodeIgniter->run()
#3 D:\laragon\www\method-oldagehome\system\Commands\Server\rewrite.php(47): require_once('D:\\laragon\\www\\...')
#4 {main}
in SYSTEMPATH\HTTP\ResponseTrait.php on line 774.
 1 [internal function]: CodeIgniter\Debug\Exceptions->shutdownHandler()
CRITICAL - 2024-11-11 06:07:04 --> Uncaught ErrorException: Cannot modify header information - headers already sent in D:\laragon\www\method-oldagehome\system\HTTP\ResponseTrait.php:774
Stack trace:
#0 [internal function]: CodeIgniter\Debug\Exceptions->errorHandler(2, 'Cannot modify h...', 'D:\\laragon\\www\\...', 774)
#1 D:\laragon\www\method-oldagehome\system\HTTP\ResponseTrait.php(774): setcookie('ci_session', '6lacbkkm4nr0v42...', Array)
#2 D:\laragon\www\method-oldagehome\system\HTTP\ResponseTrait.php(750): CodeIgniter\HTTP\Response->doSetCookie('ci_session', '6lacbkkm4nr0v42...', Array)
#3 D:\laragon\www\method-oldagehome\system\HTTP\ResponseTrait.php(730): CodeIgniter\HTTP\Response->dispatchCookies()
#4 D:\laragon\www\method-oldagehome\system\HTTP\ResponseTrait.php(447): CodeIgniter\HTTP\Response->sendCookies()
#5 D:\laragon\www\method-oldagehome\system\Debug\ExceptionHandler.php(78): CodeIgniter\HTTP\Response->send()
#6 D:\laragon\www\method-oldagehome\system\Debug\Exceptions.php(147): CodeIgniter\Debug\ExceptionHandler->handle(Object(CodeIgniter\Exceptions\PageNotFoundException), Object(CodeIgniter\HTTP\IncomingRequest), Object(CodeIgniter\HTTP\Response), 404, 1)
#7 [internal function]: CodeIgniter\Debug\Exceptions->exceptionHandler(Object(CodeIgniter\Exceptions\PageNotFoundException))
#8 {main}
  thrown
【Previous Exception】
CodeIgniter\Exceptions\PageNotFoundException
Page Not Found
#0 D:\laragon\www\method-oldagehome\system\CodeIgniter.php(967): CodeIgniter\Exceptions\PageNotFoundException::forPageNotFound(NULL)
#1 D:\laragon\www\method-oldagehome\system\CodeIgniter.php(362): CodeIgniter\CodeIgniter->display404errors(Object(CodeIgniter\Exceptions\PageNotFoundException))
#2 D:\laragon\www\method-oldagehome\public\index.php(79): CodeIgniter\CodeIgniter->run()
#3 D:\laragon\www\method-oldagehome\system\Commands\Server\rewrite.php(47): require_once('D:\\laragon\\www\\...')
#4 {main}
in SYSTEMPATH\HTTP\ResponseTrait.php on line 774.
 1 [internal function]: CodeIgniter\Debug\Exceptions->shutdownHandler()
CRITICAL - 2024-11-11 06:07:05 --> Uncaught ErrorException: Cannot modify header information - headers already sent in D:\laragon\www\method-oldagehome\system\HTTP\ResponseTrait.php:774
Stack trace:
#0 [internal function]: CodeIgniter\Debug\Exceptions->errorHandler(2, 'Cannot modify h...', 'D:\\laragon\\www\\...', 774)
#1 D:\laragon\www\method-oldagehome\system\HTTP\ResponseTrait.php(774): setcookie('ci_session', '6lacbkkm4nr0v42...', Array)
#2 D:\laragon\www\method-oldagehome\system\HTTP\ResponseTrait.php(750): CodeIgniter\HTTP\Response->doSetCookie('ci_session', '6lacbkkm4nr0v42...', Array)
#3 D:\laragon\www\method-oldagehome\system\HTTP\ResponseTrait.php(730): CodeIgniter\HTTP\Response->dispatchCookies()
#4 D:\laragon\www\method-oldagehome\system\HTTP\ResponseTrait.php(447): CodeIgniter\HTTP\Response->sendCookies()
#5 D:\laragon\www\method-oldagehome\system\Debug\ExceptionHandler.php(78): CodeIgniter\HTTP\Response->send()
#6 D:\laragon\www\method-oldagehome\system\Debug\Exceptions.php(147): CodeIgniter\Debug\ExceptionHandler->handle(Object(CodeIgniter\Exceptions\PageNotFoundException), Object(CodeIgniter\HTTP\IncomingRequest), Object(CodeIgniter\HTTP\Response), 404, 1)
#7 [internal function]: CodeIgniter\Debug\Exceptions->exceptionHandler(Object(CodeIgniter\Exceptions\PageNotFoundException))
#8 {main}
  thrown
【Previous Exception】
CodeIgniter\Exceptions\PageNotFoundException
Page Not Found
#0 D:\laragon\www\method-oldagehome\system\CodeIgniter.php(967): CodeIgniter\Exceptions\PageNotFoundException::forPageNotFound(NULL)
#1 D:\laragon\www\method-oldagehome\system\CodeIgniter.php(362): CodeIgniter\CodeIgniter->display404errors(Object(CodeIgniter\Exceptions\PageNotFoundException))
#2 D:\laragon\www\method-oldagehome\public\index.php(79): CodeIgniter\CodeIgniter->run()
#3 D:\laragon\www\method-oldagehome\system\Commands\Server\rewrite.php(47): require_once('D:\\laragon\\www\\...')
#4 {main}
in SYSTEMPATH\HTTP\ResponseTrait.php on line 774.
 1 [internal function]: CodeIgniter\Debug\Exceptions->shutdownHandler()
CRITICAL - 2024-11-11 06:07:06 --> Uncaught ErrorException: Cannot modify header information - headers already sent in D:\laragon\www\method-oldagehome\system\HTTP\ResponseTrait.php:774
Stack trace:
#0 [internal function]: CodeIgniter\Debug\Exceptions->errorHandler(2, 'Cannot modify h...', 'D:\\laragon\\www\\...', 774)
#1 D:\laragon\www\method-oldagehome\system\HTTP\ResponseTrait.php(774): setcookie('ci_session', '6lacbkkm4nr0v42...', Array)
#2 D:\laragon\www\method-oldagehome\system\HTTP\ResponseTrait.php(750): CodeIgniter\HTTP\Response->doSetCookie('ci_session', '6lacbkkm4nr0v42...', Array)
#3 D:\laragon\www\method-oldagehome\system\HTTP\ResponseTrait.php(730): CodeIgniter\HTTP\Response->dispatchCookies()
#4 D:\laragon\www\method-oldagehome\system\HTTP\ResponseTrait.php(447): CodeIgniter\HTTP\Response->sendCookies()
#5 D:\laragon\www\method-oldagehome\system\Debug\ExceptionHandler.php(78): CodeIgniter\HTTP\Response->send()
#6 D:\laragon\www\method-oldagehome\system\Debug\Exceptions.php(147): CodeIgniter\Debug\ExceptionHandler->handle(Object(CodeIgniter\Exceptions\PageNotFoundException), Object(CodeIgniter\HTTP\IncomingRequest), Object(CodeIgniter\HTTP\Response), 404, 1)
#7 [internal function]: CodeIgniter\Debug\Exceptions->exceptionHandler(Object(CodeIgniter\Exceptions\PageNotFoundException))
#8 {main}
  thrown
【Previous Exception】
CodeIgniter\Exceptions\PageNotFoundException
Page Not Found
#0 D:\laragon\www\method-oldagehome\system\CodeIgniter.php(967): CodeIgniter\Exceptions\PageNotFoundException::forPageNotFound(NULL)
#1 D:\laragon\www\method-oldagehome\system\CodeIgniter.php(362): CodeIgniter\CodeIgniter->display404errors(Object(CodeIgniter\Exceptions\PageNotFoundException))
#2 D:\laragon\www\method-oldagehome\public\index.php(79): CodeIgniter\CodeIgniter->run()
#3 D:\laragon\www\method-oldagehome\system\Commands\Server\rewrite.php(47): require_once('D:\\laragon\\www\\...')
#4 {main}
in SYSTEMPATH\HTTP\ResponseTrait.php on line 774.
 1 [internal function]: CodeIgniter\Debug\Exceptions->shutdownHandler()
CRITICAL - 2024-11-11 06:07:07 --> Uncaught ErrorException: Cannot modify header information - headers already sent in D:\laragon\www\method-oldagehome\system\HTTP\ResponseTrait.php:774
Stack trace:
#0 [internal function]: CodeIgniter\Debug\Exceptions->errorHandler(2, 'Cannot modify h...', 'D:\\laragon\\www\\...', 774)
#1 D:\laragon\www\method-oldagehome\system\HTTP\ResponseTrait.php(774): setcookie('ci_session', '6lacbkkm4nr0v42...', Array)
#2 D:\laragon\www\method-oldagehome\system\HTTP\ResponseTrait.php(750): CodeIgniter\HTTP\Response->doSetCookie('ci_session', '6lacbkkm4nr0v42...', Array)
#3 D:\laragon\www\method-oldagehome\system\HTTP\ResponseTrait.php(730): CodeIgniter\HTTP\Response->dispatchCookies()
#4 D:\laragon\www\method-oldagehome\system\HTTP\ResponseTrait.php(447): CodeIgniter\HTTP\Response->sendCookies()
#5 D:\laragon\www\method-oldagehome\system\Debug\ExceptionHandler.php(78): CodeIgniter\HTTP\Response->send()
#6 D:\laragon\www\method-oldagehome\system\Debug\Exceptions.php(147): CodeIgniter\Debug\ExceptionHandler->handle(Object(CodeIgniter\Exceptions\PageNotFoundException), Object(CodeIgniter\HTTP\IncomingRequest), Object(CodeIgniter\HTTP\Response), 404, 1)
#7 [internal function]: CodeIgniter\Debug\Exceptions->exceptionHandler(Object(CodeIgniter\Exceptions\PageNotFoundException))
#8 {main}
  thrown
【Previous Exception】
CodeIgniter\Exceptions\PageNotFoundException
Page Not Found
#0 D:\laragon\www\method-oldagehome\system\CodeIgniter.php(967): CodeIgniter\Exceptions\PageNotFoundException::forPageNotFound(NULL)
#1 D:\laragon\www\method-oldagehome\system\CodeIgniter.php(362): CodeIgniter\CodeIgniter->display404errors(Object(CodeIgniter\Exceptions\PageNotFoundException))
#2 D:\laragon\www\method-oldagehome\public\index.php(79): CodeIgniter\CodeIgniter->run()
#3 D:\laragon\www\method-oldagehome\system\Commands\Server\rewrite.php(47): require_once('D:\\laragon\\www\\...')
#4 {main}
in SYSTEMPATH\HTTP\ResponseTrait.php on line 774.
 1 [internal function]: CodeIgniter\Debug\Exceptions->shutdownHandler()
CRITICAL - 2024-11-11 06:07:08 --> Uncaught ErrorException: Cannot modify header information - headers already sent in D:\laragon\www\method-oldagehome\system\HTTP\ResponseTrait.php:774
Stack trace:
#0 [internal function]: CodeIgniter\Debug\Exceptions->errorHandler(2, 'Cannot modify h...', 'D:\\laragon\\www\\...', 774)
#1 D:\laragon\www\method-oldagehome\system\HTTP\ResponseTrait.php(774): setcookie('ci_session', '6lacbkkm4nr0v42...', Array)
#2 D:\laragon\www\method-oldagehome\system\HTTP\ResponseTrait.php(750): CodeIgniter\HTTP\Response->doSetCookie('ci_session', '6lacbkkm4nr0v42...', Array)
#3 D:\laragon\www\method-oldagehome\system\HTTP\ResponseTrait.php(730): CodeIgniter\HTTP\Response->dispatchCookies()
#4 D:\laragon\www\method-oldagehome\system\HTTP\ResponseTrait.php(447): CodeIgniter\HTTP\Response->sendCookies()
#5 D:\laragon\www\method-oldagehome\system\Debug\ExceptionHandler.php(78): CodeIgniter\HTTP\Response->send()
#6 D:\laragon\www\method-oldagehome\system\Debug\Exceptions.php(147): CodeIgniter\Debug\ExceptionHandler->handle(Object(CodeIgniter\Exceptions\PageNotFoundException), Object(CodeIgniter\HTTP\IncomingRequest), Object(CodeIgniter\HTTP\Response), 404, 1)
#7 [internal function]: CodeIgniter\Debug\Exceptions->exceptionHandler(Object(CodeIgniter\Exceptions\PageNotFoundException))
#8 {main}
  thrown
【Previous Exception】
CodeIgniter\Exceptions\PageNotFoundException
Page Not Found
#0 D:\laragon\www\method-oldagehome\system\CodeIgniter.php(967): CodeIgniter\Exceptions\PageNotFoundException::forPageNotFound(NULL)
#1 D:\laragon\www\method-oldagehome\system\CodeIgniter.php(362): CodeIgniter\CodeIgniter->display404errors(Object(CodeIgniter\Exceptions\PageNotFoundException))
#2 D:\laragon\www\method-oldagehome\public\index.php(79): CodeIgniter\CodeIgniter->run()
#3 D:\laragon\www\method-oldagehome\system\Commands\Server\rewrite.php(47): require_once('D:\\laragon\\www\\...')
#4 {main}
in SYSTEMPATH\HTTP\ResponseTrait.php on line 774.
 1 [internal function]: CodeIgniter\Debug\Exceptions->shutdownHandler()
CRITICAL - 2024-11-11 06:07:09 --> Uncaught ErrorException: Cannot modify header information - headers already sent in D:\laragon\www\method-oldagehome\system\HTTP\ResponseTrait.php:774
Stack trace:
#0 [internal function]: CodeIgniter\Debug\Exceptions->errorHandler(2, 'Cannot modify h...', 'D:\\laragon\\www\\...', 774)
#1 D:\laragon\www\method-oldagehome\system\HTTP\ResponseTrait.php(774): setcookie('ci_session', '6lacbkkm4nr0v42...', Array)
#2 D:\laragon\www\method-oldagehome\system\HTTP\ResponseTrait.php(750): CodeIgniter\HTTP\Response->doSetCookie('ci_session', '6lacbkkm4nr0v42...', Array)
#3 D:\laragon\www\method-oldagehome\system\HTTP\ResponseTrait.php(730): CodeIgniter\HTTP\Response->dispatchCookies()
#4 D:\laragon\www\method-oldagehome\system\HTTP\ResponseTrait.php(447): CodeIgniter\HTTP\Response->sendCookies()
#5 D:\laragon\www\method-oldagehome\system\Debug\ExceptionHandler.php(78): CodeIgniter\HTTP\Response->send()
#6 D:\laragon\www\method-oldagehome\system\Debug\Exceptions.php(147): CodeIgniter\Debug\ExceptionHandler->handle(Object(CodeIgniter\Exceptions\PageNotFoundException), Object(CodeIgniter\HTTP\IncomingRequest), Object(CodeIgniter\HTTP\Response), 404, 1)
#7 [internal function]: CodeIgniter\Debug\Exceptions->exceptionHandler(Object(CodeIgniter\Exceptions\PageNotFoundException))
#8 {main}
  thrown
【Previous Exception】
CodeIgniter\Exceptions\PageNotFoundException
Page Not Found
#0 D:\laragon\www\method-oldagehome\system\CodeIgniter.php(967): CodeIgniter\Exceptions\PageNotFoundException::forPageNotFound(NULL)
#1 D:\laragon\www\method-oldagehome\system\CodeIgniter.php(362): CodeIgniter\CodeIgniter->display404errors(Object(CodeIgniter\Exceptions\PageNotFoundException))
#2 D:\laragon\www\method-oldagehome\public\index.php(79): CodeIgniter\CodeIgniter->run()
#3 D:\laragon\www\method-oldagehome\system\Commands\Server\rewrite.php(47): require_once('D:\\laragon\\www\\...')
#4 {main}
in SYSTEMPATH\HTTP\ResponseTrait.php on line 774.
 1 [internal function]: CodeIgniter\Debug\Exceptions->shutdownHandler()
CRITICAL - 2024-11-11 06:07:10 --> Uncaught ErrorException: Cannot modify header information - headers already sent in D:\laragon\www\method-oldagehome\system\HTTP\ResponseTrait.php:774
Stack trace:
#0 [internal function]: CodeIgniter\Debug\Exceptions->errorHandler(2, 'Cannot modify h...', 'D:\\laragon\\www\\...', 774)
#1 D:\laragon\www\method-oldagehome\system\HTTP\ResponseTrait.php(774): setcookie('ci_session', '6lacbkkm4nr0v42...', Array)
#2 D:\laragon\www\method-oldagehome\system\HTTP\ResponseTrait.php(750): CodeIgniter\HTTP\Response->doSetCookie('ci_session', '6lacbkkm4nr0v42...', Array)
#3 D:\laragon\www\method-oldagehome\system\HTTP\ResponseTrait.php(730): CodeIgniter\HTTP\Response->dispatchCookies()
#4 D:\laragon\www\method-oldagehome\system\HTTP\ResponseTrait.php(447): CodeIgniter\HTTP\Response->sendCookies()
#5 D:\laragon\www\method-oldagehome\system\Debug\ExceptionHandler.php(78): CodeIgniter\HTTP\Response->send()
#6 D:\laragon\www\method-oldagehome\system\Debug\Exceptions.php(147): CodeIgniter\Debug\ExceptionHandler->handle(Object(CodeIgniter\Exceptions\PageNotFoundException), Object(CodeIgniter\HTTP\IncomingRequest), Object(CodeIgniter\HTTP\Response), 404, 1)
#7 [internal function]: CodeIgniter\Debug\Exceptions->exceptionHandler(Object(CodeIgniter\Exceptions\PageNotFoundException))
#8 {main}
  thrown
【Previous Exception】
CodeIgniter\Exceptions\PageNotFoundException
Page Not Found
#0 D:\laragon\www\method-oldagehome\system\CodeIgniter.php(967): CodeIgniter\Exceptions\PageNotFoundException::forPageNotFound(NULL)
#1 D:\laragon\www\method-oldagehome\system\CodeIgniter.php(362): CodeIgniter\CodeIgniter->display404errors(Object(CodeIgniter\Exceptions\PageNotFoundException))
#2 D:\laragon\www\method-oldagehome\public\index.php(79): CodeIgniter\CodeIgniter->run()
#3 D:\laragon\www\method-oldagehome\system\Commands\Server\rewrite.php(47): require_once('D:\\laragon\\www\\...')
#4 {main}
in SYSTEMPATH\HTTP\ResponseTrait.php on line 774.
 1 [internal function]: CodeIgniter\Debug\Exceptions->shutdownHandler()
CRITICAL - 2024-11-11 06:07:11 --> Uncaught ErrorException: Cannot modify header information - headers already sent in D:\laragon\www\method-oldagehome\system\HTTP\ResponseTrait.php:774
Stack trace:
#0 [internal function]: CodeIgniter\Debug\Exceptions->errorHandler(2, 'Cannot modify h...', 'D:\\laragon\\www\\...', 774)
#1 D:\laragon\www\method-oldagehome\system\HTTP\ResponseTrait.php(774): setcookie('ci_session', '6lacbkkm4nr0v42...', Array)
#2 D:\laragon\www\method-oldagehome\system\HTTP\ResponseTrait.php(750): CodeIgniter\HTTP\Response->doSetCookie('ci_session', '6lacbkkm4nr0v42...', Array)
#3 D:\laragon\www\method-oldagehome\system\HTTP\ResponseTrait.php(730): CodeIgniter\HTTP\Response->dispatchCookies()
#4 D:\laragon\www\method-oldagehome\system\HTTP\ResponseTrait.php(447): CodeIgniter\HTTP\Response->sendCookies()
#5 D:\laragon\www\method-oldagehome\system\Debug\ExceptionHandler.php(78): CodeIgniter\HTTP\Response->send()
#6 D:\laragon\www\method-oldagehome\system\Debug\Exceptions.php(147): CodeIgniter\Debug\ExceptionHandler->handle(Object(CodeIgniter\Exceptions\PageNotFoundException), Object(CodeIgniter\HTTP\IncomingRequest), Object(CodeIgniter\HTTP\Response), 404, 1)
#7 [internal function]: CodeIgniter\Debug\Exceptions->exceptionHandler(Object(CodeIgniter\Exceptions\PageNotFoundException))
#8 {main}
  thrown
【Previous Exception】
CodeIgniter\Exceptions\PageNotFoundException
Page Not Found
#0 D:\laragon\www\method-oldagehome\system\CodeIgniter.php(967): CodeIgniter\Exceptions\PageNotFoundException::forPageNotFound(NULL)
#1 D:\laragon\www\method-oldagehome\system\CodeIgniter.php(362): CodeIgniter\CodeIgniter->display404errors(Object(CodeIgniter\Exceptions\PageNotFoundException))
#2 D:\laragon\www\method-oldagehome\public\index.php(79): CodeIgniter\CodeIgniter->run()
#3 D:\laragon\www\method-oldagehome\system\Commands\Server\rewrite.php(47): require_once('D:\\laragon\\www\\...')
#4 {main}
in SYSTEMPATH\HTTP\ResponseTrait.php on line 774.
 1 [internal function]: CodeIgniter\Debug\Exceptions->shutdownHandler()
CRITICAL - 2024-11-11 06:07:12 --> Uncaught ErrorException: Cannot modify header information - headers already sent in D:\laragon\www\method-oldagehome\system\HTTP\ResponseTrait.php:774
Stack trace:
#0 [internal function]: CodeIgniter\Debug\Exceptions->errorHandler(2, 'Cannot modify h...', 'D:\\laragon\\www\\...', 774)
#1 D:\laragon\www\method-oldagehome\system\HTTP\ResponseTrait.php(774): setcookie('ci_session', '6lacbkkm4nr0v42...', Array)
#2 D:\laragon\www\method-oldagehome\system\HTTP\ResponseTrait.php(750): CodeIgniter\HTTP\Response->doSetCookie('ci_session', '6lacbkkm4nr0v42...', Array)
#3 D:\laragon\www\method-oldagehome\system\HTTP\ResponseTrait.php(730): CodeIgniter\HTTP\Response->dispatchCookies()
#4 D:\laragon\www\method-oldagehome\system\HTTP\ResponseTrait.php(447): CodeIgniter\HTTP\Response->sendCookies()
#5 D:\laragon\www\method-oldagehome\system\Debug\ExceptionHandler.php(78): CodeIgniter\HTTP\Response->send()
#6 D:\laragon\www\method-oldagehome\system\Debug\Exceptions.php(147): CodeIgniter\Debug\ExceptionHandler->handle(Object(CodeIgniter\Exceptions\PageNotFoundException), Object(CodeIgniter\HTTP\IncomingRequest), Object(CodeIgniter\HTTP\Response), 404, 1)
#7 [internal function]: CodeIgniter\Debug\Exceptions->exceptionHandler(Object(CodeIgniter\Exceptions\PageNotFoundException))
#8 {main}
  thrown
【Previous Exception】
CodeIgniter\Exceptions\PageNotFoundException
Page Not Found
#0 D:\laragon\www\method-oldagehome\system\CodeIgniter.php(967): CodeIgniter\Exceptions\PageNotFoundException::forPageNotFound(NULL)
#1 D:\laragon\www\method-oldagehome\system\CodeIgniter.php(362): CodeIgniter\CodeIgniter->display404errors(Object(CodeIgniter\Exceptions\PageNotFoundException))
#2 D:\laragon\www\method-oldagehome\public\index.php(79): CodeIgniter\CodeIgniter->run()
#3 D:\laragon\www\method-oldagehome\system\Commands\Server\rewrite.php(47): require_once('D:\\laragon\\www\\...')
#4 {main}
in SYSTEMPATH\HTTP\ResponseTrait.php on line 774.
 1 [internal function]: CodeIgniter\Debug\Exceptions->shutdownHandler()
CRITICAL - 2024-11-11 06:07:13 --> Uncaught ErrorException: Cannot modify header information - headers already sent in D:\laragon\www\method-oldagehome\system\HTTP\ResponseTrait.php:774
Stack trace:
#0 [internal function]: CodeIgniter\Debug\Exceptions->errorHandler(2, 'Cannot modify h...', 'D:\\laragon\\www\\...', 774)
#1 D:\laragon\www\method-oldagehome\system\HTTP\ResponseTrait.php(774): setcookie('ci_session', '6lacbkkm4nr0v42...', Array)
#2 D:\laragon\www\method-oldagehome\system\HTTP\ResponseTrait.php(750): CodeIgniter\HTTP\Response->doSetCookie('ci_session', '6lacbkkm4nr0v42...', Array)
#3 D:\laragon\www\method-oldagehome\system\HTTP\ResponseTrait.php(730): CodeIgniter\HTTP\Response->dispatchCookies()
#4 D:\laragon\www\method-oldagehome\system\HTTP\ResponseTrait.php(447): CodeIgniter\HTTP\Response->sendCookies()
#5 D:\laragon\www\method-oldagehome\system\Debug\ExceptionHandler.php(78): CodeIgniter\HTTP\Response->send()
#6 D:\laragon\www\method-oldagehome\system\Debug\Exceptions.php(147): CodeIgniter\Debug\ExceptionHandler->handle(Object(CodeIgniter\Exceptions\PageNotFoundException), Object(CodeIgniter\HTTP\IncomingRequest), Object(CodeIgniter\HTTP\Response), 404, 1)
#7 [internal function]: CodeIgniter\Debug\Exceptions->exceptionHandler(Object(CodeIgniter\Exceptions\PageNotFoundException))
#8 {main}
  thrown
【Previous Exception】
CodeIgniter\Exceptions\PageNotFoundException
Page Not Found
#0 D:\laragon\www\method-oldagehome\system\CodeIgniter.php(967): CodeIgniter\Exceptions\PageNotFoundException::forPageNotFound(NULL)
#1 D:\laragon\www\method-oldagehome\system\CodeIgniter.php(362): CodeIgniter\CodeIgniter->display404errors(Object(CodeIgniter\Exceptions\PageNotFoundException))
#2 D:\laragon\www\method-oldagehome\public\index.php(79): CodeIgniter\CodeIgniter->run()
#3 D:\laragon\www\method-oldagehome\system\Commands\Server\rewrite.php(47): require_once('D:\\laragon\\www\\...')
#4 {main}
in SYSTEMPATH\HTTP\ResponseTrait.php on line 774.
 1 [internal function]: CodeIgniter\Debug\Exceptions->shutdownHandler()
CRITICAL - 2024-11-11 06:07:14 --> Uncaught ErrorException: Cannot modify header information - headers already sent in D:\laragon\www\method-oldagehome\system\HTTP\ResponseTrait.php:774
Stack trace:
#0 [internal function]: CodeIgniter\Debug\Exceptions->errorHandler(2, 'Cannot modify h...', 'D:\\laragon\\www\\...', 774)
#1 D:\laragon\www\method-oldagehome\system\HTTP\ResponseTrait.php(774): setcookie('ci_session', '6lacbkkm4nr0v42...', Array)
#2 D:\laragon\www\method-oldagehome\system\HTTP\ResponseTrait.php(750): CodeIgniter\HTTP\Response->doSetCookie('ci_session', '6lacbkkm4nr0v42...', Array)
#3 D:\laragon\www\method-oldagehome\system\HTTP\ResponseTrait.php(730): CodeIgniter\HTTP\Response->dispatchCookies()
#4 D:\laragon\www\method-oldagehome\system\HTTP\ResponseTrait.php(447): CodeIgniter\HTTP\Response->sendCookies()
#5 D:\laragon\www\method-oldagehome\system\Debug\ExceptionHandler.php(78): CodeIgniter\HTTP\Response->send()
#6 D:\laragon\www\method-oldagehome\system\Debug\Exceptions.php(147): CodeIgniter\Debug\ExceptionHandler->handle(Object(CodeIgniter\Exceptions\PageNotFoundException), Object(CodeIgniter\HTTP\IncomingRequest), Object(CodeIgniter\HTTP\Response), 404, 1)
#7 [internal function]: CodeIgniter\Debug\Exceptions->exceptionHandler(Object(CodeIgniter\Exceptions\PageNotFoundException))
#8 {main}
  thrown
【Previous Exception】
CodeIgniter\Exceptions\PageNotFoundException
Page Not Found
#0 D:\laragon\www\method-oldagehome\system\CodeIgniter.php(967): CodeIgniter\Exceptions\PageNotFoundException::forPageNotFound(NULL)
#1 D:\laragon\www\method-oldagehome\system\CodeIgniter.php(362): CodeIgniter\CodeIgniter->display404errors(Object(CodeIgniter\Exceptions\PageNotFoundException))
#2 D:\laragon\www\method-oldagehome\public\index.php(79): CodeIgniter\CodeIgniter->run()
#3 D:\laragon\www\method-oldagehome\system\Commands\Server\rewrite.php(47): require_once('D:\\laragon\\www\\...')
#4 {main}
in SYSTEMPATH\HTTP\ResponseTrait.php on line 774.
 1 [internal function]: CodeIgniter\Debug\Exceptions->shutdownHandler()
CRITICAL - 2024-11-11 06:07:15 --> Uncaught ErrorException: Cannot modify header information - headers already sent in D:\laragon\www\method-oldagehome\system\HTTP\ResponseTrait.php:774
Stack trace:
#0 [internal function]: CodeIgniter\Debug\Exceptions->errorHandler(2, 'Cannot modify h...', 'D:\\laragon\\www\\...', 774)
#1 D:\laragon\www\method-oldagehome\system\HTTP\ResponseTrait.php(774): setcookie('ci_session', '6lacbkkm4nr0v42...', Array)
#2 D:\laragon\www\method-oldagehome\system\HTTP\ResponseTrait.php(750): CodeIgniter\HTTP\Response->doSetCookie('ci_session', '6lacbkkm4nr0v42...', Array)
#3 D:\laragon\www\method-oldagehome\system\HTTP\ResponseTrait.php(730): CodeIgniter\HTTP\Response->dispatchCookies()
#4 D:\laragon\www\method-oldagehome\system\HTTP\ResponseTrait.php(447): CodeIgniter\HTTP\Response->sendCookies()
#5 D:\laragon\www\method-oldagehome\system\Debug\ExceptionHandler.php(78): CodeIgniter\HTTP\Response->send()
#6 D:\laragon\www\method-oldagehome\system\Debug\Exceptions.php(147): CodeIgniter\Debug\ExceptionHandler->handle(Object(CodeIgniter\Exceptions\PageNotFoundException), Object(CodeIgniter\HTTP\IncomingRequest), Object(CodeIgniter\HTTP\Response), 404, 1)
#7 [internal function]: CodeIgniter\Debug\Exceptions->exceptionHandler(Object(CodeIgniter\Exceptions\PageNotFoundException))
#8 {main}
  thrown
【Previous Exception】
CodeIgniter\Exceptions\PageNotFoundException
Page Not Found
#0 D:\laragon\www\method-oldagehome\system\CodeIgniter.php(967): CodeIgniter\Exceptions\PageNotFoundException::forPageNotFound(NULL)
#1 D:\laragon\www\method-oldagehome\system\CodeIgniter.php(362): CodeIgniter\CodeIgniter->display404errors(Object(CodeIgniter\Exceptions\PageNotFoundException))
#2 D:\laragon\www\method-oldagehome\public\index.php(79): CodeIgniter\CodeIgniter->run()
#3 D:\laragon\www\method-oldagehome\system\Commands\Server\rewrite.php(47): require_once('D:\\laragon\\www\\...')
#4 {main}
in SYSTEMPATH\HTTP\ResponseTrait.php on line 774.
 1 [internal function]: CodeIgniter\Debug\Exceptions->shutdownHandler()
CRITICAL - 2024-11-11 06:07:16 --> Uncaught ErrorException: Cannot modify header information - headers already sent in D:\laragon\www\method-oldagehome\system\HTTP\ResponseTrait.php:774
Stack trace:
#0 [internal function]: CodeIgniter\Debug\Exceptions->errorHandler(2, 'Cannot modify h...', 'D:\\laragon\\www\\...', 774)
#1 D:\laragon\www\method-oldagehome\system\HTTP\ResponseTrait.php(774): setcookie('ci_session', '6lacbkkm4nr0v42...', Array)
#2 D:\laragon\www\method-oldagehome\system\HTTP\ResponseTrait.php(750): CodeIgniter\HTTP\Response->doSetCookie('ci_session', '6lacbkkm4nr0v42...', Array)
#3 D:\laragon\www\method-oldagehome\system\HTTP\ResponseTrait.php(730): CodeIgniter\HTTP\Response->dispatchCookies()
#4 D:\laragon\www\method-oldagehome\system\HTTP\ResponseTrait.php(447): CodeIgniter\HTTP\Response->sendCookies()
#5 D:\laragon\www\method-oldagehome\system\Debug\ExceptionHandler.php(78): CodeIgniter\HTTP\Response->send()
#6 D:\laragon\www\method-oldagehome\system\Debug\Exceptions.php(147): CodeIgniter\Debug\ExceptionHandler->handle(Object(CodeIgniter\Exceptions\PageNotFoundException), Object(CodeIgniter\HTTP\IncomingRequest), Object(CodeIgniter\HTTP\Response), 404, 1)
#7 [internal function]: CodeIgniter\Debug\Exceptions->exceptionHandler(Object(CodeIgniter\Exceptions\PageNotFoundException))
#8 {main}
  thrown
【Previous Exception】
CodeIgniter\Exceptions\PageNotFoundException
Page Not Found
#0 D:\laragon\www\method-oldagehome\system\CodeIgniter.php(967): CodeIgniter\Exceptions\PageNotFoundException::forPageNotFound(NULL)
#1 D:\laragon\www\method-oldagehome\system\CodeIgniter.php(362): CodeIgniter\CodeIgniter->display404errors(Object(CodeIgniter\Exceptions\PageNotFoundException))
#2 D:\laragon\www\method-oldagehome\public\index.php(79): CodeIgniter\CodeIgniter->run()
#3 D:\laragon\www\method-oldagehome\system\Commands\Server\rewrite.php(47): require_once('D:\\laragon\\www\\...')
#4 {main}
in SYSTEMPATH\HTTP\ResponseTrait.php on line 774.
 1 [internal function]: CodeIgniter\Debug\Exceptions->shutdownHandler()
CRITICAL - 2024-11-11 06:07:17 --> Uncaught ErrorException: Cannot modify header information - headers already sent in D:\laragon\www\method-oldagehome\system\HTTP\ResponseTrait.php:774
Stack trace:
#0 [internal function]: CodeIgniter\Debug\Exceptions->errorHandler(2, 'Cannot modify h...', 'D:\\laragon\\www\\...', 774)
#1 D:\laragon\www\method-oldagehome\system\HTTP\ResponseTrait.php(774): setcookie('ci_session', '6lacbkkm4nr0v42...', Array)
#2 D:\laragon\www\method-oldagehome\system\HTTP\ResponseTrait.php(750): CodeIgniter\HTTP\Response->doSetCookie('ci_session', '6lacbkkm4nr0v42...', Array)
#3 D:\laragon\www\method-oldagehome\system\HTTP\ResponseTrait.php(730): CodeIgniter\HTTP\Response->dispatchCookies()
#4 D:\laragon\www\method-oldagehome\system\HTTP\ResponseTrait.php(447): CodeIgniter\HTTP\Response->sendCookies()
#5 D:\laragon\www\method-oldagehome\system\Debug\ExceptionHandler.php(78): CodeIgniter\HTTP\Response->send()
#6 D:\laragon\www\method-oldagehome\system\Debug\Exceptions.php(147): CodeIgniter\Debug\ExceptionHandler->handle(Object(CodeIgniter\Exceptions\PageNotFoundException), Object(CodeIgniter\HTTP\IncomingRequest), Object(CodeIgniter\HTTP\Response), 404, 1)
#7 [internal function]: CodeIgniter\Debug\Exceptions->exceptionHandler(Object(CodeIgniter\Exceptions\PageNotFoundException))
#8 {main}
  thrown
【Previous Exception】
CodeIgniter\Exceptions\PageNotFoundException
Page Not Found
#0 D:\laragon\www\method-oldagehome\system\CodeIgniter.php(967): CodeIgniter\Exceptions\PageNotFoundException::forPageNotFound(NULL)
#1 D:\laragon\www\method-oldagehome\system\CodeIgniter.php(362): CodeIgniter\CodeIgniter->display404errors(Object(CodeIgniter\Exceptions\PageNotFoundException))
#2 D:\laragon\www\method-oldagehome\public\index.php(79): CodeIgniter\CodeIgniter->run()
#3 D:\laragon\www\method-oldagehome\system\Commands\Server\rewrite.php(47): require_once('D:\\laragon\\www\\...')
#4 {main}
in SYSTEMPATH\HTTP\ResponseTrait.php on line 774.
 1 [internal function]: CodeIgniter\Debug\Exceptions->shutdownHandler()
CRITICAL - 2024-11-11 06:07:18 --> Uncaught ErrorException: Cannot modify header information - headers already sent in D:\laragon\www\method-oldagehome\system\HTTP\ResponseTrait.php:774
Stack trace:
#0 [internal function]: CodeIgniter\Debug\Exceptions->errorHandler(2, 'Cannot modify h...', 'D:\\laragon\\www\\...', 774)
#1 D:\laragon\www\method-oldagehome\system\HTTP\ResponseTrait.php(774): setcookie('ci_session', '6lacbkkm4nr0v42...', Array)
#2 D:\laragon\www\method-oldagehome\system\HTTP\ResponseTrait.php(750): CodeIgniter\HTTP\Response->doSetCookie('ci_session', '6lacbkkm4nr0v42...', Array)
#3 D:\laragon\www\method-oldagehome\system\HTTP\ResponseTrait.php(730): CodeIgniter\HTTP\Response->dispatchCookies()
#4 D:\laragon\www\method-oldagehome\system\HTTP\ResponseTrait.php(447): CodeIgniter\HTTP\Response->sendCookies()
#5 D:\laragon\www\method-oldagehome\system\Debug\ExceptionHandler.php(78): CodeIgniter\HTTP\Response->send()
#6 D:\laragon\www\method-oldagehome\system\Debug\Exceptions.php(147): CodeIgniter\Debug\ExceptionHandler->handle(Object(CodeIgniter\Exceptions\PageNotFoundException), Object(CodeIgniter\HTTP\IncomingRequest), Object(CodeIgniter\HTTP\Response), 404, 1)
#7 [internal function]: CodeIgniter\Debug\Exceptions->exceptionHandler(Object(CodeIgniter\Exceptions\PageNotFoundException))
#8 {main}
  thrown
【Previous Exception】
CodeIgniter\Exceptions\PageNotFoundException
Page Not Found
#0 D:\laragon\www\method-oldagehome\system\CodeIgniter.php(967): CodeIgniter\Exceptions\PageNotFoundException::forPageNotFound(NULL)
#1 D:\laragon\www\method-oldagehome\system\CodeIgniter.php(362): CodeIgniter\CodeIgniter->display404errors(Object(CodeIgniter\Exceptions\PageNotFoundException))
#2 D:\laragon\www\method-oldagehome\public\index.php(79): CodeIgniter\CodeIgniter->run()
#3 D:\laragon\www\method-oldagehome\system\Commands\Server\rewrite.php(47): require_once('D:\\laragon\\www\\...')
#4 {main}
in SYSTEMPATH\HTTP\ResponseTrait.php on line 774.
 1 [internal function]: CodeIgniter\Debug\Exceptions->shutdownHandler()
CRITICAL - 2024-11-11 06:07:19 --> Uncaught ErrorException: Cannot modify header information - headers already sent in D:\laragon\www\method-oldagehome\system\HTTP\ResponseTrait.php:774
Stack trace:
#0 [internal function]: CodeIgniter\Debug\Exceptions->errorHandler(2, 'Cannot modify h...', 'D:\\laragon\\www\\...', 774)
#1 D:\laragon\www\method-oldagehome\system\HTTP\ResponseTrait.php(774): setcookie('ci_session', '6lacbkkm4nr0v42...', Array)
#2 D:\laragon\www\method-oldagehome\system\HTTP\ResponseTrait.php(750): CodeIgniter\HTTP\Response->doSetCookie('ci_session', '6lacbkkm4nr0v42...', Array)
#3 D:\laragon\www\method-oldagehome\system\HTTP\ResponseTrait.php(730): CodeIgniter\HTTP\Response->dispatchCookies()
#4 D:\laragon\www\method-oldagehome\system\HTTP\ResponseTrait.php(447): CodeIgniter\HTTP\Response->sendCookies()
#5 D:\laragon\www\method-oldagehome\system\Debug\ExceptionHandler.php(78): CodeIgniter\HTTP\Response->send()
#6 D:\laragon\www\method-oldagehome\system\Debug\Exceptions.php(147): CodeIgniter\Debug\ExceptionHandler->handle(Object(CodeIgniter\Exceptions\PageNotFoundException), Object(CodeIgniter\HTTP\IncomingRequest), Object(CodeIgniter\HTTP\Response), 404, 1)
#7 [internal function]: CodeIgniter\Debug\Exceptions->exceptionHandler(Object(CodeIgniter\Exceptions\PageNotFoundException))
#8 {main}
  thrown
【Previous Exception】
CodeIgniter\Exceptions\PageNotFoundException
Page Not Found
#0 D:\laragon\www\method-oldagehome\system\CodeIgniter.php(967): CodeIgniter\Exceptions\PageNotFoundException::forPageNotFound(NULL)
#1 D:\laragon\www\method-oldagehome\system\CodeIgniter.php(362): CodeIgniter\CodeIgniter->display404errors(Object(CodeIgniter\Exceptions\PageNotFoundException))
#2 D:\laragon\www\method-oldagehome\public\index.php(79): CodeIgniter\CodeIgniter->run()
#3 D:\laragon\www\method-oldagehome\system\Commands\Server\rewrite.php(47): require_once('D:\\laragon\\www\\...')
#4 {main}
in SYSTEMPATH\HTTP\ResponseTrait.php on line 774.
 1 [internal function]: CodeIgniter\Debug\Exceptions->shutdownHandler()
CRITICAL - 2024-11-11 06:07:20 --> Uncaught ErrorException: Cannot modify header information - headers already sent in D:\laragon\www\method-oldagehome\system\HTTP\ResponseTrait.php:774
Stack trace:
#0 [internal function]: CodeIgniter\Debug\Exceptions->errorHandler(2, 'Cannot modify h...', 'D:\\laragon\\www\\...', 774)
#1 D:\laragon\www\method-oldagehome\system\HTTP\ResponseTrait.php(774): setcookie('ci_session', '6lacbkkm4nr0v42...', Array)
#2 D:\laragon\www\method-oldagehome\system\HTTP\ResponseTrait.php(750): CodeIgniter\HTTP\Response->doSetCookie('ci_session', '6lacbkkm4nr0v42...', Array)
#3 D:\laragon\www\method-oldagehome\system\HTTP\ResponseTrait.php(730): CodeIgniter\HTTP\Response->dispatchCookies()
#4 D:\laragon\www\method-oldagehome\system\HTTP\ResponseTrait.php(447): CodeIgniter\HTTP\Response->sendCookies()
#5 D:\laragon\www\method-oldagehome\system\Debug\ExceptionHandler.php(78): CodeIgniter\HTTP\Response->send()
#6 D:\laragon\www\method-oldagehome\system\Debug\Exceptions.php(147): CodeIgniter\Debug\ExceptionHandler->handle(Object(CodeIgniter\Exceptions\PageNotFoundException), Object(CodeIgniter\HTTP\IncomingRequest), Object(CodeIgniter\HTTP\Response), 404, 1)
#7 [internal function]: CodeIgniter\Debug\Exceptions->exceptionHandler(Object(CodeIgniter\Exceptions\PageNotFoundException))
#8 {main}
  thrown
【Previous Exception】
CodeIgniter\Exceptions\PageNotFoundException
Page Not Found
#0 D:\laragon\www\method-oldagehome\system\CodeIgniter.php(967): CodeIgniter\Exceptions\PageNotFoundException::forPageNotFound(NULL)
#1 D:\laragon\www\method-oldagehome\system\CodeIgniter.php(362): CodeIgniter\CodeIgniter->display404errors(Object(CodeIgniter\Exceptions\PageNotFoundException))
#2 D:\laragon\www\method-oldagehome\public\index.php(79): CodeIgniter\CodeIgniter->run()
#3 D:\laragon\www\method-oldagehome\system\Commands\Server\rewrite.php(47): require_once('D:\\laragon\\www\\...')
#4 {main}
in SYSTEMPATH\HTTP\ResponseTrait.php on line 774.
 1 [internal function]: CodeIgniter\Debug\Exceptions->shutdownHandler()
CRITICAL - 2024-11-11 06:07:21 --> Uncaught ErrorException: Cannot modify header information - headers already sent in D:\laragon\www\method-oldagehome\system\HTTP\ResponseTrait.php:774
Stack trace:
#0 [internal function]: CodeIgniter\Debug\Exceptions->errorHandler(2, 'Cannot modify h...', 'D:\\laragon\\www\\...', 774)
#1 D:\laragon\www\method-oldagehome\system\HTTP\ResponseTrait.php(774): setcookie('ci_session', '6lacbkkm4nr0v42...', Array)
#2 D:\laragon\www\method-oldagehome\system\HTTP\ResponseTrait.php(750): CodeIgniter\HTTP\Response->doSetCookie('ci_session', '6lacbkkm4nr0v42...', Array)
#3 D:\laragon\www\method-oldagehome\system\HTTP\ResponseTrait.php(730): CodeIgniter\HTTP\Response->dispatchCookies()
#4 D:\laragon\www\method-oldagehome\system\HTTP\ResponseTrait.php(447): CodeIgniter\HTTP\Response->sendCookies()
#5 D:\laragon\www\method-oldagehome\system\Debug\ExceptionHandler.php(78): CodeIgniter\HTTP\Response->send()
#6 D:\laragon\www\method-oldagehome\system\Debug\Exceptions.php(147): CodeIgniter\Debug\ExceptionHandler->handle(Object(CodeIgniter\Exceptions\PageNotFoundException), Object(CodeIgniter\HTTP\IncomingRequest), Object(CodeIgniter\HTTP\Response), 404, 1)
#7 [internal function]: CodeIgniter\Debug\Exceptions->exceptionHandler(Object(CodeIgniter\Exceptions\PageNotFoundException))
#8 {main}
  thrown
【Previous Exception】
CodeIgniter\Exceptions\PageNotFoundException
Page Not Found
#0 D:\laragon\www\method-oldagehome\system\CodeIgniter.php(967): CodeIgniter\Exceptions\PageNotFoundException::forPageNotFound(NULL)
#1 D:\laragon\www\method-oldagehome\system\CodeIgniter.php(362): CodeIgniter\CodeIgniter->display404errors(Object(CodeIgniter\Exceptions\PageNotFoundException))
#2 D:\laragon\www\method-oldagehome\public\index.php(79): CodeIgniter\CodeIgniter->run()
#3 D:\laragon\www\method-oldagehome\system\Commands\Server\rewrite.php(47): require_once('D:\\laragon\\www\\...')
#4 {main}
in SYSTEMPATH\HTTP\ResponseTrait.php on line 774.
 1 [internal function]: CodeIgniter\Debug\Exceptions->shutdownHandler()
CRITICAL - 2024-11-11 06:07:22 --> Uncaught ErrorException: Cannot modify header information - headers already sent in D:\laragon\www\method-oldagehome\system\HTTP\ResponseTrait.php:774
Stack trace:
#0 [internal function]: CodeIgniter\Debug\Exceptions->errorHandler(2, 'Cannot modify h...', 'D:\\laragon\\www\\...', 774)
#1 D:\laragon\www\method-oldagehome\system\HTTP\ResponseTrait.php(774): setcookie('ci_session', '6lacbkkm4nr0v42...', Array)
#2 D:\laragon\www\method-oldagehome\system\HTTP\ResponseTrait.php(750): CodeIgniter\HTTP\Response->doSetCookie('ci_session', '6lacbkkm4nr0v42...', Array)
#3 D:\laragon\www\method-oldagehome\system\HTTP\ResponseTrait.php(730): CodeIgniter\HTTP\Response->dispatchCookies()
#4 D:\laragon\www\method-oldagehome\system\HTTP\ResponseTrait.php(447): CodeIgniter\HTTP\Response->sendCookies()
#5 D:\laragon\www\method-oldagehome\system\Debug\ExceptionHandler.php(78): CodeIgniter\HTTP\Response->send()
#6 D:\laragon\www\method-oldagehome\system\Debug\Exceptions.php(147): CodeIgniter\Debug\ExceptionHandler->handle(Object(CodeIgniter\Exceptions\PageNotFoundException), Object(CodeIgniter\HTTP\IncomingRequest), Object(CodeIgniter\HTTP\Response), 404, 1)
#7 [internal function]: CodeIgniter\Debug\Exceptions->exceptionHandler(Object(CodeIgniter\Exceptions\PageNotFoundException))
#8 {main}
  thrown
【Previous Exception】
CodeIgniter\Exceptions\PageNotFoundException
Page Not Found
#0 D:\laragon\www\method-oldagehome\system\CodeIgniter.php(967): CodeIgniter\Exceptions\PageNotFoundException::forPageNotFound(NULL)
#1 D:\laragon\www\method-oldagehome\system\CodeIgniter.php(362): CodeIgniter\CodeIgniter->display404errors(Object(CodeIgniter\Exceptions\PageNotFoundException))
#2 D:\laragon\www\method-oldagehome\public\index.php(79): CodeIgniter\CodeIgniter->run()
#3 D:\laragon\www\method-oldagehome\system\Commands\Server\rewrite.php(47): require_once('D:\\laragon\\www\\...')
#4 {main}
in SYSTEMPATH\HTTP\ResponseTrait.php on line 774.
 1 [internal function]: CodeIgniter\Debug\Exceptions->shutdownHandler()
