CRITICAL - 2024-11-28 00:13:37 --> Uncaught ErrorException: Cannot modify header information - headers already sent in D:\laragon\www\method-oldagehome\system\HTTP\ResponseTrait.php:774
Stack trace:
#0 [internal function]: CodeIgniter\Debug\Exceptions->errorHandler(2, 'Cannot modify h...', 'D:\\laragon\\www\\...', 774)
#1 D:\laragon\www\method-oldagehome\system\HTTP\ResponseTrait.php(774): setcookie('ci_session', 'foh7rplabq49nr8...', Array)
#2 D:\laragon\www\method-oldagehome\system\HTTP\ResponseTrait.php(750): CodeIgniter\HTTP\Response->doSetCookie('ci_session', 'foh7rplabq49nr8...', Array)
#3 D:\laragon\www\method-oldagehome\system\HTTP\ResponseTrait.php(730): CodeIgniter\HTTP\Response->dispatchCookies()
#4 D:\laragon\www\method-oldagehome\system\HTTP\ResponseTrait.php(447): CodeIgniter\HTTP\Response->sendCookies()
#5 D:\laragon\www\method-oldagehome\system\Debug\ExceptionHandler.php(78): CodeIgniter\HTTP\Response->send()
#6 D:\laragon\www\method-oldagehome\system\Debug\Exceptions.php(147): CodeIgniter\Debug\ExceptionHandler->handle(Object(CodeIgniter\Exceptions\PageNotFoundException), Object(CodeIgniter\HTTP\IncomingRequest), Object(CodeIgniter\HTTP\Response), 404, 1)
#7 [internal function]: CodeIgniter\Debug\Exceptions->exceptionHandler(Object(CodeIgniter\Exceptions\PageNotFoundException))
#8 {main}
  thrown
【Previous Exception】
CodeIgniter\Exceptions\PageNotFoundException
Page Not Found
#0 D:\laragon\www\method-oldagehome\system\CodeIgniter.php(967): CodeIgniter\Exceptions\PageNotFoundException::forPageNotFound(NULL)
#1 D:\laragon\www\method-oldagehome\system\CodeIgniter.php(362): CodeIgniter\CodeIgniter->display404errors(Object(CodeIgniter\Exceptions\PageNotFoundException))
#2 D:\laragon\www\method-oldagehome\public\index.php(79): CodeIgniter\CodeIgniter->run()
#3 D:\laragon\www\method-oldagehome\system\Commands\Server\rewrite.php(47): require_once('D:\\laragon\\www\\...')
#4 {main}
in SYSTEMPATH\HTTP\ResponseTrait.php on line 774.
 1 [internal function]: CodeIgniter\Debug\Exceptions->shutdownHandler()
CRITICAL - 2024-11-28 00:13:37 --> Uncaught ErrorException: Cannot modify header information - headers already sent in D:\laragon\www\method-oldagehome\system\HTTP\ResponseTrait.php:774
Stack trace:
#0 [internal function]: CodeIgniter\Debug\Exceptions->errorHandler(2, 'Cannot modify h...', 'D:\\laragon\\www\\...', 774)
#1 D:\laragon\www\method-oldagehome\system\HTTP\ResponseTrait.php(774): setcookie('ci_session', 'foh7rplabq49nr8...', Array)
#2 D:\laragon\www\method-oldagehome\system\HTTP\ResponseTrait.php(750): CodeIgniter\HTTP\Response->doSetCookie('ci_session', 'foh7rplabq49nr8...', Array)
#3 D:\laragon\www\method-oldagehome\system\HTTP\ResponseTrait.php(730): CodeIgniter\HTTP\Response->dispatchCookies()
#4 D:\laragon\www\method-oldagehome\system\HTTP\ResponseTrait.php(447): CodeIgniter\HTTP\Response->sendCookies()
#5 D:\laragon\www\method-oldagehome\system\Debug\ExceptionHandler.php(78): CodeIgniter\HTTP\Response->send()
#6 D:\laragon\www\method-oldagehome\system\Debug\Exceptions.php(147): CodeIgniter\Debug\ExceptionHandler->handle(Object(CodeIgniter\Exceptions\PageNotFoundException), Object(CodeIgniter\HTTP\IncomingRequest), Object(CodeIgniter\HTTP\Response), 404, 1)
#7 [internal function]: CodeIgniter\Debug\Exceptions->exceptionHandler(Object(CodeIgniter\Exceptions\PageNotFoundException))
#8 {main}
  thrown
【Previous Exception】
CodeIgniter\Exceptions\PageNotFoundException
Page Not Found
#0 D:\laragon\www\method-oldagehome\system\CodeIgniter.php(967): CodeIgniter\Exceptions\PageNotFoundException::forPageNotFound(NULL)
#1 D:\laragon\www\method-oldagehome\system\CodeIgniter.php(362): CodeIgniter\CodeIgniter->display404errors(Object(CodeIgniter\Exceptions\PageNotFoundException))
#2 D:\laragon\www\method-oldagehome\public\index.php(79): CodeIgniter\CodeIgniter->run()
#3 D:\laragon\www\method-oldagehome\system\Commands\Server\rewrite.php(47): require_once('D:\\laragon\\www\\...')
#4 {main}
in SYSTEMPATH\HTTP\ResponseTrait.php on line 774.
 1 [internal function]: CodeIgniter\Debug\Exceptions->shutdownHandler()
CRITICAL - 2024-11-28 00:13:38 --> Uncaught ErrorException: Cannot modify header information - headers already sent in D:\laragon\www\method-oldagehome\system\HTTP\ResponseTrait.php:774
Stack trace:
#0 [internal function]: CodeIgniter\Debug\Exceptions->errorHandler(2, 'Cannot modify h...', 'D:\\laragon\\www\\...', 774)
#1 D:\laragon\www\method-oldagehome\system\HTTP\ResponseTrait.php(774): setcookie('ci_session', 'foh7rplabq49nr8...', Array)
#2 D:\laragon\www\method-oldagehome\system\HTTP\ResponseTrait.php(750): CodeIgniter\HTTP\Response->doSetCookie('ci_session', 'foh7rplabq49nr8...', Array)
#3 D:\laragon\www\method-oldagehome\system\HTTP\ResponseTrait.php(730): CodeIgniter\HTTP\Response->dispatchCookies()
#4 D:\laragon\www\method-oldagehome\system\HTTP\ResponseTrait.php(447): CodeIgniter\HTTP\Response->sendCookies()
#5 D:\laragon\www\method-oldagehome\system\Debug\ExceptionHandler.php(78): CodeIgniter\HTTP\Response->send()
#6 D:\laragon\www\method-oldagehome\system\Debug\Exceptions.php(147): CodeIgniter\Debug\ExceptionHandler->handle(Object(CodeIgniter\Exceptions\PageNotFoundException), Object(CodeIgniter\HTTP\IncomingRequest), Object(CodeIgniter\HTTP\Response), 404, 1)
#7 [internal function]: CodeIgniter\Debug\Exceptions->exceptionHandler(Object(CodeIgniter\Exceptions\PageNotFoundException))
#8 {main}
  thrown
【Previous Exception】
CodeIgniter\Exceptions\PageNotFoundException
Page Not Found
#0 D:\laragon\www\method-oldagehome\system\CodeIgniter.php(967): CodeIgniter\Exceptions\PageNotFoundException::forPageNotFound(NULL)
#1 D:\laragon\www\method-oldagehome\system\CodeIgniter.php(362): CodeIgniter\CodeIgniter->display404errors(Object(CodeIgniter\Exceptions\PageNotFoundException))
#2 D:\laragon\www\method-oldagehome\public\index.php(79): CodeIgniter\CodeIgniter->run()
#3 D:\laragon\www\method-oldagehome\system\Commands\Server\rewrite.php(47): require_once('D:\\laragon\\www\\...')
#4 {main}
in SYSTEMPATH\HTTP\ResponseTrait.php on line 774.
 1 [internal function]: CodeIgniter\Debug\Exceptions->shutdownHandler()
CRITICAL - 2024-11-28 00:13:44 --> Uncaught ErrorException: Cannot modify header information - headers already sent in D:\laragon\www\method-oldagehome\system\HTTP\ResponseTrait.php:774
Stack trace:
#0 [internal function]: CodeIgniter\Debug\Exceptions->errorHandler(2, 'Cannot modify h...', 'D:\\laragon\\www\\...', 774)
#1 D:\laragon\www\method-oldagehome\system\HTTP\ResponseTrait.php(774): setcookie('ci_session', 'foh7rplabq49nr8...', Array)
#2 D:\laragon\www\method-oldagehome\system\HTTP\ResponseTrait.php(750): CodeIgniter\HTTP\Response->doSetCookie('ci_session', 'foh7rplabq49nr8...', Array)
#3 D:\laragon\www\method-oldagehome\system\HTTP\ResponseTrait.php(730): CodeIgniter\HTTP\Response->dispatchCookies()
#4 D:\laragon\www\method-oldagehome\system\HTTP\ResponseTrait.php(447): CodeIgniter\HTTP\Response->sendCookies()
#5 D:\laragon\www\method-oldagehome\system\Debug\ExceptionHandler.php(78): CodeIgniter\HTTP\Response->send()
#6 D:\laragon\www\method-oldagehome\system\Debug\Exceptions.php(147): CodeIgniter\Debug\ExceptionHandler->handle(Object(CodeIgniter\Exceptions\PageNotFoundException), Object(CodeIgniter\HTTP\IncomingRequest), Object(CodeIgniter\HTTP\Response), 404, 1)
#7 [internal function]: CodeIgniter\Debug\Exceptions->exceptionHandler(Object(CodeIgniter\Exceptions\PageNotFoundException))
#8 {main}
  thrown
【Previous Exception】
CodeIgniter\Exceptions\PageNotFoundException
Page Not Found
#0 D:\laragon\www\method-oldagehome\system\CodeIgniter.php(967): CodeIgniter\Exceptions\PageNotFoundException::forPageNotFound(NULL)
#1 D:\laragon\www\method-oldagehome\system\CodeIgniter.php(362): CodeIgniter\CodeIgniter->display404errors(Object(CodeIgniter\Exceptions\PageNotFoundException))
#2 D:\laragon\www\method-oldagehome\public\index.php(79): CodeIgniter\CodeIgniter->run()
#3 D:\laragon\www\method-oldagehome\system\Commands\Server\rewrite.php(47): require_once('D:\\laragon\\www\\...')
#4 {main}
in SYSTEMPATH\HTTP\ResponseTrait.php on line 774.
 1 [internal function]: CodeIgniter\Debug\Exceptions->shutdownHandler()
CRITICAL - 2024-11-28 00:13:45 --> Uncaught ErrorException: Cannot modify header information - headers already sent in D:\laragon\www\method-oldagehome\system\HTTP\ResponseTrait.php:774
Stack trace:
#0 [internal function]: CodeIgniter\Debug\Exceptions->errorHandler(2, 'Cannot modify h...', 'D:\\laragon\\www\\...', 774)
#1 D:\laragon\www\method-oldagehome\system\HTTP\ResponseTrait.php(774): setcookie('ci_session', 'foh7rplabq49nr8...', Array)
#2 D:\laragon\www\method-oldagehome\system\HTTP\ResponseTrait.php(750): CodeIgniter\HTTP\Response->doSetCookie('ci_session', 'foh7rplabq49nr8...', Array)
#3 D:\laragon\www\method-oldagehome\system\HTTP\ResponseTrait.php(730): CodeIgniter\HTTP\Response->dispatchCookies()
#4 D:\laragon\www\method-oldagehome\system\HTTP\ResponseTrait.php(447): CodeIgniter\HTTP\Response->sendCookies()
#5 D:\laragon\www\method-oldagehome\system\Debug\ExceptionHandler.php(78): CodeIgniter\HTTP\Response->send()
#6 D:\laragon\www\method-oldagehome\system\Debug\Exceptions.php(147): CodeIgniter\Debug\ExceptionHandler->handle(Object(CodeIgniter\Exceptions\PageNotFoundException), Object(CodeIgniter\HTTP\IncomingRequest), Object(CodeIgniter\HTTP\Response), 404, 1)
#7 [internal function]: CodeIgniter\Debug\Exceptions->exceptionHandler(Object(CodeIgniter\Exceptions\PageNotFoundException))
#8 {main}
  thrown
【Previous Exception】
CodeIgniter\Exceptions\PageNotFoundException
Page Not Found
#0 D:\laragon\www\method-oldagehome\system\CodeIgniter.php(967): CodeIgniter\Exceptions\PageNotFoundException::forPageNotFound(NULL)
#1 D:\laragon\www\method-oldagehome\system\CodeIgniter.php(362): CodeIgniter\CodeIgniter->display404errors(Object(CodeIgniter\Exceptions\PageNotFoundException))
#2 D:\laragon\www\method-oldagehome\public\index.php(79): CodeIgniter\CodeIgniter->run()
#3 D:\laragon\www\method-oldagehome\system\Commands\Server\rewrite.php(47): require_once('D:\\laragon\\www\\...')
#4 {main}
in SYSTEMPATH\HTTP\ResponseTrait.php on line 774.
 1 [internal function]: CodeIgniter\Debug\Exceptions->shutdownHandler()
CRITICAL - 2024-11-28 00:13:46 --> Uncaught ErrorException: Cannot modify header information - headers already sent in D:\laragon\www\method-oldagehome\system\HTTP\ResponseTrait.php:774
Stack trace:
#0 [internal function]: CodeIgniter\Debug\Exceptions->errorHandler(2, 'Cannot modify h...', 'D:\\laragon\\www\\...', 774)
#1 D:\laragon\www\method-oldagehome\system\HTTP\ResponseTrait.php(774): setcookie('ci_session', 'foh7rplabq49nr8...', Array)
#2 D:\laragon\www\method-oldagehome\system\HTTP\ResponseTrait.php(750): CodeIgniter\HTTP\Response->doSetCookie('ci_session', 'foh7rplabq49nr8...', Array)
#3 D:\laragon\www\method-oldagehome\system\HTTP\ResponseTrait.php(730): CodeIgniter\HTTP\Response->dispatchCookies()
#4 D:\laragon\www\method-oldagehome\system\HTTP\ResponseTrait.php(447): CodeIgniter\HTTP\Response->sendCookies()
#5 D:\laragon\www\method-oldagehome\system\Debug\ExceptionHandler.php(78): CodeIgniter\HTTP\Response->send()
#6 D:\laragon\www\method-oldagehome\system\Debug\Exceptions.php(147): CodeIgniter\Debug\ExceptionHandler->handle(Object(CodeIgniter\Exceptions\PageNotFoundException), Object(CodeIgniter\HTTP\IncomingRequest), Object(CodeIgniter\HTTP\Response), 404, 1)
#7 [internal function]: CodeIgniter\Debug\Exceptions->exceptionHandler(Object(CodeIgniter\Exceptions\PageNotFoundException))
#8 {main}
  thrown
【Previous Exception】
CodeIgniter\Exceptions\PageNotFoundException
Page Not Found
#0 D:\laragon\www\method-oldagehome\system\CodeIgniter.php(967): CodeIgniter\Exceptions\PageNotFoundException::forPageNotFound(NULL)
#1 D:\laragon\www\method-oldagehome\system\CodeIgniter.php(362): CodeIgniter\CodeIgniter->display404errors(Object(CodeIgniter\Exceptions\PageNotFoundException))
#2 D:\laragon\www\method-oldagehome\public\index.php(79): CodeIgniter\CodeIgniter->run()
#3 D:\laragon\www\method-oldagehome\system\Commands\Server\rewrite.php(47): require_once('D:\\laragon\\www\\...')
#4 {main}
in SYSTEMPATH\HTTP\ResponseTrait.php on line 774.
 1 [internal function]: CodeIgniter\Debug\Exceptions->shutdownHandler()
CRITICAL - 2024-11-28 00:13:47 --> Uncaught ErrorException: Cannot modify header information - headers already sent in D:\laragon\www\method-oldagehome\system\HTTP\ResponseTrait.php:774
Stack trace:
#0 [internal function]: CodeIgniter\Debug\Exceptions->errorHandler(2, 'Cannot modify h...', 'D:\\laragon\\www\\...', 774)
#1 D:\laragon\www\method-oldagehome\system\HTTP\ResponseTrait.php(774): setcookie('ci_session', 'foh7rplabq49nr8...', Array)
#2 D:\laragon\www\method-oldagehome\system\HTTP\ResponseTrait.php(750): CodeIgniter\HTTP\Response->doSetCookie('ci_session', 'foh7rplabq49nr8...', Array)
#3 D:\laragon\www\method-oldagehome\system\HTTP\ResponseTrait.php(730): CodeIgniter\HTTP\Response->dispatchCookies()
#4 D:\laragon\www\method-oldagehome\system\HTTP\ResponseTrait.php(447): CodeIgniter\HTTP\Response->sendCookies()
#5 D:\laragon\www\method-oldagehome\system\Debug\ExceptionHandler.php(78): CodeIgniter\HTTP\Response->send()
#6 D:\laragon\www\method-oldagehome\system\Debug\Exceptions.php(147): CodeIgniter\Debug\ExceptionHandler->handle(Object(CodeIgniter\Exceptions\PageNotFoundException), Object(CodeIgniter\HTTP\IncomingRequest), Object(CodeIgniter\HTTP\Response), 404, 1)
#7 [internal function]: CodeIgniter\Debug\Exceptions->exceptionHandler(Object(CodeIgniter\Exceptions\PageNotFoundException))
#8 {main}
  thrown
【Previous Exception】
CodeIgniter\Exceptions\PageNotFoundException
Page Not Found
#0 D:\laragon\www\method-oldagehome\system\CodeIgniter.php(967): CodeIgniter\Exceptions\PageNotFoundException::forPageNotFound(NULL)
#1 D:\laragon\www\method-oldagehome\system\CodeIgniter.php(362): CodeIgniter\CodeIgniter->display404errors(Object(CodeIgniter\Exceptions\PageNotFoundException))
#2 D:\laragon\www\method-oldagehome\public\index.php(79): CodeIgniter\CodeIgniter->run()
#3 D:\laragon\www\method-oldagehome\system\Commands\Server\rewrite.php(47): require_once('D:\\laragon\\www\\...')
#4 {main}
in SYSTEMPATH\HTTP\ResponseTrait.php on line 774.
 1 [internal function]: CodeIgniter\Debug\Exceptions->shutdownHandler()
CRITICAL - 2024-11-28 00:13:48 --> Uncaught ErrorException: Cannot modify header information - headers already sent in D:\laragon\www\method-oldagehome\system\HTTP\ResponseTrait.php:774
Stack trace:
#0 [internal function]: CodeIgniter\Debug\Exceptions->errorHandler(2, 'Cannot modify h...', 'D:\\laragon\\www\\...', 774)
#1 D:\laragon\www\method-oldagehome\system\HTTP\ResponseTrait.php(774): setcookie('ci_session', 'foh7rplabq49nr8...', Array)
#2 D:\laragon\www\method-oldagehome\system\HTTP\ResponseTrait.php(750): CodeIgniter\HTTP\Response->doSetCookie('ci_session', 'foh7rplabq49nr8...', Array)
#3 D:\laragon\www\method-oldagehome\system\HTTP\ResponseTrait.php(730): CodeIgniter\HTTP\Response->dispatchCookies()
#4 D:\laragon\www\method-oldagehome\system\HTTP\ResponseTrait.php(447): CodeIgniter\HTTP\Response->sendCookies()
#5 D:\laragon\www\method-oldagehome\system\Debug\ExceptionHandler.php(78): CodeIgniter\HTTP\Response->send()
#6 D:\laragon\www\method-oldagehome\system\Debug\Exceptions.php(147): CodeIgniter\Debug\ExceptionHandler->handle(Object(CodeIgniter\Exceptions\PageNotFoundException), Object(CodeIgniter\HTTP\IncomingRequest), Object(CodeIgniter\HTTP\Response), 404, 1)
#7 [internal function]: CodeIgniter\Debug\Exceptions->exceptionHandler(Object(CodeIgniter\Exceptions\PageNotFoundException))
#8 {main}
  thrown
【Previous Exception】
CodeIgniter\Exceptions\PageNotFoundException
Page Not Found
#0 D:\laragon\www\method-oldagehome\system\CodeIgniter.php(967): CodeIgniter\Exceptions\PageNotFoundException::forPageNotFound(NULL)
#1 D:\laragon\www\method-oldagehome\system\CodeIgniter.php(362): CodeIgniter\CodeIgniter->display404errors(Object(CodeIgniter\Exceptions\PageNotFoundException))
#2 D:\laragon\www\method-oldagehome\public\index.php(79): CodeIgniter\CodeIgniter->run()
#3 D:\laragon\www\method-oldagehome\system\Commands\Server\rewrite.php(47): require_once('D:\\laragon\\www\\...')
#4 {main}
in SYSTEMPATH\HTTP\ResponseTrait.php on line 774.
 1 [internal function]: CodeIgniter\Debug\Exceptions->shutdownHandler()
CRITICAL - 2024-11-28 00:13:49 --> Uncaught ErrorException: Cannot modify header information - headers already sent in D:\laragon\www\method-oldagehome\system\HTTP\ResponseTrait.php:774
Stack trace:
#0 [internal function]: CodeIgniter\Debug\Exceptions->errorHandler(2, 'Cannot modify h...', 'D:\\laragon\\www\\...', 774)
#1 D:\laragon\www\method-oldagehome\system\HTTP\ResponseTrait.php(774): setcookie('ci_session', 'foh7rplabq49nr8...', Array)
#2 D:\laragon\www\method-oldagehome\system\HTTP\ResponseTrait.php(750): CodeIgniter\HTTP\Response->doSetCookie('ci_session', 'foh7rplabq49nr8...', Array)
#3 D:\laragon\www\method-oldagehome\system\HTTP\ResponseTrait.php(730): CodeIgniter\HTTP\Response->dispatchCookies()
#4 D:\laragon\www\method-oldagehome\system\HTTP\ResponseTrait.php(447): CodeIgniter\HTTP\Response->sendCookies()
#5 D:\laragon\www\method-oldagehome\system\Debug\ExceptionHandler.php(78): CodeIgniter\HTTP\Response->send()
#6 D:\laragon\www\method-oldagehome\system\Debug\Exceptions.php(147): CodeIgniter\Debug\ExceptionHandler->handle(Object(CodeIgniter\Exceptions\PageNotFoundException), Object(CodeIgniter\HTTP\IncomingRequest), Object(CodeIgniter\HTTP\Response), 404, 1)
#7 [internal function]: CodeIgniter\Debug\Exceptions->exceptionHandler(Object(CodeIgniter\Exceptions\PageNotFoundException))
#8 {main}
  thrown
【Previous Exception】
CodeIgniter\Exceptions\PageNotFoundException
Page Not Found
#0 D:\laragon\www\method-oldagehome\system\CodeIgniter.php(967): CodeIgniter\Exceptions\PageNotFoundException::forPageNotFound(NULL)
#1 D:\laragon\www\method-oldagehome\system\CodeIgniter.php(362): CodeIgniter\CodeIgniter->display404errors(Object(CodeIgniter\Exceptions\PageNotFoundException))
#2 D:\laragon\www\method-oldagehome\public\index.php(79): CodeIgniter\CodeIgniter->run()
#3 D:\laragon\www\method-oldagehome\system\Commands\Server\rewrite.php(47): require_once('D:\\laragon\\www\\...')
#4 {main}
in SYSTEMPATH\HTTP\ResponseTrait.php on line 774.
 1 [internal function]: CodeIgniter\Debug\Exceptions->shutdownHandler()
CRITICAL - 2024-11-28 00:13:50 --> Uncaught ErrorException: Cannot modify header information - headers already sent in D:\laragon\www\method-oldagehome\system\HTTP\ResponseTrait.php:774
Stack trace:
#0 [internal function]: CodeIgniter\Debug\Exceptions->errorHandler(2, 'Cannot modify h...', 'D:\\laragon\\www\\...', 774)
#1 D:\laragon\www\method-oldagehome\system\HTTP\ResponseTrait.php(774): setcookie('ci_session', 'foh7rplabq49nr8...', Array)
#2 D:\laragon\www\method-oldagehome\system\HTTP\ResponseTrait.php(750): CodeIgniter\HTTP\Response->doSetCookie('ci_session', 'foh7rplabq49nr8...', Array)
#3 D:\laragon\www\method-oldagehome\system\HTTP\ResponseTrait.php(730): CodeIgniter\HTTP\Response->dispatchCookies()
#4 D:\laragon\www\method-oldagehome\system\HTTP\ResponseTrait.php(447): CodeIgniter\HTTP\Response->sendCookies()
#5 D:\laragon\www\method-oldagehome\system\Debug\ExceptionHandler.php(78): CodeIgniter\HTTP\Response->send()
#6 D:\laragon\www\method-oldagehome\system\Debug\Exceptions.php(147): CodeIgniter\Debug\ExceptionHandler->handle(Object(CodeIgniter\Exceptions\PageNotFoundException), Object(CodeIgniter\HTTP\IncomingRequest), Object(CodeIgniter\HTTP\Response), 404, 1)
#7 [internal function]: CodeIgniter\Debug\Exceptions->exceptionHandler(Object(CodeIgniter\Exceptions\PageNotFoundException))
#8 {main}
  thrown
【Previous Exception】
CodeIgniter\Exceptions\PageNotFoundException
Page Not Found
#0 D:\laragon\www\method-oldagehome\system\CodeIgniter.php(967): CodeIgniter\Exceptions\PageNotFoundException::forPageNotFound(NULL)
#1 D:\laragon\www\method-oldagehome\system\CodeIgniter.php(362): CodeIgniter\CodeIgniter->display404errors(Object(CodeIgniter\Exceptions\PageNotFoundException))
#2 D:\laragon\www\method-oldagehome\public\index.php(79): CodeIgniter\CodeIgniter->run()
#3 D:\laragon\www\method-oldagehome\system\Commands\Server\rewrite.php(47): require_once('D:\\laragon\\www\\...')
#4 {main}
in SYSTEMPATH\HTTP\ResponseTrait.php on line 774.
 1 [internal function]: CodeIgniter\Debug\Exceptions->shutdownHandler()
CRITICAL - 2024-11-28 00:13:51 --> Uncaught ErrorException: Cannot modify header information - headers already sent in D:\laragon\www\method-oldagehome\system\HTTP\ResponseTrait.php:774
Stack trace:
#0 [internal function]: CodeIgniter\Debug\Exceptions->errorHandler(2, 'Cannot modify h...', 'D:\\laragon\\www\\...', 774)
#1 D:\laragon\www\method-oldagehome\system\HTTP\ResponseTrait.php(774): setcookie('ci_session', 'foh7rplabq49nr8...', Array)
#2 D:\laragon\www\method-oldagehome\system\HTTP\ResponseTrait.php(750): CodeIgniter\HTTP\Response->doSetCookie('ci_session', 'foh7rplabq49nr8...', Array)
#3 D:\laragon\www\method-oldagehome\system\HTTP\ResponseTrait.php(730): CodeIgniter\HTTP\Response->dispatchCookies()
#4 D:\laragon\www\method-oldagehome\system\HTTP\ResponseTrait.php(447): CodeIgniter\HTTP\Response->sendCookies()
#5 D:\laragon\www\method-oldagehome\system\Debug\ExceptionHandler.php(78): CodeIgniter\HTTP\Response->send()
#6 D:\laragon\www\method-oldagehome\system\Debug\Exceptions.php(147): CodeIgniter\Debug\ExceptionHandler->handle(Object(CodeIgniter\Exceptions\PageNotFoundException), Object(CodeIgniter\HTTP\IncomingRequest), Object(CodeIgniter\HTTP\Response), 404, 1)
#7 [internal function]: CodeIgniter\Debug\Exceptions->exceptionHandler(Object(CodeIgniter\Exceptions\PageNotFoundException))
#8 {main}
  thrown
【Previous Exception】
CodeIgniter\Exceptions\PageNotFoundException
Page Not Found
#0 D:\laragon\www\method-oldagehome\system\CodeIgniter.php(967): CodeIgniter\Exceptions\PageNotFoundException::forPageNotFound(NULL)
#1 D:\laragon\www\method-oldagehome\system\CodeIgniter.php(362): CodeIgniter\CodeIgniter->display404errors(Object(CodeIgniter\Exceptions\PageNotFoundException))
#2 D:\laragon\www\method-oldagehome\public\index.php(79): CodeIgniter\CodeIgniter->run()
#3 D:\laragon\www\method-oldagehome\system\Commands\Server\rewrite.php(47): require_once('D:\\laragon\\www\\...')
#4 {main}
in SYSTEMPATH\HTTP\ResponseTrait.php on line 774.
 1 [internal function]: CodeIgniter\Debug\Exceptions->shutdownHandler()
CRITICAL - 2024-11-28 00:13:52 --> Uncaught ErrorException: Cannot modify header information - headers already sent in D:\laragon\www\method-oldagehome\system\HTTP\ResponseTrait.php:774
Stack trace:
#0 [internal function]: CodeIgniter\Debug\Exceptions->errorHandler(2, 'Cannot modify h...', 'D:\\laragon\\www\\...', 774)
#1 D:\laragon\www\method-oldagehome\system\HTTP\ResponseTrait.php(774): setcookie('ci_session', 'foh7rplabq49nr8...', Array)
#2 D:\laragon\www\method-oldagehome\system\HTTP\ResponseTrait.php(750): CodeIgniter\HTTP\Response->doSetCookie('ci_session', 'foh7rplabq49nr8...', Array)
#3 D:\laragon\www\method-oldagehome\system\HTTP\ResponseTrait.php(730): CodeIgniter\HTTP\Response->dispatchCookies()
#4 D:\laragon\www\method-oldagehome\system\HTTP\ResponseTrait.php(447): CodeIgniter\HTTP\Response->sendCookies()
#5 D:\laragon\www\method-oldagehome\system\Debug\ExceptionHandler.php(78): CodeIgniter\HTTP\Response->send()
#6 D:\laragon\www\method-oldagehome\system\Debug\Exceptions.php(147): CodeIgniter\Debug\ExceptionHandler->handle(Object(CodeIgniter\Exceptions\PageNotFoundException), Object(CodeIgniter\HTTP\IncomingRequest), Object(CodeIgniter\HTTP\Response), 404, 1)
#7 [internal function]: CodeIgniter\Debug\Exceptions->exceptionHandler(Object(CodeIgniter\Exceptions\PageNotFoundException))
#8 {main}
  thrown
【Previous Exception】
CodeIgniter\Exceptions\PageNotFoundException
Page Not Found
#0 D:\laragon\www\method-oldagehome\system\CodeIgniter.php(967): CodeIgniter\Exceptions\PageNotFoundException::forPageNotFound(NULL)
#1 D:\laragon\www\method-oldagehome\system\CodeIgniter.php(362): CodeIgniter\CodeIgniter->display404errors(Object(CodeIgniter\Exceptions\PageNotFoundException))
#2 D:\laragon\www\method-oldagehome\public\index.php(79): CodeIgniter\CodeIgniter->run()
#3 D:\laragon\www\method-oldagehome\system\Commands\Server\rewrite.php(47): require_once('D:\\laragon\\www\\...')
#4 {main}
in SYSTEMPATH\HTTP\ResponseTrait.php on line 774.
 1 [internal function]: CodeIgniter\Debug\Exceptions->shutdownHandler()
CRITICAL - 2024-11-28 00:13:53 --> Uncaught ErrorException: Cannot modify header information - headers already sent in D:\laragon\www\method-oldagehome\system\HTTP\ResponseTrait.php:774
Stack trace:
#0 [internal function]: CodeIgniter\Debug\Exceptions->errorHandler(2, 'Cannot modify h...', 'D:\\laragon\\www\\...', 774)
#1 D:\laragon\www\method-oldagehome\system\HTTP\ResponseTrait.php(774): setcookie('ci_session', 'foh7rplabq49nr8...', Array)
#2 D:\laragon\www\method-oldagehome\system\HTTP\ResponseTrait.php(750): CodeIgniter\HTTP\Response->doSetCookie('ci_session', 'foh7rplabq49nr8...', Array)
#3 D:\laragon\www\method-oldagehome\system\HTTP\ResponseTrait.php(730): CodeIgniter\HTTP\Response->dispatchCookies()
#4 D:\laragon\www\method-oldagehome\system\HTTP\ResponseTrait.php(447): CodeIgniter\HTTP\Response->sendCookies()
#5 D:\laragon\www\method-oldagehome\system\Debug\ExceptionHandler.php(78): CodeIgniter\HTTP\Response->send()
#6 D:\laragon\www\method-oldagehome\system\Debug\Exceptions.php(147): CodeIgniter\Debug\ExceptionHandler->handle(Object(CodeIgniter\Exceptions\PageNotFoundException), Object(CodeIgniter\HTTP\IncomingRequest), Object(CodeIgniter\HTTP\Response), 404, 1)
#7 [internal function]: CodeIgniter\Debug\Exceptions->exceptionHandler(Object(CodeIgniter\Exceptions\PageNotFoundException))
#8 {main}
  thrown
【Previous Exception】
CodeIgniter\Exceptions\PageNotFoundException
Page Not Found
#0 D:\laragon\www\method-oldagehome\system\CodeIgniter.php(967): CodeIgniter\Exceptions\PageNotFoundException::forPageNotFound(NULL)
#1 D:\laragon\www\method-oldagehome\system\CodeIgniter.php(362): CodeIgniter\CodeIgniter->display404errors(Object(CodeIgniter\Exceptions\PageNotFoundException))
#2 D:\laragon\www\method-oldagehome\public\index.php(79): CodeIgniter\CodeIgniter->run()
#3 D:\laragon\www\method-oldagehome\system\Commands\Server\rewrite.php(47): require_once('D:\\laragon\\www\\...')
#4 {main}
in SYSTEMPATH\HTTP\ResponseTrait.php on line 774.
 1 [internal function]: CodeIgniter\Debug\Exceptions->shutdownHandler()
CRITICAL - 2024-11-28 00:13:54 --> Uncaught ErrorException: Cannot modify header information - headers already sent in D:\laragon\www\method-oldagehome\system\HTTP\ResponseTrait.php:774
Stack trace:
#0 [internal function]: CodeIgniter\Debug\Exceptions->errorHandler(2, 'Cannot modify h...', 'D:\\laragon\\www\\...', 774)
#1 D:\laragon\www\method-oldagehome\system\HTTP\ResponseTrait.php(774): setcookie('ci_session', 'foh7rplabq49nr8...', Array)
#2 D:\laragon\www\method-oldagehome\system\HTTP\ResponseTrait.php(750): CodeIgniter\HTTP\Response->doSetCookie('ci_session', 'foh7rplabq49nr8...', Array)
#3 D:\laragon\www\method-oldagehome\system\HTTP\ResponseTrait.php(730): CodeIgniter\HTTP\Response->dispatchCookies()
#4 D:\laragon\www\method-oldagehome\system\HTTP\ResponseTrait.php(447): CodeIgniter\HTTP\Response->sendCookies()
#5 D:\laragon\www\method-oldagehome\system\Debug\ExceptionHandler.php(78): CodeIgniter\HTTP\Response->send()
#6 D:\laragon\www\method-oldagehome\system\Debug\Exceptions.php(147): CodeIgniter\Debug\ExceptionHandler->handle(Object(CodeIgniter\Exceptions\PageNotFoundException), Object(CodeIgniter\HTTP\IncomingRequest), Object(CodeIgniter\HTTP\Response), 404, 1)
#7 [internal function]: CodeIgniter\Debug\Exceptions->exceptionHandler(Object(CodeIgniter\Exceptions\PageNotFoundException))
#8 {main}
  thrown
【Previous Exception】
CodeIgniter\Exceptions\PageNotFoundException
Page Not Found
#0 D:\laragon\www\method-oldagehome\system\CodeIgniter.php(967): CodeIgniter\Exceptions\PageNotFoundException::forPageNotFound(NULL)
#1 D:\laragon\www\method-oldagehome\system\CodeIgniter.php(362): CodeIgniter\CodeIgniter->display404errors(Object(CodeIgniter\Exceptions\PageNotFoundException))
#2 D:\laragon\www\method-oldagehome\public\index.php(79): CodeIgniter\CodeIgniter->run()
#3 D:\laragon\www\method-oldagehome\system\Commands\Server\rewrite.php(47): require_once('D:\\laragon\\www\\...')
#4 {main}
in SYSTEMPATH\HTTP\ResponseTrait.php on line 774.
 1 [internal function]: CodeIgniter\Debug\Exceptions->shutdownHandler()
CRITICAL - 2024-11-28 00:13:55 --> Uncaught ErrorException: Cannot modify header information - headers already sent in D:\laragon\www\method-oldagehome\system\HTTP\ResponseTrait.php:774
Stack trace:
#0 [internal function]: CodeIgniter\Debug\Exceptions->errorHandler(2, 'Cannot modify h...', 'D:\\laragon\\www\\...', 774)
#1 D:\laragon\www\method-oldagehome\system\HTTP\ResponseTrait.php(774): setcookie('ci_session', 'foh7rplabq49nr8...', Array)
#2 D:\laragon\www\method-oldagehome\system\HTTP\ResponseTrait.php(750): CodeIgniter\HTTP\Response->doSetCookie('ci_session', 'foh7rplabq49nr8...', Array)
#3 D:\laragon\www\method-oldagehome\system\HTTP\ResponseTrait.php(730): CodeIgniter\HTTP\Response->dispatchCookies()
#4 D:\laragon\www\method-oldagehome\system\HTTP\ResponseTrait.php(447): CodeIgniter\HTTP\Response->sendCookies()
#5 D:\laragon\www\method-oldagehome\system\Debug\ExceptionHandler.php(78): CodeIgniter\HTTP\Response->send()
#6 D:\laragon\www\method-oldagehome\system\Debug\Exceptions.php(147): CodeIgniter\Debug\ExceptionHandler->handle(Object(CodeIgniter\Exceptions\PageNotFoundException), Object(CodeIgniter\HTTP\IncomingRequest), Object(CodeIgniter\HTTP\Response), 404, 1)
#7 [internal function]: CodeIgniter\Debug\Exceptions->exceptionHandler(Object(CodeIgniter\Exceptions\PageNotFoundException))
#8 {main}
  thrown
【Previous Exception】
CodeIgniter\Exceptions\PageNotFoundException
Page Not Found
#0 D:\laragon\www\method-oldagehome\system\CodeIgniter.php(967): CodeIgniter\Exceptions\PageNotFoundException::forPageNotFound(NULL)
#1 D:\laragon\www\method-oldagehome\system\CodeIgniter.php(362): CodeIgniter\CodeIgniter->display404errors(Object(CodeIgniter\Exceptions\PageNotFoundException))
#2 D:\laragon\www\method-oldagehome\public\index.php(79): CodeIgniter\CodeIgniter->run()
#3 D:\laragon\www\method-oldagehome\system\Commands\Server\rewrite.php(47): require_once('D:\\laragon\\www\\...')
#4 {main}
in SYSTEMPATH\HTTP\ResponseTrait.php on line 774.
 1 [internal function]: CodeIgniter\Debug\Exceptions->shutdownHandler()
CRITICAL - 2024-11-28 00:13:56 --> Uncaught ErrorException: Cannot modify header information - headers already sent in D:\laragon\www\method-oldagehome\system\HTTP\ResponseTrait.php:774
Stack trace:
#0 [internal function]: CodeIgniter\Debug\Exceptions->errorHandler(2, 'Cannot modify h...', 'D:\\laragon\\www\\...', 774)
#1 D:\laragon\www\method-oldagehome\system\HTTP\ResponseTrait.php(774): setcookie('ci_session', 'foh7rplabq49nr8...', Array)
#2 D:\laragon\www\method-oldagehome\system\HTTP\ResponseTrait.php(750): CodeIgniter\HTTP\Response->doSetCookie('ci_session', 'foh7rplabq49nr8...', Array)
#3 D:\laragon\www\method-oldagehome\system\HTTP\ResponseTrait.php(730): CodeIgniter\HTTP\Response->dispatchCookies()
#4 D:\laragon\www\method-oldagehome\system\HTTP\ResponseTrait.php(447): CodeIgniter\HTTP\Response->sendCookies()
#5 D:\laragon\www\method-oldagehome\system\Debug\ExceptionHandler.php(78): CodeIgniter\HTTP\Response->send()
#6 D:\laragon\www\method-oldagehome\system\Debug\Exceptions.php(147): CodeIgniter\Debug\ExceptionHandler->handle(Object(CodeIgniter\Exceptions\PageNotFoundException), Object(CodeIgniter\HTTP\IncomingRequest), Object(CodeIgniter\HTTP\Response), 404, 1)
#7 [internal function]: CodeIgniter\Debug\Exceptions->exceptionHandler(Object(CodeIgniter\Exceptions\PageNotFoundException))
#8 {main}
  thrown
【Previous Exception】
CodeIgniter\Exceptions\PageNotFoundException
Page Not Found
#0 D:\laragon\www\method-oldagehome\system\CodeIgniter.php(967): CodeIgniter\Exceptions\PageNotFoundException::forPageNotFound(NULL)
#1 D:\laragon\www\method-oldagehome\system\CodeIgniter.php(362): CodeIgniter\CodeIgniter->display404errors(Object(CodeIgniter\Exceptions\PageNotFoundException))
#2 D:\laragon\www\method-oldagehome\public\index.php(79): CodeIgniter\CodeIgniter->run()
#3 D:\laragon\www\method-oldagehome\system\Commands\Server\rewrite.php(47): require_once('D:\\laragon\\www\\...')
#4 {main}
in SYSTEMPATH\HTTP\ResponseTrait.php on line 774.
 1 [internal function]: CodeIgniter\Debug\Exceptions->shutdownHandler()
CRITICAL - 2024-11-28 00:13:57 --> Uncaught ErrorException: Cannot modify header information - headers already sent in D:\laragon\www\method-oldagehome\system\HTTP\ResponseTrait.php:774
Stack trace:
#0 [internal function]: CodeIgniter\Debug\Exceptions->errorHandler(2, 'Cannot modify h...', 'D:\\laragon\\www\\...', 774)
#1 D:\laragon\www\method-oldagehome\system\HTTP\ResponseTrait.php(774): setcookie('ci_session', 'foh7rplabq49nr8...', Array)
#2 D:\laragon\www\method-oldagehome\system\HTTP\ResponseTrait.php(750): CodeIgniter\HTTP\Response->doSetCookie('ci_session', 'foh7rplabq49nr8...', Array)
#3 D:\laragon\www\method-oldagehome\system\HTTP\ResponseTrait.php(730): CodeIgniter\HTTP\Response->dispatchCookies()
#4 D:\laragon\www\method-oldagehome\system\HTTP\ResponseTrait.php(447): CodeIgniter\HTTP\Response->sendCookies()
#5 D:\laragon\www\method-oldagehome\system\Debug\ExceptionHandler.php(78): CodeIgniter\HTTP\Response->send()
#6 D:\laragon\www\method-oldagehome\system\Debug\Exceptions.php(147): CodeIgniter\Debug\ExceptionHandler->handle(Object(CodeIgniter\Exceptions\PageNotFoundException), Object(CodeIgniter\HTTP\IncomingRequest), Object(CodeIgniter\HTTP\Response), 404, 1)
#7 [internal function]: CodeIgniter\Debug\Exceptions->exceptionHandler(Object(CodeIgniter\Exceptions\PageNotFoundException))
#8 {main}
  thrown
【Previous Exception】
CodeIgniter\Exceptions\PageNotFoundException
Page Not Found
#0 D:\laragon\www\method-oldagehome\system\CodeIgniter.php(967): CodeIgniter\Exceptions\PageNotFoundException::forPageNotFound(NULL)
#1 D:\laragon\www\method-oldagehome\system\CodeIgniter.php(362): CodeIgniter\CodeIgniter->display404errors(Object(CodeIgniter\Exceptions\PageNotFoundException))
#2 D:\laragon\www\method-oldagehome\public\index.php(79): CodeIgniter\CodeIgniter->run()
#3 D:\laragon\www\method-oldagehome\system\Commands\Server\rewrite.php(47): require_once('D:\\laragon\\www\\...')
#4 {main}
in SYSTEMPATH\HTTP\ResponseTrait.php on line 774.
 1 [internal function]: CodeIgniter\Debug\Exceptions->shutdownHandler()
CRITICAL - 2024-11-28 00:13:58 --> Uncaught ErrorException: Cannot modify header information - headers already sent in D:\laragon\www\method-oldagehome\system\HTTP\ResponseTrait.php:774
Stack trace:
#0 [internal function]: CodeIgniter\Debug\Exceptions->errorHandler(2, 'Cannot modify h...', 'D:\\laragon\\www\\...', 774)
#1 D:\laragon\www\method-oldagehome\system\HTTP\ResponseTrait.php(774): setcookie('ci_session', 'foh7rplabq49nr8...', Array)
#2 D:\laragon\www\method-oldagehome\system\HTTP\ResponseTrait.php(750): CodeIgniter\HTTP\Response->doSetCookie('ci_session', 'foh7rplabq49nr8...', Array)
#3 D:\laragon\www\method-oldagehome\system\HTTP\ResponseTrait.php(730): CodeIgniter\HTTP\Response->dispatchCookies()
#4 D:\laragon\www\method-oldagehome\system\HTTP\ResponseTrait.php(447): CodeIgniter\HTTP\Response->sendCookies()
#5 D:\laragon\www\method-oldagehome\system\Debug\ExceptionHandler.php(78): CodeIgniter\HTTP\Response->send()
#6 D:\laragon\www\method-oldagehome\system\Debug\Exceptions.php(147): CodeIgniter\Debug\ExceptionHandler->handle(Object(CodeIgniter\Exceptions\PageNotFoundException), Object(CodeIgniter\HTTP\IncomingRequest), Object(CodeIgniter\HTTP\Response), 404, 1)
#7 [internal function]: CodeIgniter\Debug\Exceptions->exceptionHandler(Object(CodeIgniter\Exceptions\PageNotFoundException))
#8 {main}
  thrown
【Previous Exception】
CodeIgniter\Exceptions\PageNotFoundException
Page Not Found
#0 D:\laragon\www\method-oldagehome\system\CodeIgniter.php(967): CodeIgniter\Exceptions\PageNotFoundException::forPageNotFound(NULL)
#1 D:\laragon\www\method-oldagehome\system\CodeIgniter.php(362): CodeIgniter\CodeIgniter->display404errors(Object(CodeIgniter\Exceptions\PageNotFoundException))
#2 D:\laragon\www\method-oldagehome\public\index.php(79): CodeIgniter\CodeIgniter->run()
#3 D:\laragon\www\method-oldagehome\system\Commands\Server\rewrite.php(47): require_once('D:\\laragon\\www\\...')
#4 {main}
in SYSTEMPATH\HTTP\ResponseTrait.php on line 774.
 1 [internal function]: CodeIgniter\Debug\Exceptions->shutdownHandler()
CRITICAL - 2024-11-28 00:13:59 --> Uncaught ErrorException: Cannot modify header information - headers already sent in D:\laragon\www\method-oldagehome\system\HTTP\ResponseTrait.php:774
Stack trace:
#0 [internal function]: CodeIgniter\Debug\Exceptions->errorHandler(2, 'Cannot modify h...', 'D:\\laragon\\www\\...', 774)
#1 D:\laragon\www\method-oldagehome\system\HTTP\ResponseTrait.php(774): setcookie('ci_session', 'foh7rplabq49nr8...', Array)
#2 D:\laragon\www\method-oldagehome\system\HTTP\ResponseTrait.php(750): CodeIgniter\HTTP\Response->doSetCookie('ci_session', 'foh7rplabq49nr8...', Array)
#3 D:\laragon\www\method-oldagehome\system\HTTP\ResponseTrait.php(730): CodeIgniter\HTTP\Response->dispatchCookies()
#4 D:\laragon\www\method-oldagehome\system\HTTP\ResponseTrait.php(447): CodeIgniter\HTTP\Response->sendCookies()
#5 D:\laragon\www\method-oldagehome\system\Debug\ExceptionHandler.php(78): CodeIgniter\HTTP\Response->send()
#6 D:\laragon\www\method-oldagehome\system\Debug\Exceptions.php(147): CodeIgniter\Debug\ExceptionHandler->handle(Object(CodeIgniter\Exceptions\PageNotFoundException), Object(CodeIgniter\HTTP\IncomingRequest), Object(CodeIgniter\HTTP\Response), 404, 1)
#7 [internal function]: CodeIgniter\Debug\Exceptions->exceptionHandler(Object(CodeIgniter\Exceptions\PageNotFoundException))
#8 {main}
  thrown
【Previous Exception】
CodeIgniter\Exceptions\PageNotFoundException
Page Not Found
#0 D:\laragon\www\method-oldagehome\system\CodeIgniter.php(967): CodeIgniter\Exceptions\PageNotFoundException::forPageNotFound(NULL)
#1 D:\laragon\www\method-oldagehome\system\CodeIgniter.php(362): CodeIgniter\CodeIgniter->display404errors(Object(CodeIgniter\Exceptions\PageNotFoundException))
#2 D:\laragon\www\method-oldagehome\public\index.php(79): CodeIgniter\CodeIgniter->run()
#3 D:\laragon\www\method-oldagehome\system\Commands\Server\rewrite.php(47): require_once('D:\\laragon\\www\\...')
#4 {main}
in SYSTEMPATH\HTTP\ResponseTrait.php on line 774.
 1 [internal function]: CodeIgniter\Debug\Exceptions->shutdownHandler()
CRITICAL - 2024-11-28 00:14:00 --> Uncaught ErrorException: Cannot modify header information - headers already sent in D:\laragon\www\method-oldagehome\system\HTTP\ResponseTrait.php:774
Stack trace:
#0 [internal function]: CodeIgniter\Debug\Exceptions->errorHandler(2, 'Cannot modify h...', 'D:\\laragon\\www\\...', 774)
#1 D:\laragon\www\method-oldagehome\system\HTTP\ResponseTrait.php(774): setcookie('ci_session', 'foh7rplabq49nr8...', Array)
#2 D:\laragon\www\method-oldagehome\system\HTTP\ResponseTrait.php(750): CodeIgniter\HTTP\Response->doSetCookie('ci_session', 'foh7rplabq49nr8...', Array)
#3 D:\laragon\www\method-oldagehome\system\HTTP\ResponseTrait.php(730): CodeIgniter\HTTP\Response->dispatchCookies()
#4 D:\laragon\www\method-oldagehome\system\HTTP\ResponseTrait.php(447): CodeIgniter\HTTP\Response->sendCookies()
#5 D:\laragon\www\method-oldagehome\system\Debug\ExceptionHandler.php(78): CodeIgniter\HTTP\Response->send()
#6 D:\laragon\www\method-oldagehome\system\Debug\Exceptions.php(147): CodeIgniter\Debug\ExceptionHandler->handle(Object(CodeIgniter\Exceptions\PageNotFoundException), Object(CodeIgniter\HTTP\IncomingRequest), Object(CodeIgniter\HTTP\Response), 404, 1)
#7 [internal function]: CodeIgniter\Debug\Exceptions->exceptionHandler(Object(CodeIgniter\Exceptions\PageNotFoundException))
#8 {main}
  thrown
【Previous Exception】
CodeIgniter\Exceptions\PageNotFoundException
Page Not Found
#0 D:\laragon\www\method-oldagehome\system\CodeIgniter.php(967): CodeIgniter\Exceptions\PageNotFoundException::forPageNotFound(NULL)
#1 D:\laragon\www\method-oldagehome\system\CodeIgniter.php(362): CodeIgniter\CodeIgniter->display404errors(Object(CodeIgniter\Exceptions\PageNotFoundException))
#2 D:\laragon\www\method-oldagehome\public\index.php(79): CodeIgniter\CodeIgniter->run()
#3 D:\laragon\www\method-oldagehome\system\Commands\Server\rewrite.php(47): require_once('D:\\laragon\\www\\...')
#4 {main}
in SYSTEMPATH\HTTP\ResponseTrait.php on line 774.
 1 [internal function]: CodeIgniter\Debug\Exceptions->shutdownHandler()
CRITICAL - 2024-11-28 00:14:01 --> Uncaught ErrorException: Cannot modify header information - headers already sent in D:\laragon\www\method-oldagehome\system\HTTP\ResponseTrait.php:774
Stack trace:
#0 [internal function]: CodeIgniter\Debug\Exceptions->errorHandler(2, 'Cannot modify h...', 'D:\\laragon\\www\\...', 774)
#1 D:\laragon\www\method-oldagehome\system\HTTP\ResponseTrait.php(774): setcookie('ci_session', 'foh7rplabq49nr8...', Array)
#2 D:\laragon\www\method-oldagehome\system\HTTP\ResponseTrait.php(750): CodeIgniter\HTTP\Response->doSetCookie('ci_session', 'foh7rplabq49nr8...', Array)
#3 D:\laragon\www\method-oldagehome\system\HTTP\ResponseTrait.php(730): CodeIgniter\HTTP\Response->dispatchCookies()
#4 D:\laragon\www\method-oldagehome\system\HTTP\ResponseTrait.php(447): CodeIgniter\HTTP\Response->sendCookies()
#5 D:\laragon\www\method-oldagehome\system\Debug\ExceptionHandler.php(78): CodeIgniter\HTTP\Response->send()
#6 D:\laragon\www\method-oldagehome\system\Debug\Exceptions.php(147): CodeIgniter\Debug\ExceptionHandler->handle(Object(CodeIgniter\Exceptions\PageNotFoundException), Object(CodeIgniter\HTTP\IncomingRequest), Object(CodeIgniter\HTTP\Response), 404, 1)
#7 [internal function]: CodeIgniter\Debug\Exceptions->exceptionHandler(Object(CodeIgniter\Exceptions\PageNotFoundException))
#8 {main}
  thrown
【Previous Exception】
CodeIgniter\Exceptions\PageNotFoundException
Page Not Found
#0 D:\laragon\www\method-oldagehome\system\CodeIgniter.php(967): CodeIgniter\Exceptions\PageNotFoundException::forPageNotFound(NULL)
#1 D:\laragon\www\method-oldagehome\system\CodeIgniter.php(362): CodeIgniter\CodeIgniter->display404errors(Object(CodeIgniter\Exceptions\PageNotFoundException))
#2 D:\laragon\www\method-oldagehome\public\index.php(79): CodeIgniter\CodeIgniter->run()
#3 D:\laragon\www\method-oldagehome\system\Commands\Server\rewrite.php(47): require_once('D:\\laragon\\www\\...')
#4 {main}
in SYSTEMPATH\HTTP\ResponseTrait.php on line 774.
 1 [internal function]: CodeIgniter\Debug\Exceptions->shutdownHandler()
CRITICAL - 2024-11-28 00:14:02 --> Uncaught ErrorException: Cannot modify header information - headers already sent in D:\laragon\www\method-oldagehome\system\HTTP\ResponseTrait.php:774
Stack trace:
#0 [internal function]: CodeIgniter\Debug\Exceptions->errorHandler(2, 'Cannot modify h...', 'D:\\laragon\\www\\...', 774)
#1 D:\laragon\www\method-oldagehome\system\HTTP\ResponseTrait.php(774): setcookie('ci_session', 'foh7rplabq49nr8...', Array)
#2 D:\laragon\www\method-oldagehome\system\HTTP\ResponseTrait.php(750): CodeIgniter\HTTP\Response->doSetCookie('ci_session', 'foh7rplabq49nr8...', Array)
#3 D:\laragon\www\method-oldagehome\system\HTTP\ResponseTrait.php(730): CodeIgniter\HTTP\Response->dispatchCookies()
#4 D:\laragon\www\method-oldagehome\system\HTTP\ResponseTrait.php(447): CodeIgniter\HTTP\Response->sendCookies()
#5 D:\laragon\www\method-oldagehome\system\Debug\ExceptionHandler.php(78): CodeIgniter\HTTP\Response->send()
#6 D:\laragon\www\method-oldagehome\system\Debug\Exceptions.php(147): CodeIgniter\Debug\ExceptionHandler->handle(Object(CodeIgniter\Exceptions\PageNotFoundException), Object(CodeIgniter\HTTP\IncomingRequest), Object(CodeIgniter\HTTP\Response), 404, 1)
#7 [internal function]: CodeIgniter\Debug\Exceptions->exceptionHandler(Object(CodeIgniter\Exceptions\PageNotFoundException))
#8 {main}
  thrown
【Previous Exception】
CodeIgniter\Exceptions\PageNotFoundException
Page Not Found
#0 D:\laragon\www\method-oldagehome\system\CodeIgniter.php(967): CodeIgniter\Exceptions\PageNotFoundException::forPageNotFound(NULL)
#1 D:\laragon\www\method-oldagehome\system\CodeIgniter.php(362): CodeIgniter\CodeIgniter->display404errors(Object(CodeIgniter\Exceptions\PageNotFoundException))
#2 D:\laragon\www\method-oldagehome\public\index.php(79): CodeIgniter\CodeIgniter->run()
#3 D:\laragon\www\method-oldagehome\system\Commands\Server\rewrite.php(47): require_once('D:\\laragon\\www\\...')
#4 {main}
in SYSTEMPATH\HTTP\ResponseTrait.php on line 774.
 1 [internal function]: CodeIgniter\Debug\Exceptions->shutdownHandler()
CRITICAL - 2024-11-28 00:14:03 --> Uncaught ErrorException: Cannot modify header information - headers already sent in D:\laragon\www\method-oldagehome\system\HTTP\ResponseTrait.php:774
Stack trace:
#0 [internal function]: CodeIgniter\Debug\Exceptions->errorHandler(2, 'Cannot modify h...', 'D:\\laragon\\www\\...', 774)
#1 D:\laragon\www\method-oldagehome\system\HTTP\ResponseTrait.php(774): setcookie('ci_session', 'foh7rplabq49nr8...', Array)
#2 D:\laragon\www\method-oldagehome\system\HTTP\ResponseTrait.php(750): CodeIgniter\HTTP\Response->doSetCookie('ci_session', 'foh7rplabq49nr8...', Array)
#3 D:\laragon\www\method-oldagehome\system\HTTP\ResponseTrait.php(730): CodeIgniter\HTTP\Response->dispatchCookies()
#4 D:\laragon\www\method-oldagehome\system\HTTP\ResponseTrait.php(447): CodeIgniter\HTTP\Response->sendCookies()
#5 D:\laragon\www\method-oldagehome\system\Debug\ExceptionHandler.php(78): CodeIgniter\HTTP\Response->send()
#6 D:\laragon\www\method-oldagehome\system\Debug\Exceptions.php(147): CodeIgniter\Debug\ExceptionHandler->handle(Object(CodeIgniter\Exceptions\PageNotFoundException), Object(CodeIgniter\HTTP\IncomingRequest), Object(CodeIgniter\HTTP\Response), 404, 1)
#7 [internal function]: CodeIgniter\Debug\Exceptions->exceptionHandler(Object(CodeIgniter\Exceptions\PageNotFoundException))
#8 {main}
  thrown
【Previous Exception】
CodeIgniter\Exceptions\PageNotFoundException
Page Not Found
#0 D:\laragon\www\method-oldagehome\system\CodeIgniter.php(967): CodeIgniter\Exceptions\PageNotFoundException::forPageNotFound(NULL)
#1 D:\laragon\www\method-oldagehome\system\CodeIgniter.php(362): CodeIgniter\CodeIgniter->display404errors(Object(CodeIgniter\Exceptions\PageNotFoundException))
#2 D:\laragon\www\method-oldagehome\public\index.php(79): CodeIgniter\CodeIgniter->run()
#3 D:\laragon\www\method-oldagehome\system\Commands\Server\rewrite.php(47): require_once('D:\\laragon\\www\\...')
#4 {main}
in SYSTEMPATH\HTTP\ResponseTrait.php on line 774.
 1 [internal function]: CodeIgniter\Debug\Exceptions->shutdownHandler()
CRITICAL - 2024-11-28 00:14:04 --> Uncaught ErrorException: Cannot modify header information - headers already sent in D:\laragon\www\method-oldagehome\system\HTTP\ResponseTrait.php:774
Stack trace:
#0 [internal function]: CodeIgniter\Debug\Exceptions->errorHandler(2, 'Cannot modify h...', 'D:\\laragon\\www\\...', 774)
#1 D:\laragon\www\method-oldagehome\system\HTTP\ResponseTrait.php(774): setcookie('ci_session', 'foh7rplabq49nr8...', Array)
#2 D:\laragon\www\method-oldagehome\system\HTTP\ResponseTrait.php(750): CodeIgniter\HTTP\Response->doSetCookie('ci_session', 'foh7rplabq49nr8...', Array)
#3 D:\laragon\www\method-oldagehome\system\HTTP\ResponseTrait.php(730): CodeIgniter\HTTP\Response->dispatchCookies()
#4 D:\laragon\www\method-oldagehome\system\HTTP\ResponseTrait.php(447): CodeIgniter\HTTP\Response->sendCookies()
#5 D:\laragon\www\method-oldagehome\system\Debug\ExceptionHandler.php(78): CodeIgniter\HTTP\Response->send()
#6 D:\laragon\www\method-oldagehome\system\Debug\Exceptions.php(147): CodeIgniter\Debug\ExceptionHandler->handle(Object(CodeIgniter\Exceptions\PageNotFoundException), Object(CodeIgniter\HTTP\IncomingRequest), Object(CodeIgniter\HTTP\Response), 404, 1)
#7 [internal function]: CodeIgniter\Debug\Exceptions->exceptionHandler(Object(CodeIgniter\Exceptions\PageNotFoundException))
#8 {main}
  thrown
【Previous Exception】
CodeIgniter\Exceptions\PageNotFoundException
Page Not Found
#0 D:\laragon\www\method-oldagehome\system\CodeIgniter.php(967): CodeIgniter\Exceptions\PageNotFoundException::forPageNotFound(NULL)
#1 D:\laragon\www\method-oldagehome\system\CodeIgniter.php(362): CodeIgniter\CodeIgniter->display404errors(Object(CodeIgniter\Exceptions\PageNotFoundException))
#2 D:\laragon\www\method-oldagehome\public\index.php(79): CodeIgniter\CodeIgniter->run()
#3 D:\laragon\www\method-oldagehome\system\Commands\Server\rewrite.php(47): require_once('D:\\laragon\\www\\...')
#4 {main}
in SYSTEMPATH\HTTP\ResponseTrait.php on line 774.
 1 [internal function]: CodeIgniter\Debug\Exceptions->shutdownHandler()
CRITICAL - 2024-11-28 00:14:05 --> Uncaught ErrorException: Cannot modify header information - headers already sent in D:\laragon\www\method-oldagehome\system\HTTP\ResponseTrait.php:774
Stack trace:
#0 [internal function]: CodeIgniter\Debug\Exceptions->errorHandler(2, 'Cannot modify h...', 'D:\\laragon\\www\\...', 774)
#1 D:\laragon\www\method-oldagehome\system\HTTP\ResponseTrait.php(774): setcookie('ci_session', 'foh7rplabq49nr8...', Array)
#2 D:\laragon\www\method-oldagehome\system\HTTP\ResponseTrait.php(750): CodeIgniter\HTTP\Response->doSetCookie('ci_session', 'foh7rplabq49nr8...', Array)
#3 D:\laragon\www\method-oldagehome\system\HTTP\ResponseTrait.php(730): CodeIgniter\HTTP\Response->dispatchCookies()
#4 D:\laragon\www\method-oldagehome\system\HTTP\ResponseTrait.php(447): CodeIgniter\HTTP\Response->sendCookies()
#5 D:\laragon\www\method-oldagehome\system\Debug\ExceptionHandler.php(78): CodeIgniter\HTTP\Response->send()
#6 D:\laragon\www\method-oldagehome\system\Debug\Exceptions.php(147): CodeIgniter\Debug\ExceptionHandler->handle(Object(CodeIgniter\Exceptions\PageNotFoundException), Object(CodeIgniter\HTTP\IncomingRequest), Object(CodeIgniter\HTTP\Response), 404, 1)
#7 [internal function]: CodeIgniter\Debug\Exceptions->exceptionHandler(Object(CodeIgniter\Exceptions\PageNotFoundException))
#8 {main}
  thrown
【Previous Exception】
CodeIgniter\Exceptions\PageNotFoundException
Page Not Found
#0 D:\laragon\www\method-oldagehome\system\CodeIgniter.php(967): CodeIgniter\Exceptions\PageNotFoundException::forPageNotFound(NULL)
#1 D:\laragon\www\method-oldagehome\system\CodeIgniter.php(362): CodeIgniter\CodeIgniter->display404errors(Object(CodeIgniter\Exceptions\PageNotFoundException))
#2 D:\laragon\www\method-oldagehome\public\index.php(79): CodeIgniter\CodeIgniter->run()
#3 D:\laragon\www\method-oldagehome\system\Commands\Server\rewrite.php(47): require_once('D:\\laragon\\www\\...')
#4 {main}
in SYSTEMPATH\HTTP\ResponseTrait.php on line 774.
 1 [internal function]: CodeIgniter\Debug\Exceptions->shutdownHandler()
CRITICAL - 2024-11-28 00:14:06 --> Uncaught ErrorException: Cannot modify header information - headers already sent in D:\laragon\www\method-oldagehome\system\HTTP\ResponseTrait.php:774
Stack trace:
#0 [internal function]: CodeIgniter\Debug\Exceptions->errorHandler(2, 'Cannot modify h...', 'D:\\laragon\\www\\...', 774)
#1 D:\laragon\www\method-oldagehome\system\HTTP\ResponseTrait.php(774): setcookie('ci_session', 'foh7rplabq49nr8...', Array)
#2 D:\laragon\www\method-oldagehome\system\HTTP\ResponseTrait.php(750): CodeIgniter\HTTP\Response->doSetCookie('ci_session', 'foh7rplabq49nr8...', Array)
#3 D:\laragon\www\method-oldagehome\system\HTTP\ResponseTrait.php(730): CodeIgniter\HTTP\Response->dispatchCookies()
#4 D:\laragon\www\method-oldagehome\system\HTTP\ResponseTrait.php(447): CodeIgniter\HTTP\Response->sendCookies()
#5 D:\laragon\www\method-oldagehome\system\Debug\ExceptionHandler.php(78): CodeIgniter\HTTP\Response->send()
#6 D:\laragon\www\method-oldagehome\system\Debug\Exceptions.php(147): CodeIgniter\Debug\ExceptionHandler->handle(Object(CodeIgniter\Exceptions\PageNotFoundException), Object(CodeIgniter\HTTP\IncomingRequest), Object(CodeIgniter\HTTP\Response), 404, 1)
#7 [internal function]: CodeIgniter\Debug\Exceptions->exceptionHandler(Object(CodeIgniter\Exceptions\PageNotFoundException))
#8 {main}
  thrown
【Previous Exception】
CodeIgniter\Exceptions\PageNotFoundException
Page Not Found
#0 D:\laragon\www\method-oldagehome\system\CodeIgniter.php(967): CodeIgniter\Exceptions\PageNotFoundException::forPageNotFound(NULL)
#1 D:\laragon\www\method-oldagehome\system\CodeIgniter.php(362): CodeIgniter\CodeIgniter->display404errors(Object(CodeIgniter\Exceptions\PageNotFoundException))
#2 D:\laragon\www\method-oldagehome\public\index.php(79): CodeIgniter\CodeIgniter->run()
#3 D:\laragon\www\method-oldagehome\system\Commands\Server\rewrite.php(47): require_once('D:\\laragon\\www\\...')
#4 {main}
in SYSTEMPATH\HTTP\ResponseTrait.php on line 774.
 1 [internal function]: CodeIgniter\Debug\Exceptions->shutdownHandler()
CRITICAL - 2024-11-28 00:14:07 --> Uncaught ErrorException: Cannot modify header information - headers already sent in D:\laragon\www\method-oldagehome\system\HTTP\ResponseTrait.php:774
Stack trace:
#0 [internal function]: CodeIgniter\Debug\Exceptions->errorHandler(2, 'Cannot modify h...', 'D:\\laragon\\www\\...', 774)
#1 D:\laragon\www\method-oldagehome\system\HTTP\ResponseTrait.php(774): setcookie('ci_session', 'foh7rplabq49nr8...', Array)
#2 D:\laragon\www\method-oldagehome\system\HTTP\ResponseTrait.php(750): CodeIgniter\HTTP\Response->doSetCookie('ci_session', 'foh7rplabq49nr8...', Array)
#3 D:\laragon\www\method-oldagehome\system\HTTP\ResponseTrait.php(730): CodeIgniter\HTTP\Response->dispatchCookies()
#4 D:\laragon\www\method-oldagehome\system\HTTP\ResponseTrait.php(447): CodeIgniter\HTTP\Response->sendCookies()
#5 D:\laragon\www\method-oldagehome\system\Debug\ExceptionHandler.php(78): CodeIgniter\HTTP\Response->send()
#6 D:\laragon\www\method-oldagehome\system\Debug\Exceptions.php(147): CodeIgniter\Debug\ExceptionHandler->handle(Object(CodeIgniter\Exceptions\PageNotFoundException), Object(CodeIgniter\HTTP\IncomingRequest), Object(CodeIgniter\HTTP\Response), 404, 1)
#7 [internal function]: CodeIgniter\Debug\Exceptions->exceptionHandler(Object(CodeIgniter\Exceptions\PageNotFoundException))
#8 {main}
  thrown
【Previous Exception】
CodeIgniter\Exceptions\PageNotFoundException
Page Not Found
#0 D:\laragon\www\method-oldagehome\system\CodeIgniter.php(967): CodeIgniter\Exceptions\PageNotFoundException::forPageNotFound(NULL)
#1 D:\laragon\www\method-oldagehome\system\CodeIgniter.php(362): CodeIgniter\CodeIgniter->display404errors(Object(CodeIgniter\Exceptions\PageNotFoundException))
#2 D:\laragon\www\method-oldagehome\public\index.php(79): CodeIgniter\CodeIgniter->run()
#3 D:\laragon\www\method-oldagehome\system\Commands\Server\rewrite.php(47): require_once('D:\\laragon\\www\\...')
#4 {main}
in SYSTEMPATH\HTTP\ResponseTrait.php on line 774.
 1 [internal function]: CodeIgniter\Debug\Exceptions->shutdownHandler()
CRITICAL - 2024-11-28 00:14:09 --> Uncaught ErrorException: Cannot modify header information - headers already sent in D:\laragon\www\method-oldagehome\system\HTTP\ResponseTrait.php:774
Stack trace:
#0 [internal function]: CodeIgniter\Debug\Exceptions->errorHandler(2, 'Cannot modify h...', 'D:\\laragon\\www\\...', 774)
#1 D:\laragon\www\method-oldagehome\system\HTTP\ResponseTrait.php(774): setcookie('ci_session', 'foh7rplabq49nr8...', Array)
#2 D:\laragon\www\method-oldagehome\system\HTTP\ResponseTrait.php(750): CodeIgniter\HTTP\Response->doSetCookie('ci_session', 'foh7rplabq49nr8...', Array)
#3 D:\laragon\www\method-oldagehome\system\HTTP\ResponseTrait.php(730): CodeIgniter\HTTP\Response->dispatchCookies()
#4 D:\laragon\www\method-oldagehome\system\HTTP\ResponseTrait.php(447): CodeIgniter\HTTP\Response->sendCookies()
#5 D:\laragon\www\method-oldagehome\system\Debug\ExceptionHandler.php(78): CodeIgniter\HTTP\Response->send()
#6 D:\laragon\www\method-oldagehome\system\Debug\Exceptions.php(147): CodeIgniter\Debug\ExceptionHandler->handle(Object(CodeIgniter\Exceptions\PageNotFoundException), Object(CodeIgniter\HTTP\IncomingRequest), Object(CodeIgniter\HTTP\Response), 404, 1)
#7 [internal function]: CodeIgniter\Debug\Exceptions->exceptionHandler(Object(CodeIgniter\Exceptions\PageNotFoundException))
#8 {main}
  thrown
【Previous Exception】
CodeIgniter\Exceptions\PageNotFoundException
Page Not Found
#0 D:\laragon\www\method-oldagehome\system\CodeIgniter.php(967): CodeIgniter\Exceptions\PageNotFoundException::forPageNotFound(NULL)
#1 D:\laragon\www\method-oldagehome\system\CodeIgniter.php(362): CodeIgniter\CodeIgniter->display404errors(Object(CodeIgniter\Exceptions\PageNotFoundException))
#2 D:\laragon\www\method-oldagehome\public\index.php(79): CodeIgniter\CodeIgniter->run()
#3 D:\laragon\www\method-oldagehome\system\Commands\Server\rewrite.php(47): require_once('D:\\laragon\\www\\...')
#4 {main}
in SYSTEMPATH\HTTP\ResponseTrait.php on line 774.
 1 [internal function]: CodeIgniter\Debug\Exceptions->shutdownHandler()
CRITICAL - 2024-11-28 00:14:11 --> Uncaught ErrorException: Cannot modify header information - headers already sent in D:\laragon\www\method-oldagehome\system\HTTP\ResponseTrait.php:774
Stack trace:
#0 [internal function]: CodeIgniter\Debug\Exceptions->errorHandler(2, 'Cannot modify h...', 'D:\\laragon\\www\\...', 774)
#1 D:\laragon\www\method-oldagehome\system\HTTP\ResponseTrait.php(774): setcookie('ci_session', 'foh7rplabq49nr8...', Array)
#2 D:\laragon\www\method-oldagehome\system\HTTP\ResponseTrait.php(750): CodeIgniter\HTTP\Response->doSetCookie('ci_session', 'foh7rplabq49nr8...', Array)
#3 D:\laragon\www\method-oldagehome\system\HTTP\ResponseTrait.php(730): CodeIgniter\HTTP\Response->dispatchCookies()
#4 D:\laragon\www\method-oldagehome\system\HTTP\ResponseTrait.php(447): CodeIgniter\HTTP\Response->sendCookies()
#5 D:\laragon\www\method-oldagehome\system\Debug\ExceptionHandler.php(78): CodeIgniter\HTTP\Response->send()
#6 D:\laragon\www\method-oldagehome\system\Debug\Exceptions.php(147): CodeIgniter\Debug\ExceptionHandler->handle(Object(CodeIgniter\Exceptions\PageNotFoundException), Object(CodeIgniter\HTTP\IncomingRequest), Object(CodeIgniter\HTTP\Response), 404, 1)
#7 [internal function]: CodeIgniter\Debug\Exceptions->exceptionHandler(Object(CodeIgniter\Exceptions\PageNotFoundException))
#8 {main}
  thrown
【Previous Exception】
CodeIgniter\Exceptions\PageNotFoundException
Page Not Found
#0 D:\laragon\www\method-oldagehome\system\CodeIgniter.php(967): CodeIgniter\Exceptions\PageNotFoundException::forPageNotFound(NULL)
#1 D:\laragon\www\method-oldagehome\system\CodeIgniter.php(362): CodeIgniter\CodeIgniter->display404errors(Object(CodeIgniter\Exceptions\PageNotFoundException))
#2 D:\laragon\www\method-oldagehome\public\index.php(79): CodeIgniter\CodeIgniter->run()
#3 D:\laragon\www\method-oldagehome\system\Commands\Server\rewrite.php(47): require_once('D:\\laragon\\www\\...')
#4 {main}
in SYSTEMPATH\HTTP\ResponseTrait.php on line 774.
 1 [internal function]: CodeIgniter\Debug\Exceptions->shutdownHandler()
CRITICAL - 2024-11-28 00:14:13 --> Uncaught ErrorException: Cannot modify header information - headers already sent in D:\laragon\www\method-oldagehome\system\HTTP\ResponseTrait.php:774
Stack trace:
#0 [internal function]: CodeIgniter\Debug\Exceptions->errorHandler(2, 'Cannot modify h...', 'D:\\laragon\\www\\...', 774)
#1 D:\laragon\www\method-oldagehome\system\HTTP\ResponseTrait.php(774): setcookie('ci_session', 'foh7rplabq49nr8...', Array)
#2 D:\laragon\www\method-oldagehome\system\HTTP\ResponseTrait.php(750): CodeIgniter\HTTP\Response->doSetCookie('ci_session', 'foh7rplabq49nr8...', Array)
#3 D:\laragon\www\method-oldagehome\system\HTTP\ResponseTrait.php(730): CodeIgniter\HTTP\Response->dispatchCookies()
#4 D:\laragon\www\method-oldagehome\system\HTTP\ResponseTrait.php(447): CodeIgniter\HTTP\Response->sendCookies()
#5 D:\laragon\www\method-oldagehome\system\Debug\ExceptionHandler.php(78): CodeIgniter\HTTP\Response->send()
#6 D:\laragon\www\method-oldagehome\system\Debug\Exceptions.php(147): CodeIgniter\Debug\ExceptionHandler->handle(Object(CodeIgniter\Exceptions\PageNotFoundException), Object(CodeIgniter\HTTP\IncomingRequest), Object(CodeIgniter\HTTP\Response), 404, 1)
#7 [internal function]: CodeIgniter\Debug\Exceptions->exceptionHandler(Object(CodeIgniter\Exceptions\PageNotFoundException))
#8 {main}
  thrown
【Previous Exception】
CodeIgniter\Exceptions\PageNotFoundException
Page Not Found
#0 D:\laragon\www\method-oldagehome\system\CodeIgniter.php(967): CodeIgniter\Exceptions\PageNotFoundException::forPageNotFound(NULL)
#1 D:\laragon\www\method-oldagehome\system\CodeIgniter.php(362): CodeIgniter\CodeIgniter->display404errors(Object(CodeIgniter\Exceptions\PageNotFoundException))
#2 D:\laragon\www\method-oldagehome\public\index.php(79): CodeIgniter\CodeIgniter->run()
#3 D:\laragon\www\method-oldagehome\system\Commands\Server\rewrite.php(47): require_once('D:\\laragon\\www\\...')
#4 {main}
in SYSTEMPATH\HTTP\ResponseTrait.php on line 774.
 1 [internal function]: CodeIgniter\Debug\Exceptions->shutdownHandler()
CRITICAL - 2024-11-28 00:14:15 --> Uncaught ErrorException: Cannot modify header information - headers already sent in D:\laragon\www\method-oldagehome\system\HTTP\ResponseTrait.php:774
Stack trace:
#0 [internal function]: CodeIgniter\Debug\Exceptions->errorHandler(2, 'Cannot modify h...', 'D:\\laragon\\www\\...', 774)
#1 D:\laragon\www\method-oldagehome\system\HTTP\ResponseTrait.php(774): setcookie('ci_session', 'foh7rplabq49nr8...', Array)
#2 D:\laragon\www\method-oldagehome\system\HTTP\ResponseTrait.php(750): CodeIgniter\HTTP\Response->doSetCookie('ci_session', 'foh7rplabq49nr8...', Array)
#3 D:\laragon\www\method-oldagehome\system\HTTP\ResponseTrait.php(730): CodeIgniter\HTTP\Response->dispatchCookies()
#4 D:\laragon\www\method-oldagehome\system\HTTP\ResponseTrait.php(447): CodeIgniter\HTTP\Response->sendCookies()
#5 D:\laragon\www\method-oldagehome\system\Debug\ExceptionHandler.php(78): CodeIgniter\HTTP\Response->send()
#6 D:\laragon\www\method-oldagehome\system\Debug\Exceptions.php(147): CodeIgniter\Debug\ExceptionHandler->handle(Object(CodeIgniter\Exceptions\PageNotFoundException), Object(CodeIgniter\HTTP\IncomingRequest), Object(CodeIgniter\HTTP\Response), 404, 1)
#7 [internal function]: CodeIgniter\Debug\Exceptions->exceptionHandler(Object(CodeIgniter\Exceptions\PageNotFoundException))
#8 {main}
  thrown
【Previous Exception】
CodeIgniter\Exceptions\PageNotFoundException
Page Not Found
#0 D:\laragon\www\method-oldagehome\system\CodeIgniter.php(967): CodeIgniter\Exceptions\PageNotFoundException::forPageNotFound(NULL)
#1 D:\laragon\www\method-oldagehome\system\CodeIgniter.php(362): CodeIgniter\CodeIgniter->display404errors(Object(CodeIgniter\Exceptions\PageNotFoundException))
#2 D:\laragon\www\method-oldagehome\public\index.php(79): CodeIgniter\CodeIgniter->run()
#3 D:\laragon\www\method-oldagehome\system\Commands\Server\rewrite.php(47): require_once('D:\\laragon\\www\\...')
#4 {main}
in SYSTEMPATH\HTTP\ResponseTrait.php on line 774.
 1 [internal function]: CodeIgniter\Debug\Exceptions->shutdownHandler()
CRITICAL - 2024-11-28 00:14:17 --> Uncaught ErrorException: Cannot modify header information - headers already sent in D:\laragon\www\method-oldagehome\system\HTTP\ResponseTrait.php:774
Stack trace:
#0 [internal function]: CodeIgniter\Debug\Exceptions->errorHandler(2, 'Cannot modify h...', 'D:\\laragon\\www\\...', 774)
#1 D:\laragon\www\method-oldagehome\system\HTTP\ResponseTrait.php(774): setcookie('ci_session', 'foh7rplabq49nr8...', Array)
#2 D:\laragon\www\method-oldagehome\system\HTTP\ResponseTrait.php(750): CodeIgniter\HTTP\Response->doSetCookie('ci_session', 'foh7rplabq49nr8...', Array)
#3 D:\laragon\www\method-oldagehome\system\HTTP\ResponseTrait.php(730): CodeIgniter\HTTP\Response->dispatchCookies()
#4 D:\laragon\www\method-oldagehome\system\HTTP\ResponseTrait.php(447): CodeIgniter\HTTP\Response->sendCookies()
#5 D:\laragon\www\method-oldagehome\system\Debug\ExceptionHandler.php(78): CodeIgniter\HTTP\Response->send()
#6 D:\laragon\www\method-oldagehome\system\Debug\Exceptions.php(147): CodeIgniter\Debug\ExceptionHandler->handle(Object(CodeIgniter\Exceptions\PageNotFoundException), Object(CodeIgniter\HTTP\IncomingRequest), Object(CodeIgniter\HTTP\Response), 404, 1)
#7 [internal function]: CodeIgniter\Debug\Exceptions->exceptionHandler(Object(CodeIgniter\Exceptions\PageNotFoundException))
#8 {main}
  thrown
【Previous Exception】
CodeIgniter\Exceptions\PageNotFoundException
Page Not Found
#0 D:\laragon\www\method-oldagehome\system\CodeIgniter.php(967): CodeIgniter\Exceptions\PageNotFoundException::forPageNotFound(NULL)
#1 D:\laragon\www\method-oldagehome\system\CodeIgniter.php(362): CodeIgniter\CodeIgniter->display404errors(Object(CodeIgniter\Exceptions\PageNotFoundException))
#2 D:\laragon\www\method-oldagehome\public\index.php(79): CodeIgniter\CodeIgniter->run()
#3 D:\laragon\www\method-oldagehome\system\Commands\Server\rewrite.php(47): require_once('D:\\laragon\\www\\...')
#4 {main}
in SYSTEMPATH\HTTP\ResponseTrait.php on line 774.
 1 [internal function]: CodeIgniter\Debug\Exceptions->shutdownHandler()
CRITICAL - 2024-11-28 00:14:19 --> Uncaught ErrorException: Cannot modify header information - headers already sent in D:\laragon\www\method-oldagehome\system\HTTP\ResponseTrait.php:774
Stack trace:
#0 [internal function]: CodeIgniter\Debug\Exceptions->errorHandler(2, 'Cannot modify h...', 'D:\\laragon\\www\\...', 774)
#1 D:\laragon\www\method-oldagehome\system\HTTP\ResponseTrait.php(774): setcookie('ci_session', 'foh7rplabq49nr8...', Array)
#2 D:\laragon\www\method-oldagehome\system\HTTP\ResponseTrait.php(750): CodeIgniter\HTTP\Response->doSetCookie('ci_session', 'foh7rplabq49nr8...', Array)
#3 D:\laragon\www\method-oldagehome\system\HTTP\ResponseTrait.php(730): CodeIgniter\HTTP\Response->dispatchCookies()
#4 D:\laragon\www\method-oldagehome\system\HTTP\ResponseTrait.php(447): CodeIgniter\HTTP\Response->sendCookies()
#5 D:\laragon\www\method-oldagehome\system\Debug\ExceptionHandler.php(78): CodeIgniter\HTTP\Response->send()
#6 D:\laragon\www\method-oldagehome\system\Debug\Exceptions.php(147): CodeIgniter\Debug\ExceptionHandler->handle(Object(CodeIgniter\Exceptions\PageNotFoundException), Object(CodeIgniter\HTTP\IncomingRequest), Object(CodeIgniter\HTTP\Response), 404, 1)
#7 [internal function]: CodeIgniter\Debug\Exceptions->exceptionHandler(Object(CodeIgniter\Exceptions\PageNotFoundException))
#8 {main}
  thrown
【Previous Exception】
CodeIgniter\Exceptions\PageNotFoundException
Page Not Found
#0 D:\laragon\www\method-oldagehome\system\CodeIgniter.php(967): CodeIgniter\Exceptions\PageNotFoundException::forPageNotFound(NULL)
#1 D:\laragon\www\method-oldagehome\system\CodeIgniter.php(362): CodeIgniter\CodeIgniter->display404errors(Object(CodeIgniter\Exceptions\PageNotFoundException))
#2 D:\laragon\www\method-oldagehome\public\index.php(79): CodeIgniter\CodeIgniter->run()
#3 D:\laragon\www\method-oldagehome\system\Commands\Server\rewrite.php(47): require_once('D:\\laragon\\www\\...')
#4 {main}
in SYSTEMPATH\HTTP\ResponseTrait.php on line 774.
 1 [internal function]: CodeIgniter\Debug\Exceptions->shutdownHandler()
CRITICAL - 2024-11-28 00:14:21 --> Uncaught ErrorException: Cannot modify header information - headers already sent in D:\laragon\www\method-oldagehome\system\HTTP\ResponseTrait.php:774
Stack trace:
#0 [internal function]: CodeIgniter\Debug\Exceptions->errorHandler(2, 'Cannot modify h...', 'D:\\laragon\\www\\...', 774)
#1 D:\laragon\www\method-oldagehome\system\HTTP\ResponseTrait.php(774): setcookie('ci_session', 'foh7rplabq49nr8...', Array)
#2 D:\laragon\www\method-oldagehome\system\HTTP\ResponseTrait.php(750): CodeIgniter\HTTP\Response->doSetCookie('ci_session', 'foh7rplabq49nr8...', Array)
#3 D:\laragon\www\method-oldagehome\system\HTTP\ResponseTrait.php(730): CodeIgniter\HTTP\Response->dispatchCookies()
#4 D:\laragon\www\method-oldagehome\system\HTTP\ResponseTrait.php(447): CodeIgniter\HTTP\Response->sendCookies()
#5 D:\laragon\www\method-oldagehome\system\Debug\ExceptionHandler.php(78): CodeIgniter\HTTP\Response->send()
#6 D:\laragon\www\method-oldagehome\system\Debug\Exceptions.php(147): CodeIgniter\Debug\ExceptionHandler->handle(Object(CodeIgniter\Exceptions\PageNotFoundException), Object(CodeIgniter\HTTP\IncomingRequest), Object(CodeIgniter\HTTP\Response), 404, 1)
#7 [internal function]: CodeIgniter\Debug\Exceptions->exceptionHandler(Object(CodeIgniter\Exceptions\PageNotFoundException))
#8 {main}
  thrown
【Previous Exception】
CodeIgniter\Exceptions\PageNotFoundException
Page Not Found
#0 D:\laragon\www\method-oldagehome\system\CodeIgniter.php(967): CodeIgniter\Exceptions\PageNotFoundException::forPageNotFound(NULL)
#1 D:\laragon\www\method-oldagehome\system\CodeIgniter.php(362): CodeIgniter\CodeIgniter->display404errors(Object(CodeIgniter\Exceptions\PageNotFoundException))
#2 D:\laragon\www\method-oldagehome\public\index.php(79): CodeIgniter\CodeIgniter->run()
#3 D:\laragon\www\method-oldagehome\system\Commands\Server\rewrite.php(47): require_once('D:\\laragon\\www\\...')
#4 {main}
in SYSTEMPATH\HTTP\ResponseTrait.php on line 774.
 1 [internal function]: CodeIgniter\Debug\Exceptions->shutdownHandler()
CRITICAL - 2024-11-28 00:14:23 --> Uncaught ErrorException: Cannot modify header information - headers already sent in D:\laragon\www\method-oldagehome\system\HTTP\ResponseTrait.php:774
Stack trace:
#0 [internal function]: CodeIgniter\Debug\Exceptions->errorHandler(2, 'Cannot modify h...', 'D:\\laragon\\www\\...', 774)
#1 D:\laragon\www\method-oldagehome\system\HTTP\ResponseTrait.php(774): setcookie('ci_session', 'foh7rplabq49nr8...', Array)
#2 D:\laragon\www\method-oldagehome\system\HTTP\ResponseTrait.php(750): CodeIgniter\HTTP\Response->doSetCookie('ci_session', 'foh7rplabq49nr8...', Array)
#3 D:\laragon\www\method-oldagehome\system\HTTP\ResponseTrait.php(730): CodeIgniter\HTTP\Response->dispatchCookies()
#4 D:\laragon\www\method-oldagehome\system\HTTP\ResponseTrait.php(447): CodeIgniter\HTTP\Response->sendCookies()
#5 D:\laragon\www\method-oldagehome\system\Debug\ExceptionHandler.php(78): CodeIgniter\HTTP\Response->send()
#6 D:\laragon\www\method-oldagehome\system\Debug\Exceptions.php(147): CodeIgniter\Debug\ExceptionHandler->handle(Object(CodeIgniter\Exceptions\PageNotFoundException), Object(CodeIgniter\HTTP\IncomingRequest), Object(CodeIgniter\HTTP\Response), 404, 1)
#7 [internal function]: CodeIgniter\Debug\Exceptions->exceptionHandler(Object(CodeIgniter\Exceptions\PageNotFoundException))
#8 {main}
  thrown
【Previous Exception】
CodeIgniter\Exceptions\PageNotFoundException
Page Not Found
#0 D:\laragon\www\method-oldagehome\system\CodeIgniter.php(967): CodeIgniter\Exceptions\PageNotFoundException::forPageNotFound(NULL)
#1 D:\laragon\www\method-oldagehome\system\CodeIgniter.php(362): CodeIgniter\CodeIgniter->display404errors(Object(CodeIgniter\Exceptions\PageNotFoundException))
#2 D:\laragon\www\method-oldagehome\public\index.php(79): CodeIgniter\CodeIgniter->run()
#3 D:\laragon\www\method-oldagehome\system\Commands\Server\rewrite.php(47): require_once('D:\\laragon\\www\\...')
#4 {main}
in SYSTEMPATH\HTTP\ResponseTrait.php on line 774.
 1 [internal function]: CodeIgniter\Debug\Exceptions->shutdownHandler()
CRITICAL - 2024-11-28 00:14:25 --> Uncaught ErrorException: Cannot modify header information - headers already sent in D:\laragon\www\method-oldagehome\system\HTTP\ResponseTrait.php:774
Stack trace:
#0 [internal function]: CodeIgniter\Debug\Exceptions->errorHandler(2, 'Cannot modify h...', 'D:\\laragon\\www\\...', 774)
#1 D:\laragon\www\method-oldagehome\system\HTTP\ResponseTrait.php(774): setcookie('ci_session', 'foh7rplabq49nr8...', Array)
#2 D:\laragon\www\method-oldagehome\system\HTTP\ResponseTrait.php(750): CodeIgniter\HTTP\Response->doSetCookie('ci_session', 'foh7rplabq49nr8...', Array)
#3 D:\laragon\www\method-oldagehome\system\HTTP\ResponseTrait.php(730): CodeIgniter\HTTP\Response->dispatchCookies()
#4 D:\laragon\www\method-oldagehome\system\HTTP\ResponseTrait.php(447): CodeIgniter\HTTP\Response->sendCookies()
#5 D:\laragon\www\method-oldagehome\system\Debug\ExceptionHandler.php(78): CodeIgniter\HTTP\Response->send()
#6 D:\laragon\www\method-oldagehome\system\Debug\Exceptions.php(147): CodeIgniter\Debug\ExceptionHandler->handle(Object(CodeIgniter\Exceptions\PageNotFoundException), Object(CodeIgniter\HTTP\IncomingRequest), Object(CodeIgniter\HTTP\Response), 404, 1)
#7 [internal function]: CodeIgniter\Debug\Exceptions->exceptionHandler(Object(CodeIgniter\Exceptions\PageNotFoundException))
#8 {main}
  thrown
【Previous Exception】
CodeIgniter\Exceptions\PageNotFoundException
Page Not Found
#0 D:\laragon\www\method-oldagehome\system\CodeIgniter.php(967): CodeIgniter\Exceptions\PageNotFoundException::forPageNotFound(NULL)
#1 D:\laragon\www\method-oldagehome\system\CodeIgniter.php(362): CodeIgniter\CodeIgniter->display404errors(Object(CodeIgniter\Exceptions\PageNotFoundException))
#2 D:\laragon\www\method-oldagehome\public\index.php(79): CodeIgniter\CodeIgniter->run()
#3 D:\laragon\www\method-oldagehome\system\Commands\Server\rewrite.php(47): require_once('D:\\laragon\\www\\...')
#4 {main}
in SYSTEMPATH\HTTP\ResponseTrait.php on line 774.
 1 [internal function]: CodeIgniter\Debug\Exceptions->shutdownHandler()
CRITICAL - 2024-11-28 00:14:27 --> Uncaught ErrorException: Cannot modify header information - headers already sent in D:\laragon\www\method-oldagehome\system\HTTP\ResponseTrait.php:774
Stack trace:
#0 [internal function]: CodeIgniter\Debug\Exceptions->errorHandler(2, 'Cannot modify h...', 'D:\\laragon\\www\\...', 774)
#1 D:\laragon\www\method-oldagehome\system\HTTP\ResponseTrait.php(774): setcookie('ci_session', 'foh7rplabq49nr8...', Array)
#2 D:\laragon\www\method-oldagehome\system\HTTP\ResponseTrait.php(750): CodeIgniter\HTTP\Response->doSetCookie('ci_session', 'foh7rplabq49nr8...', Array)
#3 D:\laragon\www\method-oldagehome\system\HTTP\ResponseTrait.php(730): CodeIgniter\HTTP\Response->dispatchCookies()
#4 D:\laragon\www\method-oldagehome\system\HTTP\ResponseTrait.php(447): CodeIgniter\HTTP\Response->sendCookies()
#5 D:\laragon\www\method-oldagehome\system\Debug\ExceptionHandler.php(78): CodeIgniter\HTTP\Response->send()
#6 D:\laragon\www\method-oldagehome\system\Debug\Exceptions.php(147): CodeIgniter\Debug\ExceptionHandler->handle(Object(CodeIgniter\Exceptions\PageNotFoundException), Object(CodeIgniter\HTTP\IncomingRequest), Object(CodeIgniter\HTTP\Response), 404, 1)
#7 [internal function]: CodeIgniter\Debug\Exceptions->exceptionHandler(Object(CodeIgniter\Exceptions\PageNotFoundException))
#8 {main}
  thrown
【Previous Exception】
CodeIgniter\Exceptions\PageNotFoundException
Page Not Found
#0 D:\laragon\www\method-oldagehome\system\CodeIgniter.php(967): CodeIgniter\Exceptions\PageNotFoundException::forPageNotFound(NULL)
#1 D:\laragon\www\method-oldagehome\system\CodeIgniter.php(362): CodeIgniter\CodeIgniter->display404errors(Object(CodeIgniter\Exceptions\PageNotFoundException))
#2 D:\laragon\www\method-oldagehome\public\index.php(79): CodeIgniter\CodeIgniter->run()
#3 D:\laragon\www\method-oldagehome\system\Commands\Server\rewrite.php(47): require_once('D:\\laragon\\www\\...')
#4 {main}
in SYSTEMPATH\HTTP\ResponseTrait.php on line 774.
 1 [internal function]: CodeIgniter\Debug\Exceptions->shutdownHandler()
CRITICAL - 2024-11-28 00:14:29 --> Uncaught ErrorException: Cannot modify header information - headers already sent in D:\laragon\www\method-oldagehome\system\HTTP\ResponseTrait.php:774
Stack trace:
#0 [internal function]: CodeIgniter\Debug\Exceptions->errorHandler(2, 'Cannot modify h...', 'D:\\laragon\\www\\...', 774)
#1 D:\laragon\www\method-oldagehome\system\HTTP\ResponseTrait.php(774): setcookie('ci_session', 'foh7rplabq49nr8...', Array)
#2 D:\laragon\www\method-oldagehome\system\HTTP\ResponseTrait.php(750): CodeIgniter\HTTP\Response->doSetCookie('ci_session', 'foh7rplabq49nr8...', Array)
#3 D:\laragon\www\method-oldagehome\system\HTTP\ResponseTrait.php(730): CodeIgniter\HTTP\Response->dispatchCookies()
#4 D:\laragon\www\method-oldagehome\system\HTTP\ResponseTrait.php(447): CodeIgniter\HTTP\Response->sendCookies()
#5 D:\laragon\www\method-oldagehome\system\Debug\ExceptionHandler.php(78): CodeIgniter\HTTP\Response->send()
#6 D:\laragon\www\method-oldagehome\system\Debug\Exceptions.php(147): CodeIgniter\Debug\ExceptionHandler->handle(Object(CodeIgniter\Exceptions\PageNotFoundException), Object(CodeIgniter\HTTP\IncomingRequest), Object(CodeIgniter\HTTP\Response), 404, 1)
#7 [internal function]: CodeIgniter\Debug\Exceptions->exceptionHandler(Object(CodeIgniter\Exceptions\PageNotFoundException))
#8 {main}
  thrown
【Previous Exception】
CodeIgniter\Exceptions\PageNotFoundException
Page Not Found
#0 D:\laragon\www\method-oldagehome\system\CodeIgniter.php(967): CodeIgniter\Exceptions\PageNotFoundException::forPageNotFound(NULL)
#1 D:\laragon\www\method-oldagehome\system\CodeIgniter.php(362): CodeIgniter\CodeIgniter->display404errors(Object(CodeIgniter\Exceptions\PageNotFoundException))
#2 D:\laragon\www\method-oldagehome\public\index.php(79): CodeIgniter\CodeIgniter->run()
#3 D:\laragon\www\method-oldagehome\system\Commands\Server\rewrite.php(47): require_once('D:\\laragon\\www\\...')
#4 {main}
in SYSTEMPATH\HTTP\ResponseTrait.php on line 774.
 1 [internal function]: CodeIgniter\Debug\Exceptions->shutdownHandler()
CRITICAL - 2024-11-28 00:14:31 --> Uncaught ErrorException: Cannot modify header information - headers already sent in D:\laragon\www\method-oldagehome\system\HTTP\ResponseTrait.php:774
Stack trace:
#0 [internal function]: CodeIgniter\Debug\Exceptions->errorHandler(2, 'Cannot modify h...', 'D:\\laragon\\www\\...', 774)
#1 D:\laragon\www\method-oldagehome\system\HTTP\ResponseTrait.php(774): setcookie('ci_session', 'foh7rplabq49nr8...', Array)
#2 D:\laragon\www\method-oldagehome\system\HTTP\ResponseTrait.php(750): CodeIgniter\HTTP\Response->doSetCookie('ci_session', 'foh7rplabq49nr8...', Array)
#3 D:\laragon\www\method-oldagehome\system\HTTP\ResponseTrait.php(730): CodeIgniter\HTTP\Response->dispatchCookies()
#4 D:\laragon\www\method-oldagehome\system\HTTP\ResponseTrait.php(447): CodeIgniter\HTTP\Response->sendCookies()
#5 D:\laragon\www\method-oldagehome\system\Debug\ExceptionHandler.php(78): CodeIgniter\HTTP\Response->send()
#6 D:\laragon\www\method-oldagehome\system\Debug\Exceptions.php(147): CodeIgniter\Debug\ExceptionHandler->handle(Object(CodeIgniter\Exceptions\PageNotFoundException), Object(CodeIgniter\HTTP\IncomingRequest), Object(CodeIgniter\HTTP\Response), 404, 1)
#7 [internal function]: CodeIgniter\Debug\Exceptions->exceptionHandler(Object(CodeIgniter\Exceptions\PageNotFoundException))
#8 {main}
  thrown
【Previous Exception】
CodeIgniter\Exceptions\PageNotFoundException
Page Not Found
#0 D:\laragon\www\method-oldagehome\system\CodeIgniter.php(967): CodeIgniter\Exceptions\PageNotFoundException::forPageNotFound(NULL)
#1 D:\laragon\www\method-oldagehome\system\CodeIgniter.php(362): CodeIgniter\CodeIgniter->display404errors(Object(CodeIgniter\Exceptions\PageNotFoundException))
#2 D:\laragon\www\method-oldagehome\public\index.php(79): CodeIgniter\CodeIgniter->run()
#3 D:\laragon\www\method-oldagehome\system\Commands\Server\rewrite.php(47): require_once('D:\\laragon\\www\\...')
#4 {main}
in SYSTEMPATH\HTTP\ResponseTrait.php on line 774.
 1 [internal function]: CodeIgniter\Debug\Exceptions->shutdownHandler()
CRITICAL - 2024-11-28 00:14:33 --> Uncaught ErrorException: Cannot modify header information - headers already sent in D:\laragon\www\method-oldagehome\system\HTTP\ResponseTrait.php:774
Stack trace:
#0 [internal function]: CodeIgniter\Debug\Exceptions->errorHandler(2, 'Cannot modify h...', 'D:\\laragon\\www\\...', 774)
#1 D:\laragon\www\method-oldagehome\system\HTTP\ResponseTrait.php(774): setcookie('ci_session', 'foh7rplabq49nr8...', Array)
#2 D:\laragon\www\method-oldagehome\system\HTTP\ResponseTrait.php(750): CodeIgniter\HTTP\Response->doSetCookie('ci_session', 'foh7rplabq49nr8...', Array)
#3 D:\laragon\www\method-oldagehome\system\HTTP\ResponseTrait.php(730): CodeIgniter\HTTP\Response->dispatchCookies()
#4 D:\laragon\www\method-oldagehome\system\HTTP\ResponseTrait.php(447): CodeIgniter\HTTP\Response->sendCookies()
#5 D:\laragon\www\method-oldagehome\system\Debug\ExceptionHandler.php(78): CodeIgniter\HTTP\Response->send()
#6 D:\laragon\www\method-oldagehome\system\Debug\Exceptions.php(147): CodeIgniter\Debug\ExceptionHandler->handle(Object(CodeIgniter\Exceptions\PageNotFoundException), Object(CodeIgniter\HTTP\IncomingRequest), Object(CodeIgniter\HTTP\Response), 404, 1)
#7 [internal function]: CodeIgniter\Debug\Exceptions->exceptionHandler(Object(CodeIgniter\Exceptions\PageNotFoundException))
#8 {main}
  thrown
【Previous Exception】
CodeIgniter\Exceptions\PageNotFoundException
Page Not Found
#0 D:\laragon\www\method-oldagehome\system\CodeIgniter.php(967): CodeIgniter\Exceptions\PageNotFoundException::forPageNotFound(NULL)
#1 D:\laragon\www\method-oldagehome\system\CodeIgniter.php(362): CodeIgniter\CodeIgniter->display404errors(Object(CodeIgniter\Exceptions\PageNotFoundException))
#2 D:\laragon\www\method-oldagehome\public\index.php(79): CodeIgniter\CodeIgniter->run()
#3 D:\laragon\www\method-oldagehome\system\Commands\Server\rewrite.php(47): require_once('D:\\laragon\\www\\...')
#4 {main}
in SYSTEMPATH\HTTP\ResponseTrait.php on line 774.
 1 [internal function]: CodeIgniter\Debug\Exceptions->shutdownHandler()
CRITICAL - 2024-11-28 00:14:35 --> Uncaught ErrorException: Cannot modify header information - headers already sent in D:\laragon\www\method-oldagehome\system\HTTP\ResponseTrait.php:774
Stack trace:
#0 [internal function]: CodeIgniter\Debug\Exceptions->errorHandler(2, 'Cannot modify h...', 'D:\\laragon\\www\\...', 774)
#1 D:\laragon\www\method-oldagehome\system\HTTP\ResponseTrait.php(774): setcookie('ci_session', 'foh7rplabq49nr8...', Array)
#2 D:\laragon\www\method-oldagehome\system\HTTP\ResponseTrait.php(750): CodeIgniter\HTTP\Response->doSetCookie('ci_session', 'foh7rplabq49nr8...', Array)
#3 D:\laragon\www\method-oldagehome\system\HTTP\ResponseTrait.php(730): CodeIgniter\HTTP\Response->dispatchCookies()
#4 D:\laragon\www\method-oldagehome\system\HTTP\ResponseTrait.php(447): CodeIgniter\HTTP\Response->sendCookies()
#5 D:\laragon\www\method-oldagehome\system\Debug\ExceptionHandler.php(78): CodeIgniter\HTTP\Response->send()
#6 D:\laragon\www\method-oldagehome\system\Debug\Exceptions.php(147): CodeIgniter\Debug\ExceptionHandler->handle(Object(CodeIgniter\Exceptions\PageNotFoundException), Object(CodeIgniter\HTTP\IncomingRequest), Object(CodeIgniter\HTTP\Response), 404, 1)
#7 [internal function]: CodeIgniter\Debug\Exceptions->exceptionHandler(Object(CodeIgniter\Exceptions\PageNotFoundException))
#8 {main}
  thrown
【Previous Exception】
CodeIgniter\Exceptions\PageNotFoundException
Page Not Found
#0 D:\laragon\www\method-oldagehome\system\CodeIgniter.php(967): CodeIgniter\Exceptions\PageNotFoundException::forPageNotFound(NULL)
#1 D:\laragon\www\method-oldagehome\system\CodeIgniter.php(362): CodeIgniter\CodeIgniter->display404errors(Object(CodeIgniter\Exceptions\PageNotFoundException))
#2 D:\laragon\www\method-oldagehome\public\index.php(79): CodeIgniter\CodeIgniter->run()
#3 D:\laragon\www\method-oldagehome\system\Commands\Server\rewrite.php(47): require_once('D:\\laragon\\www\\...')
#4 {main}
in SYSTEMPATH\HTTP\ResponseTrait.php on line 774.
 1 [internal function]: CodeIgniter\Debug\Exceptions->shutdownHandler()
CRITICAL - 2024-11-28 00:14:37 --> Uncaught ErrorException: Cannot modify header information - headers already sent in D:\laragon\www\method-oldagehome\system\HTTP\ResponseTrait.php:774
Stack trace:
#0 [internal function]: CodeIgniter\Debug\Exceptions->errorHandler(2, 'Cannot modify h...', 'D:\\laragon\\www\\...', 774)
#1 D:\laragon\www\method-oldagehome\system\HTTP\ResponseTrait.php(774): setcookie('ci_session', 'foh7rplabq49nr8...', Array)
#2 D:\laragon\www\method-oldagehome\system\HTTP\ResponseTrait.php(750): CodeIgniter\HTTP\Response->doSetCookie('ci_session', 'foh7rplabq49nr8...', Array)
#3 D:\laragon\www\method-oldagehome\system\HTTP\ResponseTrait.php(730): CodeIgniter\HTTP\Response->dispatchCookies()
#4 D:\laragon\www\method-oldagehome\system\HTTP\ResponseTrait.php(447): CodeIgniter\HTTP\Response->sendCookies()
#5 D:\laragon\www\method-oldagehome\system\Debug\ExceptionHandler.php(78): CodeIgniter\HTTP\Response->send()
#6 D:\laragon\www\method-oldagehome\system\Debug\Exceptions.php(147): CodeIgniter\Debug\ExceptionHandler->handle(Object(CodeIgniter\Exceptions\PageNotFoundException), Object(CodeIgniter\HTTP\IncomingRequest), Object(CodeIgniter\HTTP\Response), 404, 1)
#7 [internal function]: CodeIgniter\Debug\Exceptions->exceptionHandler(Object(CodeIgniter\Exceptions\PageNotFoundException))
#8 {main}
  thrown
【Previous Exception】
CodeIgniter\Exceptions\PageNotFoundException
Page Not Found
#0 D:\laragon\www\method-oldagehome\system\CodeIgniter.php(967): CodeIgniter\Exceptions\PageNotFoundException::forPageNotFound(NULL)
#1 D:\laragon\www\method-oldagehome\system\CodeIgniter.php(362): CodeIgniter\CodeIgniter->display404errors(Object(CodeIgniter\Exceptions\PageNotFoundException))
#2 D:\laragon\www\method-oldagehome\public\index.php(79): CodeIgniter\CodeIgniter->run()
#3 D:\laragon\www\method-oldagehome\system\Commands\Server\rewrite.php(47): require_once('D:\\laragon\\www\\...')
#4 {main}
in SYSTEMPATH\HTTP\ResponseTrait.php on line 774.
 1 [internal function]: CodeIgniter\Debug\Exceptions->shutdownHandler()
CRITICAL - 2024-11-28 00:14:39 --> Uncaught ErrorException: Cannot modify header information - headers already sent in D:\laragon\www\method-oldagehome\system\HTTP\ResponseTrait.php:774
Stack trace:
#0 [internal function]: CodeIgniter\Debug\Exceptions->errorHandler(2, 'Cannot modify h...', 'D:\\laragon\\www\\...', 774)
#1 D:\laragon\www\method-oldagehome\system\HTTP\ResponseTrait.php(774): setcookie('ci_session', 'foh7rplabq49nr8...', Array)
#2 D:\laragon\www\method-oldagehome\system\HTTP\ResponseTrait.php(750): CodeIgniter\HTTP\Response->doSetCookie('ci_session', 'foh7rplabq49nr8...', Array)
#3 D:\laragon\www\method-oldagehome\system\HTTP\ResponseTrait.php(730): CodeIgniter\HTTP\Response->dispatchCookies()
#4 D:\laragon\www\method-oldagehome\system\HTTP\ResponseTrait.php(447): CodeIgniter\HTTP\Response->sendCookies()
#5 D:\laragon\www\method-oldagehome\system\Debug\ExceptionHandler.php(78): CodeIgniter\HTTP\Response->send()
#6 D:\laragon\www\method-oldagehome\system\Debug\Exceptions.php(147): CodeIgniter\Debug\ExceptionHandler->handle(Object(CodeIgniter\Exceptions\PageNotFoundException), Object(CodeIgniter\HTTP\IncomingRequest), Object(CodeIgniter\HTTP\Response), 404, 1)
#7 [internal function]: CodeIgniter\Debug\Exceptions->exceptionHandler(Object(CodeIgniter\Exceptions\PageNotFoundException))
#8 {main}
  thrown
【Previous Exception】
CodeIgniter\Exceptions\PageNotFoundException
Page Not Found
#0 D:\laragon\www\method-oldagehome\system\CodeIgniter.php(967): CodeIgniter\Exceptions\PageNotFoundException::forPageNotFound(NULL)
#1 D:\laragon\www\method-oldagehome\system\CodeIgniter.php(362): CodeIgniter\CodeIgniter->display404errors(Object(CodeIgniter\Exceptions\PageNotFoundException))
#2 D:\laragon\www\method-oldagehome\public\index.php(79): CodeIgniter\CodeIgniter->run()
#3 D:\laragon\www\method-oldagehome\system\Commands\Server\rewrite.php(47): require_once('D:\\laragon\\www\\...')
#4 {main}
in SYSTEMPATH\HTTP\ResponseTrait.php on line 774.
 1 [internal function]: CodeIgniter\Debug\Exceptions->shutdownHandler()
CRITICAL - 2024-11-28 00:14:41 --> Uncaught ErrorException: Cannot modify header information - headers already sent in D:\laragon\www\method-oldagehome\system\HTTP\ResponseTrait.php:774
Stack trace:
#0 [internal function]: CodeIgniter\Debug\Exceptions->errorHandler(2, 'Cannot modify h...', 'D:\\laragon\\www\\...', 774)
#1 D:\laragon\www\method-oldagehome\system\HTTP\ResponseTrait.php(774): setcookie('ci_session', 'foh7rplabq49nr8...', Array)
#2 D:\laragon\www\method-oldagehome\system\HTTP\ResponseTrait.php(750): CodeIgniter\HTTP\Response->doSetCookie('ci_session', 'foh7rplabq49nr8...', Array)
#3 D:\laragon\www\method-oldagehome\system\HTTP\ResponseTrait.php(730): CodeIgniter\HTTP\Response->dispatchCookies()
#4 D:\laragon\www\method-oldagehome\system\HTTP\ResponseTrait.php(447): CodeIgniter\HTTP\Response->sendCookies()
#5 D:\laragon\www\method-oldagehome\system\Debug\ExceptionHandler.php(78): CodeIgniter\HTTP\Response->send()
#6 D:\laragon\www\method-oldagehome\system\Debug\Exceptions.php(147): CodeIgniter\Debug\ExceptionHandler->handle(Object(CodeIgniter\Exceptions\PageNotFoundException), Object(CodeIgniter\HTTP\IncomingRequest), Object(CodeIgniter\HTTP\Response), 404, 1)
#7 [internal function]: CodeIgniter\Debug\Exceptions->exceptionHandler(Object(CodeIgniter\Exceptions\PageNotFoundException))
#8 {main}
  thrown
【Previous Exception】
CodeIgniter\Exceptions\PageNotFoundException
Page Not Found
#0 D:\laragon\www\method-oldagehome\system\CodeIgniter.php(967): CodeIgniter\Exceptions\PageNotFoundException::forPageNotFound(NULL)
#1 D:\laragon\www\method-oldagehome\system\CodeIgniter.php(362): CodeIgniter\CodeIgniter->display404errors(Object(CodeIgniter\Exceptions\PageNotFoundException))
#2 D:\laragon\www\method-oldagehome\public\index.php(79): CodeIgniter\CodeIgniter->run()
#3 D:\laragon\www\method-oldagehome\system\Commands\Server\rewrite.php(47): require_once('D:\\laragon\\www\\...')
#4 {main}
in SYSTEMPATH\HTTP\ResponseTrait.php on line 774.
 1 [internal function]: CodeIgniter\Debug\Exceptions->shutdownHandler()
CRITICAL - 2024-11-28 00:14:43 --> Uncaught ErrorException: Cannot modify header information - headers already sent in D:\laragon\www\method-oldagehome\system\HTTP\ResponseTrait.php:774
Stack trace:
#0 [internal function]: CodeIgniter\Debug\Exceptions->errorHandler(2, 'Cannot modify h...', 'D:\\laragon\\www\\...', 774)
#1 D:\laragon\www\method-oldagehome\system\HTTP\ResponseTrait.php(774): setcookie('ci_session', 'foh7rplabq49nr8...', Array)
#2 D:\laragon\www\method-oldagehome\system\HTTP\ResponseTrait.php(750): CodeIgniter\HTTP\Response->doSetCookie('ci_session', 'foh7rplabq49nr8...', Array)
#3 D:\laragon\www\method-oldagehome\system\HTTP\ResponseTrait.php(730): CodeIgniter\HTTP\Response->dispatchCookies()
#4 D:\laragon\www\method-oldagehome\system\HTTP\ResponseTrait.php(447): CodeIgniter\HTTP\Response->sendCookies()
#5 D:\laragon\www\method-oldagehome\system\Debug\ExceptionHandler.php(78): CodeIgniter\HTTP\Response->send()
#6 D:\laragon\www\method-oldagehome\system\Debug\Exceptions.php(147): CodeIgniter\Debug\ExceptionHandler->handle(Object(CodeIgniter\Exceptions\PageNotFoundException), Object(CodeIgniter\HTTP\IncomingRequest), Object(CodeIgniter\HTTP\Response), 404, 1)
#7 [internal function]: CodeIgniter\Debug\Exceptions->exceptionHandler(Object(CodeIgniter\Exceptions\PageNotFoundException))
#8 {main}
  thrown
【Previous Exception】
CodeIgniter\Exceptions\PageNotFoundException
Page Not Found
#0 D:\laragon\www\method-oldagehome\system\CodeIgniter.php(967): CodeIgniter\Exceptions\PageNotFoundException::forPageNotFound(NULL)
#1 D:\laragon\www\method-oldagehome\system\CodeIgniter.php(362): CodeIgniter\CodeIgniter->display404errors(Object(CodeIgniter\Exceptions\PageNotFoundException))
#2 D:\laragon\www\method-oldagehome\public\index.php(79): CodeIgniter\CodeIgniter->run()
#3 D:\laragon\www\method-oldagehome\system\Commands\Server\rewrite.php(47): require_once('D:\\laragon\\www\\...')
#4 {main}
in SYSTEMPATH\HTTP\ResponseTrait.php on line 774.
 1 [internal function]: CodeIgniter\Debug\Exceptions->shutdownHandler()
CRITICAL - 2024-11-28 00:14:44 --> Uncaught ErrorException: Cannot modify header information - headers already sent in D:\laragon\www\method-oldagehome\system\HTTP\ResponseTrait.php:774
Stack trace:
#0 [internal function]: CodeIgniter\Debug\Exceptions->errorHandler(2, 'Cannot modify h...', 'D:\\laragon\\www\\...', 774)
#1 D:\laragon\www\method-oldagehome\system\HTTP\ResponseTrait.php(774): setcookie('ci_session', 'foh7rplabq49nr8...', Array)
#2 D:\laragon\www\method-oldagehome\system\HTTP\ResponseTrait.php(750): CodeIgniter\HTTP\Response->doSetCookie('ci_session', 'foh7rplabq49nr8...', Array)
#3 D:\laragon\www\method-oldagehome\system\HTTP\ResponseTrait.php(730): CodeIgniter\HTTP\Response->dispatchCookies()
#4 D:\laragon\www\method-oldagehome\system\HTTP\ResponseTrait.php(447): CodeIgniter\HTTP\Response->sendCookies()
#5 D:\laragon\www\method-oldagehome\system\Debug\ExceptionHandler.php(78): CodeIgniter\HTTP\Response->send()
#6 D:\laragon\www\method-oldagehome\system\Debug\Exceptions.php(147): CodeIgniter\Debug\ExceptionHandler->handle(Object(CodeIgniter\Exceptions\PageNotFoundException), Object(CodeIgniter\HTTP\IncomingRequest), Object(CodeIgniter\HTTP\Response), 404, 1)
#7 [internal function]: CodeIgniter\Debug\Exceptions->exceptionHandler(Object(CodeIgniter\Exceptions\PageNotFoundException))
#8 {main}
  thrown
【Previous Exception】
CodeIgniter\Exceptions\PageNotFoundException
Page Not Found
#0 D:\laragon\www\method-oldagehome\system\CodeIgniter.php(967): CodeIgniter\Exceptions\PageNotFoundException::forPageNotFound(NULL)
#1 D:\laragon\www\method-oldagehome\system\CodeIgniter.php(362): CodeIgniter\CodeIgniter->display404errors(Object(CodeIgniter\Exceptions\PageNotFoundException))
#2 D:\laragon\www\method-oldagehome\public\index.php(79): CodeIgniter\CodeIgniter->run()
#3 D:\laragon\www\method-oldagehome\system\Commands\Server\rewrite.php(47): require_once('D:\\laragon\\www\\...')
#4 {main}
in SYSTEMPATH\HTTP\ResponseTrait.php on line 774.
 1 [internal function]: CodeIgniter\Debug\Exceptions->shutdownHandler()
CRITICAL - 2024-11-28 00:14:45 --> Uncaught ErrorException: Cannot modify header information - headers already sent in D:\laragon\www\method-oldagehome\system\HTTP\ResponseTrait.php:774
Stack trace:
#0 [internal function]: CodeIgniter\Debug\Exceptions->errorHandler(2, 'Cannot modify h...', 'D:\\laragon\\www\\...', 774)
#1 D:\laragon\www\method-oldagehome\system\HTTP\ResponseTrait.php(774): setcookie('ci_session', 'foh7rplabq49nr8...', Array)
#2 D:\laragon\www\method-oldagehome\system\HTTP\ResponseTrait.php(750): CodeIgniter\HTTP\Response->doSetCookie('ci_session', 'foh7rplabq49nr8...', Array)
#3 D:\laragon\www\method-oldagehome\system\HTTP\ResponseTrait.php(730): CodeIgniter\HTTP\Response->dispatchCookies()
#4 D:\laragon\www\method-oldagehome\system\HTTP\ResponseTrait.php(447): CodeIgniter\HTTP\Response->sendCookies()
#5 D:\laragon\www\method-oldagehome\system\Debug\ExceptionHandler.php(78): CodeIgniter\HTTP\Response->send()
#6 D:\laragon\www\method-oldagehome\system\Debug\Exceptions.php(147): CodeIgniter\Debug\ExceptionHandler->handle(Object(CodeIgniter\Exceptions\PageNotFoundException), Object(CodeIgniter\HTTP\IncomingRequest), Object(CodeIgniter\HTTP\Response), 404, 1)
#7 [internal function]: CodeIgniter\Debug\Exceptions->exceptionHandler(Object(CodeIgniter\Exceptions\PageNotFoundException))
#8 {main}
  thrown
【Previous Exception】
CodeIgniter\Exceptions\PageNotFoundException
Page Not Found
#0 D:\laragon\www\method-oldagehome\system\CodeIgniter.php(967): CodeIgniter\Exceptions\PageNotFoundException::forPageNotFound(NULL)
#1 D:\laragon\www\method-oldagehome\system\CodeIgniter.php(362): CodeIgniter\CodeIgniter->display404errors(Object(CodeIgniter\Exceptions\PageNotFoundException))
#2 D:\laragon\www\method-oldagehome\public\index.php(79): CodeIgniter\CodeIgniter->run()
#3 D:\laragon\www\method-oldagehome\system\Commands\Server\rewrite.php(47): require_once('D:\\laragon\\www\\...')
#4 {main}
in SYSTEMPATH\HTTP\ResponseTrait.php on line 774.
 1 [internal function]: CodeIgniter\Debug\Exceptions->shutdownHandler()
CRITICAL - 2024-11-28 00:14:47 --> Uncaught ErrorException: Cannot modify header information - headers already sent in D:\laragon\www\method-oldagehome\system\HTTP\ResponseTrait.php:774
Stack trace:
#0 [internal function]: CodeIgniter\Debug\Exceptions->errorHandler(2, 'Cannot modify h...', 'D:\\laragon\\www\\...', 774)
#1 D:\laragon\www\method-oldagehome\system\HTTP\ResponseTrait.php(774): setcookie('ci_session', 'foh7rplabq49nr8...', Array)
#2 D:\laragon\www\method-oldagehome\system\HTTP\ResponseTrait.php(750): CodeIgniter\HTTP\Response->doSetCookie('ci_session', 'foh7rplabq49nr8...', Array)
#3 D:\laragon\www\method-oldagehome\system\HTTP\ResponseTrait.php(730): CodeIgniter\HTTP\Response->dispatchCookies()
#4 D:\laragon\www\method-oldagehome\system\HTTP\ResponseTrait.php(447): CodeIgniter\HTTP\Response->sendCookies()
#5 D:\laragon\www\method-oldagehome\system\Debug\ExceptionHandler.php(78): CodeIgniter\HTTP\Response->send()
#6 D:\laragon\www\method-oldagehome\system\Debug\Exceptions.php(147): CodeIgniter\Debug\ExceptionHandler->handle(Object(CodeIgniter\Exceptions\PageNotFoundException), Object(CodeIgniter\HTTP\IncomingRequest), Object(CodeIgniter\HTTP\Response), 404, 1)
#7 [internal function]: CodeIgniter\Debug\Exceptions->exceptionHandler(Object(CodeIgniter\Exceptions\PageNotFoundException))
#8 {main}
  thrown
【Previous Exception】
CodeIgniter\Exceptions\PageNotFoundException
Page Not Found
#0 D:\laragon\www\method-oldagehome\system\CodeIgniter.php(967): CodeIgniter\Exceptions\PageNotFoundException::forPageNotFound(NULL)
#1 D:\laragon\www\method-oldagehome\system\CodeIgniter.php(362): CodeIgniter\CodeIgniter->display404errors(Object(CodeIgniter\Exceptions\PageNotFoundException))
#2 D:\laragon\www\method-oldagehome\public\index.php(79): CodeIgniter\CodeIgniter->run()
#3 D:\laragon\www\method-oldagehome\system\Commands\Server\rewrite.php(47): require_once('D:\\laragon\\www\\...')
#4 {main}
in SYSTEMPATH\HTTP\ResponseTrait.php on line 774.
 1 [internal function]: CodeIgniter\Debug\Exceptions->shutdownHandler()
CRITICAL - 2024-11-28 00:14:49 --> Uncaught ErrorException: Cannot modify header information - headers already sent in D:\laragon\www\method-oldagehome\system\HTTP\ResponseTrait.php:774
Stack trace:
#0 [internal function]: CodeIgniter\Debug\Exceptions->errorHandler(2, 'Cannot modify h...', 'D:\\laragon\\www\\...', 774)
#1 D:\laragon\www\method-oldagehome\system\HTTP\ResponseTrait.php(774): setcookie('ci_session', 'foh7rplabq49nr8...', Array)
#2 D:\laragon\www\method-oldagehome\system\HTTP\ResponseTrait.php(750): CodeIgniter\HTTP\Response->doSetCookie('ci_session', 'foh7rplabq49nr8...', Array)
#3 D:\laragon\www\method-oldagehome\system\HTTP\ResponseTrait.php(730): CodeIgniter\HTTP\Response->dispatchCookies()
#4 D:\laragon\www\method-oldagehome\system\HTTP\ResponseTrait.php(447): CodeIgniter\HTTP\Response->sendCookies()
#5 D:\laragon\www\method-oldagehome\system\Debug\ExceptionHandler.php(78): CodeIgniter\HTTP\Response->send()
#6 D:\laragon\www\method-oldagehome\system\Debug\Exceptions.php(147): CodeIgniter\Debug\ExceptionHandler->handle(Object(CodeIgniter\Exceptions\PageNotFoundException), Object(CodeIgniter\HTTP\IncomingRequest), Object(CodeIgniter\HTTP\Response), 404, 1)
#7 [internal function]: CodeIgniter\Debug\Exceptions->exceptionHandler(Object(CodeIgniter\Exceptions\PageNotFoundException))
#8 {main}
  thrown
【Previous Exception】
CodeIgniter\Exceptions\PageNotFoundException
Page Not Found
#0 D:\laragon\www\method-oldagehome\system\CodeIgniter.php(967): CodeIgniter\Exceptions\PageNotFoundException::forPageNotFound(NULL)
#1 D:\laragon\www\method-oldagehome\system\CodeIgniter.php(362): CodeIgniter\CodeIgniter->display404errors(Object(CodeIgniter\Exceptions\PageNotFoundException))
#2 D:\laragon\www\method-oldagehome\public\index.php(79): CodeIgniter\CodeIgniter->run()
#3 D:\laragon\www\method-oldagehome\system\Commands\Server\rewrite.php(47): require_once('D:\\laragon\\www\\...')
#4 {main}
in SYSTEMPATH\HTTP\ResponseTrait.php on line 774.
 1 [internal function]: CodeIgniter\Debug\Exceptions->shutdownHandler()
CRITICAL - 2024-11-28 00:14:51 --> Uncaught ErrorException: Cannot modify header information - headers already sent in D:\laragon\www\method-oldagehome\system\HTTP\ResponseTrait.php:774
Stack trace:
#0 [internal function]: CodeIgniter\Debug\Exceptions->errorHandler(2, 'Cannot modify h...', 'D:\\laragon\\www\\...', 774)
#1 D:\laragon\www\method-oldagehome\system\HTTP\ResponseTrait.php(774): setcookie('ci_session', 'foh7rplabq49nr8...', Array)
#2 D:\laragon\www\method-oldagehome\system\HTTP\ResponseTrait.php(750): CodeIgniter\HTTP\Response->doSetCookie('ci_session', 'foh7rplabq49nr8...', Array)
#3 D:\laragon\www\method-oldagehome\system\HTTP\ResponseTrait.php(730): CodeIgniter\HTTP\Response->dispatchCookies()
#4 D:\laragon\www\method-oldagehome\system\HTTP\ResponseTrait.php(447): CodeIgniter\HTTP\Response->sendCookies()
#5 D:\laragon\www\method-oldagehome\system\Debug\ExceptionHandler.php(78): CodeIgniter\HTTP\Response->send()
#6 D:\laragon\www\method-oldagehome\system\Debug\Exceptions.php(147): CodeIgniter\Debug\ExceptionHandler->handle(Object(CodeIgniter\Exceptions\PageNotFoundException), Object(CodeIgniter\HTTP\IncomingRequest), Object(CodeIgniter\HTTP\Response), 404, 1)
#7 [internal function]: CodeIgniter\Debug\Exceptions->exceptionHandler(Object(CodeIgniter\Exceptions\PageNotFoundException))
#8 {main}
  thrown
【Previous Exception】
CodeIgniter\Exceptions\PageNotFoundException
Page Not Found
#0 D:\laragon\www\method-oldagehome\system\CodeIgniter.php(967): CodeIgniter\Exceptions\PageNotFoundException::forPageNotFound(NULL)
#1 D:\laragon\www\method-oldagehome\system\CodeIgniter.php(362): CodeIgniter\CodeIgniter->display404errors(Object(CodeIgniter\Exceptions\PageNotFoundException))
#2 D:\laragon\www\method-oldagehome\public\index.php(79): CodeIgniter\CodeIgniter->run()
#3 D:\laragon\www\method-oldagehome\system\Commands\Server\rewrite.php(47): require_once('D:\\laragon\\www\\...')
#4 {main}
in SYSTEMPATH\HTTP\ResponseTrait.php on line 774.
 1 [internal function]: CodeIgniter\Debug\Exceptions->shutdownHandler()
CRITICAL - 2024-11-28 00:14:53 --> Uncaught ErrorException: Cannot modify header information - headers already sent in D:\laragon\www\method-oldagehome\system\HTTP\ResponseTrait.php:774
Stack trace:
#0 [internal function]: CodeIgniter\Debug\Exceptions->errorHandler(2, 'Cannot modify h...', 'D:\\laragon\\www\\...', 774)
#1 D:\laragon\www\method-oldagehome\system\HTTP\ResponseTrait.php(774): setcookie('ci_session', 'foh7rplabq49nr8...', Array)
#2 D:\laragon\www\method-oldagehome\system\HTTP\ResponseTrait.php(750): CodeIgniter\HTTP\Response->doSetCookie('ci_session', 'foh7rplabq49nr8...', Array)
#3 D:\laragon\www\method-oldagehome\system\HTTP\ResponseTrait.php(730): CodeIgniter\HTTP\Response->dispatchCookies()
#4 D:\laragon\www\method-oldagehome\system\HTTP\ResponseTrait.php(447): CodeIgniter\HTTP\Response->sendCookies()
#5 D:\laragon\www\method-oldagehome\system\Debug\ExceptionHandler.php(78): CodeIgniter\HTTP\Response->send()
#6 D:\laragon\www\method-oldagehome\system\Debug\Exceptions.php(147): CodeIgniter\Debug\ExceptionHandler->handle(Object(CodeIgniter\Exceptions\PageNotFoundException), Object(CodeIgniter\HTTP\IncomingRequest), Object(CodeIgniter\HTTP\Response), 404, 1)
#7 [internal function]: CodeIgniter\Debug\Exceptions->exceptionHandler(Object(CodeIgniter\Exceptions\PageNotFoundException))
#8 {main}
  thrown
【Previous Exception】
CodeIgniter\Exceptions\PageNotFoundException
Page Not Found
#0 D:\laragon\www\method-oldagehome\system\CodeIgniter.php(967): CodeIgniter\Exceptions\PageNotFoundException::forPageNotFound(NULL)
#1 D:\laragon\www\method-oldagehome\system\CodeIgniter.php(362): CodeIgniter\CodeIgniter->display404errors(Object(CodeIgniter\Exceptions\PageNotFoundException))
#2 D:\laragon\www\method-oldagehome\public\index.php(79): CodeIgniter\CodeIgniter->run()
#3 D:\laragon\www\method-oldagehome\system\Commands\Server\rewrite.php(47): require_once('D:\\laragon\\www\\...')
#4 {main}
in SYSTEMPATH\HTTP\ResponseTrait.php on line 774.
 1 [internal function]: CodeIgniter\Debug\Exceptions->shutdownHandler()
CRITICAL - 2024-11-28 00:14:55 --> Uncaught ErrorException: Cannot modify header information - headers already sent in D:\laragon\www\method-oldagehome\system\HTTP\ResponseTrait.php:774
Stack trace:
#0 [internal function]: CodeIgniter\Debug\Exceptions->errorHandler(2, 'Cannot modify h...', 'D:\\laragon\\www\\...', 774)
#1 D:\laragon\www\method-oldagehome\system\HTTP\ResponseTrait.php(774): setcookie('ci_session', 'foh7rplabq49nr8...', Array)
#2 D:\laragon\www\method-oldagehome\system\HTTP\ResponseTrait.php(750): CodeIgniter\HTTP\Response->doSetCookie('ci_session', 'foh7rplabq49nr8...', Array)
#3 D:\laragon\www\method-oldagehome\system\HTTP\ResponseTrait.php(730): CodeIgniter\HTTP\Response->dispatchCookies()
#4 D:\laragon\www\method-oldagehome\system\HTTP\ResponseTrait.php(447): CodeIgniter\HTTP\Response->sendCookies()
#5 D:\laragon\www\method-oldagehome\system\Debug\ExceptionHandler.php(78): CodeIgniter\HTTP\Response->send()
#6 D:\laragon\www\method-oldagehome\system\Debug\Exceptions.php(147): CodeIgniter\Debug\ExceptionHandler->handle(Object(CodeIgniter\Exceptions\PageNotFoundException), Object(CodeIgniter\HTTP\IncomingRequest), Object(CodeIgniter\HTTP\Response), 404, 1)
#7 [internal function]: CodeIgniter\Debug\Exceptions->exceptionHandler(Object(CodeIgniter\Exceptions\PageNotFoundException))
#8 {main}
  thrown
【Previous Exception】
CodeIgniter\Exceptions\PageNotFoundException
Page Not Found
#0 D:\laragon\www\method-oldagehome\system\CodeIgniter.php(967): CodeIgniter\Exceptions\PageNotFoundException::forPageNotFound(NULL)
#1 D:\laragon\www\method-oldagehome\system\CodeIgniter.php(362): CodeIgniter\CodeIgniter->display404errors(Object(CodeIgniter\Exceptions\PageNotFoundException))
#2 D:\laragon\www\method-oldagehome\public\index.php(79): CodeIgniter\CodeIgniter->run()
#3 D:\laragon\www\method-oldagehome\system\Commands\Server\rewrite.php(47): require_once('D:\\laragon\\www\\...')
#4 {main}
in SYSTEMPATH\HTTP\ResponseTrait.php on line 774.
 1 [internal function]: CodeIgniter\Debug\Exceptions->shutdownHandler()
CRITICAL - 2024-11-28 00:14:57 --> Uncaught ErrorException: Cannot modify header information - headers already sent in D:\laragon\www\method-oldagehome\system\HTTP\ResponseTrait.php:774
Stack trace:
#0 [internal function]: CodeIgniter\Debug\Exceptions->errorHandler(2, 'Cannot modify h...', 'D:\\laragon\\www\\...', 774)
#1 D:\laragon\www\method-oldagehome\system\HTTP\ResponseTrait.php(774): setcookie('ci_session', 'foh7rplabq49nr8...', Array)
#2 D:\laragon\www\method-oldagehome\system\HTTP\ResponseTrait.php(750): CodeIgniter\HTTP\Response->doSetCookie('ci_session', 'foh7rplabq49nr8...', Array)
#3 D:\laragon\www\method-oldagehome\system\HTTP\ResponseTrait.php(730): CodeIgniter\HTTP\Response->dispatchCookies()
#4 D:\laragon\www\method-oldagehome\system\HTTP\ResponseTrait.php(447): CodeIgniter\HTTP\Response->sendCookies()
#5 D:\laragon\www\method-oldagehome\system\Debug\ExceptionHandler.php(78): CodeIgniter\HTTP\Response->send()
#6 D:\laragon\www\method-oldagehome\system\Debug\Exceptions.php(147): CodeIgniter\Debug\ExceptionHandler->handle(Object(CodeIgniter\Exceptions\PageNotFoundException), Object(CodeIgniter\HTTP\IncomingRequest), Object(CodeIgniter\HTTP\Response), 404, 1)
#7 [internal function]: CodeIgniter\Debug\Exceptions->exceptionHandler(Object(CodeIgniter\Exceptions\PageNotFoundException))
#8 {main}
  thrown
【Previous Exception】
CodeIgniter\Exceptions\PageNotFoundException
Page Not Found
#0 D:\laragon\www\method-oldagehome\system\CodeIgniter.php(967): CodeIgniter\Exceptions\PageNotFoundException::forPageNotFound(NULL)
#1 D:\laragon\www\method-oldagehome\system\CodeIgniter.php(362): CodeIgniter\CodeIgniter->display404errors(Object(CodeIgniter\Exceptions\PageNotFoundException))
#2 D:\laragon\www\method-oldagehome\public\index.php(79): CodeIgniter\CodeIgniter->run()
#3 D:\laragon\www\method-oldagehome\system\Commands\Server\rewrite.php(47): require_once('D:\\laragon\\www\\...')
#4 {main}
in SYSTEMPATH\HTTP\ResponseTrait.php on line 774.
 1 [internal function]: CodeIgniter\Debug\Exceptions->shutdownHandler()
CRITICAL - 2024-11-28 00:14:59 --> Uncaught ErrorException: Cannot modify header information - headers already sent in D:\laragon\www\method-oldagehome\system\HTTP\ResponseTrait.php:774
Stack trace:
#0 [internal function]: CodeIgniter\Debug\Exceptions->errorHandler(2, 'Cannot modify h...', 'D:\\laragon\\www\\...', 774)
#1 D:\laragon\www\method-oldagehome\system\HTTP\ResponseTrait.php(774): setcookie('ci_session', 'foh7rplabq49nr8...', Array)
#2 D:\laragon\www\method-oldagehome\system\HTTP\ResponseTrait.php(750): CodeIgniter\HTTP\Response->doSetCookie('ci_session', 'foh7rplabq49nr8...', Array)
#3 D:\laragon\www\method-oldagehome\system\HTTP\ResponseTrait.php(730): CodeIgniter\HTTP\Response->dispatchCookies()
#4 D:\laragon\www\method-oldagehome\system\HTTP\ResponseTrait.php(447): CodeIgniter\HTTP\Response->sendCookies()
#5 D:\laragon\www\method-oldagehome\system\Debug\ExceptionHandler.php(78): CodeIgniter\HTTP\Response->send()
#6 D:\laragon\www\method-oldagehome\system\Debug\Exceptions.php(147): CodeIgniter\Debug\ExceptionHandler->handle(Object(CodeIgniter\Exceptions\PageNotFoundException), Object(CodeIgniter\HTTP\IncomingRequest), Object(CodeIgniter\HTTP\Response), 404, 1)
#7 [internal function]: CodeIgniter\Debug\Exceptions->exceptionHandler(Object(CodeIgniter\Exceptions\PageNotFoundException))
#8 {main}
  thrown
【Previous Exception】
CodeIgniter\Exceptions\PageNotFoundException
Page Not Found
#0 D:\laragon\www\method-oldagehome\system\CodeIgniter.php(967): CodeIgniter\Exceptions\PageNotFoundException::forPageNotFound(NULL)
#1 D:\laragon\www\method-oldagehome\system\CodeIgniter.php(362): CodeIgniter\CodeIgniter->display404errors(Object(CodeIgniter\Exceptions\PageNotFoundException))
#2 D:\laragon\www\method-oldagehome\public\index.php(79): CodeIgniter\CodeIgniter->run()
#3 D:\laragon\www\method-oldagehome\system\Commands\Server\rewrite.php(47): require_once('D:\\laragon\\www\\...')
#4 {main}
in SYSTEMPATH\HTTP\ResponseTrait.php on line 774.
 1 [internal function]: CodeIgniter\Debug\Exceptions->shutdownHandler()
CRITICAL - 2024-11-28 00:15:01 --> Uncaught ErrorException: Cannot modify header information - headers already sent in D:\laragon\www\method-oldagehome\system\HTTP\ResponseTrait.php:774
Stack trace:
#0 [internal function]: CodeIgniter\Debug\Exceptions->errorHandler(2, 'Cannot modify h...', 'D:\\laragon\\www\\...', 774)
#1 D:\laragon\www\method-oldagehome\system\HTTP\ResponseTrait.php(774): setcookie('ci_session', 'foh7rplabq49nr8...', Array)
#2 D:\laragon\www\method-oldagehome\system\HTTP\ResponseTrait.php(750): CodeIgniter\HTTP\Response->doSetCookie('ci_session', 'foh7rplabq49nr8...', Array)
#3 D:\laragon\www\method-oldagehome\system\HTTP\ResponseTrait.php(730): CodeIgniter\HTTP\Response->dispatchCookies()
#4 D:\laragon\www\method-oldagehome\system\HTTP\ResponseTrait.php(447): CodeIgniter\HTTP\Response->sendCookies()
#5 D:\laragon\www\method-oldagehome\system\Debug\ExceptionHandler.php(78): CodeIgniter\HTTP\Response->send()
#6 D:\laragon\www\method-oldagehome\system\Debug\Exceptions.php(147): CodeIgniter\Debug\ExceptionHandler->handle(Object(CodeIgniter\Exceptions\PageNotFoundException), Object(CodeIgniter\HTTP\IncomingRequest), Object(CodeIgniter\HTTP\Response), 404, 1)
#7 [internal function]: CodeIgniter\Debug\Exceptions->exceptionHandler(Object(CodeIgniter\Exceptions\PageNotFoundException))
#8 {main}
  thrown
【Previous Exception】
CodeIgniter\Exceptions\PageNotFoundException
Page Not Found
#0 D:\laragon\www\method-oldagehome\system\CodeIgniter.php(967): CodeIgniter\Exceptions\PageNotFoundException::forPageNotFound(NULL)
#1 D:\laragon\www\method-oldagehome\system\CodeIgniter.php(362): CodeIgniter\CodeIgniter->display404errors(Object(CodeIgniter\Exceptions\PageNotFoundException))
#2 D:\laragon\www\method-oldagehome\public\index.php(79): CodeIgniter\CodeIgniter->run()
#3 D:\laragon\www\method-oldagehome\system\Commands\Server\rewrite.php(47): require_once('D:\\laragon\\www\\...')
#4 {main}
in SYSTEMPATH\HTTP\ResponseTrait.php on line 774.
 1 [internal function]: CodeIgniter\Debug\Exceptions->shutdownHandler()
CRITICAL - 2024-11-28 00:15:03 --> Uncaught ErrorException: Cannot modify header information - headers already sent in D:\laragon\www\method-oldagehome\system\HTTP\ResponseTrait.php:774
Stack trace:
#0 [internal function]: CodeIgniter\Debug\Exceptions->errorHandler(2, 'Cannot modify h...', 'D:\\laragon\\www\\...', 774)
#1 D:\laragon\www\method-oldagehome\system\HTTP\ResponseTrait.php(774): setcookie('ci_session', 'foh7rplabq49nr8...', Array)
#2 D:\laragon\www\method-oldagehome\system\HTTP\ResponseTrait.php(750): CodeIgniter\HTTP\Response->doSetCookie('ci_session', 'foh7rplabq49nr8...', Array)
#3 D:\laragon\www\method-oldagehome\system\HTTP\ResponseTrait.php(730): CodeIgniter\HTTP\Response->dispatchCookies()
#4 D:\laragon\www\method-oldagehome\system\HTTP\ResponseTrait.php(447): CodeIgniter\HTTP\Response->sendCookies()
#5 D:\laragon\www\method-oldagehome\system\Debug\ExceptionHandler.php(78): CodeIgniter\HTTP\Response->send()
#6 D:\laragon\www\method-oldagehome\system\Debug\Exceptions.php(147): CodeIgniter\Debug\ExceptionHandler->handle(Object(CodeIgniter\Exceptions\PageNotFoundException), Object(CodeIgniter\HTTP\IncomingRequest), Object(CodeIgniter\HTTP\Response), 404, 1)
#7 [internal function]: CodeIgniter\Debug\Exceptions->exceptionHandler(Object(CodeIgniter\Exceptions\PageNotFoundException))
#8 {main}
  thrown
【Previous Exception】
CodeIgniter\Exceptions\PageNotFoundException
Page Not Found
#0 D:\laragon\www\method-oldagehome\system\CodeIgniter.php(967): CodeIgniter\Exceptions\PageNotFoundException::forPageNotFound(NULL)
#1 D:\laragon\www\method-oldagehome\system\CodeIgniter.php(362): CodeIgniter\CodeIgniter->display404errors(Object(CodeIgniter\Exceptions\PageNotFoundException))
#2 D:\laragon\www\method-oldagehome\public\index.php(79): CodeIgniter\CodeIgniter->run()
#3 D:\laragon\www\method-oldagehome\system\Commands\Server\rewrite.php(47): require_once('D:\\laragon\\www\\...')
#4 {main}
in SYSTEMPATH\HTTP\ResponseTrait.php on line 774.
 1 [internal function]: CodeIgniter\Debug\Exceptions->shutdownHandler()
CRITICAL - 2024-11-28 00:15:05 --> Uncaught ErrorException: Cannot modify header information - headers already sent in D:\laragon\www\method-oldagehome\system\HTTP\ResponseTrait.php:774
Stack trace:
#0 [internal function]: CodeIgniter\Debug\Exceptions->errorHandler(2, 'Cannot modify h...', 'D:\\laragon\\www\\...', 774)
#1 D:\laragon\www\method-oldagehome\system\HTTP\ResponseTrait.php(774): setcookie('ci_session', 'foh7rplabq49nr8...', Array)
#2 D:\laragon\www\method-oldagehome\system\HTTP\ResponseTrait.php(750): CodeIgniter\HTTP\Response->doSetCookie('ci_session', 'foh7rplabq49nr8...', Array)
#3 D:\laragon\www\method-oldagehome\system\HTTP\ResponseTrait.php(730): CodeIgniter\HTTP\Response->dispatchCookies()
#4 D:\laragon\www\method-oldagehome\system\HTTP\ResponseTrait.php(447): CodeIgniter\HTTP\Response->sendCookies()
#5 D:\laragon\www\method-oldagehome\system\Debug\ExceptionHandler.php(78): CodeIgniter\HTTP\Response->send()
#6 D:\laragon\www\method-oldagehome\system\Debug\Exceptions.php(147): CodeIgniter\Debug\ExceptionHandler->handle(Object(CodeIgniter\Exceptions\PageNotFoundException), Object(CodeIgniter\HTTP\IncomingRequest), Object(CodeIgniter\HTTP\Response), 404, 1)
#7 [internal function]: CodeIgniter\Debug\Exceptions->exceptionHandler(Object(CodeIgniter\Exceptions\PageNotFoundException))
#8 {main}
  thrown
【Previous Exception】
CodeIgniter\Exceptions\PageNotFoundException
Page Not Found
#0 D:\laragon\www\method-oldagehome\system\CodeIgniter.php(967): CodeIgniter\Exceptions\PageNotFoundException::forPageNotFound(NULL)
#1 D:\laragon\www\method-oldagehome\system\CodeIgniter.php(362): CodeIgniter\CodeIgniter->display404errors(Object(CodeIgniter\Exceptions\PageNotFoundException))
#2 D:\laragon\www\method-oldagehome\public\index.php(79): CodeIgniter\CodeIgniter->run()
#3 D:\laragon\www\method-oldagehome\system\Commands\Server\rewrite.php(47): require_once('D:\\laragon\\www\\...')
#4 {main}
in SYSTEMPATH\HTTP\ResponseTrait.php on line 774.
 1 [internal function]: CodeIgniter\Debug\Exceptions->shutdownHandler()
CRITICAL - 2024-11-28 00:15:07 --> Uncaught ErrorException: Cannot modify header information - headers already sent in D:\laragon\www\method-oldagehome\system\HTTP\ResponseTrait.php:774
Stack trace:
#0 [internal function]: CodeIgniter\Debug\Exceptions->errorHandler(2, 'Cannot modify h...', 'D:\\laragon\\www\\...', 774)
#1 D:\laragon\www\method-oldagehome\system\HTTP\ResponseTrait.php(774): setcookie('ci_session', 'foh7rplabq49nr8...', Array)
#2 D:\laragon\www\method-oldagehome\system\HTTP\ResponseTrait.php(750): CodeIgniter\HTTP\Response->doSetCookie('ci_session', 'foh7rplabq49nr8...', Array)
#3 D:\laragon\www\method-oldagehome\system\HTTP\ResponseTrait.php(730): CodeIgniter\HTTP\Response->dispatchCookies()
#4 D:\laragon\www\method-oldagehome\system\HTTP\ResponseTrait.php(447): CodeIgniter\HTTP\Response->sendCookies()
#5 D:\laragon\www\method-oldagehome\system\Debug\ExceptionHandler.php(78): CodeIgniter\HTTP\Response->send()
#6 D:\laragon\www\method-oldagehome\system\Debug\Exceptions.php(147): CodeIgniter\Debug\ExceptionHandler->handle(Object(CodeIgniter\Exceptions\PageNotFoundException), Object(CodeIgniter\HTTP\IncomingRequest), Object(CodeIgniter\HTTP\Response), 404, 1)
#7 [internal function]: CodeIgniter\Debug\Exceptions->exceptionHandler(Object(CodeIgniter\Exceptions\PageNotFoundException))
#8 {main}
  thrown
【Previous Exception】
CodeIgniter\Exceptions\PageNotFoundException
Page Not Found
#0 D:\laragon\www\method-oldagehome\system\CodeIgniter.php(967): CodeIgniter\Exceptions\PageNotFoundException::forPageNotFound(NULL)
#1 D:\laragon\www\method-oldagehome\system\CodeIgniter.php(362): CodeIgniter\CodeIgniter->display404errors(Object(CodeIgniter\Exceptions\PageNotFoundException))
#2 D:\laragon\www\method-oldagehome\public\index.php(79): CodeIgniter\CodeIgniter->run()
#3 D:\laragon\www\method-oldagehome\system\Commands\Server\rewrite.php(47): require_once('D:\\laragon\\www\\...')
#4 {main}
in SYSTEMPATH\HTTP\ResponseTrait.php on line 774.
 1 [internal function]: CodeIgniter\Debug\Exceptions->shutdownHandler()
CRITICAL - 2024-11-28 00:15:09 --> Uncaught ErrorException: Cannot modify header information - headers already sent in D:\laragon\www\method-oldagehome\system\HTTP\ResponseTrait.php:774
Stack trace:
#0 [internal function]: CodeIgniter\Debug\Exceptions->errorHandler(2, 'Cannot modify h...', 'D:\\laragon\\www\\...', 774)
#1 D:\laragon\www\method-oldagehome\system\HTTP\ResponseTrait.php(774): setcookie('ci_session', 'foh7rplabq49nr8...', Array)
#2 D:\laragon\www\method-oldagehome\system\HTTP\ResponseTrait.php(750): CodeIgniter\HTTP\Response->doSetCookie('ci_session', 'foh7rplabq49nr8...', Array)
#3 D:\laragon\www\method-oldagehome\system\HTTP\ResponseTrait.php(730): CodeIgniter\HTTP\Response->dispatchCookies()
#4 D:\laragon\www\method-oldagehome\system\HTTP\ResponseTrait.php(447): CodeIgniter\HTTP\Response->sendCookies()
#5 D:\laragon\www\method-oldagehome\system\Debug\ExceptionHandler.php(78): CodeIgniter\HTTP\Response->send()
#6 D:\laragon\www\method-oldagehome\system\Debug\Exceptions.php(147): CodeIgniter\Debug\ExceptionHandler->handle(Object(CodeIgniter\Exceptions\PageNotFoundException), Object(CodeIgniter\HTTP\IncomingRequest), Object(CodeIgniter\HTTP\Response), 404, 1)
#7 [internal function]: CodeIgniter\Debug\Exceptions->exceptionHandler(Object(CodeIgniter\Exceptions\PageNotFoundException))
#8 {main}
  thrown
【Previous Exception】
CodeIgniter\Exceptions\PageNotFoundException
Page Not Found
#0 D:\laragon\www\method-oldagehome\system\CodeIgniter.php(967): CodeIgniter\Exceptions\PageNotFoundException::forPageNotFound(NULL)
#1 D:\laragon\www\method-oldagehome\system\CodeIgniter.php(362): CodeIgniter\CodeIgniter->display404errors(Object(CodeIgniter\Exceptions\PageNotFoundException))
#2 D:\laragon\www\method-oldagehome\public\index.php(79): CodeIgniter\CodeIgniter->run()
#3 D:\laragon\www\method-oldagehome\system\Commands\Server\rewrite.php(47): require_once('D:\\laragon\\www\\...')
#4 {main}
in SYSTEMPATH\HTTP\ResponseTrait.php on line 774.
 1 [internal function]: CodeIgniter\Debug\Exceptions->shutdownHandler()
CRITICAL - 2024-11-28 00:15:11 --> Uncaught ErrorException: Cannot modify header information - headers already sent in D:\laragon\www\method-oldagehome\system\HTTP\ResponseTrait.php:774
Stack trace:
#0 [internal function]: CodeIgniter\Debug\Exceptions->errorHandler(2, 'Cannot modify h...', 'D:\\laragon\\www\\...', 774)
#1 D:\laragon\www\method-oldagehome\system\HTTP\ResponseTrait.php(774): setcookie('ci_session', 'foh7rplabq49nr8...', Array)
#2 D:\laragon\www\method-oldagehome\system\HTTP\ResponseTrait.php(750): CodeIgniter\HTTP\Response->doSetCookie('ci_session', 'foh7rplabq49nr8...', Array)
#3 D:\laragon\www\method-oldagehome\system\HTTP\ResponseTrait.php(730): CodeIgniter\HTTP\Response->dispatchCookies()
#4 D:\laragon\www\method-oldagehome\system\HTTP\ResponseTrait.php(447): CodeIgniter\HTTP\Response->sendCookies()
#5 D:\laragon\www\method-oldagehome\system\Debug\ExceptionHandler.php(78): CodeIgniter\HTTP\Response->send()
#6 D:\laragon\www\method-oldagehome\system\Debug\Exceptions.php(147): CodeIgniter\Debug\ExceptionHandler->handle(Object(CodeIgniter\Exceptions\PageNotFoundException), Object(CodeIgniter\HTTP\IncomingRequest), Object(CodeIgniter\HTTP\Response), 404, 1)
#7 [internal function]: CodeIgniter\Debug\Exceptions->exceptionHandler(Object(CodeIgniter\Exceptions\PageNotFoundException))
#8 {main}
  thrown
【Previous Exception】
CodeIgniter\Exceptions\PageNotFoundException
Page Not Found
#0 D:\laragon\www\method-oldagehome\system\CodeIgniter.php(967): CodeIgniter\Exceptions\PageNotFoundException::forPageNotFound(NULL)
#1 D:\laragon\www\method-oldagehome\system\CodeIgniter.php(362): CodeIgniter\CodeIgniter->display404errors(Object(CodeIgniter\Exceptions\PageNotFoundException))
#2 D:\laragon\www\method-oldagehome\public\index.php(79): CodeIgniter\CodeIgniter->run()
#3 D:\laragon\www\method-oldagehome\system\Commands\Server\rewrite.php(47): require_once('D:\\laragon\\www\\...')
#4 {main}
in SYSTEMPATH\HTTP\ResponseTrait.php on line 774.
 1 [internal function]: CodeIgniter\Debug\Exceptions->shutdownHandler()
CRITICAL - 2024-11-28 00:15:13 --> Uncaught ErrorException: Cannot modify header information - headers already sent in D:\laragon\www\method-oldagehome\system\HTTP\ResponseTrait.php:774
Stack trace:
#0 [internal function]: CodeIgniter\Debug\Exceptions->errorHandler(2, 'Cannot modify h...', 'D:\\laragon\\www\\...', 774)
#1 D:\laragon\www\method-oldagehome\system\HTTP\ResponseTrait.php(774): setcookie('ci_session', 'foh7rplabq49nr8...', Array)
#2 D:\laragon\www\method-oldagehome\system\HTTP\ResponseTrait.php(750): CodeIgniter\HTTP\Response->doSetCookie('ci_session', 'foh7rplabq49nr8...', Array)
#3 D:\laragon\www\method-oldagehome\system\HTTP\ResponseTrait.php(730): CodeIgniter\HTTP\Response->dispatchCookies()
#4 D:\laragon\www\method-oldagehome\system\HTTP\ResponseTrait.php(447): CodeIgniter\HTTP\Response->sendCookies()
#5 D:\laragon\www\method-oldagehome\system\Debug\ExceptionHandler.php(78): CodeIgniter\HTTP\Response->send()
#6 D:\laragon\www\method-oldagehome\system\Debug\Exceptions.php(147): CodeIgniter\Debug\ExceptionHandler->handle(Object(CodeIgniter\Exceptions\PageNotFoundException), Object(CodeIgniter\HTTP\IncomingRequest), Object(CodeIgniter\HTTP\Response), 404, 1)
#7 [internal function]: CodeIgniter\Debug\Exceptions->exceptionHandler(Object(CodeIgniter\Exceptions\PageNotFoundException))
#8 {main}
  thrown
【Previous Exception】
CodeIgniter\Exceptions\PageNotFoundException
Page Not Found
#0 D:\laragon\www\method-oldagehome\system\CodeIgniter.php(967): CodeIgniter\Exceptions\PageNotFoundException::forPageNotFound(NULL)
#1 D:\laragon\www\method-oldagehome\system\CodeIgniter.php(362): CodeIgniter\CodeIgniter->display404errors(Object(CodeIgniter\Exceptions\PageNotFoundException))
#2 D:\laragon\www\method-oldagehome\public\index.php(79): CodeIgniter\CodeIgniter->run()
#3 D:\laragon\www\method-oldagehome\system\Commands\Server\rewrite.php(47): require_once('D:\\laragon\\www\\...')
#4 {main}
in SYSTEMPATH\HTTP\ResponseTrait.php on line 774.
 1 [internal function]: CodeIgniter\Debug\Exceptions->shutdownHandler()
CRITICAL - 2024-11-28 00:15:15 --> Uncaught ErrorException: Cannot modify header information - headers already sent in D:\laragon\www\method-oldagehome\system\HTTP\ResponseTrait.php:774
Stack trace:
#0 [internal function]: CodeIgniter\Debug\Exceptions->errorHandler(2, 'Cannot modify h...', 'D:\\laragon\\www\\...', 774)
#1 D:\laragon\www\method-oldagehome\system\HTTP\ResponseTrait.php(774): setcookie('ci_session', 'foh7rplabq49nr8...', Array)
#2 D:\laragon\www\method-oldagehome\system\HTTP\ResponseTrait.php(750): CodeIgniter\HTTP\Response->doSetCookie('ci_session', 'foh7rplabq49nr8...', Array)
#3 D:\laragon\www\method-oldagehome\system\HTTP\ResponseTrait.php(730): CodeIgniter\HTTP\Response->dispatchCookies()
#4 D:\laragon\www\method-oldagehome\system\HTTP\ResponseTrait.php(447): CodeIgniter\HTTP\Response->sendCookies()
#5 D:\laragon\www\method-oldagehome\system\Debug\ExceptionHandler.php(78): CodeIgniter\HTTP\Response->send()
#6 D:\laragon\www\method-oldagehome\system\Debug\Exceptions.php(147): CodeIgniter\Debug\ExceptionHandler->handle(Object(CodeIgniter\Exceptions\PageNotFoundException), Object(CodeIgniter\HTTP\IncomingRequest), Object(CodeIgniter\HTTP\Response), 404, 1)
#7 [internal function]: CodeIgniter\Debug\Exceptions->exceptionHandler(Object(CodeIgniter\Exceptions\PageNotFoundException))
#8 {main}
  thrown
【Previous Exception】
CodeIgniter\Exceptions\PageNotFoundException
Page Not Found
#0 D:\laragon\www\method-oldagehome\system\CodeIgniter.php(967): CodeIgniter\Exceptions\PageNotFoundException::forPageNotFound(NULL)
#1 D:\laragon\www\method-oldagehome\system\CodeIgniter.php(362): CodeIgniter\CodeIgniter->display404errors(Object(CodeIgniter\Exceptions\PageNotFoundException))
#2 D:\laragon\www\method-oldagehome\public\index.php(79): CodeIgniter\CodeIgniter->run()
#3 D:\laragon\www\method-oldagehome\system\Commands\Server\rewrite.php(47): require_once('D:\\laragon\\www\\...')
#4 {main}
in SYSTEMPATH\HTTP\ResponseTrait.php on line 774.
 1 [internal function]: CodeIgniter\Debug\Exceptions->shutdownHandler()
CRITICAL - 2024-11-28 00:15:17 --> Uncaught ErrorException: Cannot modify header information - headers already sent in D:\laragon\www\method-oldagehome\system\HTTP\ResponseTrait.php:774
Stack trace:
#0 [internal function]: CodeIgniter\Debug\Exceptions->errorHandler(2, 'Cannot modify h...', 'D:\\laragon\\www\\...', 774)
#1 D:\laragon\www\method-oldagehome\system\HTTP\ResponseTrait.php(774): setcookie('ci_session', 'foh7rplabq49nr8...', Array)
#2 D:\laragon\www\method-oldagehome\system\HTTP\ResponseTrait.php(750): CodeIgniter\HTTP\Response->doSetCookie('ci_session', 'foh7rplabq49nr8...', Array)
#3 D:\laragon\www\method-oldagehome\system\HTTP\ResponseTrait.php(730): CodeIgniter\HTTP\Response->dispatchCookies()
#4 D:\laragon\www\method-oldagehome\system\HTTP\ResponseTrait.php(447): CodeIgniter\HTTP\Response->sendCookies()
#5 D:\laragon\www\method-oldagehome\system\Debug\ExceptionHandler.php(78): CodeIgniter\HTTP\Response->send()
#6 D:\laragon\www\method-oldagehome\system\Debug\Exceptions.php(147): CodeIgniter\Debug\ExceptionHandler->handle(Object(CodeIgniter\Exceptions\PageNotFoundException), Object(CodeIgniter\HTTP\IncomingRequest), Object(CodeIgniter\HTTP\Response), 404, 1)
#7 [internal function]: CodeIgniter\Debug\Exceptions->exceptionHandler(Object(CodeIgniter\Exceptions\PageNotFoundException))
#8 {main}
  thrown
【Previous Exception】
CodeIgniter\Exceptions\PageNotFoundException
Page Not Found
#0 D:\laragon\www\method-oldagehome\system\CodeIgniter.php(967): CodeIgniter\Exceptions\PageNotFoundException::forPageNotFound(NULL)
#1 D:\laragon\www\method-oldagehome\system\CodeIgniter.php(362): CodeIgniter\CodeIgniter->display404errors(Object(CodeIgniter\Exceptions\PageNotFoundException))
#2 D:\laragon\www\method-oldagehome\public\index.php(79): CodeIgniter\CodeIgniter->run()
#3 D:\laragon\www\method-oldagehome\system\Commands\Server\rewrite.php(47): require_once('D:\\laragon\\www\\...')
#4 {main}
in SYSTEMPATH\HTTP\ResponseTrait.php on line 774.
 1 [internal function]: CodeIgniter\Debug\Exceptions->shutdownHandler()
CRITICAL - 2024-11-28 00:15:19 --> Uncaught ErrorException: Cannot modify header information - headers already sent in D:\laragon\www\method-oldagehome\system\HTTP\ResponseTrait.php:774
Stack trace:
#0 [internal function]: CodeIgniter\Debug\Exceptions->errorHandler(2, 'Cannot modify h...', 'D:\\laragon\\www\\...', 774)
#1 D:\laragon\www\method-oldagehome\system\HTTP\ResponseTrait.php(774): setcookie('ci_session', 'foh7rplabq49nr8...', Array)
#2 D:\laragon\www\method-oldagehome\system\HTTP\ResponseTrait.php(750): CodeIgniter\HTTP\Response->doSetCookie('ci_session', 'foh7rplabq49nr8...', Array)
#3 D:\laragon\www\method-oldagehome\system\HTTP\ResponseTrait.php(730): CodeIgniter\HTTP\Response->dispatchCookies()
#4 D:\laragon\www\method-oldagehome\system\HTTP\ResponseTrait.php(447): CodeIgniter\HTTP\Response->sendCookies()
#5 D:\laragon\www\method-oldagehome\system\Debug\ExceptionHandler.php(78): CodeIgniter\HTTP\Response->send()
#6 D:\laragon\www\method-oldagehome\system\Debug\Exceptions.php(147): CodeIgniter\Debug\ExceptionHandler->handle(Object(CodeIgniter\Exceptions\PageNotFoundException), Object(CodeIgniter\HTTP\IncomingRequest), Object(CodeIgniter\HTTP\Response), 404, 1)
#7 [internal function]: CodeIgniter\Debug\Exceptions->exceptionHandler(Object(CodeIgniter\Exceptions\PageNotFoundException))
#8 {main}
  thrown
【Previous Exception】
CodeIgniter\Exceptions\PageNotFoundException
Page Not Found
#0 D:\laragon\www\method-oldagehome\system\CodeIgniter.php(967): CodeIgniter\Exceptions\PageNotFoundException::forPageNotFound(NULL)
#1 D:\laragon\www\method-oldagehome\system\CodeIgniter.php(362): CodeIgniter\CodeIgniter->display404errors(Object(CodeIgniter\Exceptions\PageNotFoundException))
#2 D:\laragon\www\method-oldagehome\public\index.php(79): CodeIgniter\CodeIgniter->run()
#3 D:\laragon\www\method-oldagehome\system\Commands\Server\rewrite.php(47): require_once('D:\\laragon\\www\\...')
#4 {main}
in SYSTEMPATH\HTTP\ResponseTrait.php on line 774.
 1 [internal function]: CodeIgniter\Debug\Exceptions->shutdownHandler()
CRITICAL - 2024-11-28 00:15:21 --> Uncaught ErrorException: Cannot modify header information - headers already sent in D:\laragon\www\method-oldagehome\system\HTTP\ResponseTrait.php:774
Stack trace:
#0 [internal function]: CodeIgniter\Debug\Exceptions->errorHandler(2, 'Cannot modify h...', 'D:\\laragon\\www\\...', 774)
#1 D:\laragon\www\method-oldagehome\system\HTTP\ResponseTrait.php(774): setcookie('ci_session', 'foh7rplabq49nr8...', Array)
#2 D:\laragon\www\method-oldagehome\system\HTTP\ResponseTrait.php(750): CodeIgniter\HTTP\Response->doSetCookie('ci_session', 'foh7rplabq49nr8...', Array)
#3 D:\laragon\www\method-oldagehome\system\HTTP\ResponseTrait.php(730): CodeIgniter\HTTP\Response->dispatchCookies()
#4 D:\laragon\www\method-oldagehome\system\HTTP\ResponseTrait.php(447): CodeIgniter\HTTP\Response->sendCookies()
#5 D:\laragon\www\method-oldagehome\system\Debug\ExceptionHandler.php(78): CodeIgniter\HTTP\Response->send()
#6 D:\laragon\www\method-oldagehome\system\Debug\Exceptions.php(147): CodeIgniter\Debug\ExceptionHandler->handle(Object(CodeIgniter\Exceptions\PageNotFoundException), Object(CodeIgniter\HTTP\IncomingRequest), Object(CodeIgniter\HTTP\Response), 404, 1)
#7 [internal function]: CodeIgniter\Debug\Exceptions->exceptionHandler(Object(CodeIgniter\Exceptions\PageNotFoundException))
#8 {main}
  thrown
【Previous Exception】
CodeIgniter\Exceptions\PageNotFoundException
Page Not Found
#0 D:\laragon\www\method-oldagehome\system\CodeIgniter.php(967): CodeIgniter\Exceptions\PageNotFoundException::forPageNotFound(NULL)
#1 D:\laragon\www\method-oldagehome\system\CodeIgniter.php(362): CodeIgniter\CodeIgniter->display404errors(Object(CodeIgniter\Exceptions\PageNotFoundException))
#2 D:\laragon\www\method-oldagehome\public\index.php(79): CodeIgniter\CodeIgniter->run()
#3 D:\laragon\www\method-oldagehome\system\Commands\Server\rewrite.php(47): require_once('D:\\laragon\\www\\...')
#4 {main}
in SYSTEMPATH\HTTP\ResponseTrait.php on line 774.
 1 [internal function]: CodeIgniter\Debug\Exceptions->shutdownHandler()
CRITICAL - 2024-11-28 00:15:23 --> Uncaught ErrorException: Cannot modify header information - headers already sent in D:\laragon\www\method-oldagehome\system\HTTP\ResponseTrait.php:774
Stack trace:
#0 [internal function]: CodeIgniter\Debug\Exceptions->errorHandler(2, 'Cannot modify h...', 'D:\\laragon\\www\\...', 774)
#1 D:\laragon\www\method-oldagehome\system\HTTP\ResponseTrait.php(774): setcookie('ci_session', 'foh7rplabq49nr8...', Array)
#2 D:\laragon\www\method-oldagehome\system\HTTP\ResponseTrait.php(750): CodeIgniter\HTTP\Response->doSetCookie('ci_session', 'foh7rplabq49nr8...', Array)
#3 D:\laragon\www\method-oldagehome\system\HTTP\ResponseTrait.php(730): CodeIgniter\HTTP\Response->dispatchCookies()
#4 D:\laragon\www\method-oldagehome\system\HTTP\ResponseTrait.php(447): CodeIgniter\HTTP\Response->sendCookies()
#5 D:\laragon\www\method-oldagehome\system\Debug\ExceptionHandler.php(78): CodeIgniter\HTTP\Response->send()
#6 D:\laragon\www\method-oldagehome\system\Debug\Exceptions.php(147): CodeIgniter\Debug\ExceptionHandler->handle(Object(CodeIgniter\Exceptions\PageNotFoundException), Object(CodeIgniter\HTTP\IncomingRequest), Object(CodeIgniter\HTTP\Response), 404, 1)
#7 [internal function]: CodeIgniter\Debug\Exceptions->exceptionHandler(Object(CodeIgniter\Exceptions\PageNotFoundException))
#8 {main}
  thrown
【Previous Exception】
CodeIgniter\Exceptions\PageNotFoundException
Page Not Found
#0 D:\laragon\www\method-oldagehome\system\CodeIgniter.php(967): CodeIgniter\Exceptions\PageNotFoundException::forPageNotFound(NULL)
#1 D:\laragon\www\method-oldagehome\system\CodeIgniter.php(362): CodeIgniter\CodeIgniter->display404errors(Object(CodeIgniter\Exceptions\PageNotFoundException))
#2 D:\laragon\www\method-oldagehome\public\index.php(79): CodeIgniter\CodeIgniter->run()
#3 D:\laragon\www\method-oldagehome\system\Commands\Server\rewrite.php(47): require_once('D:\\laragon\\www\\...')
#4 {main}
in SYSTEMPATH\HTTP\ResponseTrait.php on line 774.
 1 [internal function]: CodeIgniter\Debug\Exceptions->shutdownHandler()
CRITICAL - 2024-11-28 00:15:25 --> Uncaught ErrorException: Cannot modify header information - headers already sent in D:\laragon\www\method-oldagehome\system\HTTP\ResponseTrait.php:774
Stack trace:
#0 [internal function]: CodeIgniter\Debug\Exceptions->errorHandler(2, 'Cannot modify h...', 'D:\\laragon\\www\\...', 774)
#1 D:\laragon\www\method-oldagehome\system\HTTP\ResponseTrait.php(774): setcookie('ci_session', 'foh7rplabq49nr8...', Array)
#2 D:\laragon\www\method-oldagehome\system\HTTP\ResponseTrait.php(750): CodeIgniter\HTTP\Response->doSetCookie('ci_session', 'foh7rplabq49nr8...', Array)
#3 D:\laragon\www\method-oldagehome\system\HTTP\ResponseTrait.php(730): CodeIgniter\HTTP\Response->dispatchCookies()
#4 D:\laragon\www\method-oldagehome\system\HTTP\ResponseTrait.php(447): CodeIgniter\HTTP\Response->sendCookies()
#5 D:\laragon\www\method-oldagehome\system\Debug\ExceptionHandler.php(78): CodeIgniter\HTTP\Response->send()
#6 D:\laragon\www\method-oldagehome\system\Debug\Exceptions.php(147): CodeIgniter\Debug\ExceptionHandler->handle(Object(CodeIgniter\Exceptions\PageNotFoundException), Object(CodeIgniter\HTTP\IncomingRequest), Object(CodeIgniter\HTTP\Response), 404, 1)
#7 [internal function]: CodeIgniter\Debug\Exceptions->exceptionHandler(Object(CodeIgniter\Exceptions\PageNotFoundException))
#8 {main}
  thrown
【Previous Exception】
CodeIgniter\Exceptions\PageNotFoundException
Page Not Found
#0 D:\laragon\www\method-oldagehome\system\CodeIgniter.php(967): CodeIgniter\Exceptions\PageNotFoundException::forPageNotFound(NULL)
#1 D:\laragon\www\method-oldagehome\system\CodeIgniter.php(362): CodeIgniter\CodeIgniter->display404errors(Object(CodeIgniter\Exceptions\PageNotFoundException))
#2 D:\laragon\www\method-oldagehome\public\index.php(79): CodeIgniter\CodeIgniter->run()
#3 D:\laragon\www\method-oldagehome\system\Commands\Server\rewrite.php(47): require_once('D:\\laragon\\www\\...')
#4 {main}
in SYSTEMPATH\HTTP\ResponseTrait.php on line 774.
 1 [internal function]: CodeIgniter\Debug\Exceptions->shutdownHandler()
CRITICAL - 2024-11-28 00:15:27 --> Uncaught ErrorException: Cannot modify header information - headers already sent in D:\laragon\www\method-oldagehome\system\HTTP\ResponseTrait.php:774
Stack trace:
#0 [internal function]: CodeIgniter\Debug\Exceptions->errorHandler(2, 'Cannot modify h...', 'D:\\laragon\\www\\...', 774)
#1 D:\laragon\www\method-oldagehome\system\HTTP\ResponseTrait.php(774): setcookie('ci_session', 'foh7rplabq49nr8...', Array)
#2 D:\laragon\www\method-oldagehome\system\HTTP\ResponseTrait.php(750): CodeIgniter\HTTP\Response->doSetCookie('ci_session', 'foh7rplabq49nr8...', Array)
#3 D:\laragon\www\method-oldagehome\system\HTTP\ResponseTrait.php(730): CodeIgniter\HTTP\Response->dispatchCookies()
#4 D:\laragon\www\method-oldagehome\system\HTTP\ResponseTrait.php(447): CodeIgniter\HTTP\Response->sendCookies()
#5 D:\laragon\www\method-oldagehome\system\Debug\ExceptionHandler.php(78): CodeIgniter\HTTP\Response->send()
#6 D:\laragon\www\method-oldagehome\system\Debug\Exceptions.php(147): CodeIgniter\Debug\ExceptionHandler->handle(Object(CodeIgniter\Exceptions\PageNotFoundException), Object(CodeIgniter\HTTP\IncomingRequest), Object(CodeIgniter\HTTP\Response), 404, 1)
#7 [internal function]: CodeIgniter\Debug\Exceptions->exceptionHandler(Object(CodeIgniter\Exceptions\PageNotFoundException))
#8 {main}
  thrown
【Previous Exception】
CodeIgniter\Exceptions\PageNotFoundException
Page Not Found
#0 D:\laragon\www\method-oldagehome\system\CodeIgniter.php(967): CodeIgniter\Exceptions\PageNotFoundException::forPageNotFound(NULL)
#1 D:\laragon\www\method-oldagehome\system\CodeIgniter.php(362): CodeIgniter\CodeIgniter->display404errors(Object(CodeIgniter\Exceptions\PageNotFoundException))
#2 D:\laragon\www\method-oldagehome\public\index.php(79): CodeIgniter\CodeIgniter->run()
#3 D:\laragon\www\method-oldagehome\system\Commands\Server\rewrite.php(47): require_once('D:\\laragon\\www\\...')
#4 {main}
in SYSTEMPATH\HTTP\ResponseTrait.php on line 774.
 1 [internal function]: CodeIgniter\Debug\Exceptions->shutdownHandler()
CRITICAL - 2024-11-28 00:15:29 --> Uncaught ErrorException: Cannot modify header information - headers already sent in D:\laragon\www\method-oldagehome\system\HTTP\ResponseTrait.php:774
Stack trace:
#0 [internal function]: CodeIgniter\Debug\Exceptions->errorHandler(2, 'Cannot modify h...', 'D:\\laragon\\www\\...', 774)
#1 D:\laragon\www\method-oldagehome\system\HTTP\ResponseTrait.php(774): setcookie('ci_session', 'foh7rplabq49nr8...', Array)
#2 D:\laragon\www\method-oldagehome\system\HTTP\ResponseTrait.php(750): CodeIgniter\HTTP\Response->doSetCookie('ci_session', 'foh7rplabq49nr8...', Array)
#3 D:\laragon\www\method-oldagehome\system\HTTP\ResponseTrait.php(730): CodeIgniter\HTTP\Response->dispatchCookies()
#4 D:\laragon\www\method-oldagehome\system\HTTP\ResponseTrait.php(447): CodeIgniter\HTTP\Response->sendCookies()
#5 D:\laragon\www\method-oldagehome\system\Debug\ExceptionHandler.php(78): CodeIgniter\HTTP\Response->send()
#6 D:\laragon\www\method-oldagehome\system\Debug\Exceptions.php(147): CodeIgniter\Debug\ExceptionHandler->handle(Object(CodeIgniter\Exceptions\PageNotFoundException), Object(CodeIgniter\HTTP\IncomingRequest), Object(CodeIgniter\HTTP\Response), 404, 1)
#7 [internal function]: CodeIgniter\Debug\Exceptions->exceptionHandler(Object(CodeIgniter\Exceptions\PageNotFoundException))
#8 {main}
  thrown
【Previous Exception】
CodeIgniter\Exceptions\PageNotFoundException
Page Not Found
#0 D:\laragon\www\method-oldagehome\system\CodeIgniter.php(967): CodeIgniter\Exceptions\PageNotFoundException::forPageNotFound(NULL)
#1 D:\laragon\www\method-oldagehome\system\CodeIgniter.php(362): CodeIgniter\CodeIgniter->display404errors(Object(CodeIgniter\Exceptions\PageNotFoundException))
#2 D:\laragon\www\method-oldagehome\public\index.php(79): CodeIgniter\CodeIgniter->run()
#3 D:\laragon\www\method-oldagehome\system\Commands\Server\rewrite.php(47): require_once('D:\\laragon\\www\\...')
#4 {main}
in SYSTEMPATH\HTTP\ResponseTrait.php on line 774.
 1 [internal function]: CodeIgniter\Debug\Exceptions->shutdownHandler()
CRITICAL - 2024-11-28 00:15:31 --> Uncaught ErrorException: Cannot modify header information - headers already sent in D:\laragon\www\method-oldagehome\system\HTTP\ResponseTrait.php:774
Stack trace:
#0 [internal function]: CodeIgniter\Debug\Exceptions->errorHandler(2, 'Cannot modify h...', 'D:\\laragon\\www\\...', 774)
#1 D:\laragon\www\method-oldagehome\system\HTTP\ResponseTrait.php(774): setcookie('ci_session', 'foh7rplabq49nr8...', Array)
#2 D:\laragon\www\method-oldagehome\system\HTTP\ResponseTrait.php(750): CodeIgniter\HTTP\Response->doSetCookie('ci_session', 'foh7rplabq49nr8...', Array)
#3 D:\laragon\www\method-oldagehome\system\HTTP\ResponseTrait.php(730): CodeIgniter\HTTP\Response->dispatchCookies()
#4 D:\laragon\www\method-oldagehome\system\HTTP\ResponseTrait.php(447): CodeIgniter\HTTP\Response->sendCookies()
#5 D:\laragon\www\method-oldagehome\system\Debug\ExceptionHandler.php(78): CodeIgniter\HTTP\Response->send()
#6 D:\laragon\www\method-oldagehome\system\Debug\Exceptions.php(147): CodeIgniter\Debug\ExceptionHandler->handle(Object(CodeIgniter\Exceptions\PageNotFoundException), Object(CodeIgniter\HTTP\IncomingRequest), Object(CodeIgniter\HTTP\Response), 404, 1)
#7 [internal function]: CodeIgniter\Debug\Exceptions->exceptionHandler(Object(CodeIgniter\Exceptions\PageNotFoundException))
#8 {main}
  thrown
【Previous Exception】
CodeIgniter\Exceptions\PageNotFoundException
Page Not Found
#0 D:\laragon\www\method-oldagehome\system\CodeIgniter.php(967): CodeIgniter\Exceptions\PageNotFoundException::forPageNotFound(NULL)
#1 D:\laragon\www\method-oldagehome\system\CodeIgniter.php(362): CodeIgniter\CodeIgniter->display404errors(Object(CodeIgniter\Exceptions\PageNotFoundException))
#2 D:\laragon\www\method-oldagehome\public\index.php(79): CodeIgniter\CodeIgniter->run()
#3 D:\laragon\www\method-oldagehome\system\Commands\Server\rewrite.php(47): require_once('D:\\laragon\\www\\...')
#4 {main}
in SYSTEMPATH\HTTP\ResponseTrait.php on line 774.
 1 [internal function]: CodeIgniter\Debug\Exceptions->shutdownHandler()
CRITICAL - 2024-11-28 00:15:33 --> Uncaught ErrorException: Cannot modify header information - headers already sent in D:\laragon\www\method-oldagehome\system\HTTP\ResponseTrait.php:774
Stack trace:
#0 [internal function]: CodeIgniter\Debug\Exceptions->errorHandler(2, 'Cannot modify h...', 'D:\\laragon\\www\\...', 774)
#1 D:\laragon\www\method-oldagehome\system\HTTP\ResponseTrait.php(774): setcookie('ci_session', 'foh7rplabq49nr8...', Array)
#2 D:\laragon\www\method-oldagehome\system\HTTP\ResponseTrait.php(750): CodeIgniter\HTTP\Response->doSetCookie('ci_session', 'foh7rplabq49nr8...', Array)
#3 D:\laragon\www\method-oldagehome\system\HTTP\ResponseTrait.php(730): CodeIgniter\HTTP\Response->dispatchCookies()
#4 D:\laragon\www\method-oldagehome\system\HTTP\ResponseTrait.php(447): CodeIgniter\HTTP\Response->sendCookies()
#5 D:\laragon\www\method-oldagehome\system\Debug\ExceptionHandler.php(78): CodeIgniter\HTTP\Response->send()
#6 D:\laragon\www\method-oldagehome\system\Debug\Exceptions.php(147): CodeIgniter\Debug\ExceptionHandler->handle(Object(CodeIgniter\Exceptions\PageNotFoundException), Object(CodeIgniter\HTTP\IncomingRequest), Object(CodeIgniter\HTTP\Response), 404, 1)
#7 [internal function]: CodeIgniter\Debug\Exceptions->exceptionHandler(Object(CodeIgniter\Exceptions\PageNotFoundException))
#8 {main}
  thrown
【Previous Exception】
CodeIgniter\Exceptions\PageNotFoundException
Page Not Found
#0 D:\laragon\www\method-oldagehome\system\CodeIgniter.php(967): CodeIgniter\Exceptions\PageNotFoundException::forPageNotFound(NULL)
#1 D:\laragon\www\method-oldagehome\system\CodeIgniter.php(362): CodeIgniter\CodeIgniter->display404errors(Object(CodeIgniter\Exceptions\PageNotFoundException))
#2 D:\laragon\www\method-oldagehome\public\index.php(79): CodeIgniter\CodeIgniter->run()
#3 D:\laragon\www\method-oldagehome\system\Commands\Server\rewrite.php(47): require_once('D:\\laragon\\www\\...')
#4 {main}
in SYSTEMPATH\HTTP\ResponseTrait.php on line 774.
 1 [internal function]: CodeIgniter\Debug\Exceptions->shutdownHandler()
CRITICAL - 2024-11-28 00:15:35 --> Uncaught ErrorException: Cannot modify header information - headers already sent in D:\laragon\www\method-oldagehome\system\HTTP\ResponseTrait.php:774
Stack trace:
#0 [internal function]: CodeIgniter\Debug\Exceptions->errorHandler(2, 'Cannot modify h...', 'D:\\laragon\\www\\...', 774)
#1 D:\laragon\www\method-oldagehome\system\HTTP\ResponseTrait.php(774): setcookie('ci_session', 'foh7rplabq49nr8...', Array)
#2 D:\laragon\www\method-oldagehome\system\HTTP\ResponseTrait.php(750): CodeIgniter\HTTP\Response->doSetCookie('ci_session', 'foh7rplabq49nr8...', Array)
#3 D:\laragon\www\method-oldagehome\system\HTTP\ResponseTrait.php(730): CodeIgniter\HTTP\Response->dispatchCookies()
#4 D:\laragon\www\method-oldagehome\system\HTTP\ResponseTrait.php(447): CodeIgniter\HTTP\Response->sendCookies()
#5 D:\laragon\www\method-oldagehome\system\Debug\ExceptionHandler.php(78): CodeIgniter\HTTP\Response->send()
#6 D:\laragon\www\method-oldagehome\system\Debug\Exceptions.php(147): CodeIgniter\Debug\ExceptionHandler->handle(Object(CodeIgniter\Exceptions\PageNotFoundException), Object(CodeIgniter\HTTP\IncomingRequest), Object(CodeIgniter\HTTP\Response), 404, 1)
#7 [internal function]: CodeIgniter\Debug\Exceptions->exceptionHandler(Object(CodeIgniter\Exceptions\PageNotFoundException))
#8 {main}
  thrown
【Previous Exception】
CodeIgniter\Exceptions\PageNotFoundException
Page Not Found
#0 D:\laragon\www\method-oldagehome\system\CodeIgniter.php(967): CodeIgniter\Exceptions\PageNotFoundException::forPageNotFound(NULL)
#1 D:\laragon\www\method-oldagehome\system\CodeIgniter.php(362): CodeIgniter\CodeIgniter->display404errors(Object(CodeIgniter\Exceptions\PageNotFoundException))
#2 D:\laragon\www\method-oldagehome\public\index.php(79): CodeIgniter\CodeIgniter->run()
#3 D:\laragon\www\method-oldagehome\system\Commands\Server\rewrite.php(47): require_once('D:\\laragon\\www\\...')
#4 {main}
in SYSTEMPATH\HTTP\ResponseTrait.php on line 774.
 1 [internal function]: CodeIgniter\Debug\Exceptions->shutdownHandler()
CRITICAL - 2024-11-28 00:15:37 --> Uncaught ErrorException: Cannot modify header information - headers already sent in D:\laragon\www\method-oldagehome\system\HTTP\ResponseTrait.php:774
Stack trace:
#0 [internal function]: CodeIgniter\Debug\Exceptions->errorHandler(2, 'Cannot modify h...', 'D:\\laragon\\www\\...', 774)
#1 D:\laragon\www\method-oldagehome\system\HTTP\ResponseTrait.php(774): setcookie('ci_session', 'foh7rplabq49nr8...', Array)
#2 D:\laragon\www\method-oldagehome\system\HTTP\ResponseTrait.php(750): CodeIgniter\HTTP\Response->doSetCookie('ci_session', 'foh7rplabq49nr8...', Array)
#3 D:\laragon\www\method-oldagehome\system\HTTP\ResponseTrait.php(730): CodeIgniter\HTTP\Response->dispatchCookies()
#4 D:\laragon\www\method-oldagehome\system\HTTP\ResponseTrait.php(447): CodeIgniter\HTTP\Response->sendCookies()
#5 D:\laragon\www\method-oldagehome\system\Debug\ExceptionHandler.php(78): CodeIgniter\HTTP\Response->send()
#6 D:\laragon\www\method-oldagehome\system\Debug\Exceptions.php(147): CodeIgniter\Debug\ExceptionHandler->handle(Object(CodeIgniter\Exceptions\PageNotFoundException), Object(CodeIgniter\HTTP\IncomingRequest), Object(CodeIgniter\HTTP\Response), 404, 1)
#7 [internal function]: CodeIgniter\Debug\Exceptions->exceptionHandler(Object(CodeIgniter\Exceptions\PageNotFoundException))
#8 {main}
  thrown
【Previous Exception】
CodeIgniter\Exceptions\PageNotFoundException
Page Not Found
#0 D:\laragon\www\method-oldagehome\system\CodeIgniter.php(967): CodeIgniter\Exceptions\PageNotFoundException::forPageNotFound(NULL)
#1 D:\laragon\www\method-oldagehome\system\CodeIgniter.php(362): CodeIgniter\CodeIgniter->display404errors(Object(CodeIgniter\Exceptions\PageNotFoundException))
#2 D:\laragon\www\method-oldagehome\public\index.php(79): CodeIgniter\CodeIgniter->run()
#3 D:\laragon\www\method-oldagehome\system\Commands\Server\rewrite.php(47): require_once('D:\\laragon\\www\\...')
#4 {main}
in SYSTEMPATH\HTTP\ResponseTrait.php on line 774.
 1 [internal function]: CodeIgniter\Debug\Exceptions->shutdownHandler()
CRITICAL - 2024-11-28 00:15:39 --> Uncaught ErrorException: Cannot modify header information - headers already sent in D:\laragon\www\method-oldagehome\system\HTTP\ResponseTrait.php:774
Stack trace:
#0 [internal function]: CodeIgniter\Debug\Exceptions->errorHandler(2, 'Cannot modify h...', 'D:\\laragon\\www\\...', 774)
#1 D:\laragon\www\method-oldagehome\system\HTTP\ResponseTrait.php(774): setcookie('ci_session', 'foh7rplabq49nr8...', Array)
#2 D:\laragon\www\method-oldagehome\system\HTTP\ResponseTrait.php(750): CodeIgniter\HTTP\Response->doSetCookie('ci_session', 'foh7rplabq49nr8...', Array)
#3 D:\laragon\www\method-oldagehome\system\HTTP\ResponseTrait.php(730): CodeIgniter\HTTP\Response->dispatchCookies()
#4 D:\laragon\www\method-oldagehome\system\HTTP\ResponseTrait.php(447): CodeIgniter\HTTP\Response->sendCookies()
#5 D:\laragon\www\method-oldagehome\system\Debug\ExceptionHandler.php(78): CodeIgniter\HTTP\Response->send()
#6 D:\laragon\www\method-oldagehome\system\Debug\Exceptions.php(147): CodeIgniter\Debug\ExceptionHandler->handle(Object(CodeIgniter\Exceptions\PageNotFoundException), Object(CodeIgniter\HTTP\IncomingRequest), Object(CodeIgniter\HTTP\Response), 404, 1)
#7 [internal function]: CodeIgniter\Debug\Exceptions->exceptionHandler(Object(CodeIgniter\Exceptions\PageNotFoundException))
#8 {main}
  thrown
【Previous Exception】
CodeIgniter\Exceptions\PageNotFoundException
Page Not Found
#0 D:\laragon\www\method-oldagehome\system\CodeIgniter.php(967): CodeIgniter\Exceptions\PageNotFoundException::forPageNotFound(NULL)
#1 D:\laragon\www\method-oldagehome\system\CodeIgniter.php(362): CodeIgniter\CodeIgniter->display404errors(Object(CodeIgniter\Exceptions\PageNotFoundException))
#2 D:\laragon\www\method-oldagehome\public\index.php(79): CodeIgniter\CodeIgniter->run()
#3 D:\laragon\www\method-oldagehome\system\Commands\Server\rewrite.php(47): require_once('D:\\laragon\\www\\...')
#4 {main}
in SYSTEMPATH\HTTP\ResponseTrait.php on line 774.
 1 [internal function]: CodeIgniter\Debug\Exceptions->shutdownHandler()
CRITICAL - 2024-11-28 00:15:41 --> Uncaught ErrorException: Cannot modify header information - headers already sent in D:\laragon\www\method-oldagehome\system\HTTP\ResponseTrait.php:774
Stack trace:
#0 [internal function]: CodeIgniter\Debug\Exceptions->errorHandler(2, 'Cannot modify h...', 'D:\\laragon\\www\\...', 774)
#1 D:\laragon\www\method-oldagehome\system\HTTP\ResponseTrait.php(774): setcookie('ci_session', 'foh7rplabq49nr8...', Array)
#2 D:\laragon\www\method-oldagehome\system\HTTP\ResponseTrait.php(750): CodeIgniter\HTTP\Response->doSetCookie('ci_session', 'foh7rplabq49nr8...', Array)
#3 D:\laragon\www\method-oldagehome\system\HTTP\ResponseTrait.php(730): CodeIgniter\HTTP\Response->dispatchCookies()
#4 D:\laragon\www\method-oldagehome\system\HTTP\ResponseTrait.php(447): CodeIgniter\HTTP\Response->sendCookies()
#5 D:\laragon\www\method-oldagehome\system\Debug\ExceptionHandler.php(78): CodeIgniter\HTTP\Response->send()
#6 D:\laragon\www\method-oldagehome\system\Debug\Exceptions.php(147): CodeIgniter\Debug\ExceptionHandler->handle(Object(CodeIgniter\Exceptions\PageNotFoundException), Object(CodeIgniter\HTTP\IncomingRequest), Object(CodeIgniter\HTTP\Response), 404, 1)
#7 [internal function]: CodeIgniter\Debug\Exceptions->exceptionHandler(Object(CodeIgniter\Exceptions\PageNotFoundException))
#8 {main}
  thrown
【Previous Exception】
CodeIgniter\Exceptions\PageNotFoundException
Page Not Found
#0 D:\laragon\www\method-oldagehome\system\CodeIgniter.php(967): CodeIgniter\Exceptions\PageNotFoundException::forPageNotFound(NULL)
#1 D:\laragon\www\method-oldagehome\system\CodeIgniter.php(362): CodeIgniter\CodeIgniter->display404errors(Object(CodeIgniter\Exceptions\PageNotFoundException))
#2 D:\laragon\www\method-oldagehome\public\index.php(79): CodeIgniter\CodeIgniter->run()
#3 D:\laragon\www\method-oldagehome\system\Commands\Server\rewrite.php(47): require_once('D:\\laragon\\www\\...')
#4 {main}
in SYSTEMPATH\HTTP\ResponseTrait.php on line 774.
 1 [internal function]: CodeIgniter\Debug\Exceptions->shutdownHandler()
CRITICAL - 2024-11-28 00:15:43 --> Uncaught ErrorException: Cannot modify header information - headers already sent in D:\laragon\www\method-oldagehome\system\HTTP\ResponseTrait.php:774
Stack trace:
#0 [internal function]: CodeIgniter\Debug\Exceptions->errorHandler(2, 'Cannot modify h...', 'D:\\laragon\\www\\...', 774)
#1 D:\laragon\www\method-oldagehome\system\HTTP\ResponseTrait.php(774): setcookie('ci_session', 'foh7rplabq49nr8...', Array)
#2 D:\laragon\www\method-oldagehome\system\HTTP\ResponseTrait.php(750): CodeIgniter\HTTP\Response->doSetCookie('ci_session', 'foh7rplabq49nr8...', Array)
#3 D:\laragon\www\method-oldagehome\system\HTTP\ResponseTrait.php(730): CodeIgniter\HTTP\Response->dispatchCookies()
#4 D:\laragon\www\method-oldagehome\system\HTTP\ResponseTrait.php(447): CodeIgniter\HTTP\Response->sendCookies()
#5 D:\laragon\www\method-oldagehome\system\Debug\ExceptionHandler.php(78): CodeIgniter\HTTP\Response->send()
#6 D:\laragon\www\method-oldagehome\system\Debug\Exceptions.php(147): CodeIgniter\Debug\ExceptionHandler->handle(Object(CodeIgniter\Exceptions\PageNotFoundException), Object(CodeIgniter\HTTP\IncomingRequest), Object(CodeIgniter\HTTP\Response), 404, 1)
#7 [internal function]: CodeIgniter\Debug\Exceptions->exceptionHandler(Object(CodeIgniter\Exceptions\PageNotFoundException))
#8 {main}
  thrown
【Previous Exception】
CodeIgniter\Exceptions\PageNotFoundException
Page Not Found
#0 D:\laragon\www\method-oldagehome\system\CodeIgniter.php(967): CodeIgniter\Exceptions\PageNotFoundException::forPageNotFound(NULL)
#1 D:\laragon\www\method-oldagehome\system\CodeIgniter.php(362): CodeIgniter\CodeIgniter->display404errors(Object(CodeIgniter\Exceptions\PageNotFoundException))
#2 D:\laragon\www\method-oldagehome\public\index.php(79): CodeIgniter\CodeIgniter->run()
#3 D:\laragon\www\method-oldagehome\system\Commands\Server\rewrite.php(47): require_once('D:\\laragon\\www\\...')
#4 {main}
in SYSTEMPATH\HTTP\ResponseTrait.php on line 774.
 1 [internal function]: CodeIgniter\Debug\Exceptions->shutdownHandler()
CRITICAL - 2024-11-28 00:15:45 --> Uncaught ErrorException: Cannot modify header information - headers already sent in D:\laragon\www\method-oldagehome\system\HTTP\ResponseTrait.php:774
Stack trace:
#0 [internal function]: CodeIgniter\Debug\Exceptions->errorHandler(2, 'Cannot modify h...', 'D:\\laragon\\www\\...', 774)
#1 D:\laragon\www\method-oldagehome\system\HTTP\ResponseTrait.php(774): setcookie('ci_session', 'foh7rplabq49nr8...', Array)
#2 D:\laragon\www\method-oldagehome\system\HTTP\ResponseTrait.php(750): CodeIgniter\HTTP\Response->doSetCookie('ci_session', 'foh7rplabq49nr8...', Array)
#3 D:\laragon\www\method-oldagehome\system\HTTP\ResponseTrait.php(730): CodeIgniter\HTTP\Response->dispatchCookies()
#4 D:\laragon\www\method-oldagehome\system\HTTP\ResponseTrait.php(447): CodeIgniter\HTTP\Response->sendCookies()
#5 D:\laragon\www\method-oldagehome\system\Debug\ExceptionHandler.php(78): CodeIgniter\HTTP\Response->send()
#6 D:\laragon\www\method-oldagehome\system\Debug\Exceptions.php(147): CodeIgniter\Debug\ExceptionHandler->handle(Object(CodeIgniter\Exceptions\PageNotFoundException), Object(CodeIgniter\HTTP\IncomingRequest), Object(CodeIgniter\HTTP\Response), 404, 1)
#7 [internal function]: CodeIgniter\Debug\Exceptions->exceptionHandler(Object(CodeIgniter\Exceptions\PageNotFoundException))
#8 {main}
  thrown
【Previous Exception】
CodeIgniter\Exceptions\PageNotFoundException
Page Not Found
#0 D:\laragon\www\method-oldagehome\system\CodeIgniter.php(967): CodeIgniter\Exceptions\PageNotFoundException::forPageNotFound(NULL)
#1 D:\laragon\www\method-oldagehome\system\CodeIgniter.php(362): CodeIgniter\CodeIgniter->display404errors(Object(CodeIgniter\Exceptions\PageNotFoundException))
#2 D:\laragon\www\method-oldagehome\public\index.php(79): CodeIgniter\CodeIgniter->run()
#3 D:\laragon\www\method-oldagehome\system\Commands\Server\rewrite.php(47): require_once('D:\\laragon\\www\\...')
#4 {main}
in SYSTEMPATH\HTTP\ResponseTrait.php on line 774.
 1 [internal function]: CodeIgniter\Debug\Exceptions->shutdownHandler()
CRITICAL - 2024-11-28 00:16:17 --> Uncaught ErrorException: Cannot modify header information - headers already sent in D:\laragon\www\method-oldagehome\system\HTTP\ResponseTrait.php:774
Stack trace:
#0 [internal function]: CodeIgniter\Debug\Exceptions->errorHandler(2, 'Cannot modify h...', 'D:\\laragon\\www\\...', 774)
#1 D:\laragon\www\method-oldagehome\system\HTTP\ResponseTrait.php(774): setcookie('ci_session', 'foh7rplabq49nr8...', Array)
#2 D:\laragon\www\method-oldagehome\system\HTTP\ResponseTrait.php(750): CodeIgniter\HTTP\Response->doSetCookie('ci_session', 'foh7rplabq49nr8...', Array)
#3 D:\laragon\www\method-oldagehome\system\HTTP\ResponseTrait.php(730): CodeIgniter\HTTP\Response->dispatchCookies()
#4 D:\laragon\www\method-oldagehome\system\HTTP\ResponseTrait.php(447): CodeIgniter\HTTP\Response->sendCookies()
#5 D:\laragon\www\method-oldagehome\system\Debug\ExceptionHandler.php(78): CodeIgniter\HTTP\Response->send()
#6 D:\laragon\www\method-oldagehome\system\Debug\Exceptions.php(147): CodeIgniter\Debug\ExceptionHandler->handle(Object(CodeIgniter\Exceptions\PageNotFoundException), Object(CodeIgniter\HTTP\IncomingRequest), Object(CodeIgniter\HTTP\Response), 404, 1)
#7 [internal function]: CodeIgniter\Debug\Exceptions->exceptionHandler(Object(CodeIgniter\Exceptions\PageNotFoundException))
#8 {main}
  thrown
【Previous Exception】
CodeIgniter\Exceptions\PageNotFoundException
Page Not Found
#0 D:\laragon\www\method-oldagehome\system\CodeIgniter.php(967): CodeIgniter\Exceptions\PageNotFoundException::forPageNotFound(NULL)
#1 D:\laragon\www\method-oldagehome\system\CodeIgniter.php(362): CodeIgniter\CodeIgniter->display404errors(Object(CodeIgniter\Exceptions\PageNotFoundException))
#2 D:\laragon\www\method-oldagehome\public\index.php(79): CodeIgniter\CodeIgniter->run()
#3 D:\laragon\www\method-oldagehome\system\Commands\Server\rewrite.php(47): require_once('D:\\laragon\\www\\...')
#4 {main}
in SYSTEMPATH\HTTP\ResponseTrait.php on line 774.
 1 [internal function]: CodeIgniter\Debug\Exceptions->shutdownHandler()
CRITICAL - 2024-11-28 00:17:17 --> Uncaught ErrorException: Cannot modify header information - headers already sent in D:\laragon\www\method-oldagehome\system\HTTP\ResponseTrait.php:774
Stack trace:
#0 [internal function]: CodeIgniter\Debug\Exceptions->errorHandler(2, 'Cannot modify h...', 'D:\\laragon\\www\\...', 774)
#1 D:\laragon\www\method-oldagehome\system\HTTP\ResponseTrait.php(774): setcookie('ci_session', 'foh7rplabq49nr8...', Array)
#2 D:\laragon\www\method-oldagehome\system\HTTP\ResponseTrait.php(750): CodeIgniter\HTTP\Response->doSetCookie('ci_session', 'foh7rplabq49nr8...', Array)
#3 D:\laragon\www\method-oldagehome\system\HTTP\ResponseTrait.php(730): CodeIgniter\HTTP\Response->dispatchCookies()
#4 D:\laragon\www\method-oldagehome\system\HTTP\ResponseTrait.php(447): CodeIgniter\HTTP\Response->sendCookies()
#5 D:\laragon\www\method-oldagehome\system\Debug\ExceptionHandler.php(78): CodeIgniter\HTTP\Response->send()
#6 D:\laragon\www\method-oldagehome\system\Debug\Exceptions.php(147): CodeIgniter\Debug\ExceptionHandler->handle(Object(CodeIgniter\Exceptions\PageNotFoundException), Object(CodeIgniter\HTTP\IncomingRequest), Object(CodeIgniter\HTTP\Response), 404, 1)
#7 [internal function]: CodeIgniter\Debug\Exceptions->exceptionHandler(Object(CodeIgniter\Exceptions\PageNotFoundException))
#8 {main}
  thrown
【Previous Exception】
CodeIgniter\Exceptions\PageNotFoundException
Page Not Found
#0 D:\laragon\www\method-oldagehome\system\CodeIgniter.php(967): CodeIgniter\Exceptions\PageNotFoundException::forPageNotFound(NULL)
#1 D:\laragon\www\method-oldagehome\system\CodeIgniter.php(362): CodeIgniter\CodeIgniter->display404errors(Object(CodeIgniter\Exceptions\PageNotFoundException))
#2 D:\laragon\www\method-oldagehome\public\index.php(79): CodeIgniter\CodeIgniter->run()
#3 D:\laragon\www\method-oldagehome\system\Commands\Server\rewrite.php(47): require_once('D:\\laragon\\www\\...')
#4 {main}
in SYSTEMPATH\HTTP\ResponseTrait.php on line 774.
 1 [internal function]: CodeIgniter\Debug\Exceptions->shutdownHandler()
CRITICAL - 2024-11-28 00:18:17 --> Uncaught ErrorException: Cannot modify header information - headers already sent in D:\laragon\www\method-oldagehome\system\HTTP\ResponseTrait.php:774
Stack trace:
#0 [internal function]: CodeIgniter\Debug\Exceptions->errorHandler(2, 'Cannot modify h...', 'D:\\laragon\\www\\...', 774)
#1 D:\laragon\www\method-oldagehome\system\HTTP\ResponseTrait.php(774): setcookie('ci_session', 'foh7rplabq49nr8...', Array)
#2 D:\laragon\www\method-oldagehome\system\HTTP\ResponseTrait.php(750): CodeIgniter\HTTP\Response->doSetCookie('ci_session', 'foh7rplabq49nr8...', Array)
#3 D:\laragon\www\method-oldagehome\system\HTTP\ResponseTrait.php(730): CodeIgniter\HTTP\Response->dispatchCookies()
#4 D:\laragon\www\method-oldagehome\system\HTTP\ResponseTrait.php(447): CodeIgniter\HTTP\Response->sendCookies()
#5 D:\laragon\www\method-oldagehome\system\Debug\ExceptionHandler.php(78): CodeIgniter\HTTP\Response->send()
#6 D:\laragon\www\method-oldagehome\system\Debug\Exceptions.php(147): CodeIgniter\Debug\ExceptionHandler->handle(Object(CodeIgniter\Exceptions\PageNotFoundException), Object(CodeIgniter\HTTP\IncomingRequest), Object(CodeIgniter\HTTP\Response), 404, 1)
#7 [internal function]: CodeIgniter\Debug\Exceptions->exceptionHandler(Object(CodeIgniter\Exceptions\PageNotFoundException))
#8 {main}
  thrown
【Previous Exception】
CodeIgniter\Exceptions\PageNotFoundException
Page Not Found
#0 D:\laragon\www\method-oldagehome\system\CodeIgniter.php(967): CodeIgniter\Exceptions\PageNotFoundException::forPageNotFound(NULL)
#1 D:\laragon\www\method-oldagehome\system\CodeIgniter.php(362): CodeIgniter\CodeIgniter->display404errors(Object(CodeIgniter\Exceptions\PageNotFoundException))
#2 D:\laragon\www\method-oldagehome\public\index.php(79): CodeIgniter\CodeIgniter->run()
#3 D:\laragon\www\method-oldagehome\system\Commands\Server\rewrite.php(47): require_once('D:\\laragon\\www\\...')
#4 {main}
in SYSTEMPATH\HTTP\ResponseTrait.php on line 774.
 1 [internal function]: CodeIgniter\Debug\Exceptions->shutdownHandler()
CRITICAL - 2024-11-28 00:19:17 --> Uncaught ErrorException: Cannot modify header information - headers already sent in D:\laragon\www\method-oldagehome\system\HTTP\ResponseTrait.php:774
Stack trace:
#0 [internal function]: CodeIgniter\Debug\Exceptions->errorHandler(2, 'Cannot modify h...', 'D:\\laragon\\www\\...', 774)
#1 D:\laragon\www\method-oldagehome\system\HTTP\ResponseTrait.php(774): setcookie('ci_session', 'foh7rplabq49nr8...', Array)
#2 D:\laragon\www\method-oldagehome\system\HTTP\ResponseTrait.php(750): CodeIgniter\HTTP\Response->doSetCookie('ci_session', 'foh7rplabq49nr8...', Array)
#3 D:\laragon\www\method-oldagehome\system\HTTP\ResponseTrait.php(730): CodeIgniter\HTTP\Response->dispatchCookies()
#4 D:\laragon\www\method-oldagehome\system\HTTP\ResponseTrait.php(447): CodeIgniter\HTTP\Response->sendCookies()
#5 D:\laragon\www\method-oldagehome\system\Debug\ExceptionHandler.php(78): CodeIgniter\HTTP\Response->send()
#6 D:\laragon\www\method-oldagehome\system\Debug\Exceptions.php(147): CodeIgniter\Debug\ExceptionHandler->handle(Object(CodeIgniter\Exceptions\PageNotFoundException), Object(CodeIgniter\HTTP\IncomingRequest), Object(CodeIgniter\HTTP\Response), 404, 1)
#7 [internal function]: CodeIgniter\Debug\Exceptions->exceptionHandler(Object(CodeIgniter\Exceptions\PageNotFoundException))
#8 {main}
  thrown
【Previous Exception】
CodeIgniter\Exceptions\PageNotFoundException
Page Not Found
#0 D:\laragon\www\method-oldagehome\system\CodeIgniter.php(967): CodeIgniter\Exceptions\PageNotFoundException::forPageNotFound(NULL)
#1 D:\laragon\www\method-oldagehome\system\CodeIgniter.php(362): CodeIgniter\CodeIgniter->display404errors(Object(CodeIgniter\Exceptions\PageNotFoundException))
#2 D:\laragon\www\method-oldagehome\public\index.php(79): CodeIgniter\CodeIgniter->run()
#3 D:\laragon\www\method-oldagehome\system\Commands\Server\rewrite.php(47): require_once('D:\\laragon\\www\\...')
#4 {main}
in SYSTEMPATH\HTTP\ResponseTrait.php on line 774.
 1 [internal function]: CodeIgniter\Debug\Exceptions->shutdownHandler()
CRITICAL - 2024-11-28 00:20:17 --> Uncaught ErrorException: Cannot modify header information - headers already sent in D:\laragon\www\method-oldagehome\system\HTTP\ResponseTrait.php:774
Stack trace:
#0 [internal function]: CodeIgniter\Debug\Exceptions->errorHandler(2, 'Cannot modify h...', 'D:\\laragon\\www\\...', 774)
#1 D:\laragon\www\method-oldagehome\system\HTTP\ResponseTrait.php(774): setcookie('ci_session', 'foh7rplabq49nr8...', Array)
#2 D:\laragon\www\method-oldagehome\system\HTTP\ResponseTrait.php(750): CodeIgniter\HTTP\Response->doSetCookie('ci_session', 'foh7rplabq49nr8...', Array)
#3 D:\laragon\www\method-oldagehome\system\HTTP\ResponseTrait.php(730): CodeIgniter\HTTP\Response->dispatchCookies()
#4 D:\laragon\www\method-oldagehome\system\HTTP\ResponseTrait.php(447): CodeIgniter\HTTP\Response->sendCookies()
#5 D:\laragon\www\method-oldagehome\system\Debug\ExceptionHandler.php(78): CodeIgniter\HTTP\Response->send()
#6 D:\laragon\www\method-oldagehome\system\Debug\Exceptions.php(147): CodeIgniter\Debug\ExceptionHandler->handle(Object(CodeIgniter\Exceptions\PageNotFoundException), Object(CodeIgniter\HTTP\IncomingRequest), Object(CodeIgniter\HTTP\Response), 404, 1)
#7 [internal function]: CodeIgniter\Debug\Exceptions->exceptionHandler(Object(CodeIgniter\Exceptions\PageNotFoundException))
#8 {main}
  thrown
【Previous Exception】
CodeIgniter\Exceptions\PageNotFoundException
Page Not Found
#0 D:\laragon\www\method-oldagehome\system\CodeIgniter.php(967): CodeIgniter\Exceptions\PageNotFoundException::forPageNotFound(NULL)
#1 D:\laragon\www\method-oldagehome\system\CodeIgniter.php(362): CodeIgniter\CodeIgniter->display404errors(Object(CodeIgniter\Exceptions\PageNotFoundException))
#2 D:\laragon\www\method-oldagehome\public\index.php(79): CodeIgniter\CodeIgniter->run()
#3 D:\laragon\www\method-oldagehome\system\Commands\Server\rewrite.php(47): require_once('D:\\laragon\\www\\...')
#4 {main}
in SYSTEMPATH\HTTP\ResponseTrait.php on line 774.
 1 [internal function]: CodeIgniter\Debug\Exceptions->shutdownHandler()
CRITICAL - 2024-11-28 00:21:17 --> Uncaught ErrorException: Cannot modify header information - headers already sent in D:\laragon\www\method-oldagehome\system\HTTP\ResponseTrait.php:774
Stack trace:
#0 [internal function]: CodeIgniter\Debug\Exceptions->errorHandler(2, 'Cannot modify h...', 'D:\\laragon\\www\\...', 774)
#1 D:\laragon\www\method-oldagehome\system\HTTP\ResponseTrait.php(774): setcookie('ci_session', 'foh7rplabq49nr8...', Array)
#2 D:\laragon\www\method-oldagehome\system\HTTP\ResponseTrait.php(750): CodeIgniter\HTTP\Response->doSetCookie('ci_session', 'foh7rplabq49nr8...', Array)
#3 D:\laragon\www\method-oldagehome\system\HTTP\ResponseTrait.php(730): CodeIgniter\HTTP\Response->dispatchCookies()
#4 D:\laragon\www\method-oldagehome\system\HTTP\ResponseTrait.php(447): CodeIgniter\HTTP\Response->sendCookies()
#5 D:\laragon\www\method-oldagehome\system\Debug\ExceptionHandler.php(78): CodeIgniter\HTTP\Response->send()
#6 D:\laragon\www\method-oldagehome\system\Debug\Exceptions.php(147): CodeIgniter\Debug\ExceptionHandler->handle(Object(CodeIgniter\Exceptions\PageNotFoundException), Object(CodeIgniter\HTTP\IncomingRequest), Object(CodeIgniter\HTTP\Response), 404, 1)
#7 [internal function]: CodeIgniter\Debug\Exceptions->exceptionHandler(Object(CodeIgniter\Exceptions\PageNotFoundException))
#8 {main}
  thrown
【Previous Exception】
CodeIgniter\Exceptions\PageNotFoundException
Page Not Found
#0 D:\laragon\www\method-oldagehome\system\CodeIgniter.php(967): CodeIgniter\Exceptions\PageNotFoundException::forPageNotFound(NULL)
#1 D:\laragon\www\method-oldagehome\system\CodeIgniter.php(362): CodeIgniter\CodeIgniter->display404errors(Object(CodeIgniter\Exceptions\PageNotFoundException))
#2 D:\laragon\www\method-oldagehome\public\index.php(79): CodeIgniter\CodeIgniter->run()
#3 D:\laragon\www\method-oldagehome\system\Commands\Server\rewrite.php(47): require_once('D:\\laragon\\www\\...')
#4 {main}
in SYSTEMPATH\HTTP\ResponseTrait.php on line 774.
 1 [internal function]: CodeIgniter\Debug\Exceptions->shutdownHandler()
CRITICAL - 2024-11-28 00:22:17 --> Uncaught ErrorException: Cannot modify header information - headers already sent in D:\laragon\www\method-oldagehome\system\HTTP\ResponseTrait.php:774
Stack trace:
#0 [internal function]: CodeIgniter\Debug\Exceptions->errorHandler(2, 'Cannot modify h...', 'D:\\laragon\\www\\...', 774)
#1 D:\laragon\www\method-oldagehome\system\HTTP\ResponseTrait.php(774): setcookie('ci_session', 'foh7rplabq49nr8...', Array)
#2 D:\laragon\www\method-oldagehome\system\HTTP\ResponseTrait.php(750): CodeIgniter\HTTP\Response->doSetCookie('ci_session', 'foh7rplabq49nr8...', Array)
#3 D:\laragon\www\method-oldagehome\system\HTTP\ResponseTrait.php(730): CodeIgniter\HTTP\Response->dispatchCookies()
#4 D:\laragon\www\method-oldagehome\system\HTTP\ResponseTrait.php(447): CodeIgniter\HTTP\Response->sendCookies()
#5 D:\laragon\www\method-oldagehome\system\Debug\ExceptionHandler.php(78): CodeIgniter\HTTP\Response->send()
#6 D:\laragon\www\method-oldagehome\system\Debug\Exceptions.php(147): CodeIgniter\Debug\ExceptionHandler->handle(Object(CodeIgniter\Exceptions\PageNotFoundException), Object(CodeIgniter\HTTP\IncomingRequest), Object(CodeIgniter\HTTP\Response), 404, 1)
#7 [internal function]: CodeIgniter\Debug\Exceptions->exceptionHandler(Object(CodeIgniter\Exceptions\PageNotFoundException))
#8 {main}
  thrown
【Previous Exception】
CodeIgniter\Exceptions\PageNotFoundException
Page Not Found
#0 D:\laragon\www\method-oldagehome\system\CodeIgniter.php(967): CodeIgniter\Exceptions\PageNotFoundException::forPageNotFound(NULL)
#1 D:\laragon\www\method-oldagehome\system\CodeIgniter.php(362): CodeIgniter\CodeIgniter->display404errors(Object(CodeIgniter\Exceptions\PageNotFoundException))
#2 D:\laragon\www\method-oldagehome\public\index.php(79): CodeIgniter\CodeIgniter->run()
#3 D:\laragon\www\method-oldagehome\system\Commands\Server\rewrite.php(47): require_once('D:\\laragon\\www\\...')
#4 {main}
in SYSTEMPATH\HTTP\ResponseTrait.php on line 774.
 1 [internal function]: CodeIgniter\Debug\Exceptions->shutdownHandler()
CRITICAL - 2024-11-28 00:23:00 --> Uncaught ErrorException: Cannot modify header information - headers already sent in D:\laragon\www\method-oldagehome\system\HTTP\ResponseTrait.php:774
Stack trace:
#0 [internal function]: CodeIgniter\Debug\Exceptions->errorHandler(2, 'Cannot modify h...', 'D:\\laragon\\www\\...', 774)
#1 D:\laragon\www\method-oldagehome\system\HTTP\ResponseTrait.php(774): setcookie('ci_session', 'foh7rplabq49nr8...', Array)
#2 D:\laragon\www\method-oldagehome\system\HTTP\ResponseTrait.php(750): CodeIgniter\HTTP\Response->doSetCookie('ci_session', 'foh7rplabq49nr8...', Array)
#3 D:\laragon\www\method-oldagehome\system\HTTP\ResponseTrait.php(730): CodeIgniter\HTTP\Response->dispatchCookies()
#4 D:\laragon\www\method-oldagehome\system\HTTP\ResponseTrait.php(447): CodeIgniter\HTTP\Response->sendCookies()
#5 D:\laragon\www\method-oldagehome\system\Debug\ExceptionHandler.php(78): CodeIgniter\HTTP\Response->send()
#6 D:\laragon\www\method-oldagehome\system\Debug\Exceptions.php(147): CodeIgniter\Debug\ExceptionHandler->handle(Object(CodeIgniter\Exceptions\PageNotFoundException), Object(CodeIgniter\HTTP\IncomingRequest), Object(CodeIgniter\HTTP\Response), 404, 1)
#7 [internal function]: CodeIgniter\Debug\Exceptions->exceptionHandler(Object(CodeIgniter\Exceptions\PageNotFoundException))
#8 {main}
  thrown
【Previous Exception】
CodeIgniter\Exceptions\PageNotFoundException
Page Not Found
#0 D:\laragon\www\method-oldagehome\system\CodeIgniter.php(967): CodeIgniter\Exceptions\PageNotFoundException::forPageNotFound(NULL)
#1 D:\laragon\www\method-oldagehome\system\CodeIgniter.php(362): CodeIgniter\CodeIgniter->display404errors(Object(CodeIgniter\Exceptions\PageNotFoundException))
#2 D:\laragon\www\method-oldagehome\public\index.php(79): CodeIgniter\CodeIgniter->run()
#3 D:\laragon\www\method-oldagehome\system\Commands\Server\rewrite.php(47): require_once('D:\\laragon\\www\\...')
#4 {main}
in SYSTEMPATH\HTTP\ResponseTrait.php on line 774.
 1 [internal function]: CodeIgniter\Debug\Exceptions->shutdownHandler()
CRITICAL - 2024-11-28 00:23:00 --> Uncaught ErrorException: Cannot modify header information - headers already sent in D:\laragon\www\method-oldagehome\system\HTTP\ResponseTrait.php:774
Stack trace:
#0 [internal function]: CodeIgniter\Debug\Exceptions->errorHandler(2, 'Cannot modify h...', 'D:\\laragon\\www\\...', 774)
#1 D:\laragon\www\method-oldagehome\system\HTTP\ResponseTrait.php(774): setcookie('ci_session', 'foh7rplabq49nr8...', Array)
#2 D:\laragon\www\method-oldagehome\system\HTTP\ResponseTrait.php(750): CodeIgniter\HTTP\Response->doSetCookie('ci_session', 'foh7rplabq49nr8...', Array)
#3 D:\laragon\www\method-oldagehome\system\HTTP\ResponseTrait.php(730): CodeIgniter\HTTP\Response->dispatchCookies()
#4 D:\laragon\www\method-oldagehome\system\HTTP\ResponseTrait.php(447): CodeIgniter\HTTP\Response->sendCookies()
#5 D:\laragon\www\method-oldagehome\system\Debug\ExceptionHandler.php(78): CodeIgniter\HTTP\Response->send()
#6 D:\laragon\www\method-oldagehome\system\Debug\Exceptions.php(147): CodeIgniter\Debug\ExceptionHandler->handle(Object(CodeIgniter\Exceptions\PageNotFoundException), Object(CodeIgniter\HTTP\IncomingRequest), Object(CodeIgniter\HTTP\Response), 404, 1)
#7 [internal function]: CodeIgniter\Debug\Exceptions->exceptionHandler(Object(CodeIgniter\Exceptions\PageNotFoundException))
#8 {main}
  thrown
【Previous Exception】
CodeIgniter\Exceptions\PageNotFoundException
Page Not Found
#0 D:\laragon\www\method-oldagehome\system\CodeIgniter.php(967): CodeIgniter\Exceptions\PageNotFoundException::forPageNotFound(NULL)
#1 D:\laragon\www\method-oldagehome\system\CodeIgniter.php(362): CodeIgniter\CodeIgniter->display404errors(Object(CodeIgniter\Exceptions\PageNotFoundException))
#2 D:\laragon\www\method-oldagehome\public\index.php(79): CodeIgniter\CodeIgniter->run()
#3 D:\laragon\www\method-oldagehome\system\Commands\Server\rewrite.php(47): require_once('D:\\laragon\\www\\...')
#4 {main}
in SYSTEMPATH\HTTP\ResponseTrait.php on line 774.
 1 [internal function]: CodeIgniter\Debug\Exceptions->shutdownHandler()
CRITICAL - 2024-11-28 00:23:01 --> Uncaught ErrorException: Cannot modify header information - headers already sent in D:\laragon\www\method-oldagehome\system\HTTP\ResponseTrait.php:774
Stack trace:
#0 [internal function]: CodeIgniter\Debug\Exceptions->errorHandler(2, 'Cannot modify h...', 'D:\\laragon\\www\\...', 774)
#1 D:\laragon\www\method-oldagehome\system\HTTP\ResponseTrait.php(774): setcookie('ci_session', 'foh7rplabq49nr8...', Array)
#2 D:\laragon\www\method-oldagehome\system\HTTP\ResponseTrait.php(750): CodeIgniter\HTTP\Response->doSetCookie('ci_session', 'foh7rplabq49nr8...', Array)
#3 D:\laragon\www\method-oldagehome\system\HTTP\ResponseTrait.php(730): CodeIgniter\HTTP\Response->dispatchCookies()
#4 D:\laragon\www\method-oldagehome\system\HTTP\ResponseTrait.php(447): CodeIgniter\HTTP\Response->sendCookies()
#5 D:\laragon\www\method-oldagehome\system\Debug\ExceptionHandler.php(78): CodeIgniter\HTTP\Response->send()
#6 D:\laragon\www\method-oldagehome\system\Debug\Exceptions.php(147): CodeIgniter\Debug\ExceptionHandler->handle(Object(CodeIgniter\Exceptions\PageNotFoundException), Object(CodeIgniter\HTTP\IncomingRequest), Object(CodeIgniter\HTTP\Response), 404, 1)
#7 [internal function]: CodeIgniter\Debug\Exceptions->exceptionHandler(Object(CodeIgniter\Exceptions\PageNotFoundException))
#8 {main}
  thrown
【Previous Exception】
CodeIgniter\Exceptions\PageNotFoundException
Page Not Found
#0 D:\laragon\www\method-oldagehome\system\CodeIgniter.php(967): CodeIgniter\Exceptions\PageNotFoundException::forPageNotFound(NULL)
#1 D:\laragon\www\method-oldagehome\system\CodeIgniter.php(362): CodeIgniter\CodeIgniter->display404errors(Object(CodeIgniter\Exceptions\PageNotFoundException))
#2 D:\laragon\www\method-oldagehome\public\index.php(79): CodeIgniter\CodeIgniter->run()
#3 D:\laragon\www\method-oldagehome\system\Commands\Server\rewrite.php(47): require_once('D:\\laragon\\www\\...')
#4 {main}
in SYSTEMPATH\HTTP\ResponseTrait.php on line 774.
 1 [internal function]: CodeIgniter\Debug\Exceptions->shutdownHandler()
CRITICAL - 2024-11-28 00:23:03 --> Uncaught ErrorException: Cannot modify header information - headers already sent in D:\laragon\www\method-oldagehome\system\HTTP\ResponseTrait.php:774
Stack trace:
#0 [internal function]: CodeIgniter\Debug\Exceptions->errorHandler(2, 'Cannot modify h...', 'D:\\laragon\\www\\...', 774)
#1 D:\laragon\www\method-oldagehome\system\HTTP\ResponseTrait.php(774): setcookie('ci_session', 'foh7rplabq49nr8...', Array)
#2 D:\laragon\www\method-oldagehome\system\HTTP\ResponseTrait.php(750): CodeIgniter\HTTP\Response->doSetCookie('ci_session', 'foh7rplabq49nr8...', Array)
#3 D:\laragon\www\method-oldagehome\system\HTTP\ResponseTrait.php(730): CodeIgniter\HTTP\Response->dispatchCookies()
#4 D:\laragon\www\method-oldagehome\system\HTTP\ResponseTrait.php(447): CodeIgniter\HTTP\Response->sendCookies()
#5 D:\laragon\www\method-oldagehome\system\Debug\ExceptionHandler.php(78): CodeIgniter\HTTP\Response->send()
#6 D:\laragon\www\method-oldagehome\system\Debug\Exceptions.php(147): CodeIgniter\Debug\ExceptionHandler->handle(Object(CodeIgniter\Exceptions\PageNotFoundException), Object(CodeIgniter\HTTP\IncomingRequest), Object(CodeIgniter\HTTP\Response), 404, 1)
#7 [internal function]: CodeIgniter\Debug\Exceptions->exceptionHandler(Object(CodeIgniter\Exceptions\PageNotFoundException))
#8 {main}
  thrown
【Previous Exception】
CodeIgniter\Exceptions\PageNotFoundException
Page Not Found
#0 D:\laragon\www\method-oldagehome\system\CodeIgniter.php(967): CodeIgniter\Exceptions\PageNotFoundException::forPageNotFound(NULL)
#1 D:\laragon\www\method-oldagehome\system\CodeIgniter.php(362): CodeIgniter\CodeIgniter->display404errors(Object(CodeIgniter\Exceptions\PageNotFoundException))
#2 D:\laragon\www\method-oldagehome\public\index.php(79): CodeIgniter\CodeIgniter->run()
#3 D:\laragon\www\method-oldagehome\system\Commands\Server\rewrite.php(47): require_once('D:\\laragon\\www\\...')
#4 {main}
in SYSTEMPATH\HTTP\ResponseTrait.php on line 774.
 1 [internal function]: CodeIgniter\Debug\Exceptions->shutdownHandler()
CRITICAL - 2024-11-28 00:23:05 --> Uncaught ErrorException: Cannot modify header information - headers already sent in D:\laragon\www\method-oldagehome\system\HTTP\ResponseTrait.php:774
Stack trace:
#0 [internal function]: CodeIgniter\Debug\Exceptions->errorHandler(2, 'Cannot modify h...', 'D:\\laragon\\www\\...', 774)
#1 D:\laragon\www\method-oldagehome\system\HTTP\ResponseTrait.php(774): setcookie('ci_session', 'foh7rplabq49nr8...', Array)
#2 D:\laragon\www\method-oldagehome\system\HTTP\ResponseTrait.php(750): CodeIgniter\HTTP\Response->doSetCookie('ci_session', 'foh7rplabq49nr8...', Array)
#3 D:\laragon\www\method-oldagehome\system\HTTP\ResponseTrait.php(730): CodeIgniter\HTTP\Response->dispatchCookies()
#4 D:\laragon\www\method-oldagehome\system\HTTP\ResponseTrait.php(447): CodeIgniter\HTTP\Response->sendCookies()
#5 D:\laragon\www\method-oldagehome\system\Debug\ExceptionHandler.php(78): CodeIgniter\HTTP\Response->send()
#6 D:\laragon\www\method-oldagehome\system\Debug\Exceptions.php(147): CodeIgniter\Debug\ExceptionHandler->handle(Object(CodeIgniter\Exceptions\PageNotFoundException), Object(CodeIgniter\HTTP\IncomingRequest), Object(CodeIgniter\HTTP\Response), 404, 1)
#7 [internal function]: CodeIgniter\Debug\Exceptions->exceptionHandler(Object(CodeIgniter\Exceptions\PageNotFoundException))
#8 {main}
  thrown
【Previous Exception】
CodeIgniter\Exceptions\PageNotFoundException
Page Not Found
#0 D:\laragon\www\method-oldagehome\system\CodeIgniter.php(967): CodeIgniter\Exceptions\PageNotFoundException::forPageNotFound(NULL)
#1 D:\laragon\www\method-oldagehome\system\CodeIgniter.php(362): CodeIgniter\CodeIgniter->display404errors(Object(CodeIgniter\Exceptions\PageNotFoundException))
#2 D:\laragon\www\method-oldagehome\public\index.php(79): CodeIgniter\CodeIgniter->run()
#3 D:\laragon\www\method-oldagehome\system\Commands\Server\rewrite.php(47): require_once('D:\\laragon\\www\\...')
#4 {main}
in SYSTEMPATH\HTTP\ResponseTrait.php on line 774.
 1 [internal function]: CodeIgniter\Debug\Exceptions->shutdownHandler()
CRITICAL - 2024-11-28 00:23:06 --> Uncaught ErrorException: Cannot modify header information - headers already sent in D:\laragon\www\method-oldagehome\system\HTTP\ResponseTrait.php:774
Stack trace:
#0 [internal function]: CodeIgniter\Debug\Exceptions->errorHandler(2, 'Cannot modify h...', 'D:\\laragon\\www\\...', 774)
#1 D:\laragon\www\method-oldagehome\system\HTTP\ResponseTrait.php(774): setcookie('ci_session', 'foh7rplabq49nr8...', Array)
#2 D:\laragon\www\method-oldagehome\system\HTTP\ResponseTrait.php(750): CodeIgniter\HTTP\Response->doSetCookie('ci_session', 'foh7rplabq49nr8...', Array)
#3 D:\laragon\www\method-oldagehome\system\HTTP\ResponseTrait.php(730): CodeIgniter\HTTP\Response->dispatchCookies()
#4 D:\laragon\www\method-oldagehome\system\HTTP\ResponseTrait.php(447): CodeIgniter\HTTP\Response->sendCookies()
#5 D:\laragon\www\method-oldagehome\system\Debug\ExceptionHandler.php(78): CodeIgniter\HTTP\Response->send()
#6 D:\laragon\www\method-oldagehome\system\Debug\Exceptions.php(147): CodeIgniter\Debug\ExceptionHandler->handle(Object(CodeIgniter\Exceptions\PageNotFoundException), Object(CodeIgniter\HTTP\IncomingRequest), Object(CodeIgniter\HTTP\Response), 404, 1)
#7 [internal function]: CodeIgniter\Debug\Exceptions->exceptionHandler(Object(CodeIgniter\Exceptions\PageNotFoundException))
#8 {main}
  thrown
【Previous Exception】
CodeIgniter\Exceptions\PageNotFoundException
Page Not Found
#0 D:\laragon\www\method-oldagehome\system\CodeIgniter.php(967): CodeIgniter\Exceptions\PageNotFoundException::forPageNotFound(NULL)
#1 D:\laragon\www\method-oldagehome\system\CodeIgniter.php(362): CodeIgniter\CodeIgniter->display404errors(Object(CodeIgniter\Exceptions\PageNotFoundException))
#2 D:\laragon\www\method-oldagehome\public\index.php(79): CodeIgniter\CodeIgniter->run()
#3 D:\laragon\www\method-oldagehome\system\Commands\Server\rewrite.php(47): require_once('D:\\laragon\\www\\...')
#4 {main}
in SYSTEMPATH\HTTP\ResponseTrait.php on line 774.
 1 [internal function]: CodeIgniter\Debug\Exceptions->shutdownHandler()
CRITICAL - 2024-11-28 00:23:07 --> Uncaught ErrorException: Cannot modify header information - headers already sent in D:\laragon\www\method-oldagehome\system\HTTP\ResponseTrait.php:774
Stack trace:
#0 [internal function]: CodeIgniter\Debug\Exceptions->errorHandler(2, 'Cannot modify h...', 'D:\\laragon\\www\\...', 774)
#1 D:\laragon\www\method-oldagehome\system\HTTP\ResponseTrait.php(774): setcookie('ci_session', 'foh7rplabq49nr8...', Array)
#2 D:\laragon\www\method-oldagehome\system\HTTP\ResponseTrait.php(750): CodeIgniter\HTTP\Response->doSetCookie('ci_session', 'foh7rplabq49nr8...', Array)
#3 D:\laragon\www\method-oldagehome\system\HTTP\ResponseTrait.php(730): CodeIgniter\HTTP\Response->dispatchCookies()
#4 D:\laragon\www\method-oldagehome\system\HTTP\ResponseTrait.php(447): CodeIgniter\HTTP\Response->sendCookies()
#5 D:\laragon\www\method-oldagehome\system\Debug\ExceptionHandler.php(78): CodeIgniter\HTTP\Response->send()
#6 D:\laragon\www\method-oldagehome\system\Debug\Exceptions.php(147): CodeIgniter\Debug\ExceptionHandler->handle(Object(CodeIgniter\Exceptions\PageNotFoundException), Object(CodeIgniter\HTTP\IncomingRequest), Object(CodeIgniter\HTTP\Response), 404, 1)
#7 [internal function]: CodeIgniter\Debug\Exceptions->exceptionHandler(Object(CodeIgniter\Exceptions\PageNotFoundException))
#8 {main}
  thrown
【Previous Exception】
CodeIgniter\Exceptions\PageNotFoundException
Page Not Found
#0 D:\laragon\www\method-oldagehome\system\CodeIgniter.php(967): CodeIgniter\Exceptions\PageNotFoundException::forPageNotFound(NULL)
#1 D:\laragon\www\method-oldagehome\system\CodeIgniter.php(362): CodeIgniter\CodeIgniter->display404errors(Object(CodeIgniter\Exceptions\PageNotFoundException))
#2 D:\laragon\www\method-oldagehome\public\index.php(79): CodeIgniter\CodeIgniter->run()
#3 D:\laragon\www\method-oldagehome\system\Commands\Server\rewrite.php(47): require_once('D:\\laragon\\www\\...')
#4 {main}
in SYSTEMPATH\HTTP\ResponseTrait.php on line 774.
 1 [internal function]: CodeIgniter\Debug\Exceptions->shutdownHandler()
CRITICAL - 2024-11-28 00:23:08 --> Uncaught ErrorException: Cannot modify header information - headers already sent in D:\laragon\www\method-oldagehome\system\HTTP\ResponseTrait.php:774
Stack trace:
#0 [internal function]: CodeIgniter\Debug\Exceptions->errorHandler(2, 'Cannot modify h...', 'D:\\laragon\\www\\...', 774)
#1 D:\laragon\www\method-oldagehome\system\HTTP\ResponseTrait.php(774): setcookie('ci_session', 'foh7rplabq49nr8...', Array)
#2 D:\laragon\www\method-oldagehome\system\HTTP\ResponseTrait.php(750): CodeIgniter\HTTP\Response->doSetCookie('ci_session', 'foh7rplabq49nr8...', Array)
#3 D:\laragon\www\method-oldagehome\system\HTTP\ResponseTrait.php(730): CodeIgniter\HTTP\Response->dispatchCookies()
#4 D:\laragon\www\method-oldagehome\system\HTTP\ResponseTrait.php(447): CodeIgniter\HTTP\Response->sendCookies()
#5 D:\laragon\www\method-oldagehome\system\Debug\ExceptionHandler.php(78): CodeIgniter\HTTP\Response->send()
#6 D:\laragon\www\method-oldagehome\system\Debug\Exceptions.php(147): CodeIgniter\Debug\ExceptionHandler->handle(Object(CodeIgniter\Exceptions\PageNotFoundException), Object(CodeIgniter\HTTP\IncomingRequest), Object(CodeIgniter\HTTP\Response), 404, 1)
#7 [internal function]: CodeIgniter\Debug\Exceptions->exceptionHandler(Object(CodeIgniter\Exceptions\PageNotFoundException))
#8 {main}
  thrown
【Previous Exception】
CodeIgniter\Exceptions\PageNotFoundException
Page Not Found
#0 D:\laragon\www\method-oldagehome\system\CodeIgniter.php(967): CodeIgniter\Exceptions\PageNotFoundException::forPageNotFound(NULL)
#1 D:\laragon\www\method-oldagehome\system\CodeIgniter.php(362): CodeIgniter\CodeIgniter->display404errors(Object(CodeIgniter\Exceptions\PageNotFoundException))
#2 D:\laragon\www\method-oldagehome\public\index.php(79): CodeIgniter\CodeIgniter->run()
#3 D:\laragon\www\method-oldagehome\system\Commands\Server\rewrite.php(47): require_once('D:\\laragon\\www\\...')
#4 {main}
in SYSTEMPATH\HTTP\ResponseTrait.php on line 774.
 1 [internal function]: CodeIgniter\Debug\Exceptions->shutdownHandler()
CRITICAL - 2024-11-28 02:09:17 --> Trying to access array offset on value of type null
in APPPATH\Views\dashboard\editnews.php on line 47.
 1 APPPATH\Views\dashboard\editnews.php(47): CodeIgniter\Debug\Exceptions->errorHandler(2, 'Trying to access array offset on value of type null', 'D:\\laragon\\www\\method-oldagehome\\app\\Views\\dashboard\\editnews.php', 47)
 2 SYSTEMPATH\View\View.php(226): include('D:\\laragon\\www\\method-oldagehome\\app\\Views\\dashboard\\editnews.php')
 3 SYSTEMPATH\View\View.php(229): CodeIgniter\View\View->CodeIgniter\View\{closure}()
 4 SYSTEMPATH\Common.php(1188): CodeIgniter\View\View->render('dashboard/editnews', [], true)
 5 APPPATH\Controllers\NewsController.php(156): view('dashboard/editnews', [...])
 6 SYSTEMPATH\CodeIgniter.php(919): App\Controllers\NewsController->update('login', 'vendors', 'typicons', 'typicons.css')
 7 SYSTEMPATH\CodeIgniter.php(494): CodeIgniter\CodeIgniter->runController(Object(App\Controllers\NewsController))
 8 SYSTEMPATH\CodeIgniter.php(353): CodeIgniter\CodeIgniter->handleRequest(null, Object(Config\Cache), false)
 9 FCPATH\index.php(79): CodeIgniter\CodeIgniter->run()
10 SYSTEMPATH\Commands\Server\rewrite.php(47): require_once('D:\\laragon\\www\\method-oldagehome\\public\\index.php')
CRITICAL - 2024-11-28 02:09:17 --> Trying to access array offset on value of type null
in APPPATH\Views\dashboard\editnews.php on line 47.
 1 APPPATH\Views\dashboard\editnews.php(47): CodeIgniter\Debug\Exceptions->errorHandler(2, 'Trying to access array offset on value of type null', 'D:\\laragon\\www\\method-oldagehome\\app\\Views\\dashboard\\editnews.php', 47)
 2 SYSTEMPATH\View\View.php(226): include('D:\\laragon\\www\\method-oldagehome\\app\\Views\\dashboard\\editnews.php')
 3 SYSTEMPATH\View\View.php(229): CodeIgniter\View\View->CodeIgniter\View\{closure}()
 4 SYSTEMPATH\Common.php(1188): CodeIgniter\View\View->render('dashboard/editnews', [], true)
 5 APPPATH\Controllers\NewsController.php(156): view('dashboard/editnews', [...])
 6 SYSTEMPATH\CodeIgniter.php(919): App\Controllers\NewsController->update('login', 'vendors', 'css', 'vendor.bundle.base.css')
 7 SYSTEMPATH\CodeIgniter.php(494): CodeIgniter\CodeIgniter->runController(Object(App\Controllers\NewsController))
 8 SYSTEMPATH\CodeIgniter.php(353): CodeIgniter\CodeIgniter->handleRequest(null, Object(Config\Cache), false)
 9 FCPATH\index.php(79): CodeIgniter\CodeIgniter->run()
10 SYSTEMPATH\Commands\Server\rewrite.php(47): require_once('D:\\laragon\\www\\method-oldagehome\\public\\index.php')
CRITICAL - 2024-11-28 02:09:17 --> Trying to access array offset on value of type null
in APPPATH\Views\dashboard\editnews.php on line 47.
 1 APPPATH\Views\dashboard\editnews.php(47): CodeIgniter\Debug\Exceptions->errorHandler(2, 'Trying to access array offset on value of type null', 'D:\\laragon\\www\\method-oldagehome\\app\\Views\\dashboard\\editnews.php', 47)
 2 SYSTEMPATH\View\View.php(226): include('D:\\laragon\\www\\method-oldagehome\\app\\Views\\dashboard\\editnews.php')
 3 SYSTEMPATH\View\View.php(229): CodeIgniter\View\View->CodeIgniter\View\{closure}()
 4 SYSTEMPATH\Common.php(1188): CodeIgniter\View\View->render('dashboard/editnews', [], true)
 5 APPPATH\Controllers\NewsController.php(156): view('dashboard/editnews', [...])
 6 SYSTEMPATH\CodeIgniter.php(919): App\Controllers\NewsController->update('login', 'vendors', 'select2', 'select2.min.css')
 7 SYSTEMPATH\CodeIgniter.php(494): CodeIgniter\CodeIgniter->runController(Object(App\Controllers\NewsController))
 8 SYSTEMPATH\CodeIgniter.php(353): CodeIgniter\CodeIgniter->handleRequest(null, Object(Config\Cache), false)
 9 FCPATH\index.php(79): CodeIgniter\CodeIgniter->run()
10 SYSTEMPATH\Commands\Server\rewrite.php(47): require_once('D:\\laragon\\www\\method-oldagehome\\public\\index.php')
CRITICAL - 2024-11-28 02:09:17 --> Trying to access array offset on value of type null
in APPPATH\Views\dashboard\editnews.php on line 47.
 1 APPPATH\Views\dashboard\editnews.php(47): CodeIgniter\Debug\Exceptions->errorHandler(2, 'Trying to access array offset on value of type null', 'D:\\laragon\\www\\method-oldagehome\\app\\Views\\dashboard\\editnews.php', 47)
 2 SYSTEMPATH\View\View.php(226): include('D:\\laragon\\www\\method-oldagehome\\app\\Views\\dashboard\\editnews.php')
 3 SYSTEMPATH\View\View.php(229): CodeIgniter\View\View->CodeIgniter\View\{closure}()
 4 SYSTEMPATH\Common.php(1188): CodeIgniter\View\View->render('dashboard/editnews', [], true)
 5 APPPATH\Controllers\NewsController.php(156): view('dashboard/editnews', [...])
 6 SYSTEMPATH\CodeIgniter.php(919): App\Controllers\NewsController->update('login', 'vendors', 'select2-bootstrap-theme', 'select2-bootstrap.min.css')
 7 SYSTEMPATH\CodeIgniter.php(494): CodeIgniter\CodeIgniter->runController(Object(App\Controllers\NewsController))
 8 SYSTEMPATH\CodeIgniter.php(353): CodeIgniter\CodeIgniter->handleRequest(null, Object(Config\Cache), false)
 9 FCPATH\index.php(79): CodeIgniter\CodeIgniter->run()
10 SYSTEMPATH\Commands\Server\rewrite.php(47): require_once('D:\\laragon\\www\\method-oldagehome\\public\\index.php')
CRITICAL - 2024-11-28 02:09:17 --> Trying to access array offset on value of type null
in APPPATH\Views\dashboard\editnews.php on line 47.
 1 APPPATH\Views\dashboard\editnews.php(47): CodeIgniter\Debug\Exceptions->errorHandler(2, 'Trying to access array offset on value of type null', 'D:\\laragon\\www\\method-oldagehome\\app\\Views\\dashboard\\editnews.php', 47)
 2 SYSTEMPATH\View\View.php(226): include('D:\\laragon\\www\\method-oldagehome\\app\\Views\\dashboard\\editnews.php')
 3 SYSTEMPATH\View\View.php(229): CodeIgniter\View\View->CodeIgniter\View\{closure}()
 4 SYSTEMPATH\Common.php(1188): CodeIgniter\View\View->render('dashboard/editnews', [], true)
 5 APPPATH\Controllers\NewsController.php(156): view('dashboard/editnews', [...])
 6 SYSTEMPATH\CodeIgniter.php(919): App\Controllers\NewsController->update('login', 'css', 'vertical-layout-light', 'style.css')
 7 SYSTEMPATH\CodeIgniter.php(494): CodeIgniter\CodeIgniter->runController(Object(App\Controllers\NewsController))
 8 SYSTEMPATH\CodeIgniter.php(353): CodeIgniter\CodeIgniter->handleRequest(null, Object(Config\Cache), false)
 9 FCPATH\index.php(79): CodeIgniter\CodeIgniter->run()
10 SYSTEMPATH\Commands\Server\rewrite.php(47): require_once('D:\\laragon\\www\\method-oldagehome\\public\\index.php')
CRITICAL - 2024-11-28 02:10:00 --> Trying to access array offset on value of type null
in APPPATH\Views\dashboard\editnews.php on line 47.
 1 APPPATH\Views\dashboard\editnews.php(47): CodeIgniter\Debug\Exceptions->errorHandler(2, 'Trying to access array offset on value of type null', 'D:\\laragon\\www\\method-oldagehome\\app\\Views\\dashboard\\editnews.php', 47)
 2 SYSTEMPATH\View\View.php(226): include('D:\\laragon\\www\\method-oldagehome\\app\\Views\\dashboard\\editnews.php')
 3 SYSTEMPATH\View\View.php(229): CodeIgniter\View\View->CodeIgniter\View\{closure}()
 4 SYSTEMPATH\Common.php(1188): CodeIgniter\View\View->render('dashboard/editnews', [], true)
 5 APPPATH\Controllers\NewsController.php(156): view('dashboard/editnews', [...])
 6 SYSTEMPATH\CodeIgniter.php(919): App\Controllers\NewsController->update('login', 'vendors', 'typicons', 'typicons.css')
 7 SYSTEMPATH\CodeIgniter.php(494): CodeIgniter\CodeIgniter->runController(Object(App\Controllers\NewsController))
 8 SYSTEMPATH\CodeIgniter.php(353): CodeIgniter\CodeIgniter->handleRequest(null, Object(Config\Cache), false)
 9 FCPATH\index.php(79): CodeIgniter\CodeIgniter->run()
10 SYSTEMPATH\Commands\Server\rewrite.php(47): require_once('D:\\laragon\\www\\method-oldagehome\\public\\index.php')
CRITICAL - 2024-11-28 02:10:00 --> Trying to access array offset on value of type null
in APPPATH\Views\dashboard\editnews.php on line 47.
 1 APPPATH\Views\dashboard\editnews.php(47): CodeIgniter\Debug\Exceptions->errorHandler(2, 'Trying to access array offset on value of type null', 'D:\\laragon\\www\\method-oldagehome\\app\\Views\\dashboard\\editnews.php', 47)
 2 SYSTEMPATH\View\View.php(226): include('D:\\laragon\\www\\method-oldagehome\\app\\Views\\dashboard\\editnews.php')
 3 SYSTEMPATH\View\View.php(229): CodeIgniter\View\View->CodeIgniter\View\{closure}()
 4 SYSTEMPATH\Common.php(1188): CodeIgniter\View\View->render('dashboard/editnews', [], true)
 5 APPPATH\Controllers\NewsController.php(156): view('dashboard/editnews', [...])
 6 SYSTEMPATH\CodeIgniter.php(919): App\Controllers\NewsController->update('login', 'vendors', 'css', 'vendor.bundle.base.css')
 7 SYSTEMPATH\CodeIgniter.php(494): CodeIgniter\CodeIgniter->runController(Object(App\Controllers\NewsController))
 8 SYSTEMPATH\CodeIgniter.php(353): CodeIgniter\CodeIgniter->handleRequest(null, Object(Config\Cache), false)
 9 FCPATH\index.php(79): CodeIgniter\CodeIgniter->run()
10 SYSTEMPATH\Commands\Server\rewrite.php(47): require_once('D:\\laragon\\www\\method-oldagehome\\public\\index.php')
CRITICAL - 2024-11-28 02:10:00 --> Trying to access array offset on value of type null
in APPPATH\Views\dashboard\editnews.php on line 47.
 1 APPPATH\Views\dashboard\editnews.php(47): CodeIgniter\Debug\Exceptions->errorHandler(2, 'Trying to access array offset on value of type null', 'D:\\laragon\\www\\method-oldagehome\\app\\Views\\dashboard\\editnews.php', 47)
 2 SYSTEMPATH\View\View.php(226): include('D:\\laragon\\www\\method-oldagehome\\app\\Views\\dashboard\\editnews.php')
 3 SYSTEMPATH\View\View.php(229): CodeIgniter\View\View->CodeIgniter\View\{closure}()
 4 SYSTEMPATH\Common.php(1188): CodeIgniter\View\View->render('dashboard/editnews', [], true)
 5 APPPATH\Controllers\NewsController.php(156): view('dashboard/editnews', [...])
 6 SYSTEMPATH\CodeIgniter.php(919): App\Controllers\NewsController->update('login', 'vendors', 'select2', 'select2.min.css')
 7 SYSTEMPATH\CodeIgniter.php(494): CodeIgniter\CodeIgniter->runController(Object(App\Controllers\NewsController))
 8 SYSTEMPATH\CodeIgniter.php(353): CodeIgniter\CodeIgniter->handleRequest(null, Object(Config\Cache), false)
 9 FCPATH\index.php(79): CodeIgniter\CodeIgniter->run()
10 SYSTEMPATH\Commands\Server\rewrite.php(47): require_once('D:\\laragon\\www\\method-oldagehome\\public\\index.php')
CRITICAL - 2024-11-28 02:10:00 --> Trying to access array offset on value of type null
in APPPATH\Views\dashboard\editnews.php on line 47.
 1 APPPATH\Views\dashboard\editnews.php(47): CodeIgniter\Debug\Exceptions->errorHandler(2, 'Trying to access array offset on value of type null', 'D:\\laragon\\www\\method-oldagehome\\app\\Views\\dashboard\\editnews.php', 47)
 2 SYSTEMPATH\View\View.php(226): include('D:\\laragon\\www\\method-oldagehome\\app\\Views\\dashboard\\editnews.php')
 3 SYSTEMPATH\View\View.php(229): CodeIgniter\View\View->CodeIgniter\View\{closure}()
 4 SYSTEMPATH\Common.php(1188): CodeIgniter\View\View->render('dashboard/editnews', [], true)
 5 APPPATH\Controllers\NewsController.php(156): view('dashboard/editnews', [...])
 6 SYSTEMPATH\CodeIgniter.php(919): App\Controllers\NewsController->update('login', 'vendors', 'select2-bootstrap-theme', 'select2-bootstrap.min.css')
 7 SYSTEMPATH\CodeIgniter.php(494): CodeIgniter\CodeIgniter->runController(Object(App\Controllers\NewsController))
 8 SYSTEMPATH\CodeIgniter.php(353): CodeIgniter\CodeIgniter->handleRequest(null, Object(Config\Cache), false)
 9 FCPATH\index.php(79): CodeIgniter\CodeIgniter->run()
10 SYSTEMPATH\Commands\Server\rewrite.php(47): require_once('D:\\laragon\\www\\method-oldagehome\\public\\index.php')
CRITICAL - 2024-11-28 02:10:00 --> Trying to access array offset on value of type null
in APPPATH\Views\dashboard\editnews.php on line 47.
 1 APPPATH\Views\dashboard\editnews.php(47): CodeIgniter\Debug\Exceptions->errorHandler(2, 'Trying to access array offset on value of type null', 'D:\\laragon\\www\\method-oldagehome\\app\\Views\\dashboard\\editnews.php', 47)
 2 SYSTEMPATH\View\View.php(226): include('D:\\laragon\\www\\method-oldagehome\\app\\Views\\dashboard\\editnews.php')
 3 SYSTEMPATH\View\View.php(229): CodeIgniter\View\View->CodeIgniter\View\{closure}()
 4 SYSTEMPATH\Common.php(1188): CodeIgniter\View\View->render('dashboard/editnews', [], true)
 5 APPPATH\Controllers\NewsController.php(156): view('dashboard/editnews', [...])
 6 SYSTEMPATH\CodeIgniter.php(919): App\Controllers\NewsController->update('login', 'css', 'vertical-layout-light', 'style.css')
 7 SYSTEMPATH\CodeIgniter.php(494): CodeIgniter\CodeIgniter->runController(Object(App\Controllers\NewsController))
 8 SYSTEMPATH\CodeIgniter.php(353): CodeIgniter\CodeIgniter->handleRequest(null, Object(Config\Cache), false)
 9 FCPATH\index.php(79): CodeIgniter\CodeIgniter->run()
10 SYSTEMPATH\Commands\Server\rewrite.php(47): require_once('D:\\laragon\\www\\method-oldagehome\\public\\index.php')
CRITICAL - 2024-11-28 10:15:54 --> Trying to access array offset on value of type null
in APPPATH\Views\dashboard\editevents.php on line 48.
 1 APPPATH\Views\dashboard\editevents.php(48): CodeIgniter\Debug\Exceptions->errorHandler(2, 'Trying to access array offset on value of type null', 'D:\\laragon\\www\\method-oldagehome\\app\\Views\\dashboard\\editevents.php', 48)
 2 SYSTEMPATH\View\View.php(226): include('D:\\laragon\\www\\method-oldagehome\\app\\Views\\dashboard\\editevents.php')
 3 SYSTEMPATH\View\View.php(229): CodeIgniter\View\View->CodeIgniter\View\{closure}()
 4 SYSTEMPATH\Common.php(1188): CodeIgniter\View\View->render('dashboard/editevents', [], true)
 5 APPPATH\Controllers\EventsController.php(153): view('dashboard/editevents', [...])
 6 SYSTEMPATH\CodeIgniter.php(919): App\Controllers\EventsController->update('login', 'vendors', 'typicons', 'typicons.css')
 7 SYSTEMPATH\CodeIgniter.php(494): CodeIgniter\CodeIgniter->runController(Object(App\Controllers\EventsController))
 8 SYSTEMPATH\CodeIgniter.php(353): CodeIgniter\CodeIgniter->handleRequest(null, Object(Config\Cache), false)
 9 FCPATH\index.php(79): CodeIgniter\CodeIgniter->run()
10 SYSTEMPATH\Commands\Server\rewrite.php(47): require_once('D:\\laragon\\www\\method-oldagehome\\public\\index.php')
CRITICAL - 2024-11-28 10:15:54 --> Trying to access array offset on value of type null
in APPPATH\Views\dashboard\editevents.php on line 48.
 1 APPPATH\Views\dashboard\editevents.php(48): CodeIgniter\Debug\Exceptions->errorHandler(2, 'Trying to access array offset on value of type null', 'D:\\laragon\\www\\method-oldagehome\\app\\Views\\dashboard\\editevents.php', 48)
 2 SYSTEMPATH\View\View.php(226): include('D:\\laragon\\www\\method-oldagehome\\app\\Views\\dashboard\\editevents.php')
 3 SYSTEMPATH\View\View.php(229): CodeIgniter\View\View->CodeIgniter\View\{closure}()
 4 SYSTEMPATH\Common.php(1188): CodeIgniter\View\View->render('dashboard/editevents', [], true)
 5 APPPATH\Controllers\EventsController.php(153): view('dashboard/editevents', [...])
 6 SYSTEMPATH\CodeIgniter.php(919): App\Controllers\EventsController->update('login', 'vendors', 'css', 'vendor.bundle.base.css')
 7 SYSTEMPATH\CodeIgniter.php(494): CodeIgniter\CodeIgniter->runController(Object(App\Controllers\EventsController))
 8 SYSTEMPATH\CodeIgniter.php(353): CodeIgniter\CodeIgniter->handleRequest(null, Object(Config\Cache), false)
 9 FCPATH\index.php(79): CodeIgniter\CodeIgniter->run()
10 SYSTEMPATH\Commands\Server\rewrite.php(47): require_once('D:\\laragon\\www\\method-oldagehome\\public\\index.php')
CRITICAL - 2024-11-28 10:15:54 --> Trying to access array offset on value of type null
in APPPATH\Views\dashboard\editevents.php on line 48.
 1 APPPATH\Views\dashboard\editevents.php(48): CodeIgniter\Debug\Exceptions->errorHandler(2, 'Trying to access array offset on value of type null', 'D:\\laragon\\www\\method-oldagehome\\app\\Views\\dashboard\\editevents.php', 48)
 2 SYSTEMPATH\View\View.php(226): include('D:\\laragon\\www\\method-oldagehome\\app\\Views\\dashboard\\editevents.php')
 3 SYSTEMPATH\View\View.php(229): CodeIgniter\View\View->CodeIgniter\View\{closure}()
 4 SYSTEMPATH\Common.php(1188): CodeIgniter\View\View->render('dashboard/editevents', [], true)
 5 APPPATH\Controllers\EventsController.php(153): view('dashboard/editevents', [...])
 6 SYSTEMPATH\CodeIgniter.php(919): App\Controllers\EventsController->update('login', 'vendors', 'select2', 'select2.min.css')
 7 SYSTEMPATH\CodeIgniter.php(494): CodeIgniter\CodeIgniter->runController(Object(App\Controllers\EventsController))
 8 SYSTEMPATH\CodeIgniter.php(353): CodeIgniter\CodeIgniter->handleRequest(null, Object(Config\Cache), false)
 9 FCPATH\index.php(79): CodeIgniter\CodeIgniter->run()
10 SYSTEMPATH\Commands\Server\rewrite.php(47): require_once('D:\\laragon\\www\\method-oldagehome\\public\\index.php')
CRITICAL - 2024-11-28 10:15:55 --> Trying to access array offset on value of type null
in APPPATH\Views\dashboard\editevents.php on line 48.
 1 APPPATH\Views\dashboard\editevents.php(48): CodeIgniter\Debug\Exceptions->errorHandler(2, 'Trying to access array offset on value of type null', 'D:\\laragon\\www\\method-oldagehome\\app\\Views\\dashboard\\editevents.php', 48)
 2 SYSTEMPATH\View\View.php(226): include('D:\\laragon\\www\\method-oldagehome\\app\\Views\\dashboard\\editevents.php')
 3 SYSTEMPATH\View\View.php(229): CodeIgniter\View\View->CodeIgniter\View\{closure}()
 4 SYSTEMPATH\Common.php(1188): CodeIgniter\View\View->render('dashboard/editevents', [], true)
 5 APPPATH\Controllers\EventsController.php(153): view('dashboard/editevents', [...])
 6 SYSTEMPATH\CodeIgniter.php(919): App\Controllers\EventsController->update('login', 'vendors', 'select2-bootstrap-theme', 'select2-bootstrap.min.css')
 7 SYSTEMPATH\CodeIgniter.php(494): CodeIgniter\CodeIgniter->runController(Object(App\Controllers\EventsController))
 8 SYSTEMPATH\CodeIgniter.php(353): CodeIgniter\CodeIgniter->handleRequest(null, Object(Config\Cache), false)
 9 FCPATH\index.php(79): CodeIgniter\CodeIgniter->run()
10 SYSTEMPATH\Commands\Server\rewrite.php(47): require_once('D:\\laragon\\www\\method-oldagehome\\public\\index.php')
CRITICAL - 2024-11-28 10:15:55 --> Trying to access array offset on value of type null
in APPPATH\Views\dashboard\editevents.php on line 48.
 1 APPPATH\Views\dashboard\editevents.php(48): CodeIgniter\Debug\Exceptions->errorHandler(2, 'Trying to access array offset on value of type null', 'D:\\laragon\\www\\method-oldagehome\\app\\Views\\dashboard\\editevents.php', 48)
 2 SYSTEMPATH\View\View.php(226): include('D:\\laragon\\www\\method-oldagehome\\app\\Views\\dashboard\\editevents.php')
 3 SYSTEMPATH\View\View.php(229): CodeIgniter\View\View->CodeIgniter\View\{closure}()
 4 SYSTEMPATH\Common.php(1188): CodeIgniter\View\View->render('dashboard/editevents', [], true)
 5 APPPATH\Controllers\EventsController.php(153): view('dashboard/editevents', [...])
 6 SYSTEMPATH\CodeIgniter.php(919): App\Controllers\EventsController->update('login', 'css', 'vertical-layout-light', 'style.css')
 7 SYSTEMPATH\CodeIgniter.php(494): CodeIgniter\CodeIgniter->runController(Object(App\Controllers\EventsController))
 8 SYSTEMPATH\CodeIgniter.php(353): CodeIgniter\CodeIgniter->handleRequest(null, Object(Config\Cache), false)
 9 FCPATH\index.php(79): CodeIgniter\CodeIgniter->run()
10 SYSTEMPATH\Commands\Server\rewrite.php(47): require_once('D:\\laragon\\www\\method-oldagehome\\public\\index.php')
CRITICAL - 2024-11-28 10:15:55 --> Trying to access array offset on value of type null
in APPPATH\Views\dashboard\editevents.php on line 48.
 1 APPPATH\Views\dashboard\editevents.php(48): CodeIgniter\Debug\Exceptions->errorHandler(2, 'Trying to access array offset on value of type null', 'D:\\laragon\\www\\method-oldagehome\\app\\Views\\dashboard\\editevents.php', 48)
 2 SYSTEMPATH\View\View.php(226): include('D:\\laragon\\www\\method-oldagehome\\app\\Views\\dashboard\\editevents.php')
 3 SYSTEMPATH\View\View.php(229): CodeIgniter\View\View->CodeIgniter\View\{closure}()
 4 SYSTEMPATH\Common.php(1188): CodeIgniter\View\View->render('dashboard/editevents', [], true)
 5 APPPATH\Controllers\EventsController.php(153): view('dashboard/editevents', [...])
 6 SYSTEMPATH\CodeIgniter.php(919): App\Controllers\EventsController->update('vendors', 'js', 'vendor.bundle.base.js')
 7 SYSTEMPATH\CodeIgniter.php(494): CodeIgniter\CodeIgniter->runController(Object(App\Controllers\EventsController))
 8 SYSTEMPATH\CodeIgniter.php(353): CodeIgniter\CodeIgniter->handleRequest(null, Object(Config\Cache), false)
 9 FCPATH\index.php(79): CodeIgniter\CodeIgniter->run()
10 SYSTEMPATH\Commands\Server\rewrite.php(47): require_once('D:\\laragon\\www\\method-oldagehome\\public\\index.php')
CRITICAL - 2024-11-28 02:26:22 --> Trying to access array offset on value of type null
in APPPATH\Views\dashboard\editannounce.php on line 51.
 1 APPPATH\Views\dashboard\editannounce.php(51): CodeIgniter\Debug\Exceptions->errorHandler(2, 'Trying to access array offset on value of type null', 'D:\\laragon\\www\\method-oldagehome\\app\\Views\\dashboard\\editannounce.php', 51)
 2 SYSTEMPATH\View\View.php(226): include('D:\\laragon\\www\\method-oldagehome\\app\\Views\\dashboard\\editannounce.php')
 3 SYSTEMPATH\View\View.php(229): CodeIgniter\View\View->CodeIgniter\View\{closure}()
 4 SYSTEMPATH\Common.php(1188): CodeIgniter\View\View->render('dashboard/editannounce', [], true)
 5 APPPATH\Controllers\AnnouncementController.php(155): view('dashboard/editannounce', [...])
 6 SYSTEMPATH\CodeIgniter.php(919): App\Controllers\AnnouncementController->updateannouncement('login', 'vendors', 'typicons', 'typicons.css')
 7 SYSTEMPATH\CodeIgniter.php(494): CodeIgniter\CodeIgniter->runController(Object(App\Controllers\AnnouncementController))
 8 SYSTEMPATH\CodeIgniter.php(353): CodeIgniter\CodeIgniter->handleRequest(null, Object(Config\Cache), false)
 9 FCPATH\index.php(79): CodeIgniter\CodeIgniter->run()
10 SYSTEMPATH\Commands\Server\rewrite.php(47): require_once('D:\\laragon\\www\\method-oldagehome\\public\\index.php')
CRITICAL - 2024-11-28 02:26:22 --> Trying to access array offset on value of type null
in APPPATH\Views\dashboard\editannounce.php on line 51.
 1 APPPATH\Views\dashboard\editannounce.php(51): CodeIgniter\Debug\Exceptions->errorHandler(2, 'Trying to access array offset on value of type null', 'D:\\laragon\\www\\method-oldagehome\\app\\Views\\dashboard\\editannounce.php', 51)
 2 SYSTEMPATH\View\View.php(226): include('D:\\laragon\\www\\method-oldagehome\\app\\Views\\dashboard\\editannounce.php')
 3 SYSTEMPATH\View\View.php(229): CodeIgniter\View\View->CodeIgniter\View\{closure}()
 4 SYSTEMPATH\Common.php(1188): CodeIgniter\View\View->render('dashboard/editannounce', [], true)
 5 APPPATH\Controllers\AnnouncementController.php(155): view('dashboard/editannounce', [...])
 6 SYSTEMPATH\CodeIgniter.php(919): App\Controllers\AnnouncementController->updateannouncement('login', 'vendors', 'css', 'vendor.bundle.base.css')
 7 SYSTEMPATH\CodeIgniter.php(494): CodeIgniter\CodeIgniter->runController(Object(App\Controllers\AnnouncementController))
 8 SYSTEMPATH\CodeIgniter.php(353): CodeIgniter\CodeIgniter->handleRequest(null, Object(Config\Cache), false)
 9 FCPATH\index.php(79): CodeIgniter\CodeIgniter->run()
10 SYSTEMPATH\Commands\Server\rewrite.php(47): require_once('D:\\laragon\\www\\method-oldagehome\\public\\index.php')
CRITICAL - 2024-11-28 02:26:23 --> Trying to access array offset on value of type null
in APPPATH\Views\dashboard\editannounce.php on line 51.
 1 APPPATH\Views\dashboard\editannounce.php(51): CodeIgniter\Debug\Exceptions->errorHandler(2, 'Trying to access array offset on value of type null', 'D:\\laragon\\www\\method-oldagehome\\app\\Views\\dashboard\\editannounce.php', 51)
 2 SYSTEMPATH\View\View.php(226): include('D:\\laragon\\www\\method-oldagehome\\app\\Views\\dashboard\\editannounce.php')
 3 SYSTEMPATH\View\View.php(229): CodeIgniter\View\View->CodeIgniter\View\{closure}()
 4 SYSTEMPATH\Common.php(1188): CodeIgniter\View\View->render('dashboard/editannounce', [], true)
 5 APPPATH\Controllers\AnnouncementController.php(155): view('dashboard/editannounce', [...])
 6 SYSTEMPATH\CodeIgniter.php(919): App\Controllers\AnnouncementController->updateannouncement('login', 'vendors', 'select2', 'select2.min.css')
 7 SYSTEMPATH\CodeIgniter.php(494): CodeIgniter\CodeIgniter->runController(Object(App\Controllers\AnnouncementController))
 8 SYSTEMPATH\CodeIgniter.php(353): CodeIgniter\CodeIgniter->handleRequest(null, Object(Config\Cache), false)
 9 FCPATH\index.php(79): CodeIgniter\CodeIgniter->run()
10 SYSTEMPATH\Commands\Server\rewrite.php(47): require_once('D:\\laragon\\www\\method-oldagehome\\public\\index.php')
CRITICAL - 2024-11-28 02:26:23 --> Trying to access array offset on value of type null
in APPPATH\Views\dashboard\editannounce.php on line 51.
 1 APPPATH\Views\dashboard\editannounce.php(51): CodeIgniter\Debug\Exceptions->errorHandler(2, 'Trying to access array offset on value of type null', 'D:\\laragon\\www\\method-oldagehome\\app\\Views\\dashboard\\editannounce.php', 51)
 2 SYSTEMPATH\View\View.php(226): include('D:\\laragon\\www\\method-oldagehome\\app\\Views\\dashboard\\editannounce.php')
 3 SYSTEMPATH\View\View.php(229): CodeIgniter\View\View->CodeIgniter\View\{closure}()
 4 SYSTEMPATH\Common.php(1188): CodeIgniter\View\View->render('dashboard/editannounce', [], true)
 5 APPPATH\Controllers\AnnouncementController.php(155): view('dashboard/editannounce', [...])
 6 SYSTEMPATH\CodeIgniter.php(919): App\Controllers\AnnouncementController->updateannouncement('login', 'vendors', 'select2-bootstrap-theme', 'select2-bootstrap.min.css')
 7 SYSTEMPATH\CodeIgniter.php(494): CodeIgniter\CodeIgniter->runController(Object(App\Controllers\AnnouncementController))
 8 SYSTEMPATH\CodeIgniter.php(353): CodeIgniter\CodeIgniter->handleRequest(null, Object(Config\Cache), false)
 9 FCPATH\index.php(79): CodeIgniter\CodeIgniter->run()
10 SYSTEMPATH\Commands\Server\rewrite.php(47): require_once('D:\\laragon\\www\\method-oldagehome\\public\\index.php')
CRITICAL - 2024-11-28 02:26:23 --> Trying to access array offset on value of type null
in APPPATH\Views\dashboard\editannounce.php on line 51.
 1 APPPATH\Views\dashboard\editannounce.php(51): CodeIgniter\Debug\Exceptions->errorHandler(2, 'Trying to access array offset on value of type null', 'D:\\laragon\\www\\method-oldagehome\\app\\Views\\dashboard\\editannounce.php', 51)
 2 SYSTEMPATH\View\View.php(226): include('D:\\laragon\\www\\method-oldagehome\\app\\Views\\dashboard\\editannounce.php')
 3 SYSTEMPATH\View\View.php(229): CodeIgniter\View\View->CodeIgniter\View\{closure}()
 4 SYSTEMPATH\Common.php(1188): CodeIgniter\View\View->render('dashboard/editannounce', [], true)
 5 APPPATH\Controllers\AnnouncementController.php(155): view('dashboard/editannounce', [...])
 6 SYSTEMPATH\CodeIgniter.php(919): App\Controllers\AnnouncementController->updateannouncement('login', 'css', 'vertical-layout-light', 'style.css')
 7 SYSTEMPATH\CodeIgniter.php(494): CodeIgniter\CodeIgniter->runController(Object(App\Controllers\AnnouncementController))
 8 SYSTEMPATH\CodeIgniter.php(353): CodeIgniter\CodeIgniter->handleRequest(null, Object(Config\Cache), false)
 9 FCPATH\index.php(79): CodeIgniter\CodeIgniter->run()
10 SYSTEMPATH\Commands\Server\rewrite.php(47): require_once('D:\\laragon\\www\\method-oldagehome\\public\\index.php')
CRITICAL - 2024-11-28 02:47:58 --> Trying to access array offset on value of type null
in APPPATH\Views\dashboard\editannounce.php on line 51.
 1 APPPATH\Views\dashboard\editannounce.php(51): CodeIgniter\Debug\Exceptions->errorHandler(2, 'Trying to access array offset on value of type null', 'D:\\laragon\\www\\method-oldagehome\\app\\Views\\dashboard\\editannounce.php', 51)
 2 SYSTEMPATH\View\View.php(226): include('D:\\laragon\\www\\method-oldagehome\\app\\Views\\dashboard\\editannounce.php')
 3 SYSTEMPATH\View\View.php(229): CodeIgniter\View\View->CodeIgniter\View\{closure}()
 4 SYSTEMPATH\Common.php(1188): CodeIgniter\View\View->render('dashboard/editannounce', [], true)
 5 APPPATH\Controllers\AnnouncementController.php(155): view('dashboard/editannounce', [...])
 6 SYSTEMPATH\CodeIgniter.php(919): App\Controllers\AnnouncementController->updateannouncement('login', 'vendors', 'typicons', 'typicons.css')
 7 SYSTEMPATH\CodeIgniter.php(494): CodeIgniter\CodeIgniter->runController(Object(App\Controllers\AnnouncementController))
 8 SYSTEMPATH\CodeIgniter.php(353): CodeIgniter\CodeIgniter->handleRequest(null, Object(Config\Cache), false)
 9 FCPATH\index.php(79): CodeIgniter\CodeIgniter->run()
10 SYSTEMPATH\Commands\Server\rewrite.php(47): require_once('D:\\laragon\\www\\method-oldagehome\\public\\index.php')
CRITICAL - 2024-11-28 02:47:58 --> Trying to access array offset on value of type null
in APPPATH\Views\dashboard\editannounce.php on line 51.
 1 APPPATH\Views\dashboard\editannounce.php(51): CodeIgniter\Debug\Exceptions->errorHandler(2, 'Trying to access array offset on value of type null', 'D:\\laragon\\www\\method-oldagehome\\app\\Views\\dashboard\\editannounce.php', 51)
 2 SYSTEMPATH\View\View.php(226): include('D:\\laragon\\www\\method-oldagehome\\app\\Views\\dashboard\\editannounce.php')
 3 SYSTEMPATH\View\View.php(229): CodeIgniter\View\View->CodeIgniter\View\{closure}()
 4 SYSTEMPATH\Common.php(1188): CodeIgniter\View\View->render('dashboard/editannounce', [], true)
 5 APPPATH\Controllers\AnnouncementController.php(155): view('dashboard/editannounce', [...])
 6 SYSTEMPATH\CodeIgniter.php(919): App\Controllers\AnnouncementController->updateannouncement('login', 'vendors', 'css', 'vendor.bundle.base.css')
 7 SYSTEMPATH\CodeIgniter.php(494): CodeIgniter\CodeIgniter->runController(Object(App\Controllers\AnnouncementController))
 8 SYSTEMPATH\CodeIgniter.php(353): CodeIgniter\CodeIgniter->handleRequest(null, Object(Config\Cache), false)
 9 FCPATH\index.php(79): CodeIgniter\CodeIgniter->run()
10 SYSTEMPATH\Commands\Server\rewrite.php(47): require_once('D:\\laragon\\www\\method-oldagehome\\public\\index.php')
CRITICAL - 2024-11-28 02:47:58 --> Trying to access array offset on value of type null
in APPPATH\Views\dashboard\editannounce.php on line 51.
 1 APPPATH\Views\dashboard\editannounce.php(51): CodeIgniter\Debug\Exceptions->errorHandler(2, 'Trying to access array offset on value of type null', 'D:\\laragon\\www\\method-oldagehome\\app\\Views\\dashboard\\editannounce.php', 51)
 2 SYSTEMPATH\View\View.php(226): include('D:\\laragon\\www\\method-oldagehome\\app\\Views\\dashboard\\editannounce.php')
 3 SYSTEMPATH\View\View.php(229): CodeIgniter\View\View->CodeIgniter\View\{closure}()
 4 SYSTEMPATH\Common.php(1188): CodeIgniter\View\View->render('dashboard/editannounce', [], true)
 5 APPPATH\Controllers\AnnouncementController.php(155): view('dashboard/editannounce', [...])
 6 SYSTEMPATH\CodeIgniter.php(919): App\Controllers\AnnouncementController->updateannouncement('login', 'vendors', 'select2', 'select2.min.css')
 7 SYSTEMPATH\CodeIgniter.php(494): CodeIgniter\CodeIgniter->runController(Object(App\Controllers\AnnouncementController))
 8 SYSTEMPATH\CodeIgniter.php(353): CodeIgniter\CodeIgniter->handleRequest(null, Object(Config\Cache), false)
 9 FCPATH\index.php(79): CodeIgniter\CodeIgniter->run()
10 SYSTEMPATH\Commands\Server\rewrite.php(47): require_once('D:\\laragon\\www\\method-oldagehome\\public\\index.php')
CRITICAL - 2024-11-28 02:47:58 --> Trying to access array offset on value of type null
in APPPATH\Views\dashboard\editannounce.php on line 51.
 1 APPPATH\Views\dashboard\editannounce.php(51): CodeIgniter\Debug\Exceptions->errorHandler(2, 'Trying to access array offset on value of type null', 'D:\\laragon\\www\\method-oldagehome\\app\\Views\\dashboard\\editannounce.php', 51)
 2 SYSTEMPATH\View\View.php(226): include('D:\\laragon\\www\\method-oldagehome\\app\\Views\\dashboard\\editannounce.php')
 3 SYSTEMPATH\View\View.php(229): CodeIgniter\View\View->CodeIgniter\View\{closure}()
 4 SYSTEMPATH\Common.php(1188): CodeIgniter\View\View->render('dashboard/editannounce', [], true)
 5 APPPATH\Controllers\AnnouncementController.php(155): view('dashboard/editannounce', [...])
 6 SYSTEMPATH\CodeIgniter.php(919): App\Controllers\AnnouncementController->updateannouncement('login', 'vendors', 'select2-bootstrap-theme', 'select2-bootstrap.min.css')
 7 SYSTEMPATH\CodeIgniter.php(494): CodeIgniter\CodeIgniter->runController(Object(App\Controllers\AnnouncementController))
 8 SYSTEMPATH\CodeIgniter.php(353): CodeIgniter\CodeIgniter->handleRequest(null, Object(Config\Cache), false)
 9 FCPATH\index.php(79): CodeIgniter\CodeIgniter->run()
10 SYSTEMPATH\Commands\Server\rewrite.php(47): require_once('D:\\laragon\\www\\method-oldagehome\\public\\index.php')
CRITICAL - 2024-11-28 02:47:59 --> Trying to access array offset on value of type null
in APPPATH\Views\dashboard\editannounce.php on line 51.
 1 APPPATH\Views\dashboard\editannounce.php(51): CodeIgniter\Debug\Exceptions->errorHandler(2, 'Trying to access array offset on value of type null', 'D:\\laragon\\www\\method-oldagehome\\app\\Views\\dashboard\\editannounce.php', 51)
 2 SYSTEMPATH\View\View.php(226): include('D:\\laragon\\www\\method-oldagehome\\app\\Views\\dashboard\\editannounce.php')
 3 SYSTEMPATH\View\View.php(229): CodeIgniter\View\View->CodeIgniter\View\{closure}()
 4 SYSTEMPATH\Common.php(1188): CodeIgniter\View\View->render('dashboard/editannounce', [], true)
 5 APPPATH\Controllers\AnnouncementController.php(155): view('dashboard/editannounce', [...])
 6 SYSTEMPATH\CodeIgniter.php(919): App\Controllers\AnnouncementController->updateannouncement('login', 'css', 'vertical-layout-light', 'style.css')
 7 SYSTEMPATH\CodeIgniter.php(494): CodeIgniter\CodeIgniter->runController(Object(App\Controllers\AnnouncementController))
 8 SYSTEMPATH\CodeIgniter.php(353): CodeIgniter\CodeIgniter->handleRequest(null, Object(Config\Cache), false)
 9 FCPATH\index.php(79): CodeIgniter\CodeIgniter->run()
10 SYSTEMPATH\Commands\Server\rewrite.php(47): require_once('D:\\laragon\\www\\method-oldagehome\\public\\index.php')
CRITICAL - 2024-11-28 02:51:07 --> Uncaught ErrorException: Cannot modify header information - headers already sent in D:\laragon\www\method-oldagehome\system\HTTP\ResponseTrait.php:774
Stack trace:
#0 [internal function]: CodeIgniter\Debug\Exceptions->errorHandler(2, 'Cannot modify h...', 'D:\\laragon\\www\\...', 774)
#1 D:\laragon\www\method-oldagehome\system\HTTP\ResponseTrait.php(774): setcookie('ci_session', 'ut0d4m78c7drrpa...', Array)
#2 D:\laragon\www\method-oldagehome\system\HTTP\ResponseTrait.php(750): CodeIgniter\HTTP\Response->doSetCookie('ci_session', 'ut0d4m78c7drrpa...', Array)
#3 D:\laragon\www\method-oldagehome\system\HTTP\ResponseTrait.php(730): CodeIgniter\HTTP\Response->dispatchCookies()
#4 D:\laragon\www\method-oldagehome\system\HTTP\ResponseTrait.php(447): CodeIgniter\HTTP\Response->sendCookies()
#5 D:\laragon\www\method-oldagehome\system\Debug\ExceptionHandler.php(78): CodeIgniter\HTTP\Response->send()
#6 D:\laragon\www\method-oldagehome\system\Debug\Exceptions.php(147): CodeIgniter\Debug\ExceptionHandler->handle(Object(CodeIgniter\Exceptions\PageNotFoundException), Object(CodeIgniter\HTTP\IncomingRequest), Object(CodeIgniter\HTTP\Response), 404, 1)
#7 [internal function]: CodeIgniter\Debug\Exceptions->exceptionHandler(Object(CodeIgniter\Exceptions\PageNotFoundException))
#8 {main}
  thrown
【Previous Exception】
CodeIgniter\Exceptions\PageNotFoundException
Page Not Found
#0 D:\laragon\www\method-oldagehome\system\CodeIgniter.php(967): CodeIgniter\Exceptions\PageNotFoundException::forPageNotFound(NULL)
#1 D:\laragon\www\method-oldagehome\system\CodeIgniter.php(362): CodeIgniter\CodeIgniter->display404errors(Object(CodeIgniter\Exceptions\PageNotFoundException))
#2 D:\laragon\www\method-oldagehome\public\index.php(79): CodeIgniter\CodeIgniter->run()
#3 D:\laragon\www\method-oldagehome\system\Commands\Server\rewrite.php(47): require_once('D:\\laragon\\www\\...')
#4 {main}
in SYSTEMPATH\HTTP\ResponseTrait.php on line 774.
 1 [internal function]: CodeIgniter\Debug\Exceptions->shutdownHandler()
CRITICAL - 2024-11-28 02:51:09 --> Uncaught ErrorException: Cannot modify header information - headers already sent in D:\laragon\www\method-oldagehome\system\HTTP\ResponseTrait.php:774
Stack trace:
#0 [internal function]: CodeIgniter\Debug\Exceptions->errorHandler(2, 'Cannot modify h...', 'D:\\laragon\\www\\...', 774)
#1 D:\laragon\www\method-oldagehome\system\HTTP\ResponseTrait.php(774): setcookie('ci_session', 'ut0d4m78c7drrpa...', Array)
#2 D:\laragon\www\method-oldagehome\system\HTTP\ResponseTrait.php(750): CodeIgniter\HTTP\Response->doSetCookie('ci_session', 'ut0d4m78c7drrpa...', Array)
#3 D:\laragon\www\method-oldagehome\system\HTTP\ResponseTrait.php(730): CodeIgniter\HTTP\Response->dispatchCookies()
#4 D:\laragon\www\method-oldagehome\system\HTTP\ResponseTrait.php(447): CodeIgniter\HTTP\Response->sendCookies()
#5 D:\laragon\www\method-oldagehome\system\Debug\ExceptionHandler.php(78): CodeIgniter\HTTP\Response->send()
#6 D:\laragon\www\method-oldagehome\system\Debug\Exceptions.php(147): CodeIgniter\Debug\ExceptionHandler->handle(Object(CodeIgniter\Exceptions\PageNotFoundException), Object(CodeIgniter\HTTP\IncomingRequest), Object(CodeIgniter\HTTP\Response), 404, 1)
#7 [internal function]: CodeIgniter\Debug\Exceptions->exceptionHandler(Object(CodeIgniter\Exceptions\PageNotFoundException))
#8 {main}
  thrown
【Previous Exception】
CodeIgniter\Exceptions\PageNotFoundException
Page Not Found
#0 D:\laragon\www\method-oldagehome\system\CodeIgniter.php(967): CodeIgniter\Exceptions\PageNotFoundException::forPageNotFound(NULL)
#1 D:\laragon\www\method-oldagehome\system\CodeIgniter.php(362): CodeIgniter\CodeIgniter->display404errors(Object(CodeIgniter\Exceptions\PageNotFoundException))
#2 D:\laragon\www\method-oldagehome\public\index.php(79): CodeIgniter\CodeIgniter->run()
#3 D:\laragon\www\method-oldagehome\system\Commands\Server\rewrite.php(47): require_once('D:\\laragon\\www\\...')
#4 {main}
in SYSTEMPATH\HTTP\ResponseTrait.php on line 774.
 1 [internal function]: CodeIgniter\Debug\Exceptions->shutdownHandler()
CRITICAL - 2024-11-28 02:51:10 --> Uncaught ErrorException: Cannot modify header information - headers already sent in D:\laragon\www\method-oldagehome\system\HTTP\ResponseTrait.php:774
Stack trace:
#0 [internal function]: CodeIgniter\Debug\Exceptions->errorHandler(2, 'Cannot modify h...', 'D:\\laragon\\www\\...', 774)
#1 D:\laragon\www\method-oldagehome\system\HTTP\ResponseTrait.php(774): setcookie('ci_session', 'ut0d4m78c7drrpa...', Array)
#2 D:\laragon\www\method-oldagehome\system\HTTP\ResponseTrait.php(750): CodeIgniter\HTTP\Response->doSetCookie('ci_session', 'ut0d4m78c7drrpa...', Array)
#3 D:\laragon\www\method-oldagehome\system\HTTP\ResponseTrait.php(730): CodeIgniter\HTTP\Response->dispatchCookies()
#4 D:\laragon\www\method-oldagehome\system\HTTP\ResponseTrait.php(447): CodeIgniter\HTTP\Response->sendCookies()
#5 D:\laragon\www\method-oldagehome\system\Debug\ExceptionHandler.php(78): CodeIgniter\HTTP\Response->send()
#6 D:\laragon\www\method-oldagehome\system\Debug\Exceptions.php(147): CodeIgniter\Debug\ExceptionHandler->handle(Object(CodeIgniter\Exceptions\PageNotFoundException), Object(CodeIgniter\HTTP\IncomingRequest), Object(CodeIgniter\HTTP\Response), 404, 1)
#7 [internal function]: CodeIgniter\Debug\Exceptions->exceptionHandler(Object(CodeIgniter\Exceptions\PageNotFoundException))
#8 {main}
  thrown
【Previous Exception】
CodeIgniter\Exceptions\PageNotFoundException
Page Not Found
#0 D:\laragon\www\method-oldagehome\system\CodeIgniter.php(967): CodeIgniter\Exceptions\PageNotFoundException::forPageNotFound(NULL)
#1 D:\laragon\www\method-oldagehome\system\CodeIgniter.php(362): CodeIgniter\CodeIgniter->display404errors(Object(CodeIgniter\Exceptions\PageNotFoundException))
#2 D:\laragon\www\method-oldagehome\public\index.php(79): CodeIgniter\CodeIgniter->run()
#3 D:\laragon\www\method-oldagehome\system\Commands\Server\rewrite.php(47): require_once('D:\\laragon\\www\\...')
#4 {main}
in SYSTEMPATH\HTTP\ResponseTrait.php on line 774.
 1 [internal function]: CodeIgniter\Debug\Exceptions->shutdownHandler()
CRITICAL - 2024-11-28 02:51:10 --> Uncaught ErrorException: Cannot modify header information - headers already sent in D:\laragon\www\method-oldagehome\system\HTTP\ResponseTrait.php:774
Stack trace:
#0 [internal function]: CodeIgniter\Debug\Exceptions->errorHandler(2, 'Cannot modify h...', 'D:\\laragon\\www\\...', 774)
#1 D:\laragon\www\method-oldagehome\system\HTTP\ResponseTrait.php(774): setcookie('ci_session', 'ut0d4m78c7drrpa...', Array)
#2 D:\laragon\www\method-oldagehome\system\HTTP\ResponseTrait.php(750): CodeIgniter\HTTP\Response->doSetCookie('ci_session', 'ut0d4m78c7drrpa...', Array)
#3 D:\laragon\www\method-oldagehome\system\HTTP\ResponseTrait.php(730): CodeIgniter\HTTP\Response->dispatchCookies()
#4 D:\laragon\www\method-oldagehome\system\HTTP\ResponseTrait.php(447): CodeIgniter\HTTP\Response->sendCookies()
#5 D:\laragon\www\method-oldagehome\system\Debug\ExceptionHandler.php(78): CodeIgniter\HTTP\Response->send()
#6 D:\laragon\www\method-oldagehome\system\Debug\Exceptions.php(147): CodeIgniter\Debug\ExceptionHandler->handle(Object(CodeIgniter\Exceptions\PageNotFoundException), Object(CodeIgniter\HTTP\IncomingRequest), Object(CodeIgniter\HTTP\Response), 404, 1)
#7 [internal function]: CodeIgniter\Debug\Exceptions->exceptionHandler(Object(CodeIgniter\Exceptions\PageNotFoundException))
#8 {main}
  thrown
【Previous Exception】
CodeIgniter\Exceptions\PageNotFoundException
Page Not Found
#0 D:\laragon\www\method-oldagehome\system\CodeIgniter.php(967): CodeIgniter\Exceptions\PageNotFoundException::forPageNotFound(NULL)
#1 D:\laragon\www\method-oldagehome\system\CodeIgniter.php(362): CodeIgniter\CodeIgniter->display404errors(Object(CodeIgniter\Exceptions\PageNotFoundException))
#2 D:\laragon\www\method-oldagehome\public\index.php(79): CodeIgniter\CodeIgniter->run()
#3 D:\laragon\www\method-oldagehome\system\Commands\Server\rewrite.php(47): require_once('D:\\laragon\\www\\...')
#4 {main}
in SYSTEMPATH\HTTP\ResponseTrait.php on line 774.
 1 [internal function]: CodeIgniter\Debug\Exceptions->shutdownHandler()
CRITICAL - 2024-11-28 02:51:11 --> Uncaught ErrorException: Cannot modify header information - headers already sent in D:\laragon\www\method-oldagehome\system\HTTP\ResponseTrait.php:774
Stack trace:
#0 [internal function]: CodeIgniter\Debug\Exceptions->errorHandler(2, 'Cannot modify h...', 'D:\\laragon\\www\\...', 774)
#1 D:\laragon\www\method-oldagehome\system\HTTP\ResponseTrait.php(774): setcookie('ci_session', 'ut0d4m78c7drrpa...', Array)
#2 D:\laragon\www\method-oldagehome\system\HTTP\ResponseTrait.php(750): CodeIgniter\HTTP\Response->doSetCookie('ci_session', 'ut0d4m78c7drrpa...', Array)
#3 D:\laragon\www\method-oldagehome\system\HTTP\ResponseTrait.php(730): CodeIgniter\HTTP\Response->dispatchCookies()
#4 D:\laragon\www\method-oldagehome\system\HTTP\ResponseTrait.php(447): CodeIgniter\HTTP\Response->sendCookies()
#5 D:\laragon\www\method-oldagehome\system\Debug\ExceptionHandler.php(78): CodeIgniter\HTTP\Response->send()
#6 D:\laragon\www\method-oldagehome\system\Debug\Exceptions.php(147): CodeIgniter\Debug\ExceptionHandler->handle(Object(CodeIgniter\Exceptions\PageNotFoundException), Object(CodeIgniter\HTTP\IncomingRequest), Object(CodeIgniter\HTTP\Response), 404, 1)
#7 [internal function]: CodeIgniter\Debug\Exceptions->exceptionHandler(Object(CodeIgniter\Exceptions\PageNotFoundException))
#8 {main}
  thrown
【Previous Exception】
CodeIgniter\Exceptions\PageNotFoundException
Page Not Found
#0 D:\laragon\www\method-oldagehome\system\CodeIgniter.php(967): CodeIgniter\Exceptions\PageNotFoundException::forPageNotFound(NULL)
#1 D:\laragon\www\method-oldagehome\system\CodeIgniter.php(362): CodeIgniter\CodeIgniter->display404errors(Object(CodeIgniter\Exceptions\PageNotFoundException))
#2 D:\laragon\www\method-oldagehome\public\index.php(79): CodeIgniter\CodeIgniter->run()
#3 D:\laragon\www\method-oldagehome\system\Commands\Server\rewrite.php(47): require_once('D:\\laragon\\www\\...')
#4 {main}
in SYSTEMPATH\HTTP\ResponseTrait.php on line 774.
 1 [internal function]: CodeIgniter\Debug\Exceptions->shutdownHandler()
CRITICAL - 2024-11-28 02:51:12 --> Uncaught ErrorException: Cannot modify header information - headers already sent in D:\laragon\www\method-oldagehome\system\HTTP\ResponseTrait.php:774
Stack trace:
#0 [internal function]: CodeIgniter\Debug\Exceptions->errorHandler(2, 'Cannot modify h...', 'D:\\laragon\\www\\...', 774)
#1 D:\laragon\www\method-oldagehome\system\HTTP\ResponseTrait.php(774): setcookie('ci_session', 'ut0d4m78c7drrpa...', Array)
#2 D:\laragon\www\method-oldagehome\system\HTTP\ResponseTrait.php(750): CodeIgniter\HTTP\Response->doSetCookie('ci_session', 'ut0d4m78c7drrpa...', Array)
#3 D:\laragon\www\method-oldagehome\system\HTTP\ResponseTrait.php(730): CodeIgniter\HTTP\Response->dispatchCookies()
#4 D:\laragon\www\method-oldagehome\system\HTTP\ResponseTrait.php(447): CodeIgniter\HTTP\Response->sendCookies()
#5 D:\laragon\www\method-oldagehome\system\Debug\ExceptionHandler.php(78): CodeIgniter\HTTP\Response->send()
#6 D:\laragon\www\method-oldagehome\system\Debug\Exceptions.php(147): CodeIgniter\Debug\ExceptionHandler->handle(Object(CodeIgniter\Exceptions\PageNotFoundException), Object(CodeIgniter\HTTP\IncomingRequest), Object(CodeIgniter\HTTP\Response), 404, 1)
#7 [internal function]: CodeIgniter\Debug\Exceptions->exceptionHandler(Object(CodeIgniter\Exceptions\PageNotFoundException))
#8 {main}
  thrown
【Previous Exception】
CodeIgniter\Exceptions\PageNotFoundException
Page Not Found
#0 D:\laragon\www\method-oldagehome\system\CodeIgniter.php(967): CodeIgniter\Exceptions\PageNotFoundException::forPageNotFound(NULL)
#1 D:\laragon\www\method-oldagehome\system\CodeIgniter.php(362): CodeIgniter\CodeIgniter->display404errors(Object(CodeIgniter\Exceptions\PageNotFoundException))
#2 D:\laragon\www\method-oldagehome\public\index.php(79): CodeIgniter\CodeIgniter->run()
#3 D:\laragon\www\method-oldagehome\system\Commands\Server\rewrite.php(47): require_once('D:\\laragon\\www\\...')
#4 {main}
in SYSTEMPATH\HTTP\ResponseTrait.php on line 774.
 1 [internal function]: CodeIgniter\Debug\Exceptions->shutdownHandler()
CRITICAL - 2024-11-28 02:51:14 --> Uncaught ErrorException: Cannot modify header information - headers already sent in D:\laragon\www\method-oldagehome\system\HTTP\ResponseTrait.php:774
Stack trace:
#0 [internal function]: CodeIgniter\Debug\Exceptions->errorHandler(2, 'Cannot modify h...', 'D:\\laragon\\www\\...', 774)
#1 D:\laragon\www\method-oldagehome\system\HTTP\ResponseTrait.php(774): setcookie('ci_session', 'ut0d4m78c7drrpa...', Array)
#2 D:\laragon\www\method-oldagehome\system\HTTP\ResponseTrait.php(750): CodeIgniter\HTTP\Response->doSetCookie('ci_session', 'ut0d4m78c7drrpa...', Array)
#3 D:\laragon\www\method-oldagehome\system\HTTP\ResponseTrait.php(730): CodeIgniter\HTTP\Response->dispatchCookies()
#4 D:\laragon\www\method-oldagehome\system\HTTP\ResponseTrait.php(447): CodeIgniter\HTTP\Response->sendCookies()
#5 D:\laragon\www\method-oldagehome\system\Debug\ExceptionHandler.php(78): CodeIgniter\HTTP\Response->send()
#6 D:\laragon\www\method-oldagehome\system\Debug\Exceptions.php(147): CodeIgniter\Debug\ExceptionHandler->handle(Object(CodeIgniter\Exceptions\PageNotFoundException), Object(CodeIgniter\HTTP\IncomingRequest), Object(CodeIgniter\HTTP\Response), 404, 1)
#7 [internal function]: CodeIgniter\Debug\Exceptions->exceptionHandler(Object(CodeIgniter\Exceptions\PageNotFoundException))
#8 {main}
  thrown
【Previous Exception】
CodeIgniter\Exceptions\PageNotFoundException
Page Not Found
#0 D:\laragon\www\method-oldagehome\system\CodeIgniter.php(967): CodeIgniter\Exceptions\PageNotFoundException::forPageNotFound(NULL)
#1 D:\laragon\www\method-oldagehome\system\CodeIgniter.php(362): CodeIgniter\CodeIgniter->display404errors(Object(CodeIgniter\Exceptions\PageNotFoundException))
#2 D:\laragon\www\method-oldagehome\public\index.php(79): CodeIgniter\CodeIgniter->run()
#3 D:\laragon\www\method-oldagehome\system\Commands\Server\rewrite.php(47): require_once('D:\\laragon\\www\\...')
#4 {main}
in SYSTEMPATH\HTTP\ResponseTrait.php on line 774.
 1 [internal function]: CodeIgniter\Debug\Exceptions->shutdownHandler()
CRITICAL - 2024-11-28 02:51:15 --> Uncaught ErrorException: Cannot modify header information - headers already sent in D:\laragon\www\method-oldagehome\system\HTTP\ResponseTrait.php:774
Stack trace:
#0 [internal function]: CodeIgniter\Debug\Exceptions->errorHandler(2, 'Cannot modify h...', 'D:\\laragon\\www\\...', 774)
#1 D:\laragon\www\method-oldagehome\system\HTTP\ResponseTrait.php(774): setcookie('ci_session', 'ut0d4m78c7drrpa...', Array)
#2 D:\laragon\www\method-oldagehome\system\HTTP\ResponseTrait.php(750): CodeIgniter\HTTP\Response->doSetCookie('ci_session', 'ut0d4m78c7drrpa...', Array)
#3 D:\laragon\www\method-oldagehome\system\HTTP\ResponseTrait.php(730): CodeIgniter\HTTP\Response->dispatchCookies()
#4 D:\laragon\www\method-oldagehome\system\HTTP\ResponseTrait.php(447): CodeIgniter\HTTP\Response->sendCookies()
#5 D:\laragon\www\method-oldagehome\system\Debug\ExceptionHandler.php(78): CodeIgniter\HTTP\Response->send()
#6 D:\laragon\www\method-oldagehome\system\Debug\Exceptions.php(147): CodeIgniter\Debug\ExceptionHandler->handle(Object(CodeIgniter\Exceptions\PageNotFoundException), Object(CodeIgniter\HTTP\IncomingRequest), Object(CodeIgniter\HTTP\Response), 404, 1)
#7 [internal function]: CodeIgniter\Debug\Exceptions->exceptionHandler(Object(CodeIgniter\Exceptions\PageNotFoundException))
#8 {main}
  thrown
【Previous Exception】
CodeIgniter\Exceptions\PageNotFoundException
Page Not Found
#0 D:\laragon\www\method-oldagehome\system\CodeIgniter.php(967): CodeIgniter\Exceptions\PageNotFoundException::forPageNotFound(NULL)
#1 D:\laragon\www\method-oldagehome\system\CodeIgniter.php(362): CodeIgniter\CodeIgniter->display404errors(Object(CodeIgniter\Exceptions\PageNotFoundException))
#2 D:\laragon\www\method-oldagehome\public\index.php(79): CodeIgniter\CodeIgniter->run()
#3 D:\laragon\www\method-oldagehome\system\Commands\Server\rewrite.php(47): require_once('D:\\laragon\\www\\...')
#4 {main}
in SYSTEMPATH\HTTP\ResponseTrait.php on line 774.
 1 [internal function]: CodeIgniter\Debug\Exceptions->shutdownHandler()
CRITICAL - 2024-11-28 02:54:09 --> Trying to access array offset on value of type null
in APPPATH\Views\dashboard\editnews.php on line 47.
 1 APPPATH\Views\dashboard\editnews.php(47): CodeIgniter\Debug\Exceptions->errorHandler(2, 'Trying to access array offset on value of type null', 'D:\\laragon\\www\\method-oldagehome\\app\\Views\\dashboard\\editnews.php', 47)
 2 SYSTEMPATH\View\View.php(226): include('D:\\laragon\\www\\method-oldagehome\\app\\Views\\dashboard\\editnews.php')
 3 SYSTEMPATH\View\View.php(229): CodeIgniter\View\View->CodeIgniter\View\{closure}()
 4 SYSTEMPATH\Common.php(1188): CodeIgniter\View\View->render('dashboard/editnews', [], true)
 5 APPPATH\Controllers\NewsController.php(156): view('dashboard/editnews', [...])
 6 SYSTEMPATH\CodeIgniter.php(919): App\Controllers\NewsController->update('login', 'vendors', 'typicons', 'typicons.css')
 7 SYSTEMPATH\CodeIgniter.php(494): CodeIgniter\CodeIgniter->runController(Object(App\Controllers\NewsController))
 8 SYSTEMPATH\CodeIgniter.php(353): CodeIgniter\CodeIgniter->handleRequest(null, Object(Config\Cache), false)
 9 FCPATH\index.php(79): CodeIgniter\CodeIgniter->run()
10 SYSTEMPATH\Commands\Server\rewrite.php(47): require_once('D:\\laragon\\www\\method-oldagehome\\public\\index.php')
CRITICAL - 2024-11-28 02:54:10 --> Trying to access array offset on value of type null
in APPPATH\Views\dashboard\editnews.php on line 47.
 1 APPPATH\Views\dashboard\editnews.php(47): CodeIgniter\Debug\Exceptions->errorHandler(2, 'Trying to access array offset on value of type null', 'D:\\laragon\\www\\method-oldagehome\\app\\Views\\dashboard\\editnews.php', 47)
 2 SYSTEMPATH\View\View.php(226): include('D:\\laragon\\www\\method-oldagehome\\app\\Views\\dashboard\\editnews.php')
 3 SYSTEMPATH\View\View.php(229): CodeIgniter\View\View->CodeIgniter\View\{closure}()
 4 SYSTEMPATH\Common.php(1188): CodeIgniter\View\View->render('dashboard/editnews', [], true)
 5 APPPATH\Controllers\NewsController.php(156): view('dashboard/editnews', [...])
 6 SYSTEMPATH\CodeIgniter.php(919): App\Controllers\NewsController->update('login', 'vendors', 'css', 'vendor.bundle.base.css')
 7 SYSTEMPATH\CodeIgniter.php(494): CodeIgniter\CodeIgniter->runController(Object(App\Controllers\NewsController))
 8 SYSTEMPATH\CodeIgniter.php(353): CodeIgniter\CodeIgniter->handleRequest(null, Object(Config\Cache), false)
 9 FCPATH\index.php(79): CodeIgniter\CodeIgniter->run()
10 SYSTEMPATH\Commands\Server\rewrite.php(47): require_once('D:\\laragon\\www\\method-oldagehome\\public\\index.php')
CRITICAL - 2024-11-28 02:54:10 --> Trying to access array offset on value of type null
in APPPATH\Views\dashboard\editnews.php on line 47.
 1 APPPATH\Views\dashboard\editnews.php(47): CodeIgniter\Debug\Exceptions->errorHandler(2, 'Trying to access array offset on value of type null', 'D:\\laragon\\www\\method-oldagehome\\app\\Views\\dashboard\\editnews.php', 47)
 2 SYSTEMPATH\View\View.php(226): include('D:\\laragon\\www\\method-oldagehome\\app\\Views\\dashboard\\editnews.php')
 3 SYSTEMPATH\View\View.php(229): CodeIgniter\View\View->CodeIgniter\View\{closure}()
 4 SYSTEMPATH\Common.php(1188): CodeIgniter\View\View->render('dashboard/editnews', [], true)
 5 APPPATH\Controllers\NewsController.php(156): view('dashboard/editnews', [...])
 6 SYSTEMPATH\CodeIgniter.php(919): App\Controllers\NewsController->update('login', 'vendors', 'select2', 'select2.min.css')
 7 SYSTEMPATH\CodeIgniter.php(494): CodeIgniter\CodeIgniter->runController(Object(App\Controllers\NewsController))
 8 SYSTEMPATH\CodeIgniter.php(353): CodeIgniter\CodeIgniter->handleRequest(null, Object(Config\Cache), false)
 9 FCPATH\index.php(79): CodeIgniter\CodeIgniter->run()
10 SYSTEMPATH\Commands\Server\rewrite.php(47): require_once('D:\\laragon\\www\\method-oldagehome\\public\\index.php')
CRITICAL - 2024-11-28 02:54:10 --> Trying to access array offset on value of type null
in APPPATH\Views\dashboard\editnews.php on line 47.
 1 APPPATH\Views\dashboard\editnews.php(47): CodeIgniter\Debug\Exceptions->errorHandler(2, 'Trying to access array offset on value of type null', 'D:\\laragon\\www\\method-oldagehome\\app\\Views\\dashboard\\editnews.php', 47)
 2 SYSTEMPATH\View\View.php(226): include('D:\\laragon\\www\\method-oldagehome\\app\\Views\\dashboard\\editnews.php')
 3 SYSTEMPATH\View\View.php(229): CodeIgniter\View\View->CodeIgniter\View\{closure}()
 4 SYSTEMPATH\Common.php(1188): CodeIgniter\View\View->render('dashboard/editnews', [], true)
 5 APPPATH\Controllers\NewsController.php(156): view('dashboard/editnews', [...])
 6 SYSTEMPATH\CodeIgniter.php(919): App\Controllers\NewsController->update('login', 'vendors', 'select2-bootstrap-theme', 'select2-bootstrap.min.css')
 7 SYSTEMPATH\CodeIgniter.php(494): CodeIgniter\CodeIgniter->runController(Object(App\Controllers\NewsController))
 8 SYSTEMPATH\CodeIgniter.php(353): CodeIgniter\CodeIgniter->handleRequest(null, Object(Config\Cache), false)
 9 FCPATH\index.php(79): CodeIgniter\CodeIgniter->run()
10 SYSTEMPATH\Commands\Server\rewrite.php(47): require_once('D:\\laragon\\www\\method-oldagehome\\public\\index.php')
CRITICAL - 2024-11-28 02:54:10 --> Trying to access array offset on value of type null
in APPPATH\Views\dashboard\editnews.php on line 47.
 1 APPPATH\Views\dashboard\editnews.php(47): CodeIgniter\Debug\Exceptions->errorHandler(2, 'Trying to access array offset on value of type null', 'D:\\laragon\\www\\method-oldagehome\\app\\Views\\dashboard\\editnews.php', 47)
 2 SYSTEMPATH\View\View.php(226): include('D:\\laragon\\www\\method-oldagehome\\app\\Views\\dashboard\\editnews.php')
 3 SYSTEMPATH\View\View.php(229): CodeIgniter\View\View->CodeIgniter\View\{closure}()
 4 SYSTEMPATH\Common.php(1188): CodeIgniter\View\View->render('dashboard/editnews', [], true)
 5 APPPATH\Controllers\NewsController.php(156): view('dashboard/editnews', [...])
 6 SYSTEMPATH\CodeIgniter.php(919): App\Controllers\NewsController->update('login', 'css', 'vertical-layout-light', 'style.css')
 7 SYSTEMPATH\CodeIgniter.php(494): CodeIgniter\CodeIgniter->runController(Object(App\Controllers\NewsController))
 8 SYSTEMPATH\CodeIgniter.php(353): CodeIgniter\CodeIgniter->handleRequest(null, Object(Config\Cache), false)
 9 FCPATH\index.php(79): CodeIgniter\CodeIgniter->run()
10 SYSTEMPATH\Commands\Server\rewrite.php(47): require_once('D:\\laragon\\www\\method-oldagehome\\public\\index.php')
CRITICAL - 2024-11-28 12:08:12 --> Trying to access array offset on value of type null
in APPPATH\Views\dashboard\editevents.php on line 48.
 1 APPPATH\Views\dashboard\editevents.php(48): CodeIgniter\Debug\Exceptions->errorHandler(2, 'Trying to access array offset on value of type null', 'D:\\laragon\\www\\method-oldagehome\\app\\Views\\dashboard\\editevents.php', 48)
 2 SYSTEMPATH\View\View.php(226): include('D:\\laragon\\www\\method-oldagehome\\app\\Views\\dashboard\\editevents.php')
 3 SYSTEMPATH\View\View.php(229): CodeIgniter\View\View->CodeIgniter\View\{closure}()
 4 SYSTEMPATH\Common.php(1188): CodeIgniter\View\View->render('dashboard/editevents', [], true)
 5 APPPATH\Controllers\EventsController.php(153): view('dashboard/editevents', [...])
 6 SYSTEMPATH\CodeIgniter.php(919): App\Controllers\EventsController->update('login', 'vendors', 'typicons', 'typicons.css')
 7 SYSTEMPATH\CodeIgniter.php(494): CodeIgniter\CodeIgniter->runController(Object(App\Controllers\EventsController))
 8 SYSTEMPATH\CodeIgniter.php(353): CodeIgniter\CodeIgniter->handleRequest(null, Object(Config\Cache), false)
 9 FCPATH\index.php(79): CodeIgniter\CodeIgniter->run()
10 SYSTEMPATH\Commands\Server\rewrite.php(47): require_once('D:\\laragon\\www\\method-oldagehome\\public\\index.php')
CRITICAL - 2024-11-28 12:08:12 --> Trying to access array offset on value of type null
in APPPATH\Views\dashboard\editevents.php on line 48.
 1 APPPATH\Views\dashboard\editevents.php(48): CodeIgniter\Debug\Exceptions->errorHandler(2, 'Trying to access array offset on value of type null', 'D:\\laragon\\www\\method-oldagehome\\app\\Views\\dashboard\\editevents.php', 48)
 2 SYSTEMPATH\View\View.php(226): include('D:\\laragon\\www\\method-oldagehome\\app\\Views\\dashboard\\editevents.php')
 3 SYSTEMPATH\View\View.php(229): CodeIgniter\View\View->CodeIgniter\View\{closure}()
 4 SYSTEMPATH\Common.php(1188): CodeIgniter\View\View->render('dashboard/editevents', [], true)
 5 APPPATH\Controllers\EventsController.php(153): view('dashboard/editevents', [...])
 6 SYSTEMPATH\CodeIgniter.php(919): App\Controllers\EventsController->update('login', 'vendors', 'css', 'vendor.bundle.base.css')
 7 SYSTEMPATH\CodeIgniter.php(494): CodeIgniter\CodeIgniter->runController(Object(App\Controllers\EventsController))
 8 SYSTEMPATH\CodeIgniter.php(353): CodeIgniter\CodeIgniter->handleRequest(null, Object(Config\Cache), false)
 9 FCPATH\index.php(79): CodeIgniter\CodeIgniter->run()
10 SYSTEMPATH\Commands\Server\rewrite.php(47): require_once('D:\\laragon\\www\\method-oldagehome\\public\\index.php')
CRITICAL - 2024-11-28 12:08:13 --> Trying to access array offset on value of type null
in APPPATH\Views\dashboard\editevents.php on line 48.
 1 APPPATH\Views\dashboard\editevents.php(48): CodeIgniter\Debug\Exceptions->errorHandler(2, 'Trying to access array offset on value of type null', 'D:\\laragon\\www\\method-oldagehome\\app\\Views\\dashboard\\editevents.php', 48)
 2 SYSTEMPATH\View\View.php(226): include('D:\\laragon\\www\\method-oldagehome\\app\\Views\\dashboard\\editevents.php')
 3 SYSTEMPATH\View\View.php(229): CodeIgniter\View\View->CodeIgniter\View\{closure}()
 4 SYSTEMPATH\Common.php(1188): CodeIgniter\View\View->render('dashboard/editevents', [], true)
 5 APPPATH\Controllers\EventsController.php(153): view('dashboard/editevents', [...])
 6 SYSTEMPATH\CodeIgniter.php(919): App\Controllers\EventsController->update('login', 'vendors', 'select2', 'select2.min.css')
 7 SYSTEMPATH\CodeIgniter.php(494): CodeIgniter\CodeIgniter->runController(Object(App\Controllers\EventsController))
 8 SYSTEMPATH\CodeIgniter.php(353): CodeIgniter\CodeIgniter->handleRequest(null, Object(Config\Cache), false)
 9 FCPATH\index.php(79): CodeIgniter\CodeIgniter->run()
10 SYSTEMPATH\Commands\Server\rewrite.php(47): require_once('D:\\laragon\\www\\method-oldagehome\\public\\index.php')
CRITICAL - 2024-11-28 12:08:13 --> Trying to access array offset on value of type null
in APPPATH\Views\dashboard\editevents.php on line 48.
 1 APPPATH\Views\dashboard\editevents.php(48): CodeIgniter\Debug\Exceptions->errorHandler(2, 'Trying to access array offset on value of type null', 'D:\\laragon\\www\\method-oldagehome\\app\\Views\\dashboard\\editevents.php', 48)
 2 SYSTEMPATH\View\View.php(226): include('D:\\laragon\\www\\method-oldagehome\\app\\Views\\dashboard\\editevents.php')
 3 SYSTEMPATH\View\View.php(229): CodeIgniter\View\View->CodeIgniter\View\{closure}()
 4 SYSTEMPATH\Common.php(1188): CodeIgniter\View\View->render('dashboard/editevents', [], true)
 5 APPPATH\Controllers\EventsController.php(153): view('dashboard/editevents', [...])
 6 SYSTEMPATH\CodeIgniter.php(919): App\Controllers\EventsController->update('login', 'vendors', 'select2-bootstrap-theme', 'select2-bootstrap.min.css')
 7 SYSTEMPATH\CodeIgniter.php(494): CodeIgniter\CodeIgniter->runController(Object(App\Controllers\EventsController))
 8 SYSTEMPATH\CodeIgniter.php(353): CodeIgniter\CodeIgniter->handleRequest(null, Object(Config\Cache), false)
 9 FCPATH\index.php(79): CodeIgniter\CodeIgniter->run()
10 SYSTEMPATH\Commands\Server\rewrite.php(47): require_once('D:\\laragon\\www\\method-oldagehome\\public\\index.php')
CRITICAL - 2024-11-28 12:08:14 --> Trying to access array offset on value of type null
in APPPATH\Views\dashboard\editevents.php on line 48.
 1 APPPATH\Views\dashboard\editevents.php(48): CodeIgniter\Debug\Exceptions->errorHandler(2, 'Trying to access array offset on value of type null', 'D:\\laragon\\www\\method-oldagehome\\app\\Views\\dashboard\\editevents.php', 48)
 2 SYSTEMPATH\View\View.php(226): include('D:\\laragon\\www\\method-oldagehome\\app\\Views\\dashboard\\editevents.php')
 3 SYSTEMPATH\View\View.php(229): CodeIgniter\View\View->CodeIgniter\View\{closure}()
 4 SYSTEMPATH\Common.php(1188): CodeIgniter\View\View->render('dashboard/editevents', [], true)
 5 APPPATH\Controllers\EventsController.php(153): view('dashboard/editevents', [...])
 6 SYSTEMPATH\CodeIgniter.php(919): App\Controllers\EventsController->update('login', 'css', 'vertical-layout-light', 'style.css')
 7 SYSTEMPATH\CodeIgniter.php(494): CodeIgniter\CodeIgniter->runController(Object(App\Controllers\EventsController))
 8 SYSTEMPATH\CodeIgniter.php(353): CodeIgniter\CodeIgniter->handleRequest(null, Object(Config\Cache), false)
 9 FCPATH\index.php(79): CodeIgniter\CodeIgniter->run()
10 SYSTEMPATH\Commands\Server\rewrite.php(47): require_once('D:\\laragon\\www\\method-oldagehome\\public\\index.php')
CRITICAL - 2024-11-28 12:08:14 --> Trying to access array offset on value of type null
in APPPATH\Views\dashboard\editevents.php on line 48.
 1 APPPATH\Views\dashboard\editevents.php(48): CodeIgniter\Debug\Exceptions->errorHandler(2, 'Trying to access array offset on value of type null', 'D:\\laragon\\www\\method-oldagehome\\app\\Views\\dashboard\\editevents.php', 48)
 2 SYSTEMPATH\View\View.php(226): include('D:\\laragon\\www\\method-oldagehome\\app\\Views\\dashboard\\editevents.php')
 3 SYSTEMPATH\View\View.php(229): CodeIgniter\View\View->CodeIgniter\View\{closure}()
 4 SYSTEMPATH\Common.php(1188): CodeIgniter\View\View->render('dashboard/editevents', [], true)
 5 APPPATH\Controllers\EventsController.php(153): view('dashboard/editevents', [...])
 6 SYSTEMPATH\CodeIgniter.php(919): App\Controllers\EventsController->update('vendors', 'js', 'vendor.bundle.base.js')
 7 SYSTEMPATH\CodeIgniter.php(494): CodeIgniter\CodeIgniter->runController(Object(App\Controllers\EventsController))
 8 SYSTEMPATH\CodeIgniter.php(353): CodeIgniter\CodeIgniter->handleRequest(null, Object(Config\Cache), false)
 9 FCPATH\index.php(79): CodeIgniter\CodeIgniter->run()
10 SYSTEMPATH\Commands\Server\rewrite.php(47): require_once('D:\\laragon\\www\\method-oldagehome\\public\\index.php')
CRITICAL - 2024-11-28 12:09:05 --> Trying to access array offset on value of type null
in APPPATH\Views\dashboard\editevents.php on line 48.
 1 APPPATH\Views\dashboard\editevents.php(48): CodeIgniter\Debug\Exceptions->errorHandler(2, 'Trying to access array offset on value of type null', 'D:\\laragon\\www\\method-oldagehome\\app\\Views\\dashboard\\editevents.php', 48)
 2 SYSTEMPATH\View\View.php(226): include('D:\\laragon\\www\\method-oldagehome\\app\\Views\\dashboard\\editevents.php')
 3 SYSTEMPATH\View\View.php(229): CodeIgniter\View\View->CodeIgniter\View\{closure}()
 4 SYSTEMPATH\Common.php(1188): CodeIgniter\View\View->render('dashboard/editevents', [], true)
 5 APPPATH\Controllers\EventsController.php(153): view('dashboard/editevents', [...])
 6 SYSTEMPATH\CodeIgniter.php(919): App\Controllers\EventsController->update('login', 'vendors', 'typicons', 'typicons.css')
 7 SYSTEMPATH\CodeIgniter.php(494): CodeIgniter\CodeIgniter->runController(Object(App\Controllers\EventsController))
 8 SYSTEMPATH\CodeIgniter.php(353): CodeIgniter\CodeIgniter->handleRequest(null, Object(Config\Cache), false)
 9 FCPATH\index.php(79): CodeIgniter\CodeIgniter->run()
10 SYSTEMPATH\Commands\Server\rewrite.php(47): require_once('D:\\laragon\\www\\method-oldagehome\\public\\index.php')
CRITICAL - 2024-11-28 12:09:06 --> Trying to access array offset on value of type null
in APPPATH\Views\dashboard\editevents.php on line 48.
 1 APPPATH\Views\dashboard\editevents.php(48): CodeIgniter\Debug\Exceptions->errorHandler(2, 'Trying to access array offset on value of type null', 'D:\\laragon\\www\\method-oldagehome\\app\\Views\\dashboard\\editevents.php', 48)
 2 SYSTEMPATH\View\View.php(226): include('D:\\laragon\\www\\method-oldagehome\\app\\Views\\dashboard\\editevents.php')
 3 SYSTEMPATH\View\View.php(229): CodeIgniter\View\View->CodeIgniter\View\{closure}()
 4 SYSTEMPATH\Common.php(1188): CodeIgniter\View\View->render('dashboard/editevents', [], true)
 5 APPPATH\Controllers\EventsController.php(153): view('dashboard/editevents', [...])
 6 SYSTEMPATH\CodeIgniter.php(919): App\Controllers\EventsController->update('login', 'vendors', 'css', 'vendor.bundle.base.css')
 7 SYSTEMPATH\CodeIgniter.php(494): CodeIgniter\CodeIgniter->runController(Object(App\Controllers\EventsController))
 8 SYSTEMPATH\CodeIgniter.php(353): CodeIgniter\CodeIgniter->handleRequest(null, Object(Config\Cache), false)
 9 FCPATH\index.php(79): CodeIgniter\CodeIgniter->run()
10 SYSTEMPATH\Commands\Server\rewrite.php(47): require_once('D:\\laragon\\www\\method-oldagehome\\public\\index.php')
CRITICAL - 2024-11-28 12:09:06 --> Trying to access array offset on value of type null
in APPPATH\Views\dashboard\editevents.php on line 48.
 1 APPPATH\Views\dashboard\editevents.php(48): CodeIgniter\Debug\Exceptions->errorHandler(2, 'Trying to access array offset on value of type null', 'D:\\laragon\\www\\method-oldagehome\\app\\Views\\dashboard\\editevents.php', 48)
 2 SYSTEMPATH\View\View.php(226): include('D:\\laragon\\www\\method-oldagehome\\app\\Views\\dashboard\\editevents.php')
 3 SYSTEMPATH\View\View.php(229): CodeIgniter\View\View->CodeIgniter\View\{closure}()
 4 SYSTEMPATH\Common.php(1188): CodeIgniter\View\View->render('dashboard/editevents', [], true)
 5 APPPATH\Controllers\EventsController.php(153): view('dashboard/editevents', [...])
 6 SYSTEMPATH\CodeIgniter.php(919): App\Controllers\EventsController->update('login', 'vendors', 'select2', 'select2.min.css')
 7 SYSTEMPATH\CodeIgniter.php(494): CodeIgniter\CodeIgniter->runController(Object(App\Controllers\EventsController))
 8 SYSTEMPATH\CodeIgniter.php(353): CodeIgniter\CodeIgniter->handleRequest(null, Object(Config\Cache), false)
 9 FCPATH\index.php(79): CodeIgniter\CodeIgniter->run()
10 SYSTEMPATH\Commands\Server\rewrite.php(47): require_once('D:\\laragon\\www\\method-oldagehome\\public\\index.php')
CRITICAL - 2024-11-28 12:09:07 --> Trying to access array offset on value of type null
in APPPATH\Views\dashboard\editevents.php on line 48.
 1 APPPATH\Views\dashboard\editevents.php(48): CodeIgniter\Debug\Exceptions->errorHandler(2, 'Trying to access array offset on value of type null', 'D:\\laragon\\www\\method-oldagehome\\app\\Views\\dashboard\\editevents.php', 48)
 2 SYSTEMPATH\View\View.php(226): include('D:\\laragon\\www\\method-oldagehome\\app\\Views\\dashboard\\editevents.php')
 3 SYSTEMPATH\View\View.php(229): CodeIgniter\View\View->CodeIgniter\View\{closure}()
 4 SYSTEMPATH\Common.php(1188): CodeIgniter\View\View->render('dashboard/editevents', [], true)
 5 APPPATH\Controllers\EventsController.php(153): view('dashboard/editevents', [...])
 6 SYSTEMPATH\CodeIgniter.php(919): App\Controllers\EventsController->update('login', 'vendors', 'select2-bootstrap-theme', 'select2-bootstrap.min.css')
 7 SYSTEMPATH\CodeIgniter.php(494): CodeIgniter\CodeIgniter->runController(Object(App\Controllers\EventsController))
 8 SYSTEMPATH\CodeIgniter.php(353): CodeIgniter\CodeIgniter->handleRequest(null, Object(Config\Cache), false)
 9 FCPATH\index.php(79): CodeIgniter\CodeIgniter->run()
10 SYSTEMPATH\Commands\Server\rewrite.php(47): require_once('D:\\laragon\\www\\method-oldagehome\\public\\index.php')
CRITICAL - 2024-11-28 12:09:07 --> Trying to access array offset on value of type null
in APPPATH\Views\dashboard\editevents.php on line 48.
 1 APPPATH\Views\dashboard\editevents.php(48): CodeIgniter\Debug\Exceptions->errorHandler(2, 'Trying to access array offset on value of type null', 'D:\\laragon\\www\\method-oldagehome\\app\\Views\\dashboard\\editevents.php', 48)
 2 SYSTEMPATH\View\View.php(226): include('D:\\laragon\\www\\method-oldagehome\\app\\Views\\dashboard\\editevents.php')
 3 SYSTEMPATH\View\View.php(229): CodeIgniter\View\View->CodeIgniter\View\{closure}()
 4 SYSTEMPATH\Common.php(1188): CodeIgniter\View\View->render('dashboard/editevents', [], true)
 5 APPPATH\Controllers\EventsController.php(153): view('dashboard/editevents', [...])
 6 SYSTEMPATH\CodeIgniter.php(919): App\Controllers\EventsController->update('login', 'css', 'vertical-layout-light', 'style.css')
 7 SYSTEMPATH\CodeIgniter.php(494): CodeIgniter\CodeIgniter->runController(Object(App\Controllers\EventsController))
 8 SYSTEMPATH\CodeIgniter.php(353): CodeIgniter\CodeIgniter->handleRequest(null, Object(Config\Cache), false)
 9 FCPATH\index.php(79): CodeIgniter\CodeIgniter->run()
10 SYSTEMPATH\Commands\Server\rewrite.php(47): require_once('D:\\laragon\\www\\method-oldagehome\\public\\index.php')
CRITICAL - 2024-11-28 12:09:08 --> Trying to access array offset on value of type null
in APPPATH\Views\dashboard\editevents.php on line 48.
 1 APPPATH\Views\dashboard\editevents.php(48): CodeIgniter\Debug\Exceptions->errorHandler(2, 'Trying to access array offset on value of type null', 'D:\\laragon\\www\\method-oldagehome\\app\\Views\\dashboard\\editevents.php', 48)
 2 SYSTEMPATH\View\View.php(226): include('D:\\laragon\\www\\method-oldagehome\\app\\Views\\dashboard\\editevents.php')
 3 SYSTEMPATH\View\View.php(229): CodeIgniter\View\View->CodeIgniter\View\{closure}()
 4 SYSTEMPATH\Common.php(1188): CodeIgniter\View\View->render('dashboard/editevents', [], true)
 5 APPPATH\Controllers\EventsController.php(153): view('dashboard/editevents', [...])
 6 SYSTEMPATH\CodeIgniter.php(919): App\Controllers\EventsController->update('vendors', 'js', 'vendor.bundle.base.js')
 7 SYSTEMPATH\CodeIgniter.php(494): CodeIgniter\CodeIgniter->runController(Object(App\Controllers\EventsController))
 8 SYSTEMPATH\CodeIgniter.php(353): CodeIgniter\CodeIgniter->handleRequest(null, Object(Config\Cache), false)
 9 FCPATH\index.php(79): CodeIgniter\CodeIgniter->run()
10 SYSTEMPATH\Commands\Server\rewrite.php(47): require_once('D:\\laragon\\www\\method-oldagehome\\public\\index.php')
