CRITICAL - 2024-11-17 13:58:44 --> Undefined variable $file
in APPPATH\Controllers\UserIdonateController.php on line 72.
 1 APPPATH\Controllers\UserIdonateController.php(72): CodeIgniter\Debug\Exceptions->errorHandler(2, 'Undefined variable $file', 'D:\\laragon\\www\\method-oldagehome\\app\\Controllers\\UserIdonateController.php', 72)
 2 APPPATH\Controllers\UserIdonateController.php(63): App\Controllers\UserIdonateController->sendEmailReceived('changeldc11@gmail.com', 'Christia Angel')
 3 SYSTEMPATH\CodeIgniter.php(919): App\Controllers\UserIdonateController->ReceivedMonetary()
 4 SYSTEMPATH\CodeIgniter.php(494): CodeIgniter\CodeIgniter->runController(Object(App\Controllers\UserIdonateController))
 5 SYSTEMPATH\CodeIgniter.php(353): CodeIgniter\CodeIgniter->handleRequest(null, Object(Config\Cache), false)
 6 FCPATH\index.php(79): CodeIgniter\CodeIgniter->run()
 7 SYSTEMPATH\Commands\Server\rewrite.php(47): require_once('D:\\laragon\\www\\method-oldagehome\\public\\index.php')
CRITICAL - 2024-11-17 13:59:51 --> Call to a member function attach() on string
in APPPATH\Controllers\UserIdonateController.php on line 86.
 1 APPPATH\Controllers\UserIdonateController.php(63): App\Controllers\UserIdonateController->sendEmailReceived('changeldc11@gmail.com', 'Christia Angel')
 2 SYSTEMPATH\CodeIgniter.php(919): App\Controllers\UserIdonateController->ReceivedMonetary()
 3 SYSTEMPATH\CodeIgniter.php(494): CodeIgniter\CodeIgniter->runController(Object(App\Controllers\UserIdonateController))
 4 SYSTEMPATH\CodeIgniter.php(353): CodeIgniter\CodeIgniter->handleRequest(null, Object(Config\Cache), false)
 5 FCPATH\index.php(79): CodeIgniter\CodeIgniter->run()
 6 SYSTEMPATH\Commands\Server\rewrite.php(47): require_once('D:\\laragon\\www\\method-oldagehome\\public\\index.php')
CRITICAL - 2024-11-17 14:04:58 --> Call to a member function attach() on string
in APPPATH\Controllers\UserIdonateController.php on line 86.
 1 APPPATH\Controllers\UserIdonateController.php(63): App\Controllers\UserIdonateController->sendEmailReceived('changeldc11@gmail.com', 'Christia Angel')
 2 SYSTEMPATH\CodeIgniter.php(919): App\Controllers\UserIdonateController->ReceivedMonetary()
 3 SYSTEMPATH\CodeIgniter.php(494): CodeIgniter\CodeIgniter->runController(Object(App\Controllers\UserIdonateController))
 4 SYSTEMPATH\CodeIgniter.php(353): CodeIgniter\CodeIgniter->handleRequest(null, Object(Config\Cache), false)
 5 FCPATH\index.php(79): CodeIgniter\CodeIgniter->run()
 6 SYSTEMPATH\Commands\Server\rewrite.php(47): require_once('D:\\laragon\\www\\method-oldagehome\\public\\index.php')
CRITICAL - 2024-11-17 14:19:12 --> Array to string conversion
in APPPATH\Controllers\UserIdonateController.php on line 70.
 1 APPPATH\Controllers\UserIdonateController.php(70): CodeIgniter\Debug\Exceptions->errorHandler(2, 'Array to string conversion', 'D:\\laragon\\www\\method-oldagehome\\app\\Controllers\\UserIdonateController.php', 70)
 2 SYSTEMPATH\CodeIgniter.php(919): App\Controllers\UserIdonateController->ReceivedMonetary()
 3 SYSTEMPATH\CodeIgniter.php(494): CodeIgniter\CodeIgniter->runController(Object(App\Controllers\UserIdonateController))
 4 SYSTEMPATH\CodeIgniter.php(353): CodeIgniter\CodeIgniter->handleRequest(null, Object(Config\Cache), false)
 5 FCPATH\index.php(79): CodeIgniter\CodeIgniter->run()
 6 SYSTEMPATH\Commands\Server\rewrite.php(47): require_once('D:\\laragon\\www\\method-oldagehome\\public\\index.php')
CRITICAL - 2024-11-17 17:21:25 --> Undefined variable $countNotifs
in APPPATH\Views\dashboard\includes\header.php on line 86.
 1 APPPATH\Views\dashboard\includes\header.php(86): CodeIgniter\Debug\Exceptions->errorHandler(2, 'Undefined variable $countNotifs', 'D:\\laragon\\www\\method-oldagehome\\app\\Views\\dashboard\\includes\\header.php', 86)
 2 APPPATH\Views\dashboard\insertOrganization.php(20): include_once('D:\\laragon\\www\\method-oldagehome\\app\\Views\\dashboard\\includes\\header.php')
 3 SYSTEMPATH\View\View.php(226): include('D:\\laragon\\www\\method-oldagehome\\app\\Views\\dashboard\\insertOrganization.php')
 4 SYSTEMPATH\View\View.php(229): CodeIgniter\View\View->CodeIgniter\View\{closure}()
 5 SYSTEMPATH\Common.php(1188): CodeIgniter\View\View->render('dashboard/insertOrganization', [], true)
 6 APPPATH\Controllers\HomeController.php(67): view('dashboard/insertOrganization')
 7 SYSTEMPATH\CodeIgniter.php(919): App\Controllers\HomeController->viewOrg()
 8 SYSTEMPATH\CodeIgniter.php(494): CodeIgniter\CodeIgniter->runController(Object(App\Controllers\HomeController))
 9 SYSTEMPATH\CodeIgniter.php(353): CodeIgniter\CodeIgniter->handleRequest(null, Object(Config\Cache), false)
10 FCPATH\index.php(79): CodeIgniter\CodeIgniter->run()
11 SYSTEMPATH\Commands\Server\rewrite.php(47): require_once('D:\\laragon\\www\\method-oldagehome\\public\\index.php')
CRITICAL - 2024-11-17 17:31:47 --> Undefined property: App\Controllers\HomeController::$Inkind
in APPPATH\Controllers\HomeController.php on line 76.
 1 APPPATH\Controllers\HomeController.php(76): CodeIgniter\Debug\Exceptions->errorHandler(2, 'Undefined property: App\\Controllers\\HomeController::$Inkind', 'D:\\laragon\\www\\method-oldagehome\\app\\Controllers\\HomeController.php', 76)
 2 SYSTEMPATH\CodeIgniter.php(919): App\Controllers\HomeController->viewOrg()
 3 SYSTEMPATH\CodeIgniter.php(494): CodeIgniter\CodeIgniter->runController(Object(App\Controllers\HomeController))
 4 SYSTEMPATH\CodeIgniter.php(353): CodeIgniter\CodeIgniter->handleRequest(null, Object(Config\Cache), false)
 5 FCPATH\index.php(79): CodeIgniter\CodeIgniter->run()
 6 SYSTEMPATH\Commands\Server\rewrite.php(47): require_once('D:\\laragon\\www\\method-oldagehome\\public\\index.php')
CRITICAL - 2024-11-17 17:31:48 --> Undefined property: App\Controllers\HomeController::$Inkind
in APPPATH\Controllers\HomeController.php on line 76.
 1 APPPATH\Controllers\HomeController.php(76): CodeIgniter\Debug\Exceptions->errorHandler(2, 'Undefined property: App\\Controllers\\HomeController::$Inkind', 'D:\\laragon\\www\\method-oldagehome\\app\\Controllers\\HomeController.php', 76)
 2 SYSTEMPATH\CodeIgniter.php(919): App\Controllers\HomeController->viewOrg()
 3 SYSTEMPATH\CodeIgniter.php(494): CodeIgniter\CodeIgniter->runController(Object(App\Controllers\HomeController))
 4 SYSTEMPATH\CodeIgniter.php(353): CodeIgniter\CodeIgniter->handleRequest(null, Object(Config\Cache), false)
 5 FCPATH\index.php(79): CodeIgniter\CodeIgniter->run()
 6 SYSTEMPATH\Commands\Server\rewrite.php(47): require_once('D:\\laragon\\www\\method-oldagehome\\public\\index.php')
CRITICAL - 2024-11-17 17:32:05 --> Undefined variable $countNotifs
in APPPATH\Views\dashboard\includes\header.php on line 86.
 1 APPPATH\Views\dashboard\includes\header.php(86): CodeIgniter\Debug\Exceptions->errorHandler(2, 'Undefined variable $countNotifs', 'D:\\laragon\\www\\method-oldagehome\\app\\Views\\dashboard\\includes\\header.php', 86)
 2 APPPATH\Views\dashboard\insertOrganization.php(20): include_once('D:\\laragon\\www\\method-oldagehome\\app\\Views\\dashboard\\includes\\header.php')
 3 SYSTEMPATH\View\View.php(226): include('D:\\laragon\\www\\method-oldagehome\\app\\Views\\dashboard\\insertOrganization.php')
 4 SYSTEMPATH\View\View.php(229): CodeIgniter\View\View->CodeIgniter\View\{closure}()
 5 SYSTEMPATH\Common.php(1188): CodeIgniter\View\View->render('dashboard/insertOrganization', [], true)
 6 APPPATH\Controllers\HomeController.php(91): view('dashboard/insertOrganization')
 7 SYSTEMPATH\CodeIgniter.php(919): App\Controllers\HomeController->viewOrg()
 8 SYSTEMPATH\CodeIgniter.php(494): CodeIgniter\CodeIgniter->runController(Object(App\Controllers\HomeController))
 9 SYSTEMPATH\CodeIgniter.php(353): CodeIgniter\CodeIgniter->handleRequest(null, Object(Config\Cache), false)
10 FCPATH\index.php(79): CodeIgniter\CodeIgniter->run()
11 SYSTEMPATH\Commands\Server\rewrite.php(47): require_once('D:\\laragon\\www\\method-oldagehome\\public\\index.php')
CRITICAL - 2024-11-17 17:37:17 --> Class "OrganizerModel" not found
in APPPATH\Controllers\HomeController.php on line 144.
 1 SYSTEMPATH\CodeIgniter.php(919): App\Controllers\HomeController->insertOrganization()
 2 SYSTEMPATH\CodeIgniter.php(494): CodeIgniter\CodeIgniter->runController(Object(App\Controllers\HomeController))
 3 SYSTEMPATH\CodeIgniter.php(353): CodeIgniter\CodeIgniter->handleRequest(null, Object(Config\Cache), false)
 4 FCPATH\index.php(79): CodeIgniter\CodeIgniter->run()
 5 SYSTEMPATH\Commands\Server\rewrite.php(47): require_once('D:\\laragon\\www\\method-oldagehome\\public\\index.php')
CRITICAL - 2024-11-17 17:38:57 --> Undefined variable $position
in APPPATH\Controllers\HomeController.php on line 161.
 1 APPPATH\Controllers\HomeController.php(161): CodeIgniter\Debug\Exceptions->errorHandler(2, 'Undefined variable $position', 'D:\\laragon\\www\\method-oldagehome\\app\\Controllers\\HomeController.php', 161)
 2 SYSTEMPATH\CodeIgniter.php(919): App\Controllers\HomeController->insertOrganization()
 3 SYSTEMPATH\CodeIgniter.php(494): CodeIgniter\CodeIgniter->runController(Object(App\Controllers\HomeController))
 4 SYSTEMPATH\CodeIgniter.php(353): CodeIgniter\CodeIgniter->handleRequest(null, Object(Config\Cache), false)
 5 FCPATH\index.php(79): CodeIgniter\CodeIgniter->run()
 6 SYSTEMPATH\Commands\Server\rewrite.php(47): require_once('D:\\laragon\\www\\method-oldagehome\\public\\index.php')
ERROR - 2024-11-17 17:39:09 --> mysqli_sql_exception: Column 'position' cannot be null in D:\laragon\www\method-oldagehome\system\Database\MySQLi\Connection.php:306
Stack trace:
#0 D:\laragon\www\method-oldagehome\system\Database\MySQLi\Connection.php(306): mysqli->query('INSERT INTO `or...', 0)
#1 D:\laragon\www\method-oldagehome\system\Database\BaseConnection.php(692): CodeIgniter\Database\MySQLi\Connection->execute('INSERT INTO `or...')
#2 D:\laragon\www\method-oldagehome\system\Database\BaseConnection.php(606): CodeIgniter\Database\BaseConnection->simpleQuery('INSERT INTO `or...')
#3 D:\laragon\www\method-oldagehome\system\Database\BaseBuilder.php(2308): CodeIgniter\Database\BaseConnection->query('INSERT INTO `or...', Array, false)
#4 D:\laragon\www\method-oldagehome\system\Model.php(319): CodeIgniter\Database\BaseBuilder->insert()
#5 D:\laragon\www\method-oldagehome\system\BaseModel.php(788): CodeIgniter\Model->doInsert(Array)
#6 D:\laragon\www\method-oldagehome\system\Model.php(715): CodeIgniter\BaseModel->insert(Array, false)
#7 D:\laragon\www\method-oldagehome\system\BaseModel.php(698): CodeIgniter\Model->insert(Array, false)
#8 D:\laragon\www\method-oldagehome\app\Controllers\HomeController.php(165): CodeIgniter\BaseModel->save(Array)
#9 D:\laragon\www\method-oldagehome\system\CodeIgniter.php(919): App\Controllers\HomeController->insertOrganization()
#10 D:\laragon\www\method-oldagehome\system\CodeIgniter.php(494): CodeIgniter\CodeIgniter->runController(Object(App\Controllers\HomeController))
#11 D:\laragon\www\method-oldagehome\system\CodeIgniter.php(353): CodeIgniter\CodeIgniter->handleRequest(NULL, Object(Config\Cache), false)
#12 D:\laragon\www\method-oldagehome\public\index.php(79): CodeIgniter\CodeIgniter->run()
#13 D:\laragon\www\method-oldagehome\system\Commands\Server\rewrite.php(47): require_once('D:\\laragon\\www\\...')
#14 {main}
CRITICAL - 2024-11-17 17:39:09 --> Column 'position' cannot be null
in SYSTEMPATH\Database\BaseConnection.php on line 646.
 1 SYSTEMPATH\Database\BaseBuilder.php(2308): CodeIgniter\Database\BaseConnection->query('INSERT INTO `organizationtable` (`name`, `position`, `img`) VALUES (:name:, :position:, :img:)', [...], false)
 2 SYSTEMPATH\Model.php(319): CodeIgniter\Database\BaseBuilder->insert()
 3 SYSTEMPATH\BaseModel.php(788): CodeIgniter\Model->doInsert([...])
 4 SYSTEMPATH\Model.php(715): CodeIgniter\BaseModel->insert([...], false)
 5 SYSTEMPATH\BaseModel.php(698): CodeIgniter\Model->insert([...], false)
 6 APPPATH\Controllers\HomeController.php(165): CodeIgniter\BaseModel->save([...])
 7 SYSTEMPATH\CodeIgniter.php(919): App\Controllers\HomeController->insertOrganization()
 8 SYSTEMPATH\CodeIgniter.php(494): CodeIgniter\CodeIgniter->runController(Object(App\Controllers\HomeController))
 9 SYSTEMPATH\CodeIgniter.php(353): CodeIgniter\CodeIgniter->handleRequest(null, Object(Config\Cache), false)
10 FCPATH\index.php(79): CodeIgniter\CodeIgniter->run()
11 SYSTEMPATH\Commands\Server\rewrite.php(47): require_once('D:\\laragon\\www\\method-oldagehome\\public\\index.php')
CRITICAL - 2024-11-17 17:53:11 --> Trying to access array offset on value of type null
in APPPATH\Views\dashboard\editMonetary.php on line 50.
 1 APPPATH\Views\dashboard\editMonetary.php(50): CodeIgniter\Debug\Exceptions->errorHandler(2, 'Trying to access array offset on value of type null', 'D:\\laragon\\www\\method-oldagehome\\app\\Views\\dashboard\\editMonetary.php', 50)
 2 SYSTEMPATH\View\View.php(226): include('D:\\laragon\\www\\method-oldagehome\\app\\Views\\dashboard\\editMonetary.php')
 3 SYSTEMPATH\View\View.php(229): CodeIgniter\View\View->CodeIgniter\View\{closure}()
 4 SYSTEMPATH\Common.php(1188): CodeIgniter\View\View->render('dashboard/editMonetary', [], true)
 5 APPPATH\Controllers\UserIdonateController.php(716): view('dashboard/editMonetary', [...])
 6 SYSTEMPATH\CodeIgniter.php(919): App\Controllers\UserIdonateController->getToeditMonetary('1')
 7 SYSTEMPATH\CodeIgniter.php(494): CodeIgniter\CodeIgniter->runController(Object(App\Controllers\UserIdonateController))
 8 SYSTEMPATH\CodeIgniter.php(353): CodeIgniter\CodeIgniter->handleRequest(null, Object(Config\Cache), false)
 9 FCPATH\index.php(79): CodeIgniter\CodeIgniter->run()
10 SYSTEMPATH\Commands\Server\rewrite.php(47): require_once('D:\\laragon\\www\\method-oldagehome\\public\\index.php')
CRITICAL - 2024-11-17 18:01:36 --> Class "OrganizerModel" not found
in APPPATH\Controllers\HomeController.php on line 150.
 1 SYSTEMPATH\CodeIgniter.php(919): App\Controllers\HomeController->viewedit('1')
 2 SYSTEMPATH\CodeIgniter.php(494): CodeIgniter\CodeIgniter->runController(Object(App\Controllers\HomeController))
 3 SYSTEMPATH\CodeIgniter.php(353): CodeIgniter\CodeIgniter->handleRequest(null, Object(Config\Cache), false)
 4 FCPATH\index.php(79): CodeIgniter\CodeIgniter->run()
 5 SYSTEMPATH\Commands\Server\rewrite.php(47): require_once('D:\\laragon\\www\\method-oldagehome\\public\\index.php')
CRITICAL - 2024-11-17 18:01:53 --> Undefined variable $countNotifs
in APPPATH\Views\dashboard\includes\header.php on line 86.
 1 APPPATH\Views\dashboard\includes\header.php(86): CodeIgniter\Debug\Exceptions->errorHandler(2, 'Undefined variable $countNotifs', 'D:\\laragon\\www\\method-oldagehome\\app\\Views\\dashboard\\includes\\header.php', 86)
 2 APPPATH\Views\dashboard\editOrganization.php(20): include_once('D:\\laragon\\www\\method-oldagehome\\app\\Views\\dashboard\\includes\\header.php')
 3 SYSTEMPATH\View\View.php(226): include('D:\\laragon\\www\\method-oldagehome\\app\\Views\\dashboard\\editOrganization.php')
 4 SYSTEMPATH\View\View.php(229): CodeIgniter\View\View->CodeIgniter\View\{closure}()
 5 SYSTEMPATH\Common.php(1188): CodeIgniter\View\View->render('dashboard/editOrganization', [], true)
 6 APPPATH\Controllers\HomeController.php(153): view('dashboard/editOrganization', [...])
 7 SYSTEMPATH\CodeIgniter.php(919): App\Controllers\HomeController->viewedit('1')
 8 SYSTEMPATH\CodeIgniter.php(494): CodeIgniter\CodeIgniter->runController(Object(App\Controllers\HomeController))
 9 SYSTEMPATH\CodeIgniter.php(353): CodeIgniter\CodeIgniter->handleRequest(null, Object(Config\Cache), false)
10 FCPATH\index.php(79): CodeIgniter\CodeIgniter->run()
11 SYSTEMPATH\Commands\Server\rewrite.php(47): require_once('D:\\laragon\\www\\method-oldagehome\\public\\index.php')
CRITICAL - 2024-11-17 18:02:36 --> Trying to access array offset on value of type null
in APPPATH\Views\dashboard\editOrganization.php on line 50.
 1 APPPATH\Views\dashboard\editOrganization.php(50): CodeIgniter\Debug\Exceptions->errorHandler(2, 'Trying to access array offset on value of type null', 'D:\\laragon\\www\\method-oldagehome\\app\\Views\\dashboard\\editOrganization.php', 50)
 2 SYSTEMPATH\View\View.php(226): include('D:\\laragon\\www\\method-oldagehome\\app\\Views\\dashboard\\editOrganization.php')
 3 SYSTEMPATH\View\View.php(229): CodeIgniter\View\View->CodeIgniter\View\{closure}()
 4 SYSTEMPATH\Common.php(1188): CodeIgniter\View\View->render('dashboard/editOrganization', [], true)
 5 APPPATH\Controllers\HomeController.php(165): view('dashboard/editOrganization', [...])
 6 SYSTEMPATH\CodeIgniter.php(919): App\Controllers\HomeController->viewedit('login', 'vendors', 'typicons', 'typicons.css')
 7 SYSTEMPATH\CodeIgniter.php(494): CodeIgniter\CodeIgniter->runController(Object(App\Controllers\HomeController))
 8 SYSTEMPATH\CodeIgniter.php(353): CodeIgniter\CodeIgniter->handleRequest(null, Object(Config\Cache), false)
 9 FCPATH\index.php(79): CodeIgniter\CodeIgniter->run()
10 SYSTEMPATH\Commands\Server\rewrite.php(47): require_once('D:\\laragon\\www\\method-oldagehome\\public\\index.php')
CRITICAL - 2024-11-17 18:02:36 --> Trying to access array offset on value of type null
in APPPATH\Views\dashboard\editOrganization.php on line 50.
 1 APPPATH\Views\dashboard\editOrganization.php(50): CodeIgniter\Debug\Exceptions->errorHandler(2, 'Trying to access array offset on value of type null', 'D:\\laragon\\www\\method-oldagehome\\app\\Views\\dashboard\\editOrganization.php', 50)
 2 SYSTEMPATH\View\View.php(226): include('D:\\laragon\\www\\method-oldagehome\\app\\Views\\dashboard\\editOrganization.php')
 3 SYSTEMPATH\View\View.php(229): CodeIgniter\View\View->CodeIgniter\View\{closure}()
 4 SYSTEMPATH\Common.php(1188): CodeIgniter\View\View->render('dashboard/editOrganization', [], true)
 5 APPPATH\Controllers\HomeController.php(165): view('dashboard/editOrganization', [...])
 6 SYSTEMPATH\CodeIgniter.php(919): App\Controllers\HomeController->viewedit('login', 'vendors', 'css', 'vendor.bundle.base.css')
 7 SYSTEMPATH\CodeIgniter.php(494): CodeIgniter\CodeIgniter->runController(Object(App\Controllers\HomeController))
 8 SYSTEMPATH\CodeIgniter.php(353): CodeIgniter\CodeIgniter->handleRequest(null, Object(Config\Cache), false)
 9 FCPATH\index.php(79): CodeIgniter\CodeIgniter->run()
10 SYSTEMPATH\Commands\Server\rewrite.php(47): require_once('D:\\laragon\\www\\method-oldagehome\\public\\index.php')
CRITICAL - 2024-11-17 18:02:37 --> Trying to access array offset on value of type null
in APPPATH\Views\dashboard\editOrganization.php on line 50.
 1 APPPATH\Views\dashboard\editOrganization.php(50): CodeIgniter\Debug\Exceptions->errorHandler(2, 'Trying to access array offset on value of type null', 'D:\\laragon\\www\\method-oldagehome\\app\\Views\\dashboard\\editOrganization.php', 50)
 2 SYSTEMPATH\View\View.php(226): include('D:\\laragon\\www\\method-oldagehome\\app\\Views\\dashboard\\editOrganization.php')
 3 SYSTEMPATH\View\View.php(229): CodeIgniter\View\View->CodeIgniter\View\{closure}()
 4 SYSTEMPATH\Common.php(1188): CodeIgniter\View\View->render('dashboard/editOrganization', [], true)
 5 APPPATH\Controllers\HomeController.php(165): view('dashboard/editOrganization', [...])
 6 SYSTEMPATH\CodeIgniter.php(919): App\Controllers\HomeController->viewedit('login', 'vendors', 'select2', 'select2.min.css')
 7 SYSTEMPATH\CodeIgniter.php(494): CodeIgniter\CodeIgniter->runController(Object(App\Controllers\HomeController))
 8 SYSTEMPATH\CodeIgniter.php(353): CodeIgniter\CodeIgniter->handleRequest(null, Object(Config\Cache), false)
 9 FCPATH\index.php(79): CodeIgniter\CodeIgniter->run()
10 SYSTEMPATH\Commands\Server\rewrite.php(47): require_once('D:\\laragon\\www\\method-oldagehome\\public\\index.php')
CRITICAL - 2024-11-17 18:02:37 --> Trying to access array offset on value of type null
in APPPATH\Views\dashboard\editOrganization.php on line 50.
 1 APPPATH\Views\dashboard\editOrganization.php(50): CodeIgniter\Debug\Exceptions->errorHandler(2, 'Trying to access array offset on value of type null', 'D:\\laragon\\www\\method-oldagehome\\app\\Views\\dashboard\\editOrganization.php', 50)
 2 SYSTEMPATH\View\View.php(226): include('D:\\laragon\\www\\method-oldagehome\\app\\Views\\dashboard\\editOrganization.php')
 3 SYSTEMPATH\View\View.php(229): CodeIgniter\View\View->CodeIgniter\View\{closure}()
 4 SYSTEMPATH\Common.php(1188): CodeIgniter\View\View->render('dashboard/editOrganization', [], true)
 5 APPPATH\Controllers\HomeController.php(165): view('dashboard/editOrganization', [...])
 6 SYSTEMPATH\CodeIgniter.php(919): App\Controllers\HomeController->viewedit('login', 'vendors', 'select2-bootstrap-theme', 'select2-bootstrap.min.css')
 7 SYSTEMPATH\CodeIgniter.php(494): CodeIgniter\CodeIgniter->runController(Object(App\Controllers\HomeController))
 8 SYSTEMPATH\CodeIgniter.php(353): CodeIgniter\CodeIgniter->handleRequest(null, Object(Config\Cache), false)
 9 FCPATH\index.php(79): CodeIgniter\CodeIgniter->run()
10 SYSTEMPATH\Commands\Server\rewrite.php(47): require_once('D:\\laragon\\www\\method-oldagehome\\public\\index.php')
CRITICAL - 2024-11-17 18:02:38 --> Trying to access array offset on value of type null
in APPPATH\Views\dashboard\editOrganization.php on line 50.
 1 APPPATH\Views\dashboard\editOrganization.php(50): CodeIgniter\Debug\Exceptions->errorHandler(2, 'Trying to access array offset on value of type null', 'D:\\laragon\\www\\method-oldagehome\\app\\Views\\dashboard\\editOrganization.php', 50)
 2 SYSTEMPATH\View\View.php(226): include('D:\\laragon\\www\\method-oldagehome\\app\\Views\\dashboard\\editOrganization.php')
 3 SYSTEMPATH\View\View.php(229): CodeIgniter\View\View->CodeIgniter\View\{closure}()
 4 SYSTEMPATH\Common.php(1188): CodeIgniter\View\View->render('dashboard/editOrganization', [], true)
 5 APPPATH\Controllers\HomeController.php(165): view('dashboard/editOrganization', [...])
 6 SYSTEMPATH\CodeIgniter.php(919): App\Controllers\HomeController->viewedit('login', 'css', 'vertical-layout-light', 'style.css')
 7 SYSTEMPATH\CodeIgniter.php(494): CodeIgniter\CodeIgniter->runController(Object(App\Controllers\HomeController))
 8 SYSTEMPATH\CodeIgniter.php(353): CodeIgniter\CodeIgniter->handleRequest(null, Object(Config\Cache), false)
 9 FCPATH\index.php(79): CodeIgniter\CodeIgniter->run()
10 SYSTEMPATH\Commands\Server\rewrite.php(47): require_once('D:\\laragon\\www\\method-oldagehome\\public\\index.php')
CRITICAL - 2024-11-17 18:02:38 --> Trying to access array offset on value of type null
in APPPATH\Views\dashboard\editOrganization.php on line 50.
 1 APPPATH\Views\dashboard\editOrganization.php(50): CodeIgniter\Debug\Exceptions->errorHandler(2, 'Trying to access array offset on value of type null', 'D:\\laragon\\www\\method-oldagehome\\app\\Views\\dashboard\\editOrganization.php', 50)
 2 SYSTEMPATH\View\View.php(226): include('D:\\laragon\\www\\method-oldagehome\\app\\Views\\dashboard\\editOrganization.php')
 3 SYSTEMPATH\View\View.php(229): CodeIgniter\View\View->CodeIgniter\View\{closure}()
 4 SYSTEMPATH\Common.php(1188): CodeIgniter\View\View->render('dashboard/editOrganization', [], true)
 5 APPPATH\Controllers\HomeController.php(165): view('dashboard/editOrganization', [...])
 6 SYSTEMPATH\CodeIgniter.php(919): App\Controllers\HomeController->viewedit('login', 'vendors', 'js', 'vendor.bundle.base.js')
 7 SYSTEMPATH\CodeIgniter.php(494): CodeIgniter\CodeIgniter->runController(Object(App\Controllers\HomeController))
 8 SYSTEMPATH\CodeIgniter.php(353): CodeIgniter\CodeIgniter->handleRequest(null, Object(Config\Cache), false)
 9 FCPATH\index.php(79): CodeIgniter\CodeIgniter->run()
10 SYSTEMPATH\Commands\Server\rewrite.php(47): require_once('D:\\laragon\\www\\method-oldagehome\\public\\index.php')
CRITICAL - 2024-11-17 18:02:39 --> Trying to access array offset on value of type null
in APPPATH\Views\dashboard\editOrganization.php on line 50.
 1 APPPATH\Views\dashboard\editOrganization.php(50): CodeIgniter\Debug\Exceptions->errorHandler(2, 'Trying to access array offset on value of type null', 'D:\\laragon\\www\\method-oldagehome\\app\\Views\\dashboard\\editOrganization.php', 50)
 2 SYSTEMPATH\View\View.php(226): include('D:\\laragon\\www\\method-oldagehome\\app\\Views\\dashboard\\editOrganization.php')
 3 SYSTEMPATH\View\View.php(229): CodeIgniter\View\View->CodeIgniter\View\{closure}()
 4 SYSTEMPATH\Common.php(1188): CodeIgniter\View\View->render('dashboard/editOrganization', [], true)
 5 APPPATH\Controllers\HomeController.php(165): view('dashboard/editOrganization', [...])
 6 SYSTEMPATH\CodeIgniter.php(919): App\Controllers\HomeController->viewedit('login', 'js', 'off-canvas.js')
 7 SYSTEMPATH\CodeIgniter.php(494): CodeIgniter\CodeIgniter->runController(Object(App\Controllers\HomeController))
 8 SYSTEMPATH\CodeIgniter.php(353): CodeIgniter\CodeIgniter->handleRequest(null, Object(Config\Cache), false)
 9 FCPATH\index.php(79): CodeIgniter\CodeIgniter->run()
10 SYSTEMPATH\Commands\Server\rewrite.php(47): require_once('D:\\laragon\\www\\method-oldagehome\\public\\index.php')
CRITICAL - 2024-11-17 18:02:39 --> Trying to access array offset on value of type null
in APPPATH\Views\dashboard\editOrganization.php on line 50.
 1 APPPATH\Views\dashboard\editOrganization.php(50): CodeIgniter\Debug\Exceptions->errorHandler(2, 'Trying to access array offset on value of type null', 'D:\\laragon\\www\\method-oldagehome\\app\\Views\\dashboard\\editOrganization.php', 50)
 2 SYSTEMPATH\View\View.php(226): include('D:\\laragon\\www\\method-oldagehome\\app\\Views\\dashboard\\editOrganization.php')
 3 SYSTEMPATH\View\View.php(229): CodeIgniter\View\View->CodeIgniter\View\{closure}()
 4 SYSTEMPATH\Common.php(1188): CodeIgniter\View\View->render('dashboard/editOrganization', [], true)
 5 APPPATH\Controllers\HomeController.php(165): view('dashboard/editOrganization', [...])
 6 SYSTEMPATH\CodeIgniter.php(919): App\Controllers\HomeController->viewedit('login', 'js', 'hoverable-collapse.js')
 7 SYSTEMPATH\CodeIgniter.php(494): CodeIgniter\CodeIgniter->runController(Object(App\Controllers\HomeController))
 8 SYSTEMPATH\CodeIgniter.php(353): CodeIgniter\CodeIgniter->handleRequest(null, Object(Config\Cache), false)
 9 FCPATH\index.php(79): CodeIgniter\CodeIgniter->run()
10 SYSTEMPATH\Commands\Server\rewrite.php(47): require_once('D:\\laragon\\www\\method-oldagehome\\public\\index.php')
CRITICAL - 2024-11-17 18:02:40 --> Trying to access array offset on value of type null
in APPPATH\Views\dashboard\editOrganization.php on line 50.
 1 APPPATH\Views\dashboard\editOrganization.php(50): CodeIgniter\Debug\Exceptions->errorHandler(2, 'Trying to access array offset on value of type null', 'D:\\laragon\\www\\method-oldagehome\\app\\Views\\dashboard\\editOrganization.php', 50)
 2 SYSTEMPATH\View\View.php(226): include('D:\\laragon\\www\\method-oldagehome\\app\\Views\\dashboard\\editOrganization.php')
 3 SYSTEMPATH\View\View.php(229): CodeIgniter\View\View->CodeIgniter\View\{closure}()
 4 SYSTEMPATH\Common.php(1188): CodeIgniter\View\View->render('dashboard/editOrganization', [], true)
 5 APPPATH\Controllers\HomeController.php(165): view('dashboard/editOrganization', [...])
 6 SYSTEMPATH\CodeIgniter.php(919): App\Controllers\HomeController->viewedit('login', 'js', 'template.js')
 7 SYSTEMPATH\CodeIgniter.php(494): CodeIgniter\CodeIgniter->runController(Object(App\Controllers\HomeController))
 8 SYSTEMPATH\CodeIgniter.php(353): CodeIgniter\CodeIgniter->handleRequest(null, Object(Config\Cache), false)
 9 FCPATH\index.php(79): CodeIgniter\CodeIgniter->run()
10 SYSTEMPATH\Commands\Server\rewrite.php(47): require_once('D:\\laragon\\www\\method-oldagehome\\public\\index.php')
CRITICAL - 2024-11-17 18:02:40 --> Trying to access array offset on value of type null
in APPPATH\Views\dashboard\editOrganization.php on line 50.
 1 APPPATH\Views\dashboard\editOrganization.php(50): CodeIgniter\Debug\Exceptions->errorHandler(2, 'Trying to access array offset on value of type null', 'D:\\laragon\\www\\method-oldagehome\\app\\Views\\dashboard\\editOrganization.php', 50)
 2 SYSTEMPATH\View\View.php(226): include('D:\\laragon\\www\\method-oldagehome\\app\\Views\\dashboard\\editOrganization.php')
 3 SYSTEMPATH\View\View.php(229): CodeIgniter\View\View->CodeIgniter\View\{closure}()
 4 SYSTEMPATH\Common.php(1188): CodeIgniter\View\View->render('dashboard/editOrganization', [], true)
 5 APPPATH\Controllers\HomeController.php(165): view('dashboard/editOrganization', [...])
 6 SYSTEMPATH\CodeIgniter.php(919): App\Controllers\HomeController->viewedit('login', 'vendors', 'typicons', 'typicons.css')
 7 SYSTEMPATH\CodeIgniter.php(494): CodeIgniter\CodeIgniter->runController(Object(App\Controllers\HomeController))
 8 SYSTEMPATH\CodeIgniter.php(353): CodeIgniter\CodeIgniter->handleRequest(null, Object(Config\Cache), false)
 9 FCPATH\index.php(79): CodeIgniter\CodeIgniter->run()
10 SYSTEMPATH\Commands\Server\rewrite.php(47): require_once('D:\\laragon\\www\\method-oldagehome\\public\\index.php')
CRITICAL - 2024-11-17 18:02:41 --> Trying to access array offset on value of type null
in APPPATH\Views\dashboard\editOrganization.php on line 50.
 1 APPPATH\Views\dashboard\editOrganization.php(50): CodeIgniter\Debug\Exceptions->errorHandler(2, 'Trying to access array offset on value of type null', 'D:\\laragon\\www\\method-oldagehome\\app\\Views\\dashboard\\editOrganization.php', 50)
 2 SYSTEMPATH\View\View.php(226): include('D:\\laragon\\www\\method-oldagehome\\app\\Views\\dashboard\\editOrganization.php')
 3 SYSTEMPATH\View\View.php(229): CodeIgniter\View\View->CodeIgniter\View\{closure}()
 4 SYSTEMPATH\Common.php(1188): CodeIgniter\View\View->render('dashboard/editOrganization', [], true)
 5 APPPATH\Controllers\HomeController.php(165): view('dashboard/editOrganization', [...])
 6 SYSTEMPATH\CodeIgniter.php(919): App\Controllers\HomeController->viewedit('login', 'js', 'settings.js')
 7 SYSTEMPATH\CodeIgniter.php(494): CodeIgniter\CodeIgniter->runController(Object(App\Controllers\HomeController))
 8 SYSTEMPATH\CodeIgniter.php(353): CodeIgniter\CodeIgniter->handleRequest(null, Object(Config\Cache), false)
 9 FCPATH\index.php(79): CodeIgniter\CodeIgniter->run()
10 SYSTEMPATH\Commands\Server\rewrite.php(47): require_once('D:\\laragon\\www\\method-oldagehome\\public\\index.php')
CRITICAL - 2024-11-17 18:02:41 --> Trying to access array offset on value of type null
in APPPATH\Views\dashboard\editOrganization.php on line 50.
 1 APPPATH\Views\dashboard\editOrganization.php(50): CodeIgniter\Debug\Exceptions->errorHandler(2, 'Trying to access array offset on value of type null', 'D:\\laragon\\www\\method-oldagehome\\app\\Views\\dashboard\\editOrganization.php', 50)
 2 SYSTEMPATH\View\View.php(226): include('D:\\laragon\\www\\method-oldagehome\\app\\Views\\dashboard\\editOrganization.php')
 3 SYSTEMPATH\View\View.php(229): CodeIgniter\View\View->CodeIgniter\View\{closure}()
 4 SYSTEMPATH\Common.php(1188): CodeIgniter\View\View->render('dashboard/editOrganization', [], true)
 5 APPPATH\Controllers\HomeController.php(165): view('dashboard/editOrganization', [...])
 6 SYSTEMPATH\CodeIgniter.php(919): App\Controllers\HomeController->viewedit('login', 'js', 'todolist.js')
 7 SYSTEMPATH\CodeIgniter.php(494): CodeIgniter\CodeIgniter->runController(Object(App\Controllers\HomeController))
 8 SYSTEMPATH\CodeIgniter.php(353): CodeIgniter\CodeIgniter->handleRequest(null, Object(Config\Cache), false)
 9 FCPATH\index.php(79): CodeIgniter\CodeIgniter->run()
10 SYSTEMPATH\Commands\Server\rewrite.php(47): require_once('D:\\laragon\\www\\method-oldagehome\\public\\index.php')
CRITICAL - 2024-11-17 18:02:41 --> Trying to access array offset on value of type null
in APPPATH\Views\dashboard\editOrganization.php on line 50.
 1 APPPATH\Views\dashboard\editOrganization.php(50): CodeIgniter\Debug\Exceptions->errorHandler(2, 'Trying to access array offset on value of type null', 'D:\\laragon\\www\\method-oldagehome\\app\\Views\\dashboard\\editOrganization.php', 50)
 2 SYSTEMPATH\View\View.php(226): include('D:\\laragon\\www\\method-oldagehome\\app\\Views\\dashboard\\editOrganization.php')
 3 SYSTEMPATH\View\View.php(229): CodeIgniter\View\View->CodeIgniter\View\{closure}()
 4 SYSTEMPATH\Common.php(1188): CodeIgniter\View\View->render('dashboard/editOrganization', [], true)
 5 APPPATH\Controllers\HomeController.php(165): view('dashboard/editOrganization', [...])
 6 SYSTEMPATH\CodeIgniter.php(919): App\Controllers\HomeController->viewedit('login', 'vendors', 'typeahead.js', 'typeahead.bundle.min.js')
 7 SYSTEMPATH\CodeIgniter.php(494): CodeIgniter\CodeIgniter->runController(Object(App\Controllers\HomeController))
 8 SYSTEMPATH\CodeIgniter.php(353): CodeIgniter\CodeIgniter->handleRequest(null, Object(Config\Cache), false)
 9 FCPATH\index.php(79): CodeIgniter\CodeIgniter->run()
10 SYSTEMPATH\Commands\Server\rewrite.php(47): require_once('D:\\laragon\\www\\method-oldagehome\\public\\index.php')
CRITICAL - 2024-11-17 18:02:42 --> Trying to access array offset on value of type null
in APPPATH\Views\dashboard\editOrganization.php on line 50.
 1 APPPATH\Views\dashboard\editOrganization.php(50): CodeIgniter\Debug\Exceptions->errorHandler(2, 'Trying to access array offset on value of type null', 'D:\\laragon\\www\\method-oldagehome\\app\\Views\\dashboard\\editOrganization.php', 50)
 2 SYSTEMPATH\View\View.php(226): include('D:\\laragon\\www\\method-oldagehome\\app\\Views\\dashboard\\editOrganization.php')
 3 SYSTEMPATH\View\View.php(229): CodeIgniter\View\View->CodeIgniter\View\{closure}()
 4 SYSTEMPATH\Common.php(1188): CodeIgniter\View\View->render('dashboard/editOrganization', [], true)
 5 APPPATH\Controllers\HomeController.php(165): view('dashboard/editOrganization', [...])
 6 SYSTEMPATH\CodeIgniter.php(919): App\Controllers\HomeController->viewedit('login', 'vendors', 'select2', 'select2.min.js')
 7 SYSTEMPATH\CodeIgniter.php(494): CodeIgniter\CodeIgniter->runController(Object(App\Controllers\HomeController))
 8 SYSTEMPATH\CodeIgniter.php(353): CodeIgniter\CodeIgniter->handleRequest(null, Object(Config\Cache), false)
 9 FCPATH\index.php(79): CodeIgniter\CodeIgniter->run()
10 SYSTEMPATH\Commands\Server\rewrite.php(47): require_once('D:\\laragon\\www\\method-oldagehome\\public\\index.php')
CRITICAL - 2024-11-17 18:02:42 --> Trying to access array offset on value of type null
in APPPATH\Views\dashboard\editOrganization.php on line 50.
 1 APPPATH\Views\dashboard\editOrganization.php(50): CodeIgniter\Debug\Exceptions->errorHandler(2, 'Trying to access array offset on value of type null', 'D:\\laragon\\www\\method-oldagehome\\app\\Views\\dashboard\\editOrganization.php', 50)
 2 SYSTEMPATH\View\View.php(226): include('D:\\laragon\\www\\method-oldagehome\\app\\Views\\dashboard\\editOrganization.php')
 3 SYSTEMPATH\View\View.php(229): CodeIgniter\View\View->CodeIgniter\View\{closure}()
 4 SYSTEMPATH\Common.php(1188): CodeIgniter\View\View->render('dashboard/editOrganization', [], true)
 5 APPPATH\Controllers\HomeController.php(165): view('dashboard/editOrganization', [...])
 6 SYSTEMPATH\CodeIgniter.php(919): App\Controllers\HomeController->viewedit('login', 'js', 'file-upload.js')
 7 SYSTEMPATH\CodeIgniter.php(494): CodeIgniter\CodeIgniter->runController(Object(App\Controllers\HomeController))
 8 SYSTEMPATH\CodeIgniter.php(353): CodeIgniter\CodeIgniter->handleRequest(null, Object(Config\Cache), false)
 9 FCPATH\index.php(79): CodeIgniter\CodeIgniter->run()
10 SYSTEMPATH\Commands\Server\rewrite.php(47): require_once('D:\\laragon\\www\\method-oldagehome\\public\\index.php')
CRITICAL - 2024-11-17 18:02:43 --> Trying to access array offset on value of type null
in APPPATH\Views\dashboard\editOrganization.php on line 50.
 1 APPPATH\Views\dashboard\editOrganization.php(50): CodeIgniter\Debug\Exceptions->errorHandler(2, 'Trying to access array offset on value of type null', 'D:\\laragon\\www\\method-oldagehome\\app\\Views\\dashboard\\editOrganization.php', 50)
 2 SYSTEMPATH\View\View.php(226): include('D:\\laragon\\www\\method-oldagehome\\app\\Views\\dashboard\\editOrganization.php')
 3 SYSTEMPATH\View\View.php(229): CodeIgniter\View\View->CodeIgniter\View\{closure}()
 4 SYSTEMPATH\Common.php(1188): CodeIgniter\View\View->render('dashboard/editOrganization', [], true)
 5 APPPATH\Controllers\HomeController.php(165): view('dashboard/editOrganization', [...])
 6 SYSTEMPATH\CodeIgniter.php(919): App\Controllers\HomeController->viewedit('login', 'js', 'typeahead.js')
 7 SYSTEMPATH\CodeIgniter.php(494): CodeIgniter\CodeIgniter->runController(Object(App\Controllers\HomeController))
 8 SYSTEMPATH\CodeIgniter.php(353): CodeIgniter\CodeIgniter->handleRequest(null, Object(Config\Cache), false)
 9 FCPATH\index.php(79): CodeIgniter\CodeIgniter->run()
10 SYSTEMPATH\Commands\Server\rewrite.php(47): require_once('D:\\laragon\\www\\method-oldagehome\\public\\index.php')
CRITICAL - 2024-11-17 18:02:43 --> Trying to access array offset on value of type null
in APPPATH\Views\dashboard\editOrganization.php on line 50.
 1 APPPATH\Views\dashboard\editOrganization.php(50): CodeIgniter\Debug\Exceptions->errorHandler(2, 'Trying to access array offset on value of type null', 'D:\\laragon\\www\\method-oldagehome\\app\\Views\\dashboard\\editOrganization.php', 50)
 2 SYSTEMPATH\View\View.php(226): include('D:\\laragon\\www\\method-oldagehome\\app\\Views\\dashboard\\editOrganization.php')
 3 SYSTEMPATH\View\View.php(229): CodeIgniter\View\View->CodeIgniter\View\{closure}()
 4 SYSTEMPATH\Common.php(1188): CodeIgniter\View\View->render('dashboard/editOrganization', [], true)
 5 APPPATH\Controllers\HomeController.php(165): view('dashboard/editOrganization', [...])
 6 SYSTEMPATH\CodeIgniter.php(919): App\Controllers\HomeController->viewedit('login', 'vendors', 'css', 'vendor.bundle.base.css')
 7 SYSTEMPATH\CodeIgniter.php(494): CodeIgniter\CodeIgniter->runController(Object(App\Controllers\HomeController))
 8 SYSTEMPATH\CodeIgniter.php(353): CodeIgniter\CodeIgniter->handleRequest(null, Object(Config\Cache), false)
 9 FCPATH\index.php(79): CodeIgniter\CodeIgniter->run()
10 SYSTEMPATH\Commands\Server\rewrite.php(47): require_once('D:\\laragon\\www\\method-oldagehome\\public\\index.php')
CRITICAL - 2024-11-17 18:02:44 --> Trying to access array offset on value of type null
in APPPATH\Views\dashboard\editOrganization.php on line 50.
 1 APPPATH\Views\dashboard\editOrganization.php(50): CodeIgniter\Debug\Exceptions->errorHandler(2, 'Trying to access array offset on value of type null', 'D:\\laragon\\www\\method-oldagehome\\app\\Views\\dashboard\\editOrganization.php', 50)
 2 SYSTEMPATH\View\View.php(226): include('D:\\laragon\\www\\method-oldagehome\\app\\Views\\dashboard\\editOrganization.php')
 3 SYSTEMPATH\View\View.php(229): CodeIgniter\View\View->CodeIgniter\View\{closure}()
 4 SYSTEMPATH\Common.php(1188): CodeIgniter\View\View->render('dashboard/editOrganization', [], true)
 5 APPPATH\Controllers\HomeController.php(165): view('dashboard/editOrganization', [...])
 6 SYSTEMPATH\CodeIgniter.php(919): App\Controllers\HomeController->viewedit('login', 'js', 'select2.js')
 7 SYSTEMPATH\CodeIgniter.php(494): CodeIgniter\CodeIgniter->runController(Object(App\Controllers\HomeController))
 8 SYSTEMPATH\CodeIgniter.php(353): CodeIgniter\CodeIgniter->handleRequest(null, Object(Config\Cache), false)
 9 FCPATH\index.php(79): CodeIgniter\CodeIgniter->run()
10 SYSTEMPATH\Commands\Server\rewrite.php(47): require_once('D:\\laragon\\www\\method-oldagehome\\public\\index.php')
CRITICAL - 2024-11-17 18:02:44 --> Trying to access array offset on value of type null
in APPPATH\Views\dashboard\editOrganization.php on line 50.
 1 APPPATH\Views\dashboard\editOrganization.php(50): CodeIgniter\Debug\Exceptions->errorHandler(2, 'Trying to access array offset on value of type null', 'D:\\laragon\\www\\method-oldagehome\\app\\Views\\dashboard\\editOrganization.php', 50)
 2 SYSTEMPATH\View\View.php(226): include('D:\\laragon\\www\\method-oldagehome\\app\\Views\\dashboard\\editOrganization.php')
 3 SYSTEMPATH\View\View.php(229): CodeIgniter\View\View->CodeIgniter\View\{closure}()
 4 SYSTEMPATH\Common.php(1188): CodeIgniter\View\View->render('dashboard/editOrganization', [], true)
 5 APPPATH\Controllers\HomeController.php(165): view('dashboard/editOrganization', [...])
 6 SYSTEMPATH\CodeIgniter.php(919): App\Controllers\HomeController->viewedit('login', 'vendors', 'select2', 'select2.min.css')
 7 SYSTEMPATH\CodeIgniter.php(494): CodeIgniter\CodeIgniter->runController(Object(App\Controllers\HomeController))
 8 SYSTEMPATH\CodeIgniter.php(353): CodeIgniter\CodeIgniter->handleRequest(null, Object(Config\Cache), false)
 9 FCPATH\index.php(79): CodeIgniter\CodeIgniter->run()
10 SYSTEMPATH\Commands\Server\rewrite.php(47): require_once('D:\\laragon\\www\\method-oldagehome\\public\\index.php')
CRITICAL - 2024-11-17 18:02:45 --> Trying to access array offset on value of type null
in APPPATH\Views\dashboard\editOrganization.php on line 50.
 1 APPPATH\Views\dashboard\editOrganization.php(50): CodeIgniter\Debug\Exceptions->errorHandler(2, 'Trying to access array offset on value of type null', 'D:\\laragon\\www\\method-oldagehome\\app\\Views\\dashboard\\editOrganization.php', 50)
 2 SYSTEMPATH\View\View.php(226): include('D:\\laragon\\www\\method-oldagehome\\app\\Views\\dashboard\\editOrganization.php')
 3 SYSTEMPATH\View\View.php(229): CodeIgniter\View\View->CodeIgniter\View\{closure}()
 4 SYSTEMPATH\Common.php(1188): CodeIgniter\View\View->render('dashboard/editOrganization', [], true)
 5 APPPATH\Controllers\HomeController.php(165): view('dashboard/editOrganization', [...])
 6 SYSTEMPATH\CodeIgniter.php(919): App\Controllers\HomeController->viewedit('login', 'vendors', 'select2-bootstrap-theme', 'select2-bootstrap.min.css')
 7 SYSTEMPATH\CodeIgniter.php(494): CodeIgniter\CodeIgniter->runController(Object(App\Controllers\HomeController))
 8 SYSTEMPATH\CodeIgniter.php(353): CodeIgniter\CodeIgniter->handleRequest(null, Object(Config\Cache), false)
 9 FCPATH\index.php(79): CodeIgniter\CodeIgniter->run()
10 SYSTEMPATH\Commands\Server\rewrite.php(47): require_once('D:\\laragon\\www\\method-oldagehome\\public\\index.php')
CRITICAL - 2024-11-17 18:02:45 --> Trying to access array offset on value of type null
in APPPATH\Views\dashboard\editOrganization.php on line 50.
 1 APPPATH\Views\dashboard\editOrganization.php(50): CodeIgniter\Debug\Exceptions->errorHandler(2, 'Trying to access array offset on value of type null', 'D:\\laragon\\www\\method-oldagehome\\app\\Views\\dashboard\\editOrganization.php', 50)
 2 SYSTEMPATH\View\View.php(226): include('D:\\laragon\\www\\method-oldagehome\\app\\Views\\dashboard\\editOrganization.php')
 3 SYSTEMPATH\View\View.php(229): CodeIgniter\View\View->CodeIgniter\View\{closure}()
 4 SYSTEMPATH\Common.php(1188): CodeIgniter\View\View->render('dashboard/editOrganization', [], true)
 5 APPPATH\Controllers\HomeController.php(165): view('dashboard/editOrganization', [...])
 6 SYSTEMPATH\CodeIgniter.php(919): App\Controllers\HomeController->viewedit('login', 'css', 'vertical-layout-light', 'style.css')
 7 SYSTEMPATH\CodeIgniter.php(494): CodeIgniter\CodeIgniter->runController(Object(App\Controllers\HomeController))
 8 SYSTEMPATH\CodeIgniter.php(353): CodeIgniter\CodeIgniter->handleRequest(null, Object(Config\Cache), false)
 9 FCPATH\index.php(79): CodeIgniter\CodeIgniter->run()
10 SYSTEMPATH\Commands\Server\rewrite.php(47): require_once('D:\\laragon\\www\\method-oldagehome\\public\\index.php')
CRITICAL - 2024-11-17 18:03:24 --> Trying to access array offset on value of type null
in APPPATH\Views\dashboard\editOrganization.php on line 50.
 1 APPPATH\Views\dashboard\editOrganization.php(50): CodeIgniter\Debug\Exceptions->errorHandler(2, 'Trying to access array offset on value of type null', 'D:\\laragon\\www\\method-oldagehome\\app\\Views\\dashboard\\editOrganization.php', 50)
 2 SYSTEMPATH\View\View.php(226): include('D:\\laragon\\www\\method-oldagehome\\app\\Views\\dashboard\\editOrganization.php')
 3 SYSTEMPATH\View\View.php(229): CodeIgniter\View\View->CodeIgniter\View\{closure}()
 4 SYSTEMPATH\Common.php(1188): CodeIgniter\View\View->render('dashboard/editOrganization', [], true)
 5 APPPATH\Controllers\HomeController.php(165): view('dashboard/editOrganization', [...])
 6 SYSTEMPATH\CodeIgniter.php(919): App\Controllers\HomeController->viewedit('login', 'css', 'vertical-layout-light', 'style.css')
 7 SYSTEMPATH\CodeIgniter.php(494): CodeIgniter\CodeIgniter->runController(Object(App\Controllers\HomeController))
 8 SYSTEMPATH\CodeIgniter.php(353): CodeIgniter\CodeIgniter->handleRequest(null, Object(Config\Cache), false)
 9 FCPATH\index.php(79): CodeIgniter\CodeIgniter->run()
10 SYSTEMPATH\Commands\Server\rewrite.php(47): require_once('D:\\laragon\\www\\method-oldagehome\\public\\index.php')
CRITICAL - 2024-11-17 18:03:25 --> Trying to access array offset on value of type null
in APPPATH\Views\dashboard\editOrganization.php on line 50.
 1 APPPATH\Views\dashboard\editOrganization.php(50): CodeIgniter\Debug\Exceptions->errorHandler(2, 'Trying to access array offset on value of type null', 'D:\\laragon\\www\\method-oldagehome\\app\\Views\\dashboard\\editOrganization.php', 50)
 2 SYSTEMPATH\View\View.php(226): include('D:\\laragon\\www\\method-oldagehome\\app\\Views\\dashboard\\editOrganization.php')
 3 SYSTEMPATH\View\View.php(229): CodeIgniter\View\View->CodeIgniter\View\{closure}()
 4 SYSTEMPATH\Common.php(1188): CodeIgniter\View\View->render('dashboard/editOrganization', [], true)
 5 APPPATH\Controllers\HomeController.php(165): view('dashboard/editOrganization', [...])
 6 SYSTEMPATH\CodeIgniter.php(919): App\Controllers\HomeController->viewedit('login', 'vendors', 'typicons', 'typicons.css')
 7 SYSTEMPATH\CodeIgniter.php(494): CodeIgniter\CodeIgniter->runController(Object(App\Controllers\HomeController))
 8 SYSTEMPATH\CodeIgniter.php(353): CodeIgniter\CodeIgniter->handleRequest(null, Object(Config\Cache), false)
 9 FCPATH\index.php(79): CodeIgniter\CodeIgniter->run()
10 SYSTEMPATH\Commands\Server\rewrite.php(47): require_once('D:\\laragon\\www\\method-oldagehome\\public\\index.php')
CRITICAL - 2024-11-17 18:03:25 --> Trying to access array offset on value of type null
in APPPATH\Views\dashboard\editOrganization.php on line 50.
 1 APPPATH\Views\dashboard\editOrganization.php(50): CodeIgniter\Debug\Exceptions->errorHandler(2, 'Trying to access array offset on value of type null', 'D:\\laragon\\www\\method-oldagehome\\app\\Views\\dashboard\\editOrganization.php', 50)
 2 SYSTEMPATH\View\View.php(226): include('D:\\laragon\\www\\method-oldagehome\\app\\Views\\dashboard\\editOrganization.php')
 3 SYSTEMPATH\View\View.php(229): CodeIgniter\View\View->CodeIgniter\View\{closure}()
 4 SYSTEMPATH\Common.php(1188): CodeIgniter\View\View->render('dashboard/editOrganization', [], true)
 5 APPPATH\Controllers\HomeController.php(165): view('dashboard/editOrganization', [...])
 6 SYSTEMPATH\CodeIgniter.php(919): App\Controllers\HomeController->viewedit('login', 'vendors', 'css', 'vendor.bundle.base.css')
 7 SYSTEMPATH\CodeIgniter.php(494): CodeIgniter\CodeIgniter->runController(Object(App\Controllers\HomeController))
 8 SYSTEMPATH\CodeIgniter.php(353): CodeIgniter\CodeIgniter->handleRequest(null, Object(Config\Cache), false)
 9 FCPATH\index.php(79): CodeIgniter\CodeIgniter->run()
10 SYSTEMPATH\Commands\Server\rewrite.php(47): require_once('D:\\laragon\\www\\method-oldagehome\\public\\index.php')
CRITICAL - 2024-11-17 18:03:26 --> Trying to access array offset on value of type null
in APPPATH\Views\dashboard\editOrganization.php on line 50.
 1 APPPATH\Views\dashboard\editOrganization.php(50): CodeIgniter\Debug\Exceptions->errorHandler(2, 'Trying to access array offset on value of type null', 'D:\\laragon\\www\\method-oldagehome\\app\\Views\\dashboard\\editOrganization.php', 50)
 2 SYSTEMPATH\View\View.php(226): include('D:\\laragon\\www\\method-oldagehome\\app\\Views\\dashboard\\editOrganization.php')
 3 SYSTEMPATH\View\View.php(229): CodeIgniter\View\View->CodeIgniter\View\{closure}()
 4 SYSTEMPATH\Common.php(1188): CodeIgniter\View\View->render('dashboard/editOrganization', [], true)
 5 APPPATH\Controllers\HomeController.php(165): view('dashboard/editOrganization', [...])
 6 SYSTEMPATH\CodeIgniter.php(919): App\Controllers\HomeController->viewedit('login', 'vendors', 'select2', 'select2.min.css')
 7 SYSTEMPATH\CodeIgniter.php(494): CodeIgniter\CodeIgniter->runController(Object(App\Controllers\HomeController))
 8 SYSTEMPATH\CodeIgniter.php(353): CodeIgniter\CodeIgniter->handleRequest(null, Object(Config\Cache), false)
 9 FCPATH\index.php(79): CodeIgniter\CodeIgniter->run()
10 SYSTEMPATH\Commands\Server\rewrite.php(47): require_once('D:\\laragon\\www\\method-oldagehome\\public\\index.php')
CRITICAL - 2024-11-17 18:03:26 --> Trying to access array offset on value of type null
in APPPATH\Views\dashboard\editOrganization.php on line 50.
 1 APPPATH\Views\dashboard\editOrganization.php(50): CodeIgniter\Debug\Exceptions->errorHandler(2, 'Trying to access array offset on value of type null', 'D:\\laragon\\www\\method-oldagehome\\app\\Views\\dashboard\\editOrganization.php', 50)
 2 SYSTEMPATH\View\View.php(226): include('D:\\laragon\\www\\method-oldagehome\\app\\Views\\dashboard\\editOrganization.php')
 3 SYSTEMPATH\View\View.php(229): CodeIgniter\View\View->CodeIgniter\View\{closure}()
 4 SYSTEMPATH\Common.php(1188): CodeIgniter\View\View->render('dashboard/editOrganization', [], true)
 5 APPPATH\Controllers\HomeController.php(165): view('dashboard/editOrganization', [...])
 6 SYSTEMPATH\CodeIgniter.php(919): App\Controllers\HomeController->viewedit('login', 'vendors', 'select2-bootstrap-theme', 'select2-bootstrap.min.css')
 7 SYSTEMPATH\CodeIgniter.php(494): CodeIgniter\CodeIgniter->runController(Object(App\Controllers\HomeController))
 8 SYSTEMPATH\CodeIgniter.php(353): CodeIgniter\CodeIgniter->handleRequest(null, Object(Config\Cache), false)
 9 FCPATH\index.php(79): CodeIgniter\CodeIgniter->run()
10 SYSTEMPATH\Commands\Server\rewrite.php(47): require_once('D:\\laragon\\www\\method-oldagehome\\public\\index.php')
CRITICAL - 2024-11-17 18:03:27 --> Trying to access array offset on value of type null
in APPPATH\Views\dashboard\editOrganization.php on line 50.
 1 APPPATH\Views\dashboard\editOrganization.php(50): CodeIgniter\Debug\Exceptions->errorHandler(2, 'Trying to access array offset on value of type null', 'D:\\laragon\\www\\method-oldagehome\\app\\Views\\dashboard\\editOrganization.php', 50)
 2 SYSTEMPATH\View\View.php(226): include('D:\\laragon\\www\\method-oldagehome\\app\\Views\\dashboard\\editOrganization.php')
 3 SYSTEMPATH\View\View.php(229): CodeIgniter\View\View->CodeIgniter\View\{closure}()
 4 SYSTEMPATH\Common.php(1188): CodeIgniter\View\View->render('dashboard/editOrganization', [], true)
 5 APPPATH\Controllers\HomeController.php(165): view('dashboard/editOrganization', [...])
 6 SYSTEMPATH\CodeIgniter.php(919): App\Controllers\HomeController->viewedit('login', 'vendors', 'js', 'vendor.bundle.base.js')
 7 SYSTEMPATH\CodeIgniter.php(494): CodeIgniter\CodeIgniter->runController(Object(App\Controllers\HomeController))
 8 SYSTEMPATH\CodeIgniter.php(353): CodeIgniter\CodeIgniter->handleRequest(null, Object(Config\Cache), false)
 9 FCPATH\index.php(79): CodeIgniter\CodeIgniter->run()
10 SYSTEMPATH\Commands\Server\rewrite.php(47): require_once('D:\\laragon\\www\\method-oldagehome\\public\\index.php')
CRITICAL - 2024-11-17 18:03:27 --> Trying to access array offset on value of type null
in APPPATH\Views\dashboard\editOrganization.php on line 50.
 1 APPPATH\Views\dashboard\editOrganization.php(50): CodeIgniter\Debug\Exceptions->errorHandler(2, 'Trying to access array offset on value of type null', 'D:\\laragon\\www\\method-oldagehome\\app\\Views\\dashboard\\editOrganization.php', 50)
 2 SYSTEMPATH\View\View.php(226): include('D:\\laragon\\www\\method-oldagehome\\app\\Views\\dashboard\\editOrganization.php')
 3 SYSTEMPATH\View\View.php(229): CodeIgniter\View\View->CodeIgniter\View\{closure}()
 4 SYSTEMPATH\Common.php(1188): CodeIgniter\View\View->render('dashboard/editOrganization', [], true)
 5 APPPATH\Controllers\HomeController.php(165): view('dashboard/editOrganization', [...])
 6 SYSTEMPATH\CodeIgniter.php(919): App\Controllers\HomeController->viewedit('login', 'js', 'off-canvas.js')
 7 SYSTEMPATH\CodeIgniter.php(494): CodeIgniter\CodeIgniter->runController(Object(App\Controllers\HomeController))
 8 SYSTEMPATH\CodeIgniter.php(353): CodeIgniter\CodeIgniter->handleRequest(null, Object(Config\Cache), false)
 9 FCPATH\index.php(79): CodeIgniter\CodeIgniter->run()
10 SYSTEMPATH\Commands\Server\rewrite.php(47): require_once('D:\\laragon\\www\\method-oldagehome\\public\\index.php')
CRITICAL - 2024-11-17 18:03:28 --> Trying to access array offset on value of type null
in APPPATH\Views\dashboard\editOrganization.php on line 50.
 1 APPPATH\Views\dashboard\editOrganization.php(50): CodeIgniter\Debug\Exceptions->errorHandler(2, 'Trying to access array offset on value of type null', 'D:\\laragon\\www\\method-oldagehome\\app\\Views\\dashboard\\editOrganization.php', 50)
 2 SYSTEMPATH\View\View.php(226): include('D:\\laragon\\www\\method-oldagehome\\app\\Views\\dashboard\\editOrganization.php')
 3 SYSTEMPATH\View\View.php(229): CodeIgniter\View\View->CodeIgniter\View\{closure}()
 4 SYSTEMPATH\Common.php(1188): CodeIgniter\View\View->render('dashboard/editOrganization', [], true)
 5 APPPATH\Controllers\HomeController.php(165): view('dashboard/editOrganization', [...])
 6 SYSTEMPATH\CodeIgniter.php(919): App\Controllers\HomeController->viewedit('login', 'js', 'hoverable-collapse.js')
 7 SYSTEMPATH\CodeIgniter.php(494): CodeIgniter\CodeIgniter->runController(Object(App\Controllers\HomeController))
 8 SYSTEMPATH\CodeIgniter.php(353): CodeIgniter\CodeIgniter->handleRequest(null, Object(Config\Cache), false)
 9 FCPATH\index.php(79): CodeIgniter\CodeIgniter->run()
10 SYSTEMPATH\Commands\Server\rewrite.php(47): require_once('D:\\laragon\\www\\method-oldagehome\\public\\index.php')
CRITICAL - 2024-11-17 18:03:28 --> Trying to access array offset on value of type null
in APPPATH\Views\dashboard\editOrganization.php on line 50.
 1 APPPATH\Views\dashboard\editOrganization.php(50): CodeIgniter\Debug\Exceptions->errorHandler(2, 'Trying to access array offset on value of type null', 'D:\\laragon\\www\\method-oldagehome\\app\\Views\\dashboard\\editOrganization.php', 50)
 2 SYSTEMPATH\View\View.php(226): include('D:\\laragon\\www\\method-oldagehome\\app\\Views\\dashboard\\editOrganization.php')
 3 SYSTEMPATH\View\View.php(229): CodeIgniter\View\View->CodeIgniter\View\{closure}()
 4 SYSTEMPATH\Common.php(1188): CodeIgniter\View\View->render('dashboard/editOrganization', [], true)
 5 APPPATH\Controllers\HomeController.php(165): view('dashboard/editOrganization', [...])
 6 SYSTEMPATH\CodeIgniter.php(919): App\Controllers\HomeController->viewedit('login', 'js', 'template.js')
 7 SYSTEMPATH\CodeIgniter.php(494): CodeIgniter\CodeIgniter->runController(Object(App\Controllers\HomeController))
 8 SYSTEMPATH\CodeIgniter.php(353): CodeIgniter\CodeIgniter->handleRequest(null, Object(Config\Cache), false)
 9 FCPATH\index.php(79): CodeIgniter\CodeIgniter->run()
10 SYSTEMPATH\Commands\Server\rewrite.php(47): require_once('D:\\laragon\\www\\method-oldagehome\\public\\index.php')
CRITICAL - 2024-11-17 18:03:28 --> Trying to access array offset on value of type null
in APPPATH\Views\dashboard\editOrganization.php on line 50.
 1 APPPATH\Views\dashboard\editOrganization.php(50): CodeIgniter\Debug\Exceptions->errorHandler(2, 'Trying to access array offset on value of type null', 'D:\\laragon\\www\\method-oldagehome\\app\\Views\\dashboard\\editOrganization.php', 50)
 2 SYSTEMPATH\View\View.php(226): include('D:\\laragon\\www\\method-oldagehome\\app\\Views\\dashboard\\editOrganization.php')
 3 SYSTEMPATH\View\View.php(229): CodeIgniter\View\View->CodeIgniter\View\{closure}()
 4 SYSTEMPATH\Common.php(1188): CodeIgniter\View\View->render('dashboard/editOrganization', [], true)
 5 APPPATH\Controllers\HomeController.php(165): view('dashboard/editOrganization', [...])
 6 SYSTEMPATH\CodeIgniter.php(919): App\Controllers\HomeController->viewedit('login', 'css', 'vertical-layout-light', 'style.css')
 7 SYSTEMPATH\CodeIgniter.php(494): CodeIgniter\CodeIgniter->runController(Object(App\Controllers\HomeController))
 8 SYSTEMPATH\CodeIgniter.php(353): CodeIgniter\CodeIgniter->handleRequest(null, Object(Config\Cache), false)
 9 FCPATH\index.php(79): CodeIgniter\CodeIgniter->run()
10 SYSTEMPATH\Commands\Server\rewrite.php(47): require_once('D:\\laragon\\www\\method-oldagehome\\public\\index.php')
CRITICAL - 2024-11-17 18:03:29 --> Trying to access array offset on value of type null
in APPPATH\Views\dashboard\editOrganization.php on line 50.
 1 APPPATH\Views\dashboard\editOrganization.php(50): CodeIgniter\Debug\Exceptions->errorHandler(2, 'Trying to access array offset on value of type null', 'D:\\laragon\\www\\method-oldagehome\\app\\Views\\dashboard\\editOrganization.php', 50)
 2 SYSTEMPATH\View\View.php(226): include('D:\\laragon\\www\\method-oldagehome\\app\\Views\\dashboard\\editOrganization.php')
 3 SYSTEMPATH\View\View.php(229): CodeIgniter\View\View->CodeIgniter\View\{closure}()
 4 SYSTEMPATH\Common.php(1188): CodeIgniter\View\View->render('dashboard/editOrganization', [], true)
 5 APPPATH\Controllers\HomeController.php(165): view('dashboard/editOrganization', [...])
 6 SYSTEMPATH\CodeIgniter.php(919): App\Controllers\HomeController->viewedit('login', 'js', 'settings.js')
 7 SYSTEMPATH\CodeIgniter.php(494): CodeIgniter\CodeIgniter->runController(Object(App\Controllers\HomeController))
 8 SYSTEMPATH\CodeIgniter.php(353): CodeIgniter\CodeIgniter->handleRequest(null, Object(Config\Cache), false)
 9 FCPATH\index.php(79): CodeIgniter\CodeIgniter->run()
10 SYSTEMPATH\Commands\Server\rewrite.php(47): require_once('D:\\laragon\\www\\method-oldagehome\\public\\index.php')
CRITICAL - 2024-11-17 18:03:29 --> Trying to access array offset on value of type null
in APPPATH\Views\dashboard\editOrganization.php on line 50.
 1 APPPATH\Views\dashboard\editOrganization.php(50): CodeIgniter\Debug\Exceptions->errorHandler(2, 'Trying to access array offset on value of type null', 'D:\\laragon\\www\\method-oldagehome\\app\\Views\\dashboard\\editOrganization.php', 50)
 2 SYSTEMPATH\View\View.php(226): include('D:\\laragon\\www\\method-oldagehome\\app\\Views\\dashboard\\editOrganization.php')
 3 SYSTEMPATH\View\View.php(229): CodeIgniter\View\View->CodeIgniter\View\{closure}()
 4 SYSTEMPATH\Common.php(1188): CodeIgniter\View\View->render('dashboard/editOrganization', [], true)
 5 APPPATH\Controllers\HomeController.php(165): view('dashboard/editOrganization', [...])
 6 SYSTEMPATH\CodeIgniter.php(919): App\Controllers\HomeController->viewedit('login', 'js', 'todolist.js')
 7 SYSTEMPATH\CodeIgniter.php(494): CodeIgniter\CodeIgniter->runController(Object(App\Controllers\HomeController))
 8 SYSTEMPATH\CodeIgniter.php(353): CodeIgniter\CodeIgniter->handleRequest(null, Object(Config\Cache), false)
 9 FCPATH\index.php(79): CodeIgniter\CodeIgniter->run()
10 SYSTEMPATH\Commands\Server\rewrite.php(47): require_once('D:\\laragon\\www\\method-oldagehome\\public\\index.php')
CRITICAL - 2024-11-17 18:03:30 --> Trying to access array offset on value of type null
in APPPATH\Views\dashboard\editOrganization.php on line 50.
 1 APPPATH\Views\dashboard\editOrganization.php(50): CodeIgniter\Debug\Exceptions->errorHandler(2, 'Trying to access array offset on value of type null', 'D:\\laragon\\www\\method-oldagehome\\app\\Views\\dashboard\\editOrganization.php', 50)
 2 SYSTEMPATH\View\View.php(226): include('D:\\laragon\\www\\method-oldagehome\\app\\Views\\dashboard\\editOrganization.php')
 3 SYSTEMPATH\View\View.php(229): CodeIgniter\View\View->CodeIgniter\View\{closure}()
 4 SYSTEMPATH\Common.php(1188): CodeIgniter\View\View->render('dashboard/editOrganization', [], true)
 5 APPPATH\Controllers\HomeController.php(165): view('dashboard/editOrganization', [...])
 6 SYSTEMPATH\CodeIgniter.php(919): App\Controllers\HomeController->viewedit('login', 'vendors', 'typeahead.js', 'typeahead.bundle.min.js')
 7 SYSTEMPATH\CodeIgniter.php(494): CodeIgniter\CodeIgniter->runController(Object(App\Controllers\HomeController))
 8 SYSTEMPATH\CodeIgniter.php(353): CodeIgniter\CodeIgniter->handleRequest(null, Object(Config\Cache), false)
 9 FCPATH\index.php(79): CodeIgniter\CodeIgniter->run()
10 SYSTEMPATH\Commands\Server\rewrite.php(47): require_once('D:\\laragon\\www\\method-oldagehome\\public\\index.php')
CRITICAL - 2024-11-17 18:03:30 --> Trying to access array offset on value of type null
in APPPATH\Views\dashboard\editOrganization.php on line 50.
 1 APPPATH\Views\dashboard\editOrganization.php(50): CodeIgniter\Debug\Exceptions->errorHandler(2, 'Trying to access array offset on value of type null', 'D:\\laragon\\www\\method-oldagehome\\app\\Views\\dashboard\\editOrganization.php', 50)
 2 SYSTEMPATH\View\View.php(226): include('D:\\laragon\\www\\method-oldagehome\\app\\Views\\dashboard\\editOrganization.php')
 3 SYSTEMPATH\View\View.php(229): CodeIgniter\View\View->CodeIgniter\View\{closure}()
 4 SYSTEMPATH\Common.php(1188): CodeIgniter\View\View->render('dashboard/editOrganization', [], true)
 5 APPPATH\Controllers\HomeController.php(165): view('dashboard/editOrganization', [...])
 6 SYSTEMPATH\CodeIgniter.php(919): App\Controllers\HomeController->viewedit('login', 'vendors', 'select2', 'select2.min.js')
 7 SYSTEMPATH\CodeIgniter.php(494): CodeIgniter\CodeIgniter->runController(Object(App\Controllers\HomeController))
 8 SYSTEMPATH\CodeIgniter.php(353): CodeIgniter\CodeIgniter->handleRequest(null, Object(Config\Cache), false)
 9 FCPATH\index.php(79): CodeIgniter\CodeIgniter->run()
10 SYSTEMPATH\Commands\Server\rewrite.php(47): require_once('D:\\laragon\\www\\method-oldagehome\\public\\index.php')
CRITICAL - 2024-11-17 18:03:31 --> Trying to access array offset on value of type null
in APPPATH\Views\dashboard\editOrganization.php on line 50.
 1 APPPATH\Views\dashboard\editOrganization.php(50): CodeIgniter\Debug\Exceptions->errorHandler(2, 'Trying to access array offset on value of type null', 'D:\\laragon\\www\\method-oldagehome\\app\\Views\\dashboard\\editOrganization.php', 50)
 2 SYSTEMPATH\View\View.php(226): include('D:\\laragon\\www\\method-oldagehome\\app\\Views\\dashboard\\editOrganization.php')
 3 SYSTEMPATH\View\View.php(229): CodeIgniter\View\View->CodeIgniter\View\{closure}()
 4 SYSTEMPATH\Common.php(1188): CodeIgniter\View\View->render('dashboard/editOrganization', [], true)
 5 APPPATH\Controllers\HomeController.php(165): view('dashboard/editOrganization', [...])
 6 SYSTEMPATH\CodeIgniter.php(919): App\Controllers\HomeController->viewedit('login', 'js', 'file-upload.js')
 7 SYSTEMPATH\CodeIgniter.php(494): CodeIgniter\CodeIgniter->runController(Object(App\Controllers\HomeController))
 8 SYSTEMPATH\CodeIgniter.php(353): CodeIgniter\CodeIgniter->handleRequest(null, Object(Config\Cache), false)
 9 FCPATH\index.php(79): CodeIgniter\CodeIgniter->run()
10 SYSTEMPATH\Commands\Server\rewrite.php(47): require_once('D:\\laragon\\www\\method-oldagehome\\public\\index.php')
CRITICAL - 2024-11-17 18:03:31 --> Trying to access array offset on value of type null
in APPPATH\Views\dashboard\editOrganization.php on line 50.
 1 APPPATH\Views\dashboard\editOrganization.php(50): CodeIgniter\Debug\Exceptions->errorHandler(2, 'Trying to access array offset on value of type null', 'D:\\laragon\\www\\method-oldagehome\\app\\Views\\dashboard\\editOrganization.php', 50)
 2 SYSTEMPATH\View\View.php(226): include('D:\\laragon\\www\\method-oldagehome\\app\\Views\\dashboard\\editOrganization.php')
 3 SYSTEMPATH\View\View.php(229): CodeIgniter\View\View->CodeIgniter\View\{closure}()
 4 SYSTEMPATH\Common.php(1188): CodeIgniter\View\View->render('dashboard/editOrganization', [], true)
 5 APPPATH\Controllers\HomeController.php(165): view('dashboard/editOrganization', [...])
 6 SYSTEMPATH\CodeIgniter.php(919): App\Controllers\HomeController->viewedit('login', 'js', 'typeahead.js')
 7 SYSTEMPATH\CodeIgniter.php(494): CodeIgniter\CodeIgniter->runController(Object(App\Controllers\HomeController))
 8 SYSTEMPATH\CodeIgniter.php(353): CodeIgniter\CodeIgniter->handleRequest(null, Object(Config\Cache), false)
 9 FCPATH\index.php(79): CodeIgniter\CodeIgniter->run()
10 SYSTEMPATH\Commands\Server\rewrite.php(47): require_once('D:\\laragon\\www\\method-oldagehome\\public\\index.php')
CRITICAL - 2024-11-17 18:03:32 --> Trying to access array offset on value of type null
in APPPATH\Views\dashboard\editOrganization.php on line 50.
 1 APPPATH\Views\dashboard\editOrganization.php(50): CodeIgniter\Debug\Exceptions->errorHandler(2, 'Trying to access array offset on value of type null', 'D:\\laragon\\www\\method-oldagehome\\app\\Views\\dashboard\\editOrganization.php', 50)
 2 SYSTEMPATH\View\View.php(226): include('D:\\laragon\\www\\method-oldagehome\\app\\Views\\dashboard\\editOrganization.php')
 3 SYSTEMPATH\View\View.php(229): CodeIgniter\View\View->CodeIgniter\View\{closure}()
 4 SYSTEMPATH\Common.php(1188): CodeIgniter\View\View->render('dashboard/editOrganization', [], true)
 5 APPPATH\Controllers\HomeController.php(165): view('dashboard/editOrganization', [...])
 6 SYSTEMPATH\CodeIgniter.php(919): App\Controllers\HomeController->viewedit('login', 'js', 'select2.js')
 7 SYSTEMPATH\CodeIgniter.php(494): CodeIgniter\CodeIgniter->runController(Object(App\Controllers\HomeController))
 8 SYSTEMPATH\CodeIgniter.php(353): CodeIgniter\CodeIgniter->handleRequest(null, Object(Config\Cache), false)
 9 FCPATH\index.php(79): CodeIgniter\CodeIgniter->run()
10 SYSTEMPATH\Commands\Server\rewrite.php(47): require_once('D:\\laragon\\www\\method-oldagehome\\public\\index.php')
CRITICAL - 2024-11-17 18:04:34 --> Trying to access array offset on value of type null
in APPPATH\Views\dashboard\editOrganization.php on line 47.
 1 APPPATH\Views\dashboard\editOrganization.php(47): CodeIgniter\Debug\Exceptions->errorHandler(2, 'Trying to access array offset on value of type null', 'D:\\laragon\\www\\method-oldagehome\\app\\Views\\dashboard\\editOrganization.php', 47)
 2 SYSTEMPATH\View\View.php(226): include('D:\\laragon\\www\\method-oldagehome\\app\\Views\\dashboard\\editOrganization.php')
 3 SYSTEMPATH\View\View.php(229): CodeIgniter\View\View->CodeIgniter\View\{closure}()
 4 SYSTEMPATH\Common.php(1188): CodeIgniter\View\View->render('dashboard/editOrganization', [], true)
 5 APPPATH\Controllers\HomeController.php(165): view('dashboard/editOrganization', [...])
 6 SYSTEMPATH\CodeIgniter.php(919): App\Controllers\HomeController->viewedit('login', 'vendors', 'typicons', 'typicons.css')
 7 SYSTEMPATH\CodeIgniter.php(494): CodeIgniter\CodeIgniter->runController(Object(App\Controllers\HomeController))
 8 SYSTEMPATH\CodeIgniter.php(353): CodeIgniter\CodeIgniter->handleRequest(null, Object(Config\Cache), false)
 9 FCPATH\index.php(79): CodeIgniter\CodeIgniter->run()
10 SYSTEMPATH\Commands\Server\rewrite.php(47): require_once('D:\\laragon\\www\\method-oldagehome\\public\\index.php')
CRITICAL - 2024-11-17 18:04:35 --> Trying to access array offset on value of type null
in APPPATH\Views\dashboard\editOrganization.php on line 47.
 1 APPPATH\Views\dashboard\editOrganization.php(47): CodeIgniter\Debug\Exceptions->errorHandler(2, 'Trying to access array offset on value of type null', 'D:\\laragon\\www\\method-oldagehome\\app\\Views\\dashboard\\editOrganization.php', 47)
 2 SYSTEMPATH\View\View.php(226): include('D:\\laragon\\www\\method-oldagehome\\app\\Views\\dashboard\\editOrganization.php')
 3 SYSTEMPATH\View\View.php(229): CodeIgniter\View\View->CodeIgniter\View\{closure}()
 4 SYSTEMPATH\Common.php(1188): CodeIgniter\View\View->render('dashboard/editOrganization', [], true)
 5 APPPATH\Controllers\HomeController.php(165): view('dashboard/editOrganization', [...])
 6 SYSTEMPATH\CodeIgniter.php(919): App\Controllers\HomeController->viewedit('login', 'vendors', 'css', 'vendor.bundle.base.css')
 7 SYSTEMPATH\CodeIgniter.php(494): CodeIgniter\CodeIgniter->runController(Object(App\Controllers\HomeController))
 8 SYSTEMPATH\CodeIgniter.php(353): CodeIgniter\CodeIgniter->handleRequest(null, Object(Config\Cache), false)
 9 FCPATH\index.php(79): CodeIgniter\CodeIgniter->run()
10 SYSTEMPATH\Commands\Server\rewrite.php(47): require_once('D:\\laragon\\www\\method-oldagehome\\public\\index.php')
CRITICAL - 2024-11-17 18:04:35 --> Trying to access array offset on value of type null
in APPPATH\Views\dashboard\editOrganization.php on line 47.
 1 APPPATH\Views\dashboard\editOrganization.php(47): CodeIgniter\Debug\Exceptions->errorHandler(2, 'Trying to access array offset on value of type null', 'D:\\laragon\\www\\method-oldagehome\\app\\Views\\dashboard\\editOrganization.php', 47)
 2 SYSTEMPATH\View\View.php(226): include('D:\\laragon\\www\\method-oldagehome\\app\\Views\\dashboard\\editOrganization.php')
 3 SYSTEMPATH\View\View.php(229): CodeIgniter\View\View->CodeIgniter\View\{closure}()
 4 SYSTEMPATH\Common.php(1188): CodeIgniter\View\View->render('dashboard/editOrganization', [], true)
 5 APPPATH\Controllers\HomeController.php(165): view('dashboard/editOrganization', [...])
 6 SYSTEMPATH\CodeIgniter.php(919): App\Controllers\HomeController->viewedit('login', 'vendors', 'select2', 'select2.min.css')
 7 SYSTEMPATH\CodeIgniter.php(494): CodeIgniter\CodeIgniter->runController(Object(App\Controllers\HomeController))
 8 SYSTEMPATH\CodeIgniter.php(353): CodeIgniter\CodeIgniter->handleRequest(null, Object(Config\Cache), false)
 9 FCPATH\index.php(79): CodeIgniter\CodeIgniter->run()
10 SYSTEMPATH\Commands\Server\rewrite.php(47): require_once('D:\\laragon\\www\\method-oldagehome\\public\\index.php')
CRITICAL - 2024-11-17 18:04:36 --> Trying to access array offset on value of type null
in APPPATH\Views\dashboard\editOrganization.php on line 47.
 1 APPPATH\Views\dashboard\editOrganization.php(47): CodeIgniter\Debug\Exceptions->errorHandler(2, 'Trying to access array offset on value of type null', 'D:\\laragon\\www\\method-oldagehome\\app\\Views\\dashboard\\editOrganization.php', 47)
 2 SYSTEMPATH\View\View.php(226): include('D:\\laragon\\www\\method-oldagehome\\app\\Views\\dashboard\\editOrganization.php')
 3 SYSTEMPATH\View\View.php(229): CodeIgniter\View\View->CodeIgniter\View\{closure}()
 4 SYSTEMPATH\Common.php(1188): CodeIgniter\View\View->render('dashboard/editOrganization', [], true)
 5 APPPATH\Controllers\HomeController.php(165): view('dashboard/editOrganization', [...])
 6 SYSTEMPATH\CodeIgniter.php(919): App\Controllers\HomeController->viewedit('login', 'vendors', 'select2-bootstrap-theme', 'select2-bootstrap.min.css')
 7 SYSTEMPATH\CodeIgniter.php(494): CodeIgniter\CodeIgniter->runController(Object(App\Controllers\HomeController))
 8 SYSTEMPATH\CodeIgniter.php(353): CodeIgniter\CodeIgniter->handleRequest(null, Object(Config\Cache), false)
 9 FCPATH\index.php(79): CodeIgniter\CodeIgniter->run()
10 SYSTEMPATH\Commands\Server\rewrite.php(47): require_once('D:\\laragon\\www\\method-oldagehome\\public\\index.php')
CRITICAL - 2024-11-17 18:04:36 --> Trying to access array offset on value of type null
in APPPATH\Views\dashboard\editOrganization.php on line 47.
 1 APPPATH\Views\dashboard\editOrganization.php(47): CodeIgniter\Debug\Exceptions->errorHandler(2, 'Trying to access array offset on value of type null', 'D:\\laragon\\www\\method-oldagehome\\app\\Views\\dashboard\\editOrganization.php', 47)
 2 SYSTEMPATH\View\View.php(226): include('D:\\laragon\\www\\method-oldagehome\\app\\Views\\dashboard\\editOrganization.php')
 3 SYSTEMPATH\View\View.php(229): CodeIgniter\View\View->CodeIgniter\View\{closure}()
 4 SYSTEMPATH\Common.php(1188): CodeIgniter\View\View->render('dashboard/editOrganization', [], true)
 5 APPPATH\Controllers\HomeController.php(165): view('dashboard/editOrganization', [...])
 6 SYSTEMPATH\CodeIgniter.php(919): App\Controllers\HomeController->viewedit('login', 'css', 'vertical-layout-light', 'style.css')
 7 SYSTEMPATH\CodeIgniter.php(494): CodeIgniter\CodeIgniter->runController(Object(App\Controllers\HomeController))
 8 SYSTEMPATH\CodeIgniter.php(353): CodeIgniter\CodeIgniter->handleRequest(null, Object(Config\Cache), false)
 9 FCPATH\index.php(79): CodeIgniter\CodeIgniter->run()
10 SYSTEMPATH\Commands\Server\rewrite.php(47): require_once('D:\\laragon\\www\\method-oldagehome\\public\\index.php')
CRITICAL - 2024-11-17 18:04:37 --> Trying to access array offset on value of type null
in APPPATH\Views\dashboard\editOrganization.php on line 47.
 1 APPPATH\Views\dashboard\editOrganization.php(47): CodeIgniter\Debug\Exceptions->errorHandler(2, 'Trying to access array offset on value of type null', 'D:\\laragon\\www\\method-oldagehome\\app\\Views\\dashboard\\editOrganization.php', 47)
 2 SYSTEMPATH\View\View.php(226): include('D:\\laragon\\www\\method-oldagehome\\app\\Views\\dashboard\\editOrganization.php')
 3 SYSTEMPATH\View\View.php(229): CodeIgniter\View\View->CodeIgniter\View\{closure}()
 4 SYSTEMPATH\Common.php(1188): CodeIgniter\View\View->render('dashboard/editOrganization', [], true)
 5 APPPATH\Controllers\HomeController.php(165): view('dashboard/editOrganization', [...])
 6 SYSTEMPATH\CodeIgniter.php(919): App\Controllers\HomeController->viewedit('login', 'vendors', 'js', 'vendor.bundle.base.js')
 7 SYSTEMPATH\CodeIgniter.php(494): CodeIgniter\CodeIgniter->runController(Object(App\Controllers\HomeController))
 8 SYSTEMPATH\CodeIgniter.php(353): CodeIgniter\CodeIgniter->handleRequest(null, Object(Config\Cache), false)
 9 FCPATH\index.php(79): CodeIgniter\CodeIgniter->run()
10 SYSTEMPATH\Commands\Server\rewrite.php(47): require_once('D:\\laragon\\www\\method-oldagehome\\public\\index.php')
CRITICAL - 2024-11-17 18:04:37 --> Trying to access array offset on value of type null
in APPPATH\Views\dashboard\editOrganization.php on line 47.
 1 APPPATH\Views\dashboard\editOrganization.php(47): CodeIgniter\Debug\Exceptions->errorHandler(2, 'Trying to access array offset on value of type null', 'D:\\laragon\\www\\method-oldagehome\\app\\Views\\dashboard\\editOrganization.php', 47)
 2 SYSTEMPATH\View\View.php(226): include('D:\\laragon\\www\\method-oldagehome\\app\\Views\\dashboard\\editOrganization.php')
 3 SYSTEMPATH\View\View.php(229): CodeIgniter\View\View->CodeIgniter\View\{closure}()
 4 SYSTEMPATH\Common.php(1188): CodeIgniter\View\View->render('dashboard/editOrganization', [], true)
 5 APPPATH\Controllers\HomeController.php(165): view('dashboard/editOrganization', [...])
 6 SYSTEMPATH\CodeIgniter.php(919): App\Controllers\HomeController->viewedit('login', 'vendors', 'chart.js', 'Chart.min.js')
 7 SYSTEMPATH\CodeIgniter.php(494): CodeIgniter\CodeIgniter->runController(Object(App\Controllers\HomeController))
 8 SYSTEMPATH\CodeIgniter.php(353): CodeIgniter\CodeIgniter->handleRequest(null, Object(Config\Cache), false)
 9 FCPATH\index.php(79): CodeIgniter\CodeIgniter->run()
10 SYSTEMPATH\Commands\Server\rewrite.php(47): require_once('D:\\laragon\\www\\method-oldagehome\\public\\index.php')
CRITICAL - 2024-11-17 18:04:38 --> Trying to access array offset on value of type null
in APPPATH\Views\dashboard\editOrganization.php on line 47.
 1 APPPATH\Views\dashboard\editOrganization.php(47): CodeIgniter\Debug\Exceptions->errorHandler(2, 'Trying to access array offset on value of type null', 'D:\\laragon\\www\\method-oldagehome\\app\\Views\\dashboard\\editOrganization.php', 47)
 2 SYSTEMPATH\View\View.php(226): include('D:\\laragon\\www\\method-oldagehome\\app\\Views\\dashboard\\editOrganization.php')
 3 SYSTEMPATH\View\View.php(229): CodeIgniter\View\View->CodeIgniter\View\{closure}()
 4 SYSTEMPATH\Common.php(1188): CodeIgniter\View\View->render('dashboard/editOrganization', [], true)
 5 APPPATH\Controllers\HomeController.php(165): view('dashboard/editOrganization', [...])
 6 SYSTEMPATH\CodeIgniter.php(919): App\Controllers\HomeController->viewedit('login', 'js', 'off-canvas.js')
 7 SYSTEMPATH\CodeIgniter.php(494): CodeIgniter\CodeIgniter->runController(Object(App\Controllers\HomeController))
 8 SYSTEMPATH\CodeIgniter.php(353): CodeIgniter\CodeIgniter->handleRequest(null, Object(Config\Cache), false)
 9 FCPATH\index.php(79): CodeIgniter\CodeIgniter->run()
10 SYSTEMPATH\Commands\Server\rewrite.php(47): require_once('D:\\laragon\\www\\method-oldagehome\\public\\index.php')
CRITICAL - 2024-11-17 18:04:38 --> Trying to access array offset on value of type null
in APPPATH\Views\dashboard\editOrganization.php on line 47.
 1 APPPATH\Views\dashboard\editOrganization.php(47): CodeIgniter\Debug\Exceptions->errorHandler(2, 'Trying to access array offset on value of type null', 'D:\\laragon\\www\\method-oldagehome\\app\\Views\\dashboard\\editOrganization.php', 47)
 2 SYSTEMPATH\View\View.php(226): include('D:\\laragon\\www\\method-oldagehome\\app\\Views\\dashboard\\editOrganization.php')
 3 SYSTEMPATH\View\View.php(229): CodeIgniter\View\View->CodeIgniter\View\{closure}()
 4 SYSTEMPATH\Common.php(1188): CodeIgniter\View\View->render('dashboard/editOrganization', [], true)
 5 APPPATH\Controllers\HomeController.php(165): view('dashboard/editOrganization', [...])
 6 SYSTEMPATH\CodeIgniter.php(919): App\Controllers\HomeController->viewedit('login', 'js', 'hoverable-collapse.js')
 7 SYSTEMPATH\CodeIgniter.php(494): CodeIgniter\CodeIgniter->runController(Object(App\Controllers\HomeController))
 8 SYSTEMPATH\CodeIgniter.php(353): CodeIgniter\CodeIgniter->handleRequest(null, Object(Config\Cache), false)
 9 FCPATH\index.php(79): CodeIgniter\CodeIgniter->run()
10 SYSTEMPATH\Commands\Server\rewrite.php(47): require_once('D:\\laragon\\www\\method-oldagehome\\public\\index.php')
CRITICAL - 2024-11-17 18:04:39 --> Trying to access array offset on value of type null
in APPPATH\Views\dashboard\editOrganization.php on line 47.
 1 APPPATH\Views\dashboard\editOrganization.php(47): CodeIgniter\Debug\Exceptions->errorHandler(2, 'Trying to access array offset on value of type null', 'D:\\laragon\\www\\method-oldagehome\\app\\Views\\dashboard\\editOrganization.php', 47)
 2 SYSTEMPATH\View\View.php(226): include('D:\\laragon\\www\\method-oldagehome\\app\\Views\\dashboard\\editOrganization.php')
 3 SYSTEMPATH\View\View.php(229): CodeIgniter\View\View->CodeIgniter\View\{closure}()
 4 SYSTEMPATH\Common.php(1188): CodeIgniter\View\View->render('dashboard/editOrganization', [], true)
 5 APPPATH\Controllers\HomeController.php(165): view('dashboard/editOrganization', [...])
 6 SYSTEMPATH\CodeIgniter.php(919): App\Controllers\HomeController->viewedit('login', 'js', 'template.js')
 7 SYSTEMPATH\CodeIgniter.php(494): CodeIgniter\CodeIgniter->runController(Object(App\Controllers\HomeController))
 8 SYSTEMPATH\CodeIgniter.php(353): CodeIgniter\CodeIgniter->handleRequest(null, Object(Config\Cache), false)
 9 FCPATH\index.php(79): CodeIgniter\CodeIgniter->run()
10 SYSTEMPATH\Commands\Server\rewrite.php(47): require_once('D:\\laragon\\www\\method-oldagehome\\public\\index.php')
CRITICAL - 2024-11-17 18:04:39 --> Trying to access array offset on value of type null
in APPPATH\Views\dashboard\editOrganization.php on line 47.
 1 APPPATH\Views\dashboard\editOrganization.php(47): CodeIgniter\Debug\Exceptions->errorHandler(2, 'Trying to access array offset on value of type null', 'D:\\laragon\\www\\method-oldagehome\\app\\Views\\dashboard\\editOrganization.php', 47)
 2 SYSTEMPATH\View\View.php(226): include('D:\\laragon\\www\\method-oldagehome\\app\\Views\\dashboard\\editOrganization.php')
 3 SYSTEMPATH\View\View.php(229): CodeIgniter\View\View->CodeIgniter\View\{closure}()
 4 SYSTEMPATH\Common.php(1188): CodeIgniter\View\View->render('dashboard/editOrganization', [], true)
 5 APPPATH\Controllers\HomeController.php(165): view('dashboard/editOrganization', [...])
 6 SYSTEMPATH\CodeIgniter.php(919): App\Controllers\HomeController->viewedit('login', 'js', 'settings.js')
 7 SYSTEMPATH\CodeIgniter.php(494): CodeIgniter\CodeIgniter->runController(Object(App\Controllers\HomeController))
 8 SYSTEMPATH\CodeIgniter.php(353): CodeIgniter\CodeIgniter->handleRequest(null, Object(Config\Cache), false)
 9 FCPATH\index.php(79): CodeIgniter\CodeIgniter->run()
10 SYSTEMPATH\Commands\Server\rewrite.php(47): require_once('D:\\laragon\\www\\method-oldagehome\\public\\index.php')
CRITICAL - 2024-11-17 18:04:40 --> Trying to access array offset on value of type null
in APPPATH\Views\dashboard\editOrganization.php on line 47.
 1 APPPATH\Views\dashboard\editOrganization.php(47): CodeIgniter\Debug\Exceptions->errorHandler(2, 'Trying to access array offset on value of type null', 'D:\\laragon\\www\\method-oldagehome\\app\\Views\\dashboard\\editOrganization.php', 47)
 2 SYSTEMPATH\View\View.php(226): include('D:\\laragon\\www\\method-oldagehome\\app\\Views\\dashboard\\editOrganization.php')
 3 SYSTEMPATH\View\View.php(229): CodeIgniter\View\View->CodeIgniter\View\{closure}()
 4 SYSTEMPATH\Common.php(1188): CodeIgniter\View\View->render('dashboard/editOrganization', [], true)
 5 APPPATH\Controllers\HomeController.php(165): view('dashboard/editOrganization', [...])
 6 SYSTEMPATH\CodeIgniter.php(919): App\Controllers\HomeController->viewedit('login', 'js', 'todolist.js')
 7 SYSTEMPATH\CodeIgniter.php(494): CodeIgniter\CodeIgniter->runController(Object(App\Controllers\HomeController))
 8 SYSTEMPATH\CodeIgniter.php(353): CodeIgniter\CodeIgniter->handleRequest(null, Object(Config\Cache), false)
 9 FCPATH\index.php(79): CodeIgniter\CodeIgniter->run()
10 SYSTEMPATH\Commands\Server\rewrite.php(47): require_once('D:\\laragon\\www\\method-oldagehome\\public\\index.php')
CRITICAL - 2024-11-17 18:04:40 --> Trying to access array offset on value of type null
in APPPATH\Views\dashboard\editOrganization.php on line 47.
 1 APPPATH\Views\dashboard\editOrganization.php(47): CodeIgniter\Debug\Exceptions->errorHandler(2, 'Trying to access array offset on value of type null', 'D:\\laragon\\www\\method-oldagehome\\app\\Views\\dashboard\\editOrganization.php', 47)
 2 SYSTEMPATH\View\View.php(226): include('D:\\laragon\\www\\method-oldagehome\\app\\Views\\dashboard\\editOrganization.php')
 3 SYSTEMPATH\View\View.php(229): CodeIgniter\View\View->CodeIgniter\View\{closure}()
 4 SYSTEMPATH\Common.php(1188): CodeIgniter\View\View->render('dashboard/editOrganization', [], true)
 5 APPPATH\Controllers\HomeController.php(165): view('dashboard/editOrganization', [...])
 6 SYSTEMPATH\CodeIgniter.php(919): App\Controllers\HomeController->viewedit('login', 'js', 'dashboard.js')
 7 SYSTEMPATH\CodeIgniter.php(494): CodeIgniter\CodeIgniter->runController(Object(App\Controllers\HomeController))
 8 SYSTEMPATH\CodeIgniter.php(353): CodeIgniter\CodeIgniter->handleRequest(null, Object(Config\Cache), false)
 9 FCPATH\index.php(79): CodeIgniter\CodeIgniter->run()
10 SYSTEMPATH\Commands\Server\rewrite.php(47): require_once('D:\\laragon\\www\\method-oldagehome\\public\\index.php')
CRITICAL - 2024-11-17 18:05:07 --> Trying to access array offset on value of type null
in APPPATH\Views\dashboard\editOrganization.php on line 47.
 1 APPPATH\Views\dashboard\editOrganization.php(47): CodeIgniter\Debug\Exceptions->errorHandler(2, 'Trying to access array offset on value of type null', 'D:\\laragon\\www\\method-oldagehome\\app\\Views\\dashboard\\editOrganization.php', 47)
 2 SYSTEMPATH\View\View.php(226): include('D:\\laragon\\www\\method-oldagehome\\app\\Views\\dashboard\\editOrganization.php')
 3 SYSTEMPATH\View\View.php(229): CodeIgniter\View\View->CodeIgniter\View\{closure}()
 4 SYSTEMPATH\Common.php(1188): CodeIgniter\View\View->render('dashboard/editOrganization', [], true)
 5 APPPATH\Controllers\HomeController.php(165): view('dashboard/editOrganization', [...])
 6 SYSTEMPATH\CodeIgniter.php(919): App\Controllers\HomeController->viewedit('login', 'vendors', 'typicons', 'typicons.css')
 7 SYSTEMPATH\CodeIgniter.php(494): CodeIgniter\CodeIgniter->runController(Object(App\Controllers\HomeController))
 8 SYSTEMPATH\CodeIgniter.php(353): CodeIgniter\CodeIgniter->handleRequest(null, Object(Config\Cache), false)
 9 FCPATH\index.php(79): CodeIgniter\CodeIgniter->run()
10 SYSTEMPATH\Commands\Server\rewrite.php(47): require_once('D:\\laragon\\www\\method-oldagehome\\public\\index.php')
CRITICAL - 2024-11-17 18:05:08 --> Trying to access array offset on value of type null
in APPPATH\Views\dashboard\editOrganization.php on line 47.
 1 APPPATH\Views\dashboard\editOrganization.php(47): CodeIgniter\Debug\Exceptions->errorHandler(2, 'Trying to access array offset on value of type null', 'D:\\laragon\\www\\method-oldagehome\\app\\Views\\dashboard\\editOrganization.php', 47)
 2 SYSTEMPATH\View\View.php(226): include('D:\\laragon\\www\\method-oldagehome\\app\\Views\\dashboard\\editOrganization.php')
 3 SYSTEMPATH\View\View.php(229): CodeIgniter\View\View->CodeIgniter\View\{closure}()
 4 SYSTEMPATH\Common.php(1188): CodeIgniter\View\View->render('dashboard/editOrganization', [], true)
 5 APPPATH\Controllers\HomeController.php(165): view('dashboard/editOrganization', [...])
 6 SYSTEMPATH\CodeIgniter.php(919): App\Controllers\HomeController->viewedit('login', 'vendors', 'css', 'vendor.bundle.base.css')
 7 SYSTEMPATH\CodeIgniter.php(494): CodeIgniter\CodeIgniter->runController(Object(App\Controllers\HomeController))
 8 SYSTEMPATH\CodeIgniter.php(353): CodeIgniter\CodeIgniter->handleRequest(null, Object(Config\Cache), false)
 9 FCPATH\index.php(79): CodeIgniter\CodeIgniter->run()
10 SYSTEMPATH\Commands\Server\rewrite.php(47): require_once('D:\\laragon\\www\\method-oldagehome\\public\\index.php')
CRITICAL - 2024-11-17 18:05:08 --> Trying to access array offset on value of type null
in APPPATH\Views\dashboard\editOrganization.php on line 47.
 1 APPPATH\Views\dashboard\editOrganization.php(47): CodeIgniter\Debug\Exceptions->errorHandler(2, 'Trying to access array offset on value of type null', 'D:\\laragon\\www\\method-oldagehome\\app\\Views\\dashboard\\editOrganization.php', 47)
 2 SYSTEMPATH\View\View.php(226): include('D:\\laragon\\www\\method-oldagehome\\app\\Views\\dashboard\\editOrganization.php')
 3 SYSTEMPATH\View\View.php(229): CodeIgniter\View\View->CodeIgniter\View\{closure}()
 4 SYSTEMPATH\Common.php(1188): CodeIgniter\View\View->render('dashboard/editOrganization', [], true)
 5 APPPATH\Controllers\HomeController.php(165): view('dashboard/editOrganization', [...])
 6 SYSTEMPATH\CodeIgniter.php(919): App\Controllers\HomeController->viewedit('login', 'vendors', 'select2', 'select2.min.css')
 7 SYSTEMPATH\CodeIgniter.php(494): CodeIgniter\CodeIgniter->runController(Object(App\Controllers\HomeController))
 8 SYSTEMPATH\CodeIgniter.php(353): CodeIgniter\CodeIgniter->handleRequest(null, Object(Config\Cache), false)
 9 FCPATH\index.php(79): CodeIgniter\CodeIgniter->run()
10 SYSTEMPATH\Commands\Server\rewrite.php(47): require_once('D:\\laragon\\www\\method-oldagehome\\public\\index.php')
CRITICAL - 2024-11-17 18:05:09 --> Trying to access array offset on value of type null
in APPPATH\Views\dashboard\editOrganization.php on line 47.
 1 APPPATH\Views\dashboard\editOrganization.php(47): CodeIgniter\Debug\Exceptions->errorHandler(2, 'Trying to access array offset on value of type null', 'D:\\laragon\\www\\method-oldagehome\\app\\Views\\dashboard\\editOrganization.php', 47)
 2 SYSTEMPATH\View\View.php(226): include('D:\\laragon\\www\\method-oldagehome\\app\\Views\\dashboard\\editOrganization.php')
 3 SYSTEMPATH\View\View.php(229): CodeIgniter\View\View->CodeIgniter\View\{closure}()
 4 SYSTEMPATH\Common.php(1188): CodeIgniter\View\View->render('dashboard/editOrganization', [], true)
 5 APPPATH\Controllers\HomeController.php(165): view('dashboard/editOrganization', [...])
 6 SYSTEMPATH\CodeIgniter.php(919): App\Controllers\HomeController->viewedit('login', 'vendors', 'select2-bootstrap-theme', 'select2-bootstrap.min.css')
 7 SYSTEMPATH\CodeIgniter.php(494): CodeIgniter\CodeIgniter->runController(Object(App\Controllers\HomeController))
 8 SYSTEMPATH\CodeIgniter.php(353): CodeIgniter\CodeIgniter->handleRequest(null, Object(Config\Cache), false)
 9 FCPATH\index.php(79): CodeIgniter\CodeIgniter->run()
10 SYSTEMPATH\Commands\Server\rewrite.php(47): require_once('D:\\laragon\\www\\method-oldagehome\\public\\index.php')
CRITICAL - 2024-11-17 18:05:09 --> Trying to access array offset on value of type null
in APPPATH\Views\dashboard\editOrganization.php on line 47.
 1 APPPATH\Views\dashboard\editOrganization.php(47): CodeIgniter\Debug\Exceptions->errorHandler(2, 'Trying to access array offset on value of type null', 'D:\\laragon\\www\\method-oldagehome\\app\\Views\\dashboard\\editOrganization.php', 47)
 2 SYSTEMPATH\View\View.php(226): include('D:\\laragon\\www\\method-oldagehome\\app\\Views\\dashboard\\editOrganization.php')
 3 SYSTEMPATH\View\View.php(229): CodeIgniter\View\View->CodeIgniter\View\{closure}()
 4 SYSTEMPATH\Common.php(1188): CodeIgniter\View\View->render('dashboard/editOrganization', [], true)
 5 APPPATH\Controllers\HomeController.php(165): view('dashboard/editOrganization', [...])
 6 SYSTEMPATH\CodeIgniter.php(919): App\Controllers\HomeController->viewedit('login', 'css', 'vertical-layout-light', 'style.css')
 7 SYSTEMPATH\CodeIgniter.php(494): CodeIgniter\CodeIgniter->runController(Object(App\Controllers\HomeController))
 8 SYSTEMPATH\CodeIgniter.php(353): CodeIgniter\CodeIgniter->handleRequest(null, Object(Config\Cache), false)
 9 FCPATH\index.php(79): CodeIgniter\CodeIgniter->run()
10 SYSTEMPATH\Commands\Server\rewrite.php(47): require_once('D:\\laragon\\www\\method-oldagehome\\public\\index.php')
CRITICAL - 2024-11-17 18:05:09 --> Trying to access array offset on value of type null
in APPPATH\Views\dashboard\editOrganization.php on line 47.
 1 APPPATH\Views\dashboard\editOrganization.php(47): CodeIgniter\Debug\Exceptions->errorHandler(2, 'Trying to access array offset on value of type null', 'D:\\laragon\\www\\method-oldagehome\\app\\Views\\dashboard\\editOrganization.php', 47)
 2 SYSTEMPATH\View\View.php(226): include('D:\\laragon\\www\\method-oldagehome\\app\\Views\\dashboard\\editOrganization.php')
 3 SYSTEMPATH\View\View.php(229): CodeIgniter\View\View->CodeIgniter\View\{closure}()
 4 SYSTEMPATH\Common.php(1188): CodeIgniter\View\View->render('dashboard/editOrganization', [], true)
 5 APPPATH\Controllers\HomeController.php(165): view('dashboard/editOrganization', [...])
 6 SYSTEMPATH\CodeIgniter.php(919): App\Controllers\HomeController->viewedit('login', 'vendors', 'js', 'vendor.bundle.base.js')
 7 SYSTEMPATH\CodeIgniter.php(494): CodeIgniter\CodeIgniter->runController(Object(App\Controllers\HomeController))
 8 SYSTEMPATH\CodeIgniter.php(353): CodeIgniter\CodeIgniter->handleRequest(null, Object(Config\Cache), false)
 9 FCPATH\index.php(79): CodeIgniter\CodeIgniter->run()
10 SYSTEMPATH\Commands\Server\rewrite.php(47): require_once('D:\\laragon\\www\\method-oldagehome\\public\\index.php')
CRITICAL - 2024-11-17 18:05:10 --> Trying to access array offset on value of type null
in APPPATH\Views\dashboard\editOrganization.php on line 47.
 1 APPPATH\Views\dashboard\editOrganization.php(47): CodeIgniter\Debug\Exceptions->errorHandler(2, 'Trying to access array offset on value of type null', 'D:\\laragon\\www\\method-oldagehome\\app\\Views\\dashboard\\editOrganization.php', 47)
 2 SYSTEMPATH\View\View.php(226): include('D:\\laragon\\www\\method-oldagehome\\app\\Views\\dashboard\\editOrganization.php')
 3 SYSTEMPATH\View\View.php(229): CodeIgniter\View\View->CodeIgniter\View\{closure}()
 4 SYSTEMPATH\Common.php(1188): CodeIgniter\View\View->render('dashboard/editOrganization', [], true)
 5 APPPATH\Controllers\HomeController.php(165): view('dashboard/editOrganization', [...])
 6 SYSTEMPATH\CodeIgniter.php(919): App\Controllers\HomeController->viewedit('login', 'vendors', 'chart.js', 'Chart.min.js')
 7 SYSTEMPATH\CodeIgniter.php(494): CodeIgniter\CodeIgniter->runController(Object(App\Controllers\HomeController))
 8 SYSTEMPATH\CodeIgniter.php(353): CodeIgniter\CodeIgniter->handleRequest(null, Object(Config\Cache), false)
 9 FCPATH\index.php(79): CodeIgniter\CodeIgniter->run()
10 SYSTEMPATH\Commands\Server\rewrite.php(47): require_once('D:\\laragon\\www\\method-oldagehome\\public\\index.php')
CRITICAL - 2024-11-17 18:05:10 --> Trying to access array offset on value of type null
in APPPATH\Views\dashboard\editOrganization.php on line 47.
 1 APPPATH\Views\dashboard\editOrganization.php(47): CodeIgniter\Debug\Exceptions->errorHandler(2, 'Trying to access array offset on value of type null', 'D:\\laragon\\www\\method-oldagehome\\app\\Views\\dashboard\\editOrganization.php', 47)
 2 SYSTEMPATH\View\View.php(226): include('D:\\laragon\\www\\method-oldagehome\\app\\Views\\dashboard\\editOrganization.php')
 3 SYSTEMPATH\View\View.php(229): CodeIgniter\View\View->CodeIgniter\View\{closure}()
 4 SYSTEMPATH\Common.php(1188): CodeIgniter\View\View->render('dashboard/editOrganization', [], true)
 5 APPPATH\Controllers\HomeController.php(165): view('dashboard/editOrganization', [...])
 6 SYSTEMPATH\CodeIgniter.php(919): App\Controllers\HomeController->viewedit('login', 'js', 'off-canvas.js')
 7 SYSTEMPATH\CodeIgniter.php(494): CodeIgniter\CodeIgniter->runController(Object(App\Controllers\HomeController))
 8 SYSTEMPATH\CodeIgniter.php(353): CodeIgniter\CodeIgniter->handleRequest(null, Object(Config\Cache), false)
 9 FCPATH\index.php(79): CodeIgniter\CodeIgniter->run()
10 SYSTEMPATH\Commands\Server\rewrite.php(47): require_once('D:\\laragon\\www\\method-oldagehome\\public\\index.php')
CRITICAL - 2024-11-17 18:05:11 --> Trying to access array offset on value of type null
in APPPATH\Views\dashboard\editOrganization.php on line 47.
 1 APPPATH\Views\dashboard\editOrganization.php(47): CodeIgniter\Debug\Exceptions->errorHandler(2, 'Trying to access array offset on value of type null', 'D:\\laragon\\www\\method-oldagehome\\app\\Views\\dashboard\\editOrganization.php', 47)
 2 SYSTEMPATH\View\View.php(226): include('D:\\laragon\\www\\method-oldagehome\\app\\Views\\dashboard\\editOrganization.php')
 3 SYSTEMPATH\View\View.php(229): CodeIgniter\View\View->CodeIgniter\View\{closure}()
 4 SYSTEMPATH\Common.php(1188): CodeIgniter\View\View->render('dashboard/editOrganization', [], true)
 5 APPPATH\Controllers\HomeController.php(165): view('dashboard/editOrganization', [...])
 6 SYSTEMPATH\CodeIgniter.php(919): App\Controllers\HomeController->viewedit('login', 'js', 'hoverable-collapse.js')
 7 SYSTEMPATH\CodeIgniter.php(494): CodeIgniter\CodeIgniter->runController(Object(App\Controllers\HomeController))
 8 SYSTEMPATH\CodeIgniter.php(353): CodeIgniter\CodeIgniter->handleRequest(null, Object(Config\Cache), false)
 9 FCPATH\index.php(79): CodeIgniter\CodeIgniter->run()
10 SYSTEMPATH\Commands\Server\rewrite.php(47): require_once('D:\\laragon\\www\\method-oldagehome\\public\\index.php')
CRITICAL - 2024-11-17 18:05:11 --> Trying to access array offset on value of type null
in APPPATH\Views\dashboard\editOrganization.php on line 47.
 1 APPPATH\Views\dashboard\editOrganization.php(47): CodeIgniter\Debug\Exceptions->errorHandler(2, 'Trying to access array offset on value of type null', 'D:\\laragon\\www\\method-oldagehome\\app\\Views\\dashboard\\editOrganization.php', 47)
 2 SYSTEMPATH\View\View.php(226): include('D:\\laragon\\www\\method-oldagehome\\app\\Views\\dashboard\\editOrganization.php')
 3 SYSTEMPATH\View\View.php(229): CodeIgniter\View\View->CodeIgniter\View\{closure}()
 4 SYSTEMPATH\Common.php(1188): CodeIgniter\View\View->render('dashboard/editOrganization', [], true)
 5 APPPATH\Controllers\HomeController.php(165): view('dashboard/editOrganization', [...])
 6 SYSTEMPATH\CodeIgniter.php(919): App\Controllers\HomeController->viewedit('login', 'js', 'template.js')
 7 SYSTEMPATH\CodeIgniter.php(494): CodeIgniter\CodeIgniter->runController(Object(App\Controllers\HomeController))
 8 SYSTEMPATH\CodeIgniter.php(353): CodeIgniter\CodeIgniter->handleRequest(null, Object(Config\Cache), false)
 9 FCPATH\index.php(79): CodeIgniter\CodeIgniter->run()
10 SYSTEMPATH\Commands\Server\rewrite.php(47): require_once('D:\\laragon\\www\\method-oldagehome\\public\\index.php')
CRITICAL - 2024-11-17 18:05:12 --> Trying to access array offset on value of type null
in APPPATH\Views\dashboard\editOrganization.php on line 47.
 1 APPPATH\Views\dashboard\editOrganization.php(47): CodeIgniter\Debug\Exceptions->errorHandler(2, 'Trying to access array offset on value of type null', 'D:\\laragon\\www\\method-oldagehome\\app\\Views\\dashboard\\editOrganization.php', 47)
 2 SYSTEMPATH\View\View.php(226): include('D:\\laragon\\www\\method-oldagehome\\app\\Views\\dashboard\\editOrganization.php')
 3 SYSTEMPATH\View\View.php(229): CodeIgniter\View\View->CodeIgniter\View\{closure}()
 4 SYSTEMPATH\Common.php(1188): CodeIgniter\View\View->render('dashboard/editOrganization', [], true)
 5 APPPATH\Controllers\HomeController.php(165): view('dashboard/editOrganization', [...])
 6 SYSTEMPATH\CodeIgniter.php(919): App\Controllers\HomeController->viewedit('login', 'js', 'settings.js')
 7 SYSTEMPATH\CodeIgniter.php(494): CodeIgniter\CodeIgniter->runController(Object(App\Controllers\HomeController))
 8 SYSTEMPATH\CodeIgniter.php(353): CodeIgniter\CodeIgniter->handleRequest(null, Object(Config\Cache), false)
 9 FCPATH\index.php(79): CodeIgniter\CodeIgniter->run()
10 SYSTEMPATH\Commands\Server\rewrite.php(47): require_once('D:\\laragon\\www\\method-oldagehome\\public\\index.php')
CRITICAL - 2024-11-17 18:05:12 --> Trying to access array offset on value of type null
in APPPATH\Views\dashboard\editOrganization.php on line 47.
 1 APPPATH\Views\dashboard\editOrganization.php(47): CodeIgniter\Debug\Exceptions->errorHandler(2, 'Trying to access array offset on value of type null', 'D:\\laragon\\www\\method-oldagehome\\app\\Views\\dashboard\\editOrganization.php', 47)
 2 SYSTEMPATH\View\View.php(226): include('D:\\laragon\\www\\method-oldagehome\\app\\Views\\dashboard\\editOrganization.php')
 3 SYSTEMPATH\View\View.php(229): CodeIgniter\View\View->CodeIgniter\View\{closure}()
 4 SYSTEMPATH\Common.php(1188): CodeIgniter\View\View->render('dashboard/editOrganization', [], true)
 5 APPPATH\Controllers\HomeController.php(165): view('dashboard/editOrganization', [...])
 6 SYSTEMPATH\CodeIgniter.php(919): App\Controllers\HomeController->viewedit('login', 'js', 'todolist.js')
 7 SYSTEMPATH\CodeIgniter.php(494): CodeIgniter\CodeIgniter->runController(Object(App\Controllers\HomeController))
 8 SYSTEMPATH\CodeIgniter.php(353): CodeIgniter\CodeIgniter->handleRequest(null, Object(Config\Cache), false)
 9 FCPATH\index.php(79): CodeIgniter\CodeIgniter->run()
10 SYSTEMPATH\Commands\Server\rewrite.php(47): require_once('D:\\laragon\\www\\method-oldagehome\\public\\index.php')
CRITICAL - 2024-11-17 18:05:13 --> Trying to access array offset on value of type null
in APPPATH\Views\dashboard\editOrganization.php on line 47.
 1 APPPATH\Views\dashboard\editOrganization.php(47): CodeIgniter\Debug\Exceptions->errorHandler(2, 'Trying to access array offset on value of type null', 'D:\\laragon\\www\\method-oldagehome\\app\\Views\\dashboard\\editOrganization.php', 47)
 2 SYSTEMPATH\View\View.php(226): include('D:\\laragon\\www\\method-oldagehome\\app\\Views\\dashboard\\editOrganization.php')
 3 SYSTEMPATH\View\View.php(229): CodeIgniter\View\View->CodeIgniter\View\{closure}()
 4 SYSTEMPATH\Common.php(1188): CodeIgniter\View\View->render('dashboard/editOrganization', [], true)
 5 APPPATH\Controllers\HomeController.php(165): view('dashboard/editOrganization', [...])
 6 SYSTEMPATH\CodeIgniter.php(919): App\Controllers\HomeController->viewedit('login', 'js', 'dashboard.js')
 7 SYSTEMPATH\CodeIgniter.php(494): CodeIgniter\CodeIgniter->runController(Object(App\Controllers\HomeController))
 8 SYSTEMPATH\CodeIgniter.php(353): CodeIgniter\CodeIgniter->handleRequest(null, Object(Config\Cache), false)
 9 FCPATH\index.php(79): CodeIgniter\CodeIgniter->run()
10 SYSTEMPATH\Commands\Server\rewrite.php(47): require_once('D:\\laragon\\www\\method-oldagehome\\public\\index.php')
CRITICAL - 2024-11-17 18:05:20 --> Trying to access array offset on value of type null
in APPPATH\Views\dashboard\editOrganization.php on line 47.
 1 APPPATH\Views\dashboard\editOrganization.php(47): CodeIgniter\Debug\Exceptions->errorHandler(2, 'Trying to access array offset on value of type null', 'D:\\laragon\\www\\method-oldagehome\\app\\Views\\dashboard\\editOrganization.php', 47)
 2 SYSTEMPATH\View\View.php(226): include('D:\\laragon\\www\\method-oldagehome\\app\\Views\\dashboard\\editOrganization.php')
 3 SYSTEMPATH\View\View.php(229): CodeIgniter\View\View->CodeIgniter\View\{closure}()
 4 SYSTEMPATH\Common.php(1188): CodeIgniter\View\View->render('dashboard/editOrganization', [], true)
 5 APPPATH\Controllers\HomeController.php(165): view('dashboard/editOrganization', [...])
 6 SYSTEMPATH\CodeIgniter.php(919): App\Controllers\HomeController->viewedit('login', 'vendors', 'select2', 'select2.min.css')
 7 SYSTEMPATH\CodeIgniter.php(494): CodeIgniter\CodeIgniter->runController(Object(App\Controllers\HomeController))
 8 SYSTEMPATH\CodeIgniter.php(353): CodeIgniter\CodeIgniter->handleRequest(null, Object(Config\Cache), false)
 9 FCPATH\index.php(79): CodeIgniter\CodeIgniter->run()
10 SYSTEMPATH\Commands\Server\rewrite.php(47): require_once('D:\\laragon\\www\\method-oldagehome\\public\\index.php')
CRITICAL - 2024-11-17 18:05:21 --> Trying to access array offset on value of type null
in APPPATH\Views\dashboard\editOrganization.php on line 47.
 1 APPPATH\Views\dashboard\editOrganization.php(47): CodeIgniter\Debug\Exceptions->errorHandler(2, 'Trying to access array offset on value of type null', 'D:\\laragon\\www\\method-oldagehome\\app\\Views\\dashboard\\editOrganization.php', 47)
 2 SYSTEMPATH\View\View.php(226): include('D:\\laragon\\www\\method-oldagehome\\app\\Views\\dashboard\\editOrganization.php')
 3 SYSTEMPATH\View\View.php(229): CodeIgniter\View\View->CodeIgniter\View\{closure}()
 4 SYSTEMPATH\Common.php(1188): CodeIgniter\View\View->render('dashboard/editOrganization', [], true)
 5 APPPATH\Controllers\HomeController.php(165): view('dashboard/editOrganization', [...])
 6 SYSTEMPATH\CodeIgniter.php(919): App\Controllers\HomeController->viewedit('login', 'vendors', 'css', 'vendor.bundle.base.css')
 7 SYSTEMPATH\CodeIgniter.php(494): CodeIgniter\CodeIgniter->runController(Object(App\Controllers\HomeController))
 8 SYSTEMPATH\CodeIgniter.php(353): CodeIgniter\CodeIgniter->handleRequest(null, Object(Config\Cache), false)
 9 FCPATH\index.php(79): CodeIgniter\CodeIgniter->run()
10 SYSTEMPATH\Commands\Server\rewrite.php(47): require_once('D:\\laragon\\www\\method-oldagehome\\public\\index.php')
CRITICAL - 2024-11-17 18:05:21 --> Trying to access array offset on value of type null
in APPPATH\Views\dashboard\editOrganization.php on line 47.
 1 APPPATH\Views\dashboard\editOrganization.php(47): CodeIgniter\Debug\Exceptions->errorHandler(2, 'Trying to access array offset on value of type null', 'D:\\laragon\\www\\method-oldagehome\\app\\Views\\dashboard\\editOrganization.php', 47)
 2 SYSTEMPATH\View\View.php(226): include('D:\\laragon\\www\\method-oldagehome\\app\\Views\\dashboard\\editOrganization.php')
 3 SYSTEMPATH\View\View.php(229): CodeIgniter\View\View->CodeIgniter\View\{closure}()
 4 SYSTEMPATH\Common.php(1188): CodeIgniter\View\View->render('dashboard/editOrganization', [], true)
 5 APPPATH\Controllers\HomeController.php(165): view('dashboard/editOrganization', [...])
 6 SYSTEMPATH\CodeIgniter.php(919): App\Controllers\HomeController->viewedit('login', 'vendors', 'typicons', 'typicons.css')
 7 SYSTEMPATH\CodeIgniter.php(494): CodeIgniter\CodeIgniter->runController(Object(App\Controllers\HomeController))
 8 SYSTEMPATH\CodeIgniter.php(353): CodeIgniter\CodeIgniter->handleRequest(null, Object(Config\Cache), false)
 9 FCPATH\index.php(79): CodeIgniter\CodeIgniter->run()
10 SYSTEMPATH\Commands\Server\rewrite.php(47): require_once('D:\\laragon\\www\\method-oldagehome\\public\\index.php')
CRITICAL - 2024-11-17 18:05:22 --> Trying to access array offset on value of type null
in APPPATH\Views\dashboard\editOrganization.php on line 47.
 1 APPPATH\Views\dashboard\editOrganization.php(47): CodeIgniter\Debug\Exceptions->errorHandler(2, 'Trying to access array offset on value of type null', 'D:\\laragon\\www\\method-oldagehome\\app\\Views\\dashboard\\editOrganization.php', 47)
 2 SYSTEMPATH\View\View.php(226): include('D:\\laragon\\www\\method-oldagehome\\app\\Views\\dashboard\\editOrganization.php')
 3 SYSTEMPATH\View\View.php(229): CodeIgniter\View\View->CodeIgniter\View\{closure}()
 4 SYSTEMPATH\Common.php(1188): CodeIgniter\View\View->render('dashboard/editOrganization', [], true)
 5 APPPATH\Controllers\HomeController.php(165): view('dashboard/editOrganization', [...])
 6 SYSTEMPATH\CodeIgniter.php(919): App\Controllers\HomeController->viewedit('login', 'vendors', 'select2-bootstrap-theme', 'select2-bootstrap.min.css')
 7 SYSTEMPATH\CodeIgniter.php(494): CodeIgniter\CodeIgniter->runController(Object(App\Controllers\HomeController))
 8 SYSTEMPATH\CodeIgniter.php(353): CodeIgniter\CodeIgniter->handleRequest(null, Object(Config\Cache), false)
 9 FCPATH\index.php(79): CodeIgniter\CodeIgniter->run()
10 SYSTEMPATH\Commands\Server\rewrite.php(47): require_once('D:\\laragon\\www\\method-oldagehome\\public\\index.php')
CRITICAL - 2024-11-17 18:05:22 --> Trying to access array offset on value of type null
in APPPATH\Views\dashboard\editOrganization.php on line 47.
 1 APPPATH\Views\dashboard\editOrganization.php(47): CodeIgniter\Debug\Exceptions->errorHandler(2, 'Trying to access array offset on value of type null', 'D:\\laragon\\www\\method-oldagehome\\app\\Views\\dashboard\\editOrganization.php', 47)
 2 SYSTEMPATH\View\View.php(226): include('D:\\laragon\\www\\method-oldagehome\\app\\Views\\dashboard\\editOrganization.php')
 3 SYSTEMPATH\View\View.php(229): CodeIgniter\View\View->CodeIgniter\View\{closure}()
 4 SYSTEMPATH\Common.php(1188): CodeIgniter\View\View->render('dashboard/editOrganization', [], true)
 5 APPPATH\Controllers\HomeController.php(165): view('dashboard/editOrganization', [...])
 6 SYSTEMPATH\CodeIgniter.php(919): App\Controllers\HomeController->viewedit('login', 'css', 'vertical-layout-light', 'style.css')
 7 SYSTEMPATH\CodeIgniter.php(494): CodeIgniter\CodeIgniter->runController(Object(App\Controllers\HomeController))
 8 SYSTEMPATH\CodeIgniter.php(353): CodeIgniter\CodeIgniter->handleRequest(null, Object(Config\Cache), false)
 9 FCPATH\index.php(79): CodeIgniter\CodeIgniter->run()
10 SYSTEMPATH\Commands\Server\rewrite.php(47): require_once('D:\\laragon\\www\\method-oldagehome\\public\\index.php')
CRITICAL - 2024-11-17 18:05:23 --> Trying to access array offset on value of type null
in APPPATH\Views\dashboard\editOrganization.php on line 47.
 1 APPPATH\Views\dashboard\editOrganization.php(47): CodeIgniter\Debug\Exceptions->errorHandler(2, 'Trying to access array offset on value of type null', 'D:\\laragon\\www\\method-oldagehome\\app\\Views\\dashboard\\editOrganization.php', 47)
 2 SYSTEMPATH\View\View.php(226): include('D:\\laragon\\www\\method-oldagehome\\app\\Views\\dashboard\\editOrganization.php')
 3 SYSTEMPATH\View\View.php(229): CodeIgniter\View\View->CodeIgniter\View\{closure}()
 4 SYSTEMPATH\Common.php(1188): CodeIgniter\View\View->render('dashboard/editOrganization', [], true)
 5 APPPATH\Controllers\HomeController.php(165): view('dashboard/editOrganization', [...])
 6 SYSTEMPATH\CodeIgniter.php(919): App\Controllers\HomeController->viewedit('login', 'vendors', 'js', 'vendor.bundle.base.js')
 7 SYSTEMPATH\CodeIgniter.php(494): CodeIgniter\CodeIgniter->runController(Object(App\Controllers\HomeController))
 8 SYSTEMPATH\CodeIgniter.php(353): CodeIgniter\CodeIgniter->handleRequest(null, Object(Config\Cache), false)
 9 FCPATH\index.php(79): CodeIgniter\CodeIgniter->run()
10 SYSTEMPATH\Commands\Server\rewrite.php(47): require_once('D:\\laragon\\www\\method-oldagehome\\public\\index.php')
CRITICAL - 2024-11-17 18:05:23 --> Trying to access array offset on value of type null
in APPPATH\Views\dashboard\editOrganization.php on line 47.
 1 APPPATH\Views\dashboard\editOrganization.php(47): CodeIgniter\Debug\Exceptions->errorHandler(2, 'Trying to access array offset on value of type null', 'D:\\laragon\\www\\method-oldagehome\\app\\Views\\dashboard\\editOrganization.php', 47)
 2 SYSTEMPATH\View\View.php(226): include('D:\\laragon\\www\\method-oldagehome\\app\\Views\\dashboard\\editOrganization.php')
 3 SYSTEMPATH\View\View.php(229): CodeIgniter\View\View->CodeIgniter\View\{closure}()
 4 SYSTEMPATH\Common.php(1188): CodeIgniter\View\View->render('dashboard/editOrganization', [], true)
 5 APPPATH\Controllers\HomeController.php(165): view('dashboard/editOrganization', [...])
 6 SYSTEMPATH\CodeIgniter.php(919): App\Controllers\HomeController->viewedit('login', 'vendors', 'chart.js', 'Chart.min.js')
 7 SYSTEMPATH\CodeIgniter.php(494): CodeIgniter\CodeIgniter->runController(Object(App\Controllers\HomeController))
 8 SYSTEMPATH\CodeIgniter.php(353): CodeIgniter\CodeIgniter->handleRequest(null, Object(Config\Cache), false)
 9 FCPATH\index.php(79): CodeIgniter\CodeIgniter->run()
10 SYSTEMPATH\Commands\Server\rewrite.php(47): require_once('D:\\laragon\\www\\method-oldagehome\\public\\index.php')
CRITICAL - 2024-11-17 18:05:24 --> Trying to access array offset on value of type null
in APPPATH\Views\dashboard\editOrganization.php on line 47.
 1 APPPATH\Views\dashboard\editOrganization.php(47): CodeIgniter\Debug\Exceptions->errorHandler(2, 'Trying to access array offset on value of type null', 'D:\\laragon\\www\\method-oldagehome\\app\\Views\\dashboard\\editOrganization.php', 47)
 2 SYSTEMPATH\View\View.php(226): include('D:\\laragon\\www\\method-oldagehome\\app\\Views\\dashboard\\editOrganization.php')
 3 SYSTEMPATH\View\View.php(229): CodeIgniter\View\View->CodeIgniter\View\{closure}()
 4 SYSTEMPATH\Common.php(1188): CodeIgniter\View\View->render('dashboard/editOrganization', [], true)
 5 APPPATH\Controllers\HomeController.php(165): view('dashboard/editOrganization', [...])
 6 SYSTEMPATH\CodeIgniter.php(919): App\Controllers\HomeController->viewedit('login', 'js', 'off-canvas.js')
 7 SYSTEMPATH\CodeIgniter.php(494): CodeIgniter\CodeIgniter->runController(Object(App\Controllers\HomeController))
 8 SYSTEMPATH\CodeIgniter.php(353): CodeIgniter\CodeIgniter->handleRequest(null, Object(Config\Cache), false)
 9 FCPATH\index.php(79): CodeIgniter\CodeIgniter->run()
10 SYSTEMPATH\Commands\Server\rewrite.php(47): require_once('D:\\laragon\\www\\method-oldagehome\\public\\index.php')
CRITICAL - 2024-11-17 18:05:24 --> Trying to access array offset on value of type null
in APPPATH\Views\dashboard\editOrganization.php on line 47.
 1 APPPATH\Views\dashboard\editOrganization.php(47): CodeIgniter\Debug\Exceptions->errorHandler(2, 'Trying to access array offset on value of type null', 'D:\\laragon\\www\\method-oldagehome\\app\\Views\\dashboard\\editOrganization.php', 47)
 2 SYSTEMPATH\View\View.php(226): include('D:\\laragon\\www\\method-oldagehome\\app\\Views\\dashboard\\editOrganization.php')
 3 SYSTEMPATH\View\View.php(229): CodeIgniter\View\View->CodeIgniter\View\{closure}()
 4 SYSTEMPATH\Common.php(1188): CodeIgniter\View\View->render('dashboard/editOrganization', [], true)
 5 APPPATH\Controllers\HomeController.php(165): view('dashboard/editOrganization', [...])
 6 SYSTEMPATH\CodeIgniter.php(919): App\Controllers\HomeController->viewedit('login', 'js', 'hoverable-collapse.js')
 7 SYSTEMPATH\CodeIgniter.php(494): CodeIgniter\CodeIgniter->runController(Object(App\Controllers\HomeController))
 8 SYSTEMPATH\CodeIgniter.php(353): CodeIgniter\CodeIgniter->handleRequest(null, Object(Config\Cache), false)
 9 FCPATH\index.php(79): CodeIgniter\CodeIgniter->run()
10 SYSTEMPATH\Commands\Server\rewrite.php(47): require_once('D:\\laragon\\www\\method-oldagehome\\public\\index.php')
CRITICAL - 2024-11-17 18:05:25 --> Trying to access array offset on value of type null
in APPPATH\Views\dashboard\editOrganization.php on line 47.
 1 APPPATH\Views\dashboard\editOrganization.php(47): CodeIgniter\Debug\Exceptions->errorHandler(2, 'Trying to access array offset on value of type null', 'D:\\laragon\\www\\method-oldagehome\\app\\Views\\dashboard\\editOrganization.php', 47)
 2 SYSTEMPATH\View\View.php(226): include('D:\\laragon\\www\\method-oldagehome\\app\\Views\\dashboard\\editOrganization.php')
 3 SYSTEMPATH\View\View.php(229): CodeIgniter\View\View->CodeIgniter\View\{closure}()
 4 SYSTEMPATH\Common.php(1188): CodeIgniter\View\View->render('dashboard/editOrganization', [], true)
 5 APPPATH\Controllers\HomeController.php(165): view('dashboard/editOrganization', [...])
 6 SYSTEMPATH\CodeIgniter.php(919): App\Controllers\HomeController->viewedit('login', 'js', 'template.js')
 7 SYSTEMPATH\CodeIgniter.php(494): CodeIgniter\CodeIgniter->runController(Object(App\Controllers\HomeController))
 8 SYSTEMPATH\CodeIgniter.php(353): CodeIgniter\CodeIgniter->handleRequest(null, Object(Config\Cache), false)
 9 FCPATH\index.php(79): CodeIgniter\CodeIgniter->run()
10 SYSTEMPATH\Commands\Server\rewrite.php(47): require_once('D:\\laragon\\www\\method-oldagehome\\public\\index.php')
CRITICAL - 2024-11-17 18:05:25 --> Trying to access array offset on value of type null
in APPPATH\Views\dashboard\editOrganization.php on line 47.
 1 APPPATH\Views\dashboard\editOrganization.php(47): CodeIgniter\Debug\Exceptions->errorHandler(2, 'Trying to access array offset on value of type null', 'D:\\laragon\\www\\method-oldagehome\\app\\Views\\dashboard\\editOrganization.php', 47)
 2 SYSTEMPATH\View\View.php(226): include('D:\\laragon\\www\\method-oldagehome\\app\\Views\\dashboard\\editOrganization.php')
 3 SYSTEMPATH\View\View.php(229): CodeIgniter\View\View->CodeIgniter\View\{closure}()
 4 SYSTEMPATH\Common.php(1188): CodeIgniter\View\View->render('dashboard/editOrganization', [], true)
 5 APPPATH\Controllers\HomeController.php(165): view('dashboard/editOrganization', [...])
 6 SYSTEMPATH\CodeIgniter.php(919): App\Controllers\HomeController->viewedit('login', 'js', 'settings.js')
 7 SYSTEMPATH\CodeIgniter.php(494): CodeIgniter\CodeIgniter->runController(Object(App\Controllers\HomeController))
 8 SYSTEMPATH\CodeIgniter.php(353): CodeIgniter\CodeIgniter->handleRequest(null, Object(Config\Cache), false)
 9 FCPATH\index.php(79): CodeIgniter\CodeIgniter->run()
10 SYSTEMPATH\Commands\Server\rewrite.php(47): require_once('D:\\laragon\\www\\method-oldagehome\\public\\index.php')
CRITICAL - 2024-11-17 18:05:26 --> Trying to access array offset on value of type null
in APPPATH\Views\dashboard\editOrganization.php on line 47.
 1 APPPATH\Views\dashboard\editOrganization.php(47): CodeIgniter\Debug\Exceptions->errorHandler(2, 'Trying to access array offset on value of type null', 'D:\\laragon\\www\\method-oldagehome\\app\\Views\\dashboard\\editOrganization.php', 47)
 2 SYSTEMPATH\View\View.php(226): include('D:\\laragon\\www\\method-oldagehome\\app\\Views\\dashboard\\editOrganization.php')
 3 SYSTEMPATH\View\View.php(229): CodeIgniter\View\View->CodeIgniter\View\{closure}()
 4 SYSTEMPATH\Common.php(1188): CodeIgniter\View\View->render('dashboard/editOrganization', [], true)
 5 APPPATH\Controllers\HomeController.php(165): view('dashboard/editOrganization', [...])
 6 SYSTEMPATH\CodeIgniter.php(919): App\Controllers\HomeController->viewedit('login', 'js', 'todolist.js')
 7 SYSTEMPATH\CodeIgniter.php(494): CodeIgniter\CodeIgniter->runController(Object(App\Controllers\HomeController))
 8 SYSTEMPATH\CodeIgniter.php(353): CodeIgniter\CodeIgniter->handleRequest(null, Object(Config\Cache), false)
 9 FCPATH\index.php(79): CodeIgniter\CodeIgniter->run()
10 SYSTEMPATH\Commands\Server\rewrite.php(47): require_once('D:\\laragon\\www\\method-oldagehome\\public\\index.php')
CRITICAL - 2024-11-17 18:05:26 --> Trying to access array offset on value of type null
in APPPATH\Views\dashboard\editOrganization.php on line 47.
 1 APPPATH\Views\dashboard\editOrganization.php(47): CodeIgniter\Debug\Exceptions->errorHandler(2, 'Trying to access array offset on value of type null', 'D:\\laragon\\www\\method-oldagehome\\app\\Views\\dashboard\\editOrganization.php', 47)
 2 SYSTEMPATH\View\View.php(226): include('D:\\laragon\\www\\method-oldagehome\\app\\Views\\dashboard\\editOrganization.php')
 3 SYSTEMPATH\View\View.php(229): CodeIgniter\View\View->CodeIgniter\View\{closure}()
 4 SYSTEMPATH\Common.php(1188): CodeIgniter\View\View->render('dashboard/editOrganization', [], true)
 5 APPPATH\Controllers\HomeController.php(165): view('dashboard/editOrganization', [...])
 6 SYSTEMPATH\CodeIgniter.php(919): App\Controllers\HomeController->viewedit('login', 'js', 'dashboard.js')
 7 SYSTEMPATH\CodeIgniter.php(494): CodeIgniter\CodeIgniter->runController(Object(App\Controllers\HomeController))
 8 SYSTEMPATH\CodeIgniter.php(353): CodeIgniter\CodeIgniter->handleRequest(null, Object(Config\Cache), false)
 9 FCPATH\index.php(79): CodeIgniter\CodeIgniter->run()
10 SYSTEMPATH\Commands\Server\rewrite.php(47): require_once('D:\\laragon\\www\\method-oldagehome\\public\\index.php')
CRITICAL - 2024-11-17 18:05:45 --> Trying to access array offset on value of type null
in APPPATH\Views\dashboard\editOrganization.php on line 50.
 1 APPPATH\Views\dashboard\editOrganization.php(50): CodeIgniter\Debug\Exceptions->errorHandler(2, 'Trying to access array offset on value of type null', 'D:\\laragon\\www\\method-oldagehome\\app\\Views\\dashboard\\editOrganization.php', 50)
 2 SYSTEMPATH\View\View.php(226): include('D:\\laragon\\www\\method-oldagehome\\app\\Views\\dashboard\\editOrganization.php')
 3 SYSTEMPATH\View\View.php(229): CodeIgniter\View\View->CodeIgniter\View\{closure}()
 4 SYSTEMPATH\Common.php(1188): CodeIgniter\View\View->render('dashboard/editOrganization', [], true)
 5 APPPATH\Controllers\HomeController.php(165): view('dashboard/editOrganization', [...])
 6 SYSTEMPATH\CodeIgniter.php(919): App\Controllers\HomeController->viewedit('login', 'vendors', 'typicons', 'typicons.css')
 7 SYSTEMPATH\CodeIgniter.php(494): CodeIgniter\CodeIgniter->runController(Object(App\Controllers\HomeController))
 8 SYSTEMPATH\CodeIgniter.php(353): CodeIgniter\CodeIgniter->handleRequest(null, Object(Config\Cache), false)
 9 FCPATH\index.php(79): CodeIgniter\CodeIgniter->run()
10 SYSTEMPATH\Commands\Server\rewrite.php(47): require_once('D:\\laragon\\www\\method-oldagehome\\public\\index.php')
CRITICAL - 2024-11-17 18:05:46 --> Trying to access array offset on value of type null
in APPPATH\Views\dashboard\editOrganization.php on line 50.
 1 APPPATH\Views\dashboard\editOrganization.php(50): CodeIgniter\Debug\Exceptions->errorHandler(2, 'Trying to access array offset on value of type null', 'D:\\laragon\\www\\method-oldagehome\\app\\Views\\dashboard\\editOrganization.php', 50)
 2 SYSTEMPATH\View\View.php(226): include('D:\\laragon\\www\\method-oldagehome\\app\\Views\\dashboard\\editOrganization.php')
 3 SYSTEMPATH\View\View.php(229): CodeIgniter\View\View->CodeIgniter\View\{closure}()
 4 SYSTEMPATH\Common.php(1188): CodeIgniter\View\View->render('dashboard/editOrganization', [], true)
 5 APPPATH\Controllers\HomeController.php(165): view('dashboard/editOrganization', [...])
 6 SYSTEMPATH\CodeIgniter.php(919): App\Controllers\HomeController->viewedit('login', 'vendors', 'css', 'vendor.bundle.base.css')
 7 SYSTEMPATH\CodeIgniter.php(494): CodeIgniter\CodeIgniter->runController(Object(App\Controllers\HomeController))
 8 SYSTEMPATH\CodeIgniter.php(353): CodeIgniter\CodeIgniter->handleRequest(null, Object(Config\Cache), false)
 9 FCPATH\index.php(79): CodeIgniter\CodeIgniter->run()
10 SYSTEMPATH\Commands\Server\rewrite.php(47): require_once('D:\\laragon\\www\\method-oldagehome\\public\\index.php')
CRITICAL - 2024-11-17 18:05:46 --> Trying to access array offset on value of type null
in APPPATH\Views\dashboard\editOrganization.php on line 50.
 1 APPPATH\Views\dashboard\editOrganization.php(50): CodeIgniter\Debug\Exceptions->errorHandler(2, 'Trying to access array offset on value of type null', 'D:\\laragon\\www\\method-oldagehome\\app\\Views\\dashboard\\editOrganization.php', 50)
 2 SYSTEMPATH\View\View.php(226): include('D:\\laragon\\www\\method-oldagehome\\app\\Views\\dashboard\\editOrganization.php')
 3 SYSTEMPATH\View\View.php(229): CodeIgniter\View\View->CodeIgniter\View\{closure}()
 4 SYSTEMPATH\Common.php(1188): CodeIgniter\View\View->render('dashboard/editOrganization', [], true)
 5 APPPATH\Controllers\HomeController.php(165): view('dashboard/editOrganization', [...])
 6 SYSTEMPATH\CodeIgniter.php(919): App\Controllers\HomeController->viewedit('login', 'vendors', 'select2', 'select2.min.css')
 7 SYSTEMPATH\CodeIgniter.php(494): CodeIgniter\CodeIgniter->runController(Object(App\Controllers\HomeController))
 8 SYSTEMPATH\CodeIgniter.php(353): CodeIgniter\CodeIgniter->handleRequest(null, Object(Config\Cache), false)
 9 FCPATH\index.php(79): CodeIgniter\CodeIgniter->run()
10 SYSTEMPATH\Commands\Server\rewrite.php(47): require_once('D:\\laragon\\www\\method-oldagehome\\public\\index.php')
CRITICAL - 2024-11-17 18:05:47 --> Trying to access array offset on value of type null
in APPPATH\Views\dashboard\editOrganization.php on line 50.
 1 APPPATH\Views\dashboard\editOrganization.php(50): CodeIgniter\Debug\Exceptions->errorHandler(2, 'Trying to access array offset on value of type null', 'D:\\laragon\\www\\method-oldagehome\\app\\Views\\dashboard\\editOrganization.php', 50)
 2 SYSTEMPATH\View\View.php(226): include('D:\\laragon\\www\\method-oldagehome\\app\\Views\\dashboard\\editOrganization.php')
 3 SYSTEMPATH\View\View.php(229): CodeIgniter\View\View->CodeIgniter\View\{closure}()
 4 SYSTEMPATH\Common.php(1188): CodeIgniter\View\View->render('dashboard/editOrganization', [], true)
 5 APPPATH\Controllers\HomeController.php(165): view('dashboard/editOrganization', [...])
 6 SYSTEMPATH\CodeIgniter.php(919): App\Controllers\HomeController->viewedit('login', 'vendors', 'select2-bootstrap-theme', 'select2-bootstrap.min.css')
 7 SYSTEMPATH\CodeIgniter.php(494): CodeIgniter\CodeIgniter->runController(Object(App\Controllers\HomeController))
 8 SYSTEMPATH\CodeIgniter.php(353): CodeIgniter\CodeIgniter->handleRequest(null, Object(Config\Cache), false)
 9 FCPATH\index.php(79): CodeIgniter\CodeIgniter->run()
10 SYSTEMPATH\Commands\Server\rewrite.php(47): require_once('D:\\laragon\\www\\method-oldagehome\\public\\index.php')
CRITICAL - 2024-11-17 18:05:47 --> Trying to access array offset on value of type null
in APPPATH\Views\dashboard\editOrganization.php on line 50.
 1 APPPATH\Views\dashboard\editOrganization.php(50): CodeIgniter\Debug\Exceptions->errorHandler(2, 'Trying to access array offset on value of type null', 'D:\\laragon\\www\\method-oldagehome\\app\\Views\\dashboard\\editOrganization.php', 50)
 2 SYSTEMPATH\View\View.php(226): include('D:\\laragon\\www\\method-oldagehome\\app\\Views\\dashboard\\editOrganization.php')
 3 SYSTEMPATH\View\View.php(229): CodeIgniter\View\View->CodeIgniter\View\{closure}()
 4 SYSTEMPATH\Common.php(1188): CodeIgniter\View\View->render('dashboard/editOrganization', [], true)
 5 APPPATH\Controllers\HomeController.php(165): view('dashboard/editOrganization', [...])
 6 SYSTEMPATH\CodeIgniter.php(919): App\Controllers\HomeController->viewedit('login', 'css', 'vertical-layout-light', 'style.css')
 7 SYSTEMPATH\CodeIgniter.php(494): CodeIgniter\CodeIgniter->runController(Object(App\Controllers\HomeController))
 8 SYSTEMPATH\CodeIgniter.php(353): CodeIgniter\CodeIgniter->handleRequest(null, Object(Config\Cache), false)
 9 FCPATH\index.php(79): CodeIgniter\CodeIgniter->run()
10 SYSTEMPATH\Commands\Server\rewrite.php(47): require_once('D:\\laragon\\www\\method-oldagehome\\public\\index.php')
CRITICAL - 2024-11-17 18:05:48 --> Trying to access array offset on value of type null
in APPPATH\Views\dashboard\editOrganization.php on line 50.
 1 APPPATH\Views\dashboard\editOrganization.php(50): CodeIgniter\Debug\Exceptions->errorHandler(2, 'Trying to access array offset on value of type null', 'D:\\laragon\\www\\method-oldagehome\\app\\Views\\dashboard\\editOrganization.php', 50)
 2 SYSTEMPATH\View\View.php(226): include('D:\\laragon\\www\\method-oldagehome\\app\\Views\\dashboard\\editOrganization.php')
 3 SYSTEMPATH\View\View.php(229): CodeIgniter\View\View->CodeIgniter\View\{closure}()
 4 SYSTEMPATH\Common.php(1188): CodeIgniter\View\View->render('dashboard/editOrganization', [], true)
 5 APPPATH\Controllers\HomeController.php(165): view('dashboard/editOrganization', [...])
 6 SYSTEMPATH\CodeIgniter.php(919): App\Controllers\HomeController->viewedit('login', 'vendors', 'js', 'vendor.bundle.base.js')
 7 SYSTEMPATH\CodeIgniter.php(494): CodeIgniter\CodeIgniter->runController(Object(App\Controllers\HomeController))
 8 SYSTEMPATH\CodeIgniter.php(353): CodeIgniter\CodeIgniter->handleRequest(null, Object(Config\Cache), false)
 9 FCPATH\index.php(79): CodeIgniter\CodeIgniter->run()
10 SYSTEMPATH\Commands\Server\rewrite.php(47): require_once('D:\\laragon\\www\\method-oldagehome\\public\\index.php')
CRITICAL - 2024-11-17 18:05:48 --> Trying to access array offset on value of type null
in APPPATH\Views\dashboard\editOrganization.php on line 50.
 1 APPPATH\Views\dashboard\editOrganization.php(50): CodeIgniter\Debug\Exceptions->errorHandler(2, 'Trying to access array offset on value of type null', 'D:\\laragon\\www\\method-oldagehome\\app\\Views\\dashboard\\editOrganization.php', 50)
 2 SYSTEMPATH\View\View.php(226): include('D:\\laragon\\www\\method-oldagehome\\app\\Views\\dashboard\\editOrganization.php')
 3 SYSTEMPATH\View\View.php(229): CodeIgniter\View\View->CodeIgniter\View\{closure}()
 4 SYSTEMPATH\Common.php(1188): CodeIgniter\View\View->render('dashboard/editOrganization', [], true)
 5 APPPATH\Controllers\HomeController.php(165): view('dashboard/editOrganization', [...])
 6 SYSTEMPATH\CodeIgniter.php(919): App\Controllers\HomeController->viewedit('login', 'js', 'off-canvas.js')
 7 SYSTEMPATH\CodeIgniter.php(494): CodeIgniter\CodeIgniter->runController(Object(App\Controllers\HomeController))
 8 SYSTEMPATH\CodeIgniter.php(353): CodeIgniter\CodeIgniter->handleRequest(null, Object(Config\Cache), false)
 9 FCPATH\index.php(79): CodeIgniter\CodeIgniter->run()
10 SYSTEMPATH\Commands\Server\rewrite.php(47): require_once('D:\\laragon\\www\\method-oldagehome\\public\\index.php')
CRITICAL - 2024-11-17 18:05:49 --> Trying to access array offset on value of type null
in APPPATH\Views\dashboard\editOrganization.php on line 50.
 1 APPPATH\Views\dashboard\editOrganization.php(50): CodeIgniter\Debug\Exceptions->errorHandler(2, 'Trying to access array offset on value of type null', 'D:\\laragon\\www\\method-oldagehome\\app\\Views\\dashboard\\editOrganization.php', 50)
 2 SYSTEMPATH\View\View.php(226): include('D:\\laragon\\www\\method-oldagehome\\app\\Views\\dashboard\\editOrganization.php')
 3 SYSTEMPATH\View\View.php(229): CodeIgniter\View\View->CodeIgniter\View\{closure}()
 4 SYSTEMPATH\Common.php(1188): CodeIgniter\View\View->render('dashboard/editOrganization', [], true)
 5 APPPATH\Controllers\HomeController.php(165): view('dashboard/editOrganization', [...])
 6 SYSTEMPATH\CodeIgniter.php(919): App\Controllers\HomeController->viewedit('login', 'js', 'hoverable-collapse.js')
 7 SYSTEMPATH\CodeIgniter.php(494): CodeIgniter\CodeIgniter->runController(Object(App\Controllers\HomeController))
 8 SYSTEMPATH\CodeIgniter.php(353): CodeIgniter\CodeIgniter->handleRequest(null, Object(Config\Cache), false)
 9 FCPATH\index.php(79): CodeIgniter\CodeIgniter->run()
10 SYSTEMPATH\Commands\Server\rewrite.php(47): require_once('D:\\laragon\\www\\method-oldagehome\\public\\index.php')
CRITICAL - 2024-11-17 18:05:49 --> Trying to access array offset on value of type null
in APPPATH\Views\dashboard\editOrganization.php on line 50.
 1 APPPATH\Views\dashboard\editOrganization.php(50): CodeIgniter\Debug\Exceptions->errorHandler(2, 'Trying to access array offset on value of type null', 'D:\\laragon\\www\\method-oldagehome\\app\\Views\\dashboard\\editOrganization.php', 50)
 2 SYSTEMPATH\View\View.php(226): include('D:\\laragon\\www\\method-oldagehome\\app\\Views\\dashboard\\editOrganization.php')
 3 SYSTEMPATH\View\View.php(229): CodeIgniter\View\View->CodeIgniter\View\{closure}()
 4 SYSTEMPATH\Common.php(1188): CodeIgniter\View\View->render('dashboard/editOrganization', [], true)
 5 APPPATH\Controllers\HomeController.php(165): view('dashboard/editOrganization', [...])
 6 SYSTEMPATH\CodeIgniter.php(919): App\Controllers\HomeController->viewedit('login', 'js', 'template.js')
 7 SYSTEMPATH\CodeIgniter.php(494): CodeIgniter\CodeIgniter->runController(Object(App\Controllers\HomeController))
 8 SYSTEMPATH\CodeIgniter.php(353): CodeIgniter\CodeIgniter->handleRequest(null, Object(Config\Cache), false)
 9 FCPATH\index.php(79): CodeIgniter\CodeIgniter->run()
10 SYSTEMPATH\Commands\Server\rewrite.php(47): require_once('D:\\laragon\\www\\method-oldagehome\\public\\index.php')
CRITICAL - 2024-11-17 18:05:50 --> Trying to access array offset on value of type null
in APPPATH\Views\dashboard\editOrganization.php on line 50.
 1 APPPATH\Views\dashboard\editOrganization.php(50): CodeIgniter\Debug\Exceptions->errorHandler(2, 'Trying to access array offset on value of type null', 'D:\\laragon\\www\\method-oldagehome\\app\\Views\\dashboard\\editOrganization.php', 50)
 2 SYSTEMPATH\View\View.php(226): include('D:\\laragon\\www\\method-oldagehome\\app\\Views\\dashboard\\editOrganization.php')
 3 SYSTEMPATH\View\View.php(229): CodeIgniter\View\View->CodeIgniter\View\{closure}()
 4 SYSTEMPATH\Common.php(1188): CodeIgniter\View\View->render('dashboard/editOrganization', [], true)
 5 APPPATH\Controllers\HomeController.php(165): view('dashboard/editOrganization', [...])
 6 SYSTEMPATH\CodeIgniter.php(919): App\Controllers\HomeController->viewedit('login', 'vendors', 'typicons', 'typicons.css')
 7 SYSTEMPATH\CodeIgniter.php(494): CodeIgniter\CodeIgniter->runController(Object(App\Controllers\HomeController))
 8 SYSTEMPATH\CodeIgniter.php(353): CodeIgniter\CodeIgniter->handleRequest(null, Object(Config\Cache), false)
 9 FCPATH\index.php(79): CodeIgniter\CodeIgniter->run()
10 SYSTEMPATH\Commands\Server\rewrite.php(47): require_once('D:\\laragon\\www\\method-oldagehome\\public\\index.php')
CRITICAL - 2024-11-17 18:05:50 --> Trying to access array offset on value of type null
in APPPATH\Views\dashboard\editOrganization.php on line 50.
 1 APPPATH\Views\dashboard\editOrganization.php(50): CodeIgniter\Debug\Exceptions->errorHandler(2, 'Trying to access array offset on value of type null', 'D:\\laragon\\www\\method-oldagehome\\app\\Views\\dashboard\\editOrganization.php', 50)
 2 SYSTEMPATH\View\View.php(226): include('D:\\laragon\\www\\method-oldagehome\\app\\Views\\dashboard\\editOrganization.php')
 3 SYSTEMPATH\View\View.php(229): CodeIgniter\View\View->CodeIgniter\View\{closure}()
 4 SYSTEMPATH\Common.php(1188): CodeIgniter\View\View->render('dashboard/editOrganization', [], true)
 5 APPPATH\Controllers\HomeController.php(165): view('dashboard/editOrganization', [...])
 6 SYSTEMPATH\CodeIgniter.php(919): App\Controllers\HomeController->viewedit('login', 'js', 'settings.js')
 7 SYSTEMPATH\CodeIgniter.php(494): CodeIgniter\CodeIgniter->runController(Object(App\Controllers\HomeController))
 8 SYSTEMPATH\CodeIgniter.php(353): CodeIgniter\CodeIgniter->handleRequest(null, Object(Config\Cache), false)
 9 FCPATH\index.php(79): CodeIgniter\CodeIgniter->run()
10 SYSTEMPATH\Commands\Server\rewrite.php(47): require_once('D:\\laragon\\www\\method-oldagehome\\public\\index.php')
CRITICAL - 2024-11-17 18:05:51 --> Trying to access array offset on value of type null
in APPPATH\Views\dashboard\editOrganization.php on line 50.
 1 APPPATH\Views\dashboard\editOrganization.php(50): CodeIgniter\Debug\Exceptions->errorHandler(2, 'Trying to access array offset on value of type null', 'D:\\laragon\\www\\method-oldagehome\\app\\Views\\dashboard\\editOrganization.php', 50)
 2 SYSTEMPATH\View\View.php(226): include('D:\\laragon\\www\\method-oldagehome\\app\\Views\\dashboard\\editOrganization.php')
 3 SYSTEMPATH\View\View.php(229): CodeIgniter\View\View->CodeIgniter\View\{closure}()
 4 SYSTEMPATH\Common.php(1188): CodeIgniter\View\View->render('dashboard/editOrganization', [], true)
 5 APPPATH\Controllers\HomeController.php(165): view('dashboard/editOrganization', [...])
 6 SYSTEMPATH\CodeIgniter.php(919): App\Controllers\HomeController->viewedit('login', 'js', 'todolist.js')
 7 SYSTEMPATH\CodeIgniter.php(494): CodeIgniter\CodeIgniter->runController(Object(App\Controllers\HomeController))
 8 SYSTEMPATH\CodeIgniter.php(353): CodeIgniter\CodeIgniter->handleRequest(null, Object(Config\Cache), false)
 9 FCPATH\index.php(79): CodeIgniter\CodeIgniter->run()
10 SYSTEMPATH\Commands\Server\rewrite.php(47): require_once('D:\\laragon\\www\\method-oldagehome\\public\\index.php')
CRITICAL - 2024-11-17 18:05:51 --> Trying to access array offset on value of type null
in APPPATH\Views\dashboard\editOrganization.php on line 50.
 1 APPPATH\Views\dashboard\editOrganization.php(50): CodeIgniter\Debug\Exceptions->errorHandler(2, 'Trying to access array offset on value of type null', 'D:\\laragon\\www\\method-oldagehome\\app\\Views\\dashboard\\editOrganization.php', 50)
 2 SYSTEMPATH\View\View.php(226): include('D:\\laragon\\www\\method-oldagehome\\app\\Views\\dashboard\\editOrganization.php')
 3 SYSTEMPATH\View\View.php(229): CodeIgniter\View\View->CodeIgniter\View\{closure}()
 4 SYSTEMPATH\Common.php(1188): CodeIgniter\View\View->render('dashboard/editOrganization', [], true)
 5 APPPATH\Controllers\HomeController.php(165): view('dashboard/editOrganization', [...])
 6 SYSTEMPATH\CodeIgniter.php(919): App\Controllers\HomeController->viewedit('login', 'vendors', 'typeahead.js', 'typeahead.bundle.min.js')
 7 SYSTEMPATH\CodeIgniter.php(494): CodeIgniter\CodeIgniter->runController(Object(App\Controllers\HomeController))
 8 SYSTEMPATH\CodeIgniter.php(353): CodeIgniter\CodeIgniter->handleRequest(null, Object(Config\Cache), false)
 9 FCPATH\index.php(79): CodeIgniter\CodeIgniter->run()
10 SYSTEMPATH\Commands\Server\rewrite.php(47): require_once('D:\\laragon\\www\\method-oldagehome\\public\\index.php')
CRITICAL - 2024-11-17 18:05:51 --> Trying to access array offset on value of type null
in APPPATH\Views\dashboard\editOrganization.php on line 50.
 1 APPPATH\Views\dashboard\editOrganization.php(50): CodeIgniter\Debug\Exceptions->errorHandler(2, 'Trying to access array offset on value of type null', 'D:\\laragon\\www\\method-oldagehome\\app\\Views\\dashboard\\editOrganization.php', 50)
 2 SYSTEMPATH\View\View.php(226): include('D:\\laragon\\www\\method-oldagehome\\app\\Views\\dashboard\\editOrganization.php')
 3 SYSTEMPATH\View\View.php(229): CodeIgniter\View\View->CodeIgniter\View\{closure}()
 4 SYSTEMPATH\Common.php(1188): CodeIgniter\View\View->render('dashboard/editOrganization', [], true)
 5 APPPATH\Controllers\HomeController.php(165): view('dashboard/editOrganization', [...])
 6 SYSTEMPATH\CodeIgniter.php(919): App\Controllers\HomeController->viewedit('login', 'vendors', 'select2', 'select2.min.js')
 7 SYSTEMPATH\CodeIgniter.php(494): CodeIgniter\CodeIgniter->runController(Object(App\Controllers\HomeController))
 8 SYSTEMPATH\CodeIgniter.php(353): CodeIgniter\CodeIgniter->handleRequest(null, Object(Config\Cache), false)
 9 FCPATH\index.php(79): CodeIgniter\CodeIgniter->run()
10 SYSTEMPATH\Commands\Server\rewrite.php(47): require_once('D:\\laragon\\www\\method-oldagehome\\public\\index.php')
CRITICAL - 2024-11-17 18:05:52 --> Trying to access array offset on value of type null
in APPPATH\Views\dashboard\editOrganization.php on line 50.
 1 APPPATH\Views\dashboard\editOrganization.php(50): CodeIgniter\Debug\Exceptions->errorHandler(2, 'Trying to access array offset on value of type null', 'D:\\laragon\\www\\method-oldagehome\\app\\Views\\dashboard\\editOrganization.php', 50)
 2 SYSTEMPATH\View\View.php(226): include('D:\\laragon\\www\\method-oldagehome\\app\\Views\\dashboard\\editOrganization.php')
 3 SYSTEMPATH\View\View.php(229): CodeIgniter\View\View->CodeIgniter\View\{closure}()
 4 SYSTEMPATH\Common.php(1188): CodeIgniter\View\View->render('dashboard/editOrganization', [], true)
 5 APPPATH\Controllers\HomeController.php(165): view('dashboard/editOrganization', [...])
 6 SYSTEMPATH\CodeIgniter.php(919): App\Controllers\HomeController->viewedit('login', 'js', 'file-upload.js')
 7 SYSTEMPATH\CodeIgniter.php(494): CodeIgniter\CodeIgniter->runController(Object(App\Controllers\HomeController))
 8 SYSTEMPATH\CodeIgniter.php(353): CodeIgniter\CodeIgniter->handleRequest(null, Object(Config\Cache), false)
 9 FCPATH\index.php(79): CodeIgniter\CodeIgniter->run()
10 SYSTEMPATH\Commands\Server\rewrite.php(47): require_once('D:\\laragon\\www\\method-oldagehome\\public\\index.php')
CRITICAL - 2024-11-17 18:05:52 --> Trying to access array offset on value of type null
in APPPATH\Views\dashboard\editOrganization.php on line 50.
 1 APPPATH\Views\dashboard\editOrganization.php(50): CodeIgniter\Debug\Exceptions->errorHandler(2, 'Trying to access array offset on value of type null', 'D:\\laragon\\www\\method-oldagehome\\app\\Views\\dashboard\\editOrganization.php', 50)
 2 SYSTEMPATH\View\View.php(226): include('D:\\laragon\\www\\method-oldagehome\\app\\Views\\dashboard\\editOrganization.php')
 3 SYSTEMPATH\View\View.php(229): CodeIgniter\View\View->CodeIgniter\View\{closure}()
 4 SYSTEMPATH\Common.php(1188): CodeIgniter\View\View->render('dashboard/editOrganization', [], true)
 5 APPPATH\Controllers\HomeController.php(165): view('dashboard/editOrganization', [...])
 6 SYSTEMPATH\CodeIgniter.php(919): App\Controllers\HomeController->viewedit('login', 'js', 'typeahead.js')
 7 SYSTEMPATH\CodeIgniter.php(494): CodeIgniter\CodeIgniter->runController(Object(App\Controllers\HomeController))
 8 SYSTEMPATH\CodeIgniter.php(353): CodeIgniter\CodeIgniter->handleRequest(null, Object(Config\Cache), false)
 9 FCPATH\index.php(79): CodeIgniter\CodeIgniter->run()
10 SYSTEMPATH\Commands\Server\rewrite.php(47): require_once('D:\\laragon\\www\\method-oldagehome\\public\\index.php')
CRITICAL - 2024-11-17 18:05:53 --> Trying to access array offset on value of type null
in APPPATH\Views\dashboard\editOrganization.php on line 50.
 1 APPPATH\Views\dashboard\editOrganization.php(50): CodeIgniter\Debug\Exceptions->errorHandler(2, 'Trying to access array offset on value of type null', 'D:\\laragon\\www\\method-oldagehome\\app\\Views\\dashboard\\editOrganization.php', 50)
 2 SYSTEMPATH\View\View.php(226): include('D:\\laragon\\www\\method-oldagehome\\app\\Views\\dashboard\\editOrganization.php')
 3 SYSTEMPATH\View\View.php(229): CodeIgniter\View\View->CodeIgniter\View\{closure}()
 4 SYSTEMPATH\Common.php(1188): CodeIgniter\View\View->render('dashboard/editOrganization', [], true)
 5 APPPATH\Controllers\HomeController.php(165): view('dashboard/editOrganization', [...])
 6 SYSTEMPATH\CodeIgniter.php(919): App\Controllers\HomeController->viewedit('login', 'vendors', 'css', 'vendor.bundle.base.css')
 7 SYSTEMPATH\CodeIgniter.php(494): CodeIgniter\CodeIgniter->runController(Object(App\Controllers\HomeController))
 8 SYSTEMPATH\CodeIgniter.php(353): CodeIgniter\CodeIgniter->handleRequest(null, Object(Config\Cache), false)
 9 FCPATH\index.php(79): CodeIgniter\CodeIgniter->run()
10 SYSTEMPATH\Commands\Server\rewrite.php(47): require_once('D:\\laragon\\www\\method-oldagehome\\public\\index.php')
CRITICAL - 2024-11-17 18:05:54 --> Trying to access array offset on value of type null
in APPPATH\Views\dashboard\editOrganization.php on line 50.
 1 APPPATH\Views\dashboard\editOrganization.php(50): CodeIgniter\Debug\Exceptions->errorHandler(2, 'Trying to access array offset on value of type null', 'D:\\laragon\\www\\method-oldagehome\\app\\Views\\dashboard\\editOrganization.php', 50)
 2 SYSTEMPATH\View\View.php(226): include('D:\\laragon\\www\\method-oldagehome\\app\\Views\\dashboard\\editOrganization.php')
 3 SYSTEMPATH\View\View.php(229): CodeIgniter\View\View->CodeIgniter\View\{closure}()
 4 SYSTEMPATH\Common.php(1188): CodeIgniter\View\View->render('dashboard/editOrganization', [], true)
 5 APPPATH\Controllers\HomeController.php(165): view('dashboard/editOrganization', [...])
 6 SYSTEMPATH\CodeIgniter.php(919): App\Controllers\HomeController->viewedit('login', 'js', 'select2.js')
 7 SYSTEMPATH\CodeIgniter.php(494): CodeIgniter\CodeIgniter->runController(Object(App\Controllers\HomeController))
 8 SYSTEMPATH\CodeIgniter.php(353): CodeIgniter\CodeIgniter->handleRequest(null, Object(Config\Cache), false)
 9 FCPATH\index.php(79): CodeIgniter\CodeIgniter->run()
10 SYSTEMPATH\Commands\Server\rewrite.php(47): require_once('D:\\laragon\\www\\method-oldagehome\\public\\index.php')
CRITICAL - 2024-11-17 18:05:54 --> Trying to access array offset on value of type null
in APPPATH\Views\dashboard\editOrganization.php on line 50.
 1 APPPATH\Views\dashboard\editOrganization.php(50): CodeIgniter\Debug\Exceptions->errorHandler(2, 'Trying to access array offset on value of type null', 'D:\\laragon\\www\\method-oldagehome\\app\\Views\\dashboard\\editOrganization.php', 50)
 2 SYSTEMPATH\View\View.php(226): include('D:\\laragon\\www\\method-oldagehome\\app\\Views\\dashboard\\editOrganization.php')
 3 SYSTEMPATH\View\View.php(229): CodeIgniter\View\View->CodeIgniter\View\{closure}()
 4 SYSTEMPATH\Common.php(1188): CodeIgniter\View\View->render('dashboard/editOrganization', [], true)
 5 APPPATH\Controllers\HomeController.php(165): view('dashboard/editOrganization', [...])
 6 SYSTEMPATH\CodeIgniter.php(919): App\Controllers\HomeController->viewedit('login', 'vendors', 'select2', 'select2.min.css')
 7 SYSTEMPATH\CodeIgniter.php(494): CodeIgniter\CodeIgniter->runController(Object(App\Controllers\HomeController))
 8 SYSTEMPATH\CodeIgniter.php(353): CodeIgniter\CodeIgniter->handleRequest(null, Object(Config\Cache), false)
 9 FCPATH\index.php(79): CodeIgniter\CodeIgniter->run()
10 SYSTEMPATH\Commands\Server\rewrite.php(47): require_once('D:\\laragon\\www\\method-oldagehome\\public\\index.php')
CRITICAL - 2024-11-17 18:05:55 --> Trying to access array offset on value of type null
in APPPATH\Views\dashboard\editOrganization.php on line 50.
 1 APPPATH\Views\dashboard\editOrganization.php(50): CodeIgniter\Debug\Exceptions->errorHandler(2, 'Trying to access array offset on value of type null', 'D:\\laragon\\www\\method-oldagehome\\app\\Views\\dashboard\\editOrganization.php', 50)
 2 SYSTEMPATH\View\View.php(226): include('D:\\laragon\\www\\method-oldagehome\\app\\Views\\dashboard\\editOrganization.php')
 3 SYSTEMPATH\View\View.php(229): CodeIgniter\View\View->CodeIgniter\View\{closure}()
 4 SYSTEMPATH\Common.php(1188): CodeIgniter\View\View->render('dashboard/editOrganization', [], true)
 5 APPPATH\Controllers\HomeController.php(165): view('dashboard/editOrganization', [...])
 6 SYSTEMPATH\CodeIgniter.php(919): App\Controllers\HomeController->viewedit('login', 'vendors', 'select2-bootstrap-theme', 'select2-bootstrap.min.css')
 7 SYSTEMPATH\CodeIgniter.php(494): CodeIgniter\CodeIgniter->runController(Object(App\Controllers\HomeController))
 8 SYSTEMPATH\CodeIgniter.php(353): CodeIgniter\CodeIgniter->handleRequest(null, Object(Config\Cache), false)
 9 FCPATH\index.php(79): CodeIgniter\CodeIgniter->run()
10 SYSTEMPATH\Commands\Server\rewrite.php(47): require_once('D:\\laragon\\www\\method-oldagehome\\public\\index.php')
CRITICAL - 2024-11-17 18:05:55 --> Trying to access array offset on value of type null
in APPPATH\Views\dashboard\editOrganization.php on line 50.
 1 APPPATH\Views\dashboard\editOrganization.php(50): CodeIgniter\Debug\Exceptions->errorHandler(2, 'Trying to access array offset on value of type null', 'D:\\laragon\\www\\method-oldagehome\\app\\Views\\dashboard\\editOrganization.php', 50)
 2 SYSTEMPATH\View\View.php(226): include('D:\\laragon\\www\\method-oldagehome\\app\\Views\\dashboard\\editOrganization.php')
 3 SYSTEMPATH\View\View.php(229): CodeIgniter\View\View->CodeIgniter\View\{closure}()
 4 SYSTEMPATH\Common.php(1188): CodeIgniter\View\View->render('dashboard/editOrganization', [], true)
 5 APPPATH\Controllers\HomeController.php(165): view('dashboard/editOrganization', [...])
 6 SYSTEMPATH\CodeIgniter.php(919): App\Controllers\HomeController->viewedit('login', 'css', 'vertical-layout-light', 'style.css')
 7 SYSTEMPATH\CodeIgniter.php(494): CodeIgniter\CodeIgniter->runController(Object(App\Controllers\HomeController))
 8 SYSTEMPATH\CodeIgniter.php(353): CodeIgniter\CodeIgniter->handleRequest(null, Object(Config\Cache), false)
 9 FCPATH\index.php(79): CodeIgniter\CodeIgniter->run()
10 SYSTEMPATH\Commands\Server\rewrite.php(47): require_once('D:\\laragon\\www\\method-oldagehome\\public\\index.php')
CRITICAL - 2024-11-17 18:06:11 --> Trying to access array offset on value of type null
in APPPATH\Views\dashboard\editOrganization.php on line 50.
 1 APPPATH\Views\dashboard\editOrganization.php(50): CodeIgniter\Debug\Exceptions->errorHandler(2, 'Trying to access array offset on value of type null', 'D:\\laragon\\www\\method-oldagehome\\app\\Views\\dashboard\\editOrganization.php', 50)
 2 SYSTEMPATH\View\View.php(226): include('D:\\laragon\\www\\method-oldagehome\\app\\Views\\dashboard\\editOrganization.php')
 3 SYSTEMPATH\View\View.php(229): CodeIgniter\View\View->CodeIgniter\View\{closure}()
 4 SYSTEMPATH\Common.php(1188): CodeIgniter\View\View->render('dashboard/editOrganization', [], true)
 5 APPPATH\Controllers\HomeController.php(165): view('dashboard/editOrganization', [...])
 6 SYSTEMPATH\CodeIgniter.php(919): App\Controllers\HomeController->viewedit('login', 'vendors', 'typicons', 'typicons.css')
 7 SYSTEMPATH\CodeIgniter.php(494): CodeIgniter\CodeIgniter->runController(Object(App\Controllers\HomeController))
 8 SYSTEMPATH\CodeIgniter.php(353): CodeIgniter\CodeIgniter->handleRequest(null, Object(Config\Cache), false)
 9 FCPATH\index.php(79): CodeIgniter\CodeIgniter->run()
10 SYSTEMPATH\Commands\Server\rewrite.php(47): require_once('D:\\laragon\\www\\method-oldagehome\\public\\index.php')
CRITICAL - 2024-11-17 18:06:11 --> Trying to access array offset on value of type null
in APPPATH\Views\dashboard\editOrganization.php on line 50.
 1 APPPATH\Views\dashboard\editOrganization.php(50): CodeIgniter\Debug\Exceptions->errorHandler(2, 'Trying to access array offset on value of type null', 'D:\\laragon\\www\\method-oldagehome\\app\\Views\\dashboard\\editOrganization.php', 50)
 2 SYSTEMPATH\View\View.php(226): include('D:\\laragon\\www\\method-oldagehome\\app\\Views\\dashboard\\editOrganization.php')
 3 SYSTEMPATH\View\View.php(229): CodeIgniter\View\View->CodeIgniter\View\{closure}()
 4 SYSTEMPATH\Common.php(1188): CodeIgniter\View\View->render('dashboard/editOrganization', [], true)
 5 APPPATH\Controllers\HomeController.php(165): view('dashboard/editOrganization', [...])
 6 SYSTEMPATH\CodeIgniter.php(919): App\Controllers\HomeController->viewedit('login', 'vendors', 'css', 'vendor.bundle.base.css')
 7 SYSTEMPATH\CodeIgniter.php(494): CodeIgniter\CodeIgniter->runController(Object(App\Controllers\HomeController))
 8 SYSTEMPATH\CodeIgniter.php(353): CodeIgniter\CodeIgniter->handleRequest(null, Object(Config\Cache), false)
 9 FCPATH\index.php(79): CodeIgniter\CodeIgniter->run()
10 SYSTEMPATH\Commands\Server\rewrite.php(47): require_once('D:\\laragon\\www\\method-oldagehome\\public\\index.php')
CRITICAL - 2024-11-17 18:06:11 --> Trying to access array offset on value of type null
in APPPATH\Views\dashboard\editOrganization.php on line 50.
 1 APPPATH\Views\dashboard\editOrganization.php(50): CodeIgniter\Debug\Exceptions->errorHandler(2, 'Trying to access array offset on value of type null', 'D:\\laragon\\www\\method-oldagehome\\app\\Views\\dashboard\\editOrganization.php', 50)
 2 SYSTEMPATH\View\View.php(226): include('D:\\laragon\\www\\method-oldagehome\\app\\Views\\dashboard\\editOrganization.php')
 3 SYSTEMPATH\View\View.php(229): CodeIgniter\View\View->CodeIgniter\View\{closure}()
 4 SYSTEMPATH\Common.php(1188): CodeIgniter\View\View->render('dashboard/editOrganization', [], true)
 5 APPPATH\Controllers\HomeController.php(165): view('dashboard/editOrganization', [...])
 6 SYSTEMPATH\CodeIgniter.php(919): App\Controllers\HomeController->viewedit('login', 'vendors', 'select2', 'select2.min.css')
 7 SYSTEMPATH\CodeIgniter.php(494): CodeIgniter\CodeIgniter->runController(Object(App\Controllers\HomeController))
 8 SYSTEMPATH\CodeIgniter.php(353): CodeIgniter\CodeIgniter->handleRequest(null, Object(Config\Cache), false)
 9 FCPATH\index.php(79): CodeIgniter\CodeIgniter->run()
10 SYSTEMPATH\Commands\Server\rewrite.php(47): require_once('D:\\laragon\\www\\method-oldagehome\\public\\index.php')
CRITICAL - 2024-11-17 18:06:12 --> Trying to access array offset on value of type null
in APPPATH\Views\dashboard\editOrganization.php on line 50.
 1 APPPATH\Views\dashboard\editOrganization.php(50): CodeIgniter\Debug\Exceptions->errorHandler(2, 'Trying to access array offset on value of type null', 'D:\\laragon\\www\\method-oldagehome\\app\\Views\\dashboard\\editOrganization.php', 50)
 2 SYSTEMPATH\View\View.php(226): include('D:\\laragon\\www\\method-oldagehome\\app\\Views\\dashboard\\editOrganization.php')
 3 SYSTEMPATH\View\View.php(229): CodeIgniter\View\View->CodeIgniter\View\{closure}()
 4 SYSTEMPATH\Common.php(1188): CodeIgniter\View\View->render('dashboard/editOrganization', [], true)
 5 APPPATH\Controllers\HomeController.php(165): view('dashboard/editOrganization', [...])
 6 SYSTEMPATH\CodeIgniter.php(919): App\Controllers\HomeController->viewedit('login', 'vendors', 'select2-bootstrap-theme', 'select2-bootstrap.min.css')
 7 SYSTEMPATH\CodeIgniter.php(494): CodeIgniter\CodeIgniter->runController(Object(App\Controllers\HomeController))
 8 SYSTEMPATH\CodeIgniter.php(353): CodeIgniter\CodeIgniter->handleRequest(null, Object(Config\Cache), false)
 9 FCPATH\index.php(79): CodeIgniter\CodeIgniter->run()
10 SYSTEMPATH\Commands\Server\rewrite.php(47): require_once('D:\\laragon\\www\\method-oldagehome\\public\\index.php')
CRITICAL - 2024-11-17 18:06:12 --> Trying to access array offset on value of type null
in APPPATH\Views\dashboard\editOrganization.php on line 50.
 1 APPPATH\Views\dashboard\editOrganization.php(50): CodeIgniter\Debug\Exceptions->errorHandler(2, 'Trying to access array offset on value of type null', 'D:\\laragon\\www\\method-oldagehome\\app\\Views\\dashboard\\editOrganization.php', 50)
 2 SYSTEMPATH\View\View.php(226): include('D:\\laragon\\www\\method-oldagehome\\app\\Views\\dashboard\\editOrganization.php')
 3 SYSTEMPATH\View\View.php(229): CodeIgniter\View\View->CodeIgniter\View\{closure}()
 4 SYSTEMPATH\Common.php(1188): CodeIgniter\View\View->render('dashboard/editOrganization', [], true)
 5 APPPATH\Controllers\HomeController.php(165): view('dashboard/editOrganization', [...])
 6 SYSTEMPATH\CodeIgniter.php(919): App\Controllers\HomeController->viewedit('login', 'css', 'vertical-layout-light', 'style.css')
 7 SYSTEMPATH\CodeIgniter.php(494): CodeIgniter\CodeIgniter->runController(Object(App\Controllers\HomeController))
 8 SYSTEMPATH\CodeIgniter.php(353): CodeIgniter\CodeIgniter->handleRequest(null, Object(Config\Cache), false)
 9 FCPATH\index.php(79): CodeIgniter\CodeIgniter->run()
10 SYSTEMPATH\Commands\Server\rewrite.php(47): require_once('D:\\laragon\\www\\method-oldagehome\\public\\index.php')
CRITICAL - 2024-11-17 18:06:13 --> Trying to access array offset on value of type null
in APPPATH\Views\dashboard\editOrganization.php on line 50.
 1 APPPATH\Views\dashboard\editOrganization.php(50): CodeIgniter\Debug\Exceptions->errorHandler(2, 'Trying to access array offset on value of type null', 'D:\\laragon\\www\\method-oldagehome\\app\\Views\\dashboard\\editOrganization.php', 50)
 2 SYSTEMPATH\View\View.php(226): include('D:\\laragon\\www\\method-oldagehome\\app\\Views\\dashboard\\editOrganization.php')
 3 SYSTEMPATH\View\View.php(229): CodeIgniter\View\View->CodeIgniter\View\{closure}()
 4 SYSTEMPATH\Common.php(1188): CodeIgniter\View\View->render('dashboard/editOrganization', [], true)
 5 APPPATH\Controllers\HomeController.php(165): view('dashboard/editOrganization', [...])
 6 SYSTEMPATH\CodeIgniter.php(919): App\Controllers\HomeController->viewedit('login', 'vendors', 'js', 'vendor.bundle.base.js')
 7 SYSTEMPATH\CodeIgniter.php(494): CodeIgniter\CodeIgniter->runController(Object(App\Controllers\HomeController))
 8 SYSTEMPATH\CodeIgniter.php(353): CodeIgniter\CodeIgniter->handleRequest(null, Object(Config\Cache), false)
 9 FCPATH\index.php(79): CodeIgniter\CodeIgniter->run()
10 SYSTEMPATH\Commands\Server\rewrite.php(47): require_once('D:\\laragon\\www\\method-oldagehome\\public\\index.php')
CRITICAL - 2024-11-17 18:06:13 --> Trying to access array offset on value of type null
in APPPATH\Views\dashboard\editOrganization.php on line 50.
 1 APPPATH\Views\dashboard\editOrganization.php(50): CodeIgniter\Debug\Exceptions->errorHandler(2, 'Trying to access array offset on value of type null', 'D:\\laragon\\www\\method-oldagehome\\app\\Views\\dashboard\\editOrganization.php', 50)
 2 SYSTEMPATH\View\View.php(226): include('D:\\laragon\\www\\method-oldagehome\\app\\Views\\dashboard\\editOrganization.php')
 3 SYSTEMPATH\View\View.php(229): CodeIgniter\View\View->CodeIgniter\View\{closure}()
 4 SYSTEMPATH\Common.php(1188): CodeIgniter\View\View->render('dashboard/editOrganization', [], true)
 5 APPPATH\Controllers\HomeController.php(165): view('dashboard/editOrganization', [...])
 6 SYSTEMPATH\CodeIgniter.php(919): App\Controllers\HomeController->viewedit('login', 'js', 'off-canvas.js')
 7 SYSTEMPATH\CodeIgniter.php(494): CodeIgniter\CodeIgniter->runController(Object(App\Controllers\HomeController))
 8 SYSTEMPATH\CodeIgniter.php(353): CodeIgniter\CodeIgniter->handleRequest(null, Object(Config\Cache), false)
 9 FCPATH\index.php(79): CodeIgniter\CodeIgniter->run()
10 SYSTEMPATH\Commands\Server\rewrite.php(47): require_once('D:\\laragon\\www\\method-oldagehome\\public\\index.php')
CRITICAL - 2024-11-17 18:06:14 --> Trying to access array offset on value of type null
in APPPATH\Views\dashboard\editOrganization.php on line 50.
 1 APPPATH\Views\dashboard\editOrganization.php(50): CodeIgniter\Debug\Exceptions->errorHandler(2, 'Trying to access array offset on value of type null', 'D:\\laragon\\www\\method-oldagehome\\app\\Views\\dashboard\\editOrganization.php', 50)
 2 SYSTEMPATH\View\View.php(226): include('D:\\laragon\\www\\method-oldagehome\\app\\Views\\dashboard\\editOrganization.php')
 3 SYSTEMPATH\View\View.php(229): CodeIgniter\View\View->CodeIgniter\View\{closure}()
 4 SYSTEMPATH\Common.php(1188): CodeIgniter\View\View->render('dashboard/editOrganization', [], true)
 5 APPPATH\Controllers\HomeController.php(165): view('dashboard/editOrganization', [...])
 6 SYSTEMPATH\CodeIgniter.php(919): App\Controllers\HomeController->viewedit('login', 'js', 'hoverable-collapse.js')
 7 SYSTEMPATH\CodeIgniter.php(494): CodeIgniter\CodeIgniter->runController(Object(App\Controllers\HomeController))
 8 SYSTEMPATH\CodeIgniter.php(353): CodeIgniter\CodeIgniter->handleRequest(null, Object(Config\Cache), false)
 9 FCPATH\index.php(79): CodeIgniter\CodeIgniter->run()
10 SYSTEMPATH\Commands\Server\rewrite.php(47): require_once('D:\\laragon\\www\\method-oldagehome\\public\\index.php')
CRITICAL - 2024-11-17 18:06:15 --> Trying to access array offset on value of type null
in APPPATH\Views\dashboard\editOrganization.php on line 50.
 1 APPPATH\Views\dashboard\editOrganization.php(50): CodeIgniter\Debug\Exceptions->errorHandler(2, 'Trying to access array offset on value of type null', 'D:\\laragon\\www\\method-oldagehome\\app\\Views\\dashboard\\editOrganization.php', 50)
 2 SYSTEMPATH\View\View.php(226): include('D:\\laragon\\www\\method-oldagehome\\app\\Views\\dashboard\\editOrganization.php')
 3 SYSTEMPATH\View\View.php(229): CodeIgniter\View\View->CodeIgniter\View\{closure}()
 4 SYSTEMPATH\Common.php(1188): CodeIgniter\View\View->render('dashboard/editOrganization', [], true)
 5 APPPATH\Controllers\HomeController.php(165): view('dashboard/editOrganization', [...])
 6 SYSTEMPATH\CodeIgniter.php(919): App\Controllers\HomeController->viewedit('login', 'js', 'template.js')
 7 SYSTEMPATH\CodeIgniter.php(494): CodeIgniter\CodeIgniter->runController(Object(App\Controllers\HomeController))
 8 SYSTEMPATH\CodeIgniter.php(353): CodeIgniter\CodeIgniter->handleRequest(null, Object(Config\Cache), false)
 9 FCPATH\index.php(79): CodeIgniter\CodeIgniter->run()
10 SYSTEMPATH\Commands\Server\rewrite.php(47): require_once('D:\\laragon\\www\\method-oldagehome\\public\\index.php')
CRITICAL - 2024-11-17 18:06:16 --> Trying to access array offset on value of type null
in APPPATH\Views\dashboard\editOrganization.php on line 50.
 1 APPPATH\Views\dashboard\editOrganization.php(50): CodeIgniter\Debug\Exceptions->errorHandler(2, 'Trying to access array offset on value of type null', 'D:\\laragon\\www\\method-oldagehome\\app\\Views\\dashboard\\editOrganization.php', 50)
 2 SYSTEMPATH\View\View.php(226): include('D:\\laragon\\www\\method-oldagehome\\app\\Views\\dashboard\\editOrganization.php')
 3 SYSTEMPATH\View\View.php(229): CodeIgniter\View\View->CodeIgniter\View\{closure}()
 4 SYSTEMPATH\Common.php(1188): CodeIgniter\View\View->render('dashboard/editOrganization', [], true)
 5 APPPATH\Controllers\HomeController.php(165): view('dashboard/editOrganization', [...])
 6 SYSTEMPATH\CodeIgniter.php(919): App\Controllers\HomeController->viewedit('login', 'js', 'settings.js')
 7 SYSTEMPATH\CodeIgniter.php(494): CodeIgniter\CodeIgniter->runController(Object(App\Controllers\HomeController))
 8 SYSTEMPATH\CodeIgniter.php(353): CodeIgniter\CodeIgniter->handleRequest(null, Object(Config\Cache), false)
 9 FCPATH\index.php(79): CodeIgniter\CodeIgniter->run()
10 SYSTEMPATH\Commands\Server\rewrite.php(47): require_once('D:\\laragon\\www\\method-oldagehome\\public\\index.php')
CRITICAL - 2024-11-17 18:06:16 --> Trying to access array offset on value of type null
in APPPATH\Views\dashboard\editOrganization.php on line 50.
 1 APPPATH\Views\dashboard\editOrganization.php(50): CodeIgniter\Debug\Exceptions->errorHandler(2, 'Trying to access array offset on value of type null', 'D:\\laragon\\www\\method-oldagehome\\app\\Views\\dashboard\\editOrganization.php', 50)
 2 SYSTEMPATH\View\View.php(226): include('D:\\laragon\\www\\method-oldagehome\\app\\Views\\dashboard\\editOrganization.php')
 3 SYSTEMPATH\View\View.php(229): CodeIgniter\View\View->CodeIgniter\View\{closure}()
 4 SYSTEMPATH\Common.php(1188): CodeIgniter\View\View->render('dashboard/editOrganization', [], true)
 5 APPPATH\Controllers\HomeController.php(165): view('dashboard/editOrganization', [...])
 6 SYSTEMPATH\CodeIgniter.php(919): App\Controllers\HomeController->viewedit('login', 'js', 'todolist.js')
 7 SYSTEMPATH\CodeIgniter.php(494): CodeIgniter\CodeIgniter->runController(Object(App\Controllers\HomeController))
 8 SYSTEMPATH\CodeIgniter.php(353): CodeIgniter\CodeIgniter->handleRequest(null, Object(Config\Cache), false)
 9 FCPATH\index.php(79): CodeIgniter\CodeIgniter->run()
10 SYSTEMPATH\Commands\Server\rewrite.php(47): require_once('D:\\laragon\\www\\method-oldagehome\\public\\index.php')
CRITICAL - 2024-11-17 18:06:17 --> Trying to access array offset on value of type null
in APPPATH\Views\dashboard\editOrganization.php on line 50.
 1 APPPATH\Views\dashboard\editOrganization.php(50): CodeIgniter\Debug\Exceptions->errorHandler(2, 'Trying to access array offset on value of type null', 'D:\\laragon\\www\\method-oldagehome\\app\\Views\\dashboard\\editOrganization.php', 50)
 2 SYSTEMPATH\View\View.php(226): include('D:\\laragon\\www\\method-oldagehome\\app\\Views\\dashboard\\editOrganization.php')
 3 SYSTEMPATH\View\View.php(229): CodeIgniter\View\View->CodeIgniter\View\{closure}()
 4 SYSTEMPATH\Common.php(1188): CodeIgniter\View\View->render('dashboard/editOrganization', [], true)
 5 APPPATH\Controllers\HomeController.php(165): view('dashboard/editOrganization', [...])
 6 SYSTEMPATH\CodeIgniter.php(919): App\Controllers\HomeController->viewedit('login', 'vendors', 'typeahead.js', 'typeahead.bundle.min.js')
 7 SYSTEMPATH\CodeIgniter.php(494): CodeIgniter\CodeIgniter->runController(Object(App\Controllers\HomeController))
 8 SYSTEMPATH\CodeIgniter.php(353): CodeIgniter\CodeIgniter->handleRequest(null, Object(Config\Cache), false)
 9 FCPATH\index.php(79): CodeIgniter\CodeIgniter->run()
10 SYSTEMPATH\Commands\Server\rewrite.php(47): require_once('D:\\laragon\\www\\method-oldagehome\\public\\index.php')
CRITICAL - 2024-11-17 18:06:18 --> Trying to access array offset on value of type null
in APPPATH\Views\dashboard\editOrganization.php on line 50.
 1 APPPATH\Views\dashboard\editOrganization.php(50): CodeIgniter\Debug\Exceptions->errorHandler(2, 'Trying to access array offset on value of type null', 'D:\\laragon\\www\\method-oldagehome\\app\\Views\\dashboard\\editOrganization.php', 50)
 2 SYSTEMPATH\View\View.php(226): include('D:\\laragon\\www\\method-oldagehome\\app\\Views\\dashboard\\editOrganization.php')
 3 SYSTEMPATH\View\View.php(229): CodeIgniter\View\View->CodeIgniter\View\{closure}()
 4 SYSTEMPATH\Common.php(1188): CodeIgniter\View\View->render('dashboard/editOrganization', [], true)
 5 APPPATH\Controllers\HomeController.php(165): view('dashboard/editOrganization', [...])
 6 SYSTEMPATH\CodeIgniter.php(919): App\Controllers\HomeController->viewedit('login', 'vendors', 'select2', 'select2.min.js')
 7 SYSTEMPATH\CodeIgniter.php(494): CodeIgniter\CodeIgniter->runController(Object(App\Controllers\HomeController))
 8 SYSTEMPATH\CodeIgniter.php(353): CodeIgniter\CodeIgniter->handleRequest(null, Object(Config\Cache), false)
 9 FCPATH\index.php(79): CodeIgniter\CodeIgniter->run()
10 SYSTEMPATH\Commands\Server\rewrite.php(47): require_once('D:\\laragon\\www\\method-oldagehome\\public\\index.php')
CRITICAL - 2024-11-17 18:06:18 --> Trying to access array offset on value of type null
in APPPATH\Views\dashboard\editOrganization.php on line 50.
 1 APPPATH\Views\dashboard\editOrganization.php(50): CodeIgniter\Debug\Exceptions->errorHandler(2, 'Trying to access array offset on value of type null', 'D:\\laragon\\www\\method-oldagehome\\app\\Views\\dashboard\\editOrganization.php', 50)
 2 SYSTEMPATH\View\View.php(226): include('D:\\laragon\\www\\method-oldagehome\\app\\Views\\dashboard\\editOrganization.php')
 3 SYSTEMPATH\View\View.php(229): CodeIgniter\View\View->CodeIgniter\View\{closure}()
 4 SYSTEMPATH\Common.php(1188): CodeIgniter\View\View->render('dashboard/editOrganization', [], true)
 5 APPPATH\Controllers\HomeController.php(165): view('dashboard/editOrganization', [...])
 6 SYSTEMPATH\CodeIgniter.php(919): App\Controllers\HomeController->viewedit('login', 'js', 'file-upload.js')
 7 SYSTEMPATH\CodeIgniter.php(494): CodeIgniter\CodeIgniter->runController(Object(App\Controllers\HomeController))
 8 SYSTEMPATH\CodeIgniter.php(353): CodeIgniter\CodeIgniter->handleRequest(null, Object(Config\Cache), false)
 9 FCPATH\index.php(79): CodeIgniter\CodeIgniter->run()
10 SYSTEMPATH\Commands\Server\rewrite.php(47): require_once('D:\\laragon\\www\\method-oldagehome\\public\\index.php')
CRITICAL - 2024-11-17 18:06:18 --> Trying to access array offset on value of type null
in APPPATH\Views\dashboard\editOrganization.php on line 50.
 1 APPPATH\Views\dashboard\editOrganization.php(50): CodeIgniter\Debug\Exceptions->errorHandler(2, 'Trying to access array offset on value of type null', 'D:\\laragon\\www\\method-oldagehome\\app\\Views\\dashboard\\editOrganization.php', 50)
 2 SYSTEMPATH\View\View.php(226): include('D:\\laragon\\www\\method-oldagehome\\app\\Views\\dashboard\\editOrganization.php')
 3 SYSTEMPATH\View\View.php(229): CodeIgniter\View\View->CodeIgniter\View\{closure}()
 4 SYSTEMPATH\Common.php(1188): CodeIgniter\View\View->render('dashboard/editOrganization', [], true)
 5 APPPATH\Controllers\HomeController.php(165): view('dashboard/editOrganization', [...])
 6 SYSTEMPATH\CodeIgniter.php(919): App\Controllers\HomeController->viewedit('login', 'js', 'typeahead.js')
 7 SYSTEMPATH\CodeIgniter.php(494): CodeIgniter\CodeIgniter->runController(Object(App\Controllers\HomeController))
 8 SYSTEMPATH\CodeIgniter.php(353): CodeIgniter\CodeIgniter->handleRequest(null, Object(Config\Cache), false)
 9 FCPATH\index.php(79): CodeIgniter\CodeIgniter->run()
10 SYSTEMPATH\Commands\Server\rewrite.php(47): require_once('D:\\laragon\\www\\method-oldagehome\\public\\index.php')
CRITICAL - 2024-11-17 18:06:19 --> Trying to access array offset on value of type null
in APPPATH\Views\dashboard\editOrganization.php on line 50.
 1 APPPATH\Views\dashboard\editOrganization.php(50): CodeIgniter\Debug\Exceptions->errorHandler(2, 'Trying to access array offset on value of type null', 'D:\\laragon\\www\\method-oldagehome\\app\\Views\\dashboard\\editOrganization.php', 50)
 2 SYSTEMPATH\View\View.php(226): include('D:\\laragon\\www\\method-oldagehome\\app\\Views\\dashboard\\editOrganization.php')
 3 SYSTEMPATH\View\View.php(229): CodeIgniter\View\View->CodeIgniter\View\{closure}()
 4 SYSTEMPATH\Common.php(1188): CodeIgniter\View\View->render('dashboard/editOrganization', [], true)
 5 APPPATH\Controllers\HomeController.php(165): view('dashboard/editOrganization', [...])
 6 SYSTEMPATH\CodeIgniter.php(919): App\Controllers\HomeController->viewedit('login', 'js', 'select2.js')
 7 SYSTEMPATH\CodeIgniter.php(494): CodeIgniter\CodeIgniter->runController(Object(App\Controllers\HomeController))
 8 SYSTEMPATH\CodeIgniter.php(353): CodeIgniter\CodeIgniter->handleRequest(null, Object(Config\Cache), false)
 9 FCPATH\index.php(79): CodeIgniter\CodeIgniter->run()
10 SYSTEMPATH\Commands\Server\rewrite.php(47): require_once('D:\\laragon\\www\\method-oldagehome\\public\\index.php')
CRITICAL - 2024-11-17 18:06:52 --> Trying to access array offset on value of type null
in APPPATH\Views\dashboard\editOrganization.php on line 50.
 1 APPPATH\Views\dashboard\editOrganization.php(50): CodeIgniter\Debug\Exceptions->errorHandler(2, 'Trying to access array offset on value of type null', 'D:\\laragon\\www\\method-oldagehome\\app\\Views\\dashboard\\editOrganization.php', 50)
 2 SYSTEMPATH\View\View.php(226): include('D:\\laragon\\www\\method-oldagehome\\app\\Views\\dashboard\\editOrganization.php')
 3 SYSTEMPATH\View\View.php(229): CodeIgniter\View\View->CodeIgniter\View\{closure}()
 4 SYSTEMPATH\Common.php(1188): CodeIgniter\View\View->render('dashboard/editOrganization', [], true)
 5 APPPATH\Controllers\HomeController.php(165): view('dashboard/editOrganization', [...])
 6 SYSTEMPATH\CodeIgniter.php(919): App\Controllers\HomeController->viewedit('login', 'vendors', 'typicons', 'typicons.css')
 7 SYSTEMPATH\CodeIgniter.php(494): CodeIgniter\CodeIgniter->runController(Object(App\Controllers\HomeController))
 8 SYSTEMPATH\CodeIgniter.php(353): CodeIgniter\CodeIgniter->handleRequest(null, Object(Config\Cache), false)
 9 FCPATH\index.php(79): CodeIgniter\CodeIgniter->run()
10 SYSTEMPATH\Commands\Server\rewrite.php(47): require_once('D:\\laragon\\www\\method-oldagehome\\public\\index.php')
CRITICAL - 2024-11-17 18:06:53 --> Trying to access array offset on value of type null
in APPPATH\Views\dashboard\editOrganization.php on line 50.
 1 APPPATH\Views\dashboard\editOrganization.php(50): CodeIgniter\Debug\Exceptions->errorHandler(2, 'Trying to access array offset on value of type null', 'D:\\laragon\\www\\method-oldagehome\\app\\Views\\dashboard\\editOrganization.php', 50)
 2 SYSTEMPATH\View\View.php(226): include('D:\\laragon\\www\\method-oldagehome\\app\\Views\\dashboard\\editOrganization.php')
 3 SYSTEMPATH\View\View.php(229): CodeIgniter\View\View->CodeIgniter\View\{closure}()
 4 SYSTEMPATH\Common.php(1188): CodeIgniter\View\View->render('dashboard/editOrganization', [], true)
 5 APPPATH\Controllers\HomeController.php(165): view('dashboard/editOrganization', [...])
 6 SYSTEMPATH\CodeIgniter.php(919): App\Controllers\HomeController->viewedit('login', 'vendors', 'css', 'vendor.bundle.base.css')
 7 SYSTEMPATH\CodeIgniter.php(494): CodeIgniter\CodeIgniter->runController(Object(App\Controllers\HomeController))
 8 SYSTEMPATH\CodeIgniter.php(353): CodeIgniter\CodeIgniter->handleRequest(null, Object(Config\Cache), false)
 9 FCPATH\index.php(79): CodeIgniter\CodeIgniter->run()
10 SYSTEMPATH\Commands\Server\rewrite.php(47): require_once('D:\\laragon\\www\\method-oldagehome\\public\\index.php')
CRITICAL - 2024-11-17 18:06:53 --> Trying to access array offset on value of type null
in APPPATH\Views\dashboard\editOrganization.php on line 50.
 1 APPPATH\Views\dashboard\editOrganization.php(50): CodeIgniter\Debug\Exceptions->errorHandler(2, 'Trying to access array offset on value of type null', 'D:\\laragon\\www\\method-oldagehome\\app\\Views\\dashboard\\editOrganization.php', 50)
 2 SYSTEMPATH\View\View.php(226): include('D:\\laragon\\www\\method-oldagehome\\app\\Views\\dashboard\\editOrganization.php')
 3 SYSTEMPATH\View\View.php(229): CodeIgniter\View\View->CodeIgniter\View\{closure}()
 4 SYSTEMPATH\Common.php(1188): CodeIgniter\View\View->render('dashboard/editOrganization', [], true)
 5 APPPATH\Controllers\HomeController.php(165): view('dashboard/editOrganization', [...])
 6 SYSTEMPATH\CodeIgniter.php(919): App\Controllers\HomeController->viewedit('login', 'vendors', 'select2', 'select2.min.css')
 7 SYSTEMPATH\CodeIgniter.php(494): CodeIgniter\CodeIgniter->runController(Object(App\Controllers\HomeController))
 8 SYSTEMPATH\CodeIgniter.php(353): CodeIgniter\CodeIgniter->handleRequest(null, Object(Config\Cache), false)
 9 FCPATH\index.php(79): CodeIgniter\CodeIgniter->run()
10 SYSTEMPATH\Commands\Server\rewrite.php(47): require_once('D:\\laragon\\www\\method-oldagehome\\public\\index.php')
CRITICAL - 2024-11-17 18:06:54 --> Trying to access array offset on value of type null
in APPPATH\Views\dashboard\editOrganization.php on line 50.
 1 APPPATH\Views\dashboard\editOrganization.php(50): CodeIgniter\Debug\Exceptions->errorHandler(2, 'Trying to access array offset on value of type null', 'D:\\laragon\\www\\method-oldagehome\\app\\Views\\dashboard\\editOrganization.php', 50)
 2 SYSTEMPATH\View\View.php(226): include('D:\\laragon\\www\\method-oldagehome\\app\\Views\\dashboard\\editOrganization.php')
 3 SYSTEMPATH\View\View.php(229): CodeIgniter\View\View->CodeIgniter\View\{closure}()
 4 SYSTEMPATH\Common.php(1188): CodeIgniter\View\View->render('dashboard/editOrganization', [], true)
 5 APPPATH\Controllers\HomeController.php(165): view('dashboard/editOrganization', [...])
 6 SYSTEMPATH\CodeIgniter.php(919): App\Controllers\HomeController->viewedit('login', 'vendors', 'select2-bootstrap-theme', 'select2-bootstrap.min.css')
 7 SYSTEMPATH\CodeIgniter.php(494): CodeIgniter\CodeIgniter->runController(Object(App\Controllers\HomeController))
 8 SYSTEMPATH\CodeIgniter.php(353): CodeIgniter\CodeIgniter->handleRequest(null, Object(Config\Cache), false)
 9 FCPATH\index.php(79): CodeIgniter\CodeIgniter->run()
10 SYSTEMPATH\Commands\Server\rewrite.php(47): require_once('D:\\laragon\\www\\method-oldagehome\\public\\index.php')
CRITICAL - 2024-11-17 18:06:54 --> Trying to access array offset on value of type null
in APPPATH\Views\dashboard\editOrganization.php on line 50.
 1 APPPATH\Views\dashboard\editOrganization.php(50): CodeIgniter\Debug\Exceptions->errorHandler(2, 'Trying to access array offset on value of type null', 'D:\\laragon\\www\\method-oldagehome\\app\\Views\\dashboard\\editOrganization.php', 50)
 2 SYSTEMPATH\View\View.php(226): include('D:\\laragon\\www\\method-oldagehome\\app\\Views\\dashboard\\editOrganization.php')
 3 SYSTEMPATH\View\View.php(229): CodeIgniter\View\View->CodeIgniter\View\{closure}()
 4 SYSTEMPATH\Common.php(1188): CodeIgniter\View\View->render('dashboard/editOrganization', [], true)
 5 APPPATH\Controllers\HomeController.php(165): view('dashboard/editOrganization', [...])
 6 SYSTEMPATH\CodeIgniter.php(919): App\Controllers\HomeController->viewedit('login', 'css', 'vertical-layout-light', 'style.css')
 7 SYSTEMPATH\CodeIgniter.php(494): CodeIgniter\CodeIgniter->runController(Object(App\Controllers\HomeController))
 8 SYSTEMPATH\CodeIgniter.php(353): CodeIgniter\CodeIgniter->handleRequest(null, Object(Config\Cache), false)
 9 FCPATH\index.php(79): CodeIgniter\CodeIgniter->run()
10 SYSTEMPATH\Commands\Server\rewrite.php(47): require_once('D:\\laragon\\www\\method-oldagehome\\public\\index.php')
CRITICAL - 2024-11-17 18:07:49 --> Trying to access array offset on value of type null
in APPPATH\Views\dashboard\editOrganization.php on line 50.
 1 APPPATH\Views\dashboard\editOrganization.php(50): CodeIgniter\Debug\Exceptions->errorHandler(2, 'Trying to access array offset on value of type null', 'D:\\laragon\\www\\method-oldagehome\\app\\Views\\dashboard\\editOrganization.php', 50)
 2 SYSTEMPATH\View\View.php(226): include('D:\\laragon\\www\\method-oldagehome\\app\\Views\\dashboard\\editOrganization.php')
 3 SYSTEMPATH\View\View.php(229): CodeIgniter\View\View->CodeIgniter\View\{closure}()
 4 SYSTEMPATH\Common.php(1188): CodeIgniter\View\View->render('dashboard/editOrganization', [], true)
 5 APPPATH\Controllers\HomeController.php(165): view('dashboard/editOrganization', [...])
 6 SYSTEMPATH\CodeIgniter.php(919): App\Controllers\HomeController->viewedit('login', 'vendors', 'typicons', 'typicons.css')
 7 SYSTEMPATH\CodeIgniter.php(494): CodeIgniter\CodeIgniter->runController(Object(App\Controllers\HomeController))
 8 SYSTEMPATH\CodeIgniter.php(353): CodeIgniter\CodeIgniter->handleRequest(null, Object(Config\Cache), false)
 9 FCPATH\index.php(79): CodeIgniter\CodeIgniter->run()
10 SYSTEMPATH\Commands\Server\rewrite.php(47): require_once('D:\\laragon\\www\\method-oldagehome\\public\\index.php')
CRITICAL - 2024-11-17 18:07:50 --> Trying to access array offset on value of type null
in APPPATH\Views\dashboard\editOrganization.php on line 50.
 1 APPPATH\Views\dashboard\editOrganization.php(50): CodeIgniter\Debug\Exceptions->errorHandler(2, 'Trying to access array offset on value of type null', 'D:\\laragon\\www\\method-oldagehome\\app\\Views\\dashboard\\editOrganization.php', 50)
 2 SYSTEMPATH\View\View.php(226): include('D:\\laragon\\www\\method-oldagehome\\app\\Views\\dashboard\\editOrganization.php')
 3 SYSTEMPATH\View\View.php(229): CodeIgniter\View\View->CodeIgniter\View\{closure}()
 4 SYSTEMPATH\Common.php(1188): CodeIgniter\View\View->render('dashboard/editOrganization', [], true)
 5 APPPATH\Controllers\HomeController.php(165): view('dashboard/editOrganization', [...])
 6 SYSTEMPATH\CodeIgniter.php(919): App\Controllers\HomeController->viewedit('login', 'vendors', 'css', 'vendor.bundle.base.css')
 7 SYSTEMPATH\CodeIgniter.php(494): CodeIgniter\CodeIgniter->runController(Object(App\Controllers\HomeController))
 8 SYSTEMPATH\CodeIgniter.php(353): CodeIgniter\CodeIgniter->handleRequest(null, Object(Config\Cache), false)
 9 FCPATH\index.php(79): CodeIgniter\CodeIgniter->run()
10 SYSTEMPATH\Commands\Server\rewrite.php(47): require_once('D:\\laragon\\www\\method-oldagehome\\public\\index.php')
CRITICAL - 2024-11-17 18:07:50 --> Trying to access array offset on value of type null
in APPPATH\Views\dashboard\editOrganization.php on line 50.
 1 APPPATH\Views\dashboard\editOrganization.php(50): CodeIgniter\Debug\Exceptions->errorHandler(2, 'Trying to access array offset on value of type null', 'D:\\laragon\\www\\method-oldagehome\\app\\Views\\dashboard\\editOrganization.php', 50)
 2 SYSTEMPATH\View\View.php(226): include('D:\\laragon\\www\\method-oldagehome\\app\\Views\\dashboard\\editOrganization.php')
 3 SYSTEMPATH\View\View.php(229): CodeIgniter\View\View->CodeIgniter\View\{closure}()
 4 SYSTEMPATH\Common.php(1188): CodeIgniter\View\View->render('dashboard/editOrganization', [], true)
 5 APPPATH\Controllers\HomeController.php(165): view('dashboard/editOrganization', [...])
 6 SYSTEMPATH\CodeIgniter.php(919): App\Controllers\HomeController->viewedit('login', 'vendors', 'select2', 'select2.min.css')
 7 SYSTEMPATH\CodeIgniter.php(494): CodeIgniter\CodeIgniter->runController(Object(App\Controllers\HomeController))
 8 SYSTEMPATH\CodeIgniter.php(353): CodeIgniter\CodeIgniter->handleRequest(null, Object(Config\Cache), false)
 9 FCPATH\index.php(79): CodeIgniter\CodeIgniter->run()
10 SYSTEMPATH\Commands\Server\rewrite.php(47): require_once('D:\\laragon\\www\\method-oldagehome\\public\\index.php')
CRITICAL - 2024-11-17 18:07:51 --> Trying to access array offset on value of type null
in APPPATH\Views\dashboard\editOrganization.php on line 50.
 1 APPPATH\Views\dashboard\editOrganization.php(50): CodeIgniter\Debug\Exceptions->errorHandler(2, 'Trying to access array offset on value of type null', 'D:\\laragon\\www\\method-oldagehome\\app\\Views\\dashboard\\editOrganization.php', 50)
 2 SYSTEMPATH\View\View.php(226): include('D:\\laragon\\www\\method-oldagehome\\app\\Views\\dashboard\\editOrganization.php')
 3 SYSTEMPATH\View\View.php(229): CodeIgniter\View\View->CodeIgniter\View\{closure}()
 4 SYSTEMPATH\Common.php(1188): CodeIgniter\View\View->render('dashboard/editOrganization', [], true)
 5 APPPATH\Controllers\HomeController.php(165): view('dashboard/editOrganization', [...])
 6 SYSTEMPATH\CodeIgniter.php(919): App\Controllers\HomeController->viewedit('login', 'vendors', 'select2-bootstrap-theme', 'select2-bootstrap.min.css')
 7 SYSTEMPATH\CodeIgniter.php(494): CodeIgniter\CodeIgniter->runController(Object(App\Controllers\HomeController))
 8 SYSTEMPATH\CodeIgniter.php(353): CodeIgniter\CodeIgniter->handleRequest(null, Object(Config\Cache), false)
 9 FCPATH\index.php(79): CodeIgniter\CodeIgniter->run()
10 SYSTEMPATH\Commands\Server\rewrite.php(47): require_once('D:\\laragon\\www\\method-oldagehome\\public\\index.php')
CRITICAL - 2024-11-17 18:07:51 --> Trying to access array offset on value of type null
in APPPATH\Views\dashboard\editOrganization.php on line 50.
 1 APPPATH\Views\dashboard\editOrganization.php(50): CodeIgniter\Debug\Exceptions->errorHandler(2, 'Trying to access array offset on value of type null', 'D:\\laragon\\www\\method-oldagehome\\app\\Views\\dashboard\\editOrganization.php', 50)
 2 SYSTEMPATH\View\View.php(226): include('D:\\laragon\\www\\method-oldagehome\\app\\Views\\dashboard\\editOrganization.php')
 3 SYSTEMPATH\View\View.php(229): CodeIgniter\View\View->CodeIgniter\View\{closure}()
 4 SYSTEMPATH\Common.php(1188): CodeIgniter\View\View->render('dashboard/editOrganization', [], true)
 5 APPPATH\Controllers\HomeController.php(165): view('dashboard/editOrganization', [...])
 6 SYSTEMPATH\CodeIgniter.php(919): App\Controllers\HomeController->viewedit('login', 'css', 'vertical-layout-light', 'style.css')
 7 SYSTEMPATH\CodeIgniter.php(494): CodeIgniter\CodeIgniter->runController(Object(App\Controllers\HomeController))
 8 SYSTEMPATH\CodeIgniter.php(353): CodeIgniter\CodeIgniter->handleRequest(null, Object(Config\Cache), false)
 9 FCPATH\index.php(79): CodeIgniter\CodeIgniter->run()
10 SYSTEMPATH\Commands\Server\rewrite.php(47): require_once('D:\\laragon\\www\\method-oldagehome\\public\\index.php')
CRITICAL - 2024-11-17 18:08:06 --> Trying to access array offset on value of type null
in APPPATH\Views\dashboard\editOrganization.php on line 50.
 1 APPPATH\Views\dashboard\editOrganization.php(50): CodeIgniter\Debug\Exceptions->errorHandler(2, 'Trying to access array offset on value of type null', 'D:\\laragon\\www\\method-oldagehome\\app\\Views\\dashboard\\editOrganization.php', 50)
 2 SYSTEMPATH\View\View.php(226): include('D:\\laragon\\www\\method-oldagehome\\app\\Views\\dashboard\\editOrganization.php')
 3 SYSTEMPATH\View\View.php(229): CodeIgniter\View\View->CodeIgniter\View\{closure}()
 4 SYSTEMPATH\Common.php(1188): CodeIgniter\View\View->render('dashboard/editOrganization', [], true)
 5 APPPATH\Controllers\HomeController.php(165): view('dashboard/editOrganization', [...])
 6 SYSTEMPATH\CodeIgniter.php(919): App\Controllers\HomeController->viewedit('login', 'vendors', 'typicons', 'typicons.css')
 7 SYSTEMPATH\CodeIgniter.php(494): CodeIgniter\CodeIgniter->runController(Object(App\Controllers\HomeController))
 8 SYSTEMPATH\CodeIgniter.php(353): CodeIgniter\CodeIgniter->handleRequest(null, Object(Config\Cache), false)
 9 FCPATH\index.php(79): CodeIgniter\CodeIgniter->run()
10 SYSTEMPATH\Commands\Server\rewrite.php(47): require_once('D:\\laragon\\www\\method-oldagehome\\public\\index.php')
CRITICAL - 2024-11-17 18:08:07 --> Trying to access array offset on value of type null
in APPPATH\Views\dashboard\editOrganization.php on line 50.
 1 APPPATH\Views\dashboard\editOrganization.php(50): CodeIgniter\Debug\Exceptions->errorHandler(2, 'Trying to access array offset on value of type null', 'D:\\laragon\\www\\method-oldagehome\\app\\Views\\dashboard\\editOrganization.php', 50)
 2 SYSTEMPATH\View\View.php(226): include('D:\\laragon\\www\\method-oldagehome\\app\\Views\\dashboard\\editOrganization.php')
 3 SYSTEMPATH\View\View.php(229): CodeIgniter\View\View->CodeIgniter\View\{closure}()
 4 SYSTEMPATH\Common.php(1188): CodeIgniter\View\View->render('dashboard/editOrganization', [], true)
 5 APPPATH\Controllers\HomeController.php(165): view('dashboard/editOrganization', [...])
 6 SYSTEMPATH\CodeIgniter.php(919): App\Controllers\HomeController->viewedit('login', 'vendors', 'css', 'vendor.bundle.base.css')
 7 SYSTEMPATH\CodeIgniter.php(494): CodeIgniter\CodeIgniter->runController(Object(App\Controllers\HomeController))
 8 SYSTEMPATH\CodeIgniter.php(353): CodeIgniter\CodeIgniter->handleRequest(null, Object(Config\Cache), false)
 9 FCPATH\index.php(79): CodeIgniter\CodeIgniter->run()
10 SYSTEMPATH\Commands\Server\rewrite.php(47): require_once('D:\\laragon\\www\\method-oldagehome\\public\\index.php')
CRITICAL - 2024-11-17 18:08:07 --> Trying to access array offset on value of type null
in APPPATH\Views\dashboard\editOrganization.php on line 50.
 1 APPPATH\Views\dashboard\editOrganization.php(50): CodeIgniter\Debug\Exceptions->errorHandler(2, 'Trying to access array offset on value of type null', 'D:\\laragon\\www\\method-oldagehome\\app\\Views\\dashboard\\editOrganization.php', 50)
 2 SYSTEMPATH\View\View.php(226): include('D:\\laragon\\www\\method-oldagehome\\app\\Views\\dashboard\\editOrganization.php')
 3 SYSTEMPATH\View\View.php(229): CodeIgniter\View\View->CodeIgniter\View\{closure}()
 4 SYSTEMPATH\Common.php(1188): CodeIgniter\View\View->render('dashboard/editOrganization', [], true)
 5 APPPATH\Controllers\HomeController.php(165): view('dashboard/editOrganization', [...])
 6 SYSTEMPATH\CodeIgniter.php(919): App\Controllers\HomeController->viewedit('login', 'vendors', 'select2', 'select2.min.css')
 7 SYSTEMPATH\CodeIgniter.php(494): CodeIgniter\CodeIgniter->runController(Object(App\Controllers\HomeController))
 8 SYSTEMPATH\CodeIgniter.php(353): CodeIgniter\CodeIgniter->handleRequest(null, Object(Config\Cache), false)
 9 FCPATH\index.php(79): CodeIgniter\CodeIgniter->run()
10 SYSTEMPATH\Commands\Server\rewrite.php(47): require_once('D:\\laragon\\www\\method-oldagehome\\public\\index.php')
CRITICAL - 2024-11-17 18:08:08 --> Trying to access array offset on value of type null
in APPPATH\Views\dashboard\editOrganization.php on line 50.
 1 APPPATH\Views\dashboard\editOrganization.php(50): CodeIgniter\Debug\Exceptions->errorHandler(2, 'Trying to access array offset on value of type null', 'D:\\laragon\\www\\method-oldagehome\\app\\Views\\dashboard\\editOrganization.php', 50)
 2 SYSTEMPATH\View\View.php(226): include('D:\\laragon\\www\\method-oldagehome\\app\\Views\\dashboard\\editOrganization.php')
 3 SYSTEMPATH\View\View.php(229): CodeIgniter\View\View->CodeIgniter\View\{closure}()
 4 SYSTEMPATH\Common.php(1188): CodeIgniter\View\View->render('dashboard/editOrganization', [], true)
 5 APPPATH\Controllers\HomeController.php(165): view('dashboard/editOrganization', [...])
 6 SYSTEMPATH\CodeIgniter.php(919): App\Controllers\HomeController->viewedit('login', 'vendors', 'select2-bootstrap-theme', 'select2-bootstrap.min.css')
 7 SYSTEMPATH\CodeIgniter.php(494): CodeIgniter\CodeIgniter->runController(Object(App\Controllers\HomeController))
 8 SYSTEMPATH\CodeIgniter.php(353): CodeIgniter\CodeIgniter->handleRequest(null, Object(Config\Cache), false)
 9 FCPATH\index.php(79): CodeIgniter\CodeIgniter->run()
10 SYSTEMPATH\Commands\Server\rewrite.php(47): require_once('D:\\laragon\\www\\method-oldagehome\\public\\index.php')
CRITICAL - 2024-11-17 18:08:08 --> Trying to access array offset on value of type null
in APPPATH\Views\dashboard\editOrganization.php on line 50.
 1 APPPATH\Views\dashboard\editOrganization.php(50): CodeIgniter\Debug\Exceptions->errorHandler(2, 'Trying to access array offset on value of type null', 'D:\\laragon\\www\\method-oldagehome\\app\\Views\\dashboard\\editOrganization.php', 50)
 2 SYSTEMPATH\View\View.php(226): include('D:\\laragon\\www\\method-oldagehome\\app\\Views\\dashboard\\editOrganization.php')
 3 SYSTEMPATH\View\View.php(229): CodeIgniter\View\View->CodeIgniter\View\{closure}()
 4 SYSTEMPATH\Common.php(1188): CodeIgniter\View\View->render('dashboard/editOrganization', [], true)
 5 APPPATH\Controllers\HomeController.php(165): view('dashboard/editOrganization', [...])
 6 SYSTEMPATH\CodeIgniter.php(919): App\Controllers\HomeController->viewedit('login', 'css', 'vertical-layout-light', 'style.css')
 7 SYSTEMPATH\CodeIgniter.php(494): CodeIgniter\CodeIgniter->runController(Object(App\Controllers\HomeController))
 8 SYSTEMPATH\CodeIgniter.php(353): CodeIgniter\CodeIgniter->handleRequest(null, Object(Config\Cache), false)
 9 FCPATH\index.php(79): CodeIgniter\CodeIgniter->run()
10 SYSTEMPATH\Commands\Server\rewrite.php(47): require_once('D:\\laragon\\www\\method-oldagehome\\public\\index.php')
CRITICAL - 2024-11-17 18:08:52 --> The original file is not a valid file.
in SYSTEMPATH\HTTP\Files\UploadedFile.php on line 146.
 1 SYSTEMPATH\HTTP\Files\UploadedFile.php(146): CodeIgniter\HTTP\Exceptions\HTTPException::forInvalidFile()
 2 APPPATH\Controllers\HomeController.php(132): CodeIgniter\HTTP\Files\UploadedFile->move('D:\\laragon\\www\\method-oldagehome\\public/uploads/', '1731866932_1ca3e6dc4fe207d3e39e')
 3 SYSTEMPATH\CodeIgniter.php(919): App\Controllers\HomeController->updateOrganization('1')
 4 SYSTEMPATH\CodeIgniter.php(494): CodeIgniter\CodeIgniter->runController(Object(App\Controllers\HomeController))
 5 SYSTEMPATH\CodeIgniter.php(353): CodeIgniter\CodeIgniter->handleRequest(null, Object(Config\Cache), false)
 6 FCPATH\index.php(79): CodeIgniter\CodeIgniter->run()
 7 SYSTEMPATH\Commands\Server\rewrite.php(47): require_once('D:\\laragon\\www\\method-oldagehome\\public\\index.php')
CRITICAL - 2024-11-17 18:14:31 --> Trying to access array offset on value of type null
in APPPATH\Views\dashboard\editOrganization.php on line 50.
 1 APPPATH\Views\dashboard\editOrganization.php(50): CodeIgniter\Debug\Exceptions->errorHandler(2, 'Trying to access array offset on value of type null', 'D:\\laragon\\www\\method-oldagehome\\app\\Views\\dashboard\\editOrganization.php', 50)
 2 SYSTEMPATH\View\View.php(226): include('D:\\laragon\\www\\method-oldagehome\\app\\Views\\dashboard\\editOrganization.php')
 3 SYSTEMPATH\View\View.php(229): CodeIgniter\View\View->CodeIgniter\View\{closure}()
 4 SYSTEMPATH\Common.php(1188): CodeIgniter\View\View->render('dashboard/editOrganization', [], true)
 5 APPPATH\Controllers\HomeController.php(180): view('dashboard/editOrganization', [...])
 6 SYSTEMPATH\CodeIgniter.php(919): App\Controllers\HomeController->viewedit('login', 'vendors', 'typicons', 'typicons.css')
 7 SYSTEMPATH\CodeIgniter.php(494): CodeIgniter\CodeIgniter->runController(Object(App\Controllers\HomeController))
 8 SYSTEMPATH\CodeIgniter.php(353): CodeIgniter\CodeIgniter->handleRequest(null, Object(Config\Cache), false)
 9 FCPATH\index.php(79): CodeIgniter\CodeIgniter->run()
10 SYSTEMPATH\Commands\Server\rewrite.php(47): require_once('D:\\laragon\\www\\method-oldagehome\\public\\index.php')
CRITICAL - 2024-11-17 18:14:31 --> Trying to access array offset on value of type null
in APPPATH\Views\dashboard\editOrganization.php on line 50.
 1 APPPATH\Views\dashboard\editOrganization.php(50): CodeIgniter\Debug\Exceptions->errorHandler(2, 'Trying to access array offset on value of type null', 'D:\\laragon\\www\\method-oldagehome\\app\\Views\\dashboard\\editOrganization.php', 50)
 2 SYSTEMPATH\View\View.php(226): include('D:\\laragon\\www\\method-oldagehome\\app\\Views\\dashboard\\editOrganization.php')
 3 SYSTEMPATH\View\View.php(229): CodeIgniter\View\View->CodeIgniter\View\{closure}()
 4 SYSTEMPATH\Common.php(1188): CodeIgniter\View\View->render('dashboard/editOrganization', [], true)
 5 APPPATH\Controllers\HomeController.php(180): view('dashboard/editOrganization', [...])
 6 SYSTEMPATH\CodeIgniter.php(919): App\Controllers\HomeController->viewedit('login', 'vendors', 'css', 'vendor.bundle.base.css')
 7 SYSTEMPATH\CodeIgniter.php(494): CodeIgniter\CodeIgniter->runController(Object(App\Controllers\HomeController))
 8 SYSTEMPATH\CodeIgniter.php(353): CodeIgniter\CodeIgniter->handleRequest(null, Object(Config\Cache), false)
 9 FCPATH\index.php(79): CodeIgniter\CodeIgniter->run()
10 SYSTEMPATH\Commands\Server\rewrite.php(47): require_once('D:\\laragon\\www\\method-oldagehome\\public\\index.php')
CRITICAL - 2024-11-17 18:14:31 --> Trying to access array offset on value of type null
in APPPATH\Views\dashboard\editOrganization.php on line 50.
 1 APPPATH\Views\dashboard\editOrganization.php(50): CodeIgniter\Debug\Exceptions->errorHandler(2, 'Trying to access array offset on value of type null', 'D:\\laragon\\www\\method-oldagehome\\app\\Views\\dashboard\\editOrganization.php', 50)
 2 SYSTEMPATH\View\View.php(226): include('D:\\laragon\\www\\method-oldagehome\\app\\Views\\dashboard\\editOrganization.php')
 3 SYSTEMPATH\View\View.php(229): CodeIgniter\View\View->CodeIgniter\View\{closure}()
 4 SYSTEMPATH\Common.php(1188): CodeIgniter\View\View->render('dashboard/editOrganization', [], true)
 5 APPPATH\Controllers\HomeController.php(180): view('dashboard/editOrganization', [...])
 6 SYSTEMPATH\CodeIgniter.php(919): App\Controllers\HomeController->viewedit('login', 'vendors', 'select2', 'select2.min.css')
 7 SYSTEMPATH\CodeIgniter.php(494): CodeIgniter\CodeIgniter->runController(Object(App\Controllers\HomeController))
 8 SYSTEMPATH\CodeIgniter.php(353): CodeIgniter\CodeIgniter->handleRequest(null, Object(Config\Cache), false)
 9 FCPATH\index.php(79): CodeIgniter\CodeIgniter->run()
10 SYSTEMPATH\Commands\Server\rewrite.php(47): require_once('D:\\laragon\\www\\method-oldagehome\\public\\index.php')
CRITICAL - 2024-11-17 18:14:32 --> Trying to access array offset on value of type null
in APPPATH\Views\dashboard\editOrganization.php on line 50.
 1 APPPATH\Views\dashboard\editOrganization.php(50): CodeIgniter\Debug\Exceptions->errorHandler(2, 'Trying to access array offset on value of type null', 'D:\\laragon\\www\\method-oldagehome\\app\\Views\\dashboard\\editOrganization.php', 50)
 2 SYSTEMPATH\View\View.php(226): include('D:\\laragon\\www\\method-oldagehome\\app\\Views\\dashboard\\editOrganization.php')
 3 SYSTEMPATH\View\View.php(229): CodeIgniter\View\View->CodeIgniter\View\{closure}()
 4 SYSTEMPATH\Common.php(1188): CodeIgniter\View\View->render('dashboard/editOrganization', [], true)
 5 APPPATH\Controllers\HomeController.php(180): view('dashboard/editOrganization', [...])
 6 SYSTEMPATH\CodeIgniter.php(919): App\Controllers\HomeController->viewedit('login', 'vendors', 'select2-bootstrap-theme', 'select2-bootstrap.min.css')
 7 SYSTEMPATH\CodeIgniter.php(494): CodeIgniter\CodeIgniter->runController(Object(App\Controllers\HomeController))
 8 SYSTEMPATH\CodeIgniter.php(353): CodeIgniter\CodeIgniter->handleRequest(null, Object(Config\Cache), false)
 9 FCPATH\index.php(79): CodeIgniter\CodeIgniter->run()
10 SYSTEMPATH\Commands\Server\rewrite.php(47): require_once('D:\\laragon\\www\\method-oldagehome\\public\\index.php')
CRITICAL - 2024-11-17 18:14:32 --> Trying to access array offset on value of type null
in APPPATH\Views\dashboard\editOrganization.php on line 50.
 1 APPPATH\Views\dashboard\editOrganization.php(50): CodeIgniter\Debug\Exceptions->errorHandler(2, 'Trying to access array offset on value of type null', 'D:\\laragon\\www\\method-oldagehome\\app\\Views\\dashboard\\editOrganization.php', 50)
 2 SYSTEMPATH\View\View.php(226): include('D:\\laragon\\www\\method-oldagehome\\app\\Views\\dashboard\\editOrganization.php')
 3 SYSTEMPATH\View\View.php(229): CodeIgniter\View\View->CodeIgniter\View\{closure}()
 4 SYSTEMPATH\Common.php(1188): CodeIgniter\View\View->render('dashboard/editOrganization', [], true)
 5 APPPATH\Controllers\HomeController.php(180): view('dashboard/editOrganization', [...])
 6 SYSTEMPATH\CodeIgniter.php(919): App\Controllers\HomeController->viewedit('login', 'css', 'vertical-layout-light', 'style.css')
 7 SYSTEMPATH\CodeIgniter.php(494): CodeIgniter\CodeIgniter->runController(Object(App\Controllers\HomeController))
 8 SYSTEMPATH\CodeIgniter.php(353): CodeIgniter\CodeIgniter->handleRequest(null, Object(Config\Cache), false)
 9 FCPATH\index.php(79): CodeIgniter\CodeIgniter->run()
10 SYSTEMPATH\Commands\Server\rewrite.php(47): require_once('D:\\laragon\\www\\method-oldagehome\\public\\index.php')
CRITICAL - 2024-11-17 18:15:03 --> Trying to access array offset on value of type null
in APPPATH\Views\dashboard\editOrganization.php on line 50.
 1 APPPATH\Views\dashboard\editOrganization.php(50): CodeIgniter\Debug\Exceptions->errorHandler(2, 'Trying to access array offset on value of type null', 'D:\\laragon\\www\\method-oldagehome\\app\\Views\\dashboard\\editOrganization.php', 50)
 2 SYSTEMPATH\View\View.php(226): include('D:\\laragon\\www\\method-oldagehome\\app\\Views\\dashboard\\editOrganization.php')
 3 SYSTEMPATH\View\View.php(229): CodeIgniter\View\View->CodeIgniter\View\{closure}()
 4 SYSTEMPATH\Common.php(1188): CodeIgniter\View\View->render('dashboard/editOrganization', [], true)
 5 APPPATH\Controllers\HomeController.php(180): view('dashboard/editOrganization', [...])
 6 SYSTEMPATH\CodeIgniter.php(919): App\Controllers\HomeController->viewedit('login', 'vendors', 'select2-bootstrap-theme', 'select2-bootstrap.min.css')
 7 SYSTEMPATH\CodeIgniter.php(494): CodeIgniter\CodeIgniter->runController(Object(App\Controllers\HomeController))
 8 SYSTEMPATH\CodeIgniter.php(353): CodeIgniter\CodeIgniter->handleRequest(null, Object(Config\Cache), false)
 9 FCPATH\index.php(79): CodeIgniter\CodeIgniter->run()
10 SYSTEMPATH\Commands\Server\rewrite.php(47): require_once('D:\\laragon\\www\\method-oldagehome\\public\\index.php')
CRITICAL - 2024-11-17 18:15:03 --> Trying to access array offset on value of type null
in APPPATH\Views\dashboard\editOrganization.php on line 50.
 1 APPPATH\Views\dashboard\editOrganization.php(50): CodeIgniter\Debug\Exceptions->errorHandler(2, 'Trying to access array offset on value of type null', 'D:\\laragon\\www\\method-oldagehome\\app\\Views\\dashboard\\editOrganization.php', 50)
 2 SYSTEMPATH\View\View.php(226): include('D:\\laragon\\www\\method-oldagehome\\app\\Views\\dashboard\\editOrganization.php')
 3 SYSTEMPATH\View\View.php(229): CodeIgniter\View\View->CodeIgniter\View\{closure}()
 4 SYSTEMPATH\Common.php(1188): CodeIgniter\View\View->render('dashboard/editOrganization', [], true)
 5 APPPATH\Controllers\HomeController.php(180): view('dashboard/editOrganization', [...])
 6 SYSTEMPATH\CodeIgniter.php(919): App\Controllers\HomeController->viewedit('login', 'vendors', 'select2', 'select2.min.css')
 7 SYSTEMPATH\CodeIgniter.php(494): CodeIgniter\CodeIgniter->runController(Object(App\Controllers\HomeController))
 8 SYSTEMPATH\CodeIgniter.php(353): CodeIgniter\CodeIgniter->handleRequest(null, Object(Config\Cache), false)
 9 FCPATH\index.php(79): CodeIgniter\CodeIgniter->run()
10 SYSTEMPATH\Commands\Server\rewrite.php(47): require_once('D:\\laragon\\www\\method-oldagehome\\public\\index.php')
CRITICAL - 2024-11-17 18:15:04 --> Trying to access array offset on value of type null
in APPPATH\Views\dashboard\editOrganization.php on line 50.
 1 APPPATH\Views\dashboard\editOrganization.php(50): CodeIgniter\Debug\Exceptions->errorHandler(2, 'Trying to access array offset on value of type null', 'D:\\laragon\\www\\method-oldagehome\\app\\Views\\dashboard\\editOrganization.php', 50)
 2 SYSTEMPATH\View\View.php(226): include('D:\\laragon\\www\\method-oldagehome\\app\\Views\\dashboard\\editOrganization.php')
 3 SYSTEMPATH\View\View.php(229): CodeIgniter\View\View->CodeIgniter\View\{closure}()
 4 SYSTEMPATH\Common.php(1188): CodeIgniter\View\View->render('dashboard/editOrganization', [], true)
 5 APPPATH\Controllers\HomeController.php(180): view('dashboard/editOrganization', [...])
 6 SYSTEMPATH\CodeIgniter.php(919): App\Controllers\HomeController->viewedit('login', 'css', 'vertical-layout-light', 'style.css')
 7 SYSTEMPATH\CodeIgniter.php(494): CodeIgniter\CodeIgniter->runController(Object(App\Controllers\HomeController))
 8 SYSTEMPATH\CodeIgniter.php(353): CodeIgniter\CodeIgniter->handleRequest(null, Object(Config\Cache), false)
 9 FCPATH\index.php(79): CodeIgniter\CodeIgniter->run()
10 SYSTEMPATH\Commands\Server\rewrite.php(47): require_once('D:\\laragon\\www\\method-oldagehome\\public\\index.php')
CRITICAL - 2024-11-17 18:15:04 --> Trying to access array offset on value of type null
in APPPATH\Views\dashboard\editOrganization.php on line 50.
 1 APPPATH\Views\dashboard\editOrganization.php(50): CodeIgniter\Debug\Exceptions->errorHandler(2, 'Trying to access array offset on value of type null', 'D:\\laragon\\www\\method-oldagehome\\app\\Views\\dashboard\\editOrganization.php', 50)
 2 SYSTEMPATH\View\View.php(226): include('D:\\laragon\\www\\method-oldagehome\\app\\Views\\dashboard\\editOrganization.php')
 3 SYSTEMPATH\View\View.php(229): CodeIgniter\View\View->CodeIgniter\View\{closure}()
 4 SYSTEMPATH\Common.php(1188): CodeIgniter\View\View->render('dashboard/editOrganization', [], true)
 5 APPPATH\Controllers\HomeController.php(180): view('dashboard/editOrganization', [...])
 6 SYSTEMPATH\CodeIgniter.php(919): App\Controllers\HomeController->viewedit('login', 'vendors', 'css', 'vendor.bundle.base.css')
 7 SYSTEMPATH\CodeIgniter.php(494): CodeIgniter\CodeIgniter->runController(Object(App\Controllers\HomeController))
 8 SYSTEMPATH\CodeIgniter.php(353): CodeIgniter\CodeIgniter->handleRequest(null, Object(Config\Cache), false)
 9 FCPATH\index.php(79): CodeIgniter\CodeIgniter->run()
10 SYSTEMPATH\Commands\Server\rewrite.php(47): require_once('D:\\laragon\\www\\method-oldagehome\\public\\index.php')
CRITICAL - 2024-11-17 18:15:05 --> Trying to access array offset on value of type null
in APPPATH\Views\dashboard\editOrganization.php on line 50.
 1 APPPATH\Views\dashboard\editOrganization.php(50): CodeIgniter\Debug\Exceptions->errorHandler(2, 'Trying to access array offset on value of type null', 'D:\\laragon\\www\\method-oldagehome\\app\\Views\\dashboard\\editOrganization.php', 50)
 2 SYSTEMPATH\View\View.php(226): include('D:\\laragon\\www\\method-oldagehome\\app\\Views\\dashboard\\editOrganization.php')
 3 SYSTEMPATH\View\View.php(229): CodeIgniter\View\View->CodeIgniter\View\{closure}()
 4 SYSTEMPATH\Common.php(1188): CodeIgniter\View\View->render('dashboard/editOrganization', [], true)
 5 APPPATH\Controllers\HomeController.php(180): view('dashboard/editOrganization', [...])
 6 SYSTEMPATH\CodeIgniter.php(919): App\Controllers\HomeController->viewedit('login', 'vendors', 'typicons', 'typicons.css')
 7 SYSTEMPATH\CodeIgniter.php(494): CodeIgniter\CodeIgniter->runController(Object(App\Controllers\HomeController))
 8 SYSTEMPATH\CodeIgniter.php(353): CodeIgniter\CodeIgniter->handleRequest(null, Object(Config\Cache), false)
 9 FCPATH\index.php(79): CodeIgniter\CodeIgniter->run()
10 SYSTEMPATH\Commands\Server\rewrite.php(47): require_once('D:\\laragon\\www\\method-oldagehome\\public\\index.php')
CRITICAL - 2024-11-17 18:15:14 --> Trying to access array offset on value of type null
in APPPATH\Views\dashboard\editOrganization.php on line 50.
 1 APPPATH\Views\dashboard\editOrganization.php(50): CodeIgniter\Debug\Exceptions->errorHandler(2, 'Trying to access array offset on value of type null', 'D:\\laragon\\www\\method-oldagehome\\app\\Views\\dashboard\\editOrganization.php', 50)
 2 SYSTEMPATH\View\View.php(226): include('D:\\laragon\\www\\method-oldagehome\\app\\Views\\dashboard\\editOrganization.php')
 3 SYSTEMPATH\View\View.php(229): CodeIgniter\View\View->CodeIgniter\View\{closure}()
 4 SYSTEMPATH\Common.php(1188): CodeIgniter\View\View->render('dashboard/editOrganization', [], true)
 5 APPPATH\Controllers\HomeController.php(180): view('dashboard/editOrganization', [...])
 6 SYSTEMPATH\CodeIgniter.php(919): App\Controllers\HomeController->viewedit('login', 'vendors', 'typicons', 'typicons.css')
 7 SYSTEMPATH\CodeIgniter.php(494): CodeIgniter\CodeIgniter->runController(Object(App\Controllers\HomeController))
 8 SYSTEMPATH\CodeIgniter.php(353): CodeIgniter\CodeIgniter->handleRequest(null, Object(Config\Cache), false)
 9 FCPATH\index.php(79): CodeIgniter\CodeIgniter->run()
10 SYSTEMPATH\Commands\Server\rewrite.php(47): require_once('D:\\laragon\\www\\method-oldagehome\\public\\index.php')
CRITICAL - 2024-11-17 18:15:14 --> Trying to access array offset on value of type null
in APPPATH\Views\dashboard\editOrganization.php on line 50.
 1 APPPATH\Views\dashboard\editOrganization.php(50): CodeIgniter\Debug\Exceptions->errorHandler(2, 'Trying to access array offset on value of type null', 'D:\\laragon\\www\\method-oldagehome\\app\\Views\\dashboard\\editOrganization.php', 50)
 2 SYSTEMPATH\View\View.php(226): include('D:\\laragon\\www\\method-oldagehome\\app\\Views\\dashboard\\editOrganization.php')
 3 SYSTEMPATH\View\View.php(229): CodeIgniter\View\View->CodeIgniter\View\{closure}()
 4 SYSTEMPATH\Common.php(1188): CodeIgniter\View\View->render('dashboard/editOrganization', [], true)
 5 APPPATH\Controllers\HomeController.php(180): view('dashboard/editOrganization', [...])
 6 SYSTEMPATH\CodeIgniter.php(919): App\Controllers\HomeController->viewedit('login', 'vendors', 'css', 'vendor.bundle.base.css')
 7 SYSTEMPATH\CodeIgniter.php(494): CodeIgniter\CodeIgniter->runController(Object(App\Controllers\HomeController))
 8 SYSTEMPATH\CodeIgniter.php(353): CodeIgniter\CodeIgniter->handleRequest(null, Object(Config\Cache), false)
 9 FCPATH\index.php(79): CodeIgniter\CodeIgniter->run()
10 SYSTEMPATH\Commands\Server\rewrite.php(47): require_once('D:\\laragon\\www\\method-oldagehome\\public\\index.php')
CRITICAL - 2024-11-17 18:15:15 --> Trying to access array offset on value of type null
in APPPATH\Views\dashboard\editOrganization.php on line 50.
 1 APPPATH\Views\dashboard\editOrganization.php(50): CodeIgniter\Debug\Exceptions->errorHandler(2, 'Trying to access array offset on value of type null', 'D:\\laragon\\www\\method-oldagehome\\app\\Views\\dashboard\\editOrganization.php', 50)
 2 SYSTEMPATH\View\View.php(226): include('D:\\laragon\\www\\method-oldagehome\\app\\Views\\dashboard\\editOrganization.php')
 3 SYSTEMPATH\View\View.php(229): CodeIgniter\View\View->CodeIgniter\View\{closure}()
 4 SYSTEMPATH\Common.php(1188): CodeIgniter\View\View->render('dashboard/editOrganization', [], true)
 5 APPPATH\Controllers\HomeController.php(180): view('dashboard/editOrganization', [...])
 6 SYSTEMPATH\CodeIgniter.php(919): App\Controllers\HomeController->viewedit('login', 'vendors', 'select2', 'select2.min.css')
 7 SYSTEMPATH\CodeIgniter.php(494): CodeIgniter\CodeIgniter->runController(Object(App\Controllers\HomeController))
 8 SYSTEMPATH\CodeIgniter.php(353): CodeIgniter\CodeIgniter->handleRequest(null, Object(Config\Cache), false)
 9 FCPATH\index.php(79): CodeIgniter\CodeIgniter->run()
10 SYSTEMPATH\Commands\Server\rewrite.php(47): require_once('D:\\laragon\\www\\method-oldagehome\\public\\index.php')
CRITICAL - 2024-11-17 18:15:15 --> Trying to access array offset on value of type null
in APPPATH\Views\dashboard\editOrganization.php on line 50.
 1 APPPATH\Views\dashboard\editOrganization.php(50): CodeIgniter\Debug\Exceptions->errorHandler(2, 'Trying to access array offset on value of type null', 'D:\\laragon\\www\\method-oldagehome\\app\\Views\\dashboard\\editOrganization.php', 50)
 2 SYSTEMPATH\View\View.php(226): include('D:\\laragon\\www\\method-oldagehome\\app\\Views\\dashboard\\editOrganization.php')
 3 SYSTEMPATH\View\View.php(229): CodeIgniter\View\View->CodeIgniter\View\{closure}()
 4 SYSTEMPATH\Common.php(1188): CodeIgniter\View\View->render('dashboard/editOrganization', [], true)
 5 APPPATH\Controllers\HomeController.php(180): view('dashboard/editOrganization', [...])
 6 SYSTEMPATH\CodeIgniter.php(919): App\Controllers\HomeController->viewedit('login', 'vendors', 'select2-bootstrap-theme', 'select2-bootstrap.min.css')
 7 SYSTEMPATH\CodeIgniter.php(494): CodeIgniter\CodeIgniter->runController(Object(App\Controllers\HomeController))
 8 SYSTEMPATH\CodeIgniter.php(353): CodeIgniter\CodeIgniter->handleRequest(null, Object(Config\Cache), false)
 9 FCPATH\index.php(79): CodeIgniter\CodeIgniter->run()
10 SYSTEMPATH\Commands\Server\rewrite.php(47): require_once('D:\\laragon\\www\\method-oldagehome\\public\\index.php')
CRITICAL - 2024-11-17 18:15:16 --> Trying to access array offset on value of type null
in APPPATH\Views\dashboard\editOrganization.php on line 50.
 1 APPPATH\Views\dashboard\editOrganization.php(50): CodeIgniter\Debug\Exceptions->errorHandler(2, 'Trying to access array offset on value of type null', 'D:\\laragon\\www\\method-oldagehome\\app\\Views\\dashboard\\editOrganization.php', 50)
 2 SYSTEMPATH\View\View.php(226): include('D:\\laragon\\www\\method-oldagehome\\app\\Views\\dashboard\\editOrganization.php')
 3 SYSTEMPATH\View\View.php(229): CodeIgniter\View\View->CodeIgniter\View\{closure}()
 4 SYSTEMPATH\Common.php(1188): CodeIgniter\View\View->render('dashboard/editOrganization', [], true)
 5 APPPATH\Controllers\HomeController.php(180): view('dashboard/editOrganization', [...])
 6 SYSTEMPATH\CodeIgniter.php(919): App\Controllers\HomeController->viewedit('login', 'css', 'vertical-layout-light', 'style.css')
 7 SYSTEMPATH\CodeIgniter.php(494): CodeIgniter\CodeIgniter->runController(Object(App\Controllers\HomeController))
 8 SYSTEMPATH\CodeIgniter.php(353): CodeIgniter\CodeIgniter->handleRequest(null, Object(Config\Cache), false)
 9 FCPATH\index.php(79): CodeIgniter\CodeIgniter->run()
10 SYSTEMPATH\Commands\Server\rewrite.php(47): require_once('D:\\laragon\\www\\method-oldagehome\\public\\index.php')
CRITICAL - 2024-11-17 18:17:28 --> Trying to access array offset on value of type null
in APPPATH\Views\dashboard\editOrganization.php on line 50.
 1 APPPATH\Views\dashboard\editOrganization.php(50): CodeIgniter\Debug\Exceptions->errorHandler(2, 'Trying to access array offset on value of type null', 'D:\\laragon\\www\\method-oldagehome\\app\\Views\\dashboard\\editOrganization.php', 50)
 2 SYSTEMPATH\View\View.php(226): include('D:\\laragon\\www\\method-oldagehome\\app\\Views\\dashboard\\editOrganization.php')
 3 SYSTEMPATH\View\View.php(229): CodeIgniter\View\View->CodeIgniter\View\{closure}()
 4 SYSTEMPATH\Common.php(1188): CodeIgniter\View\View->render('dashboard/editOrganization', [], true)
 5 APPPATH\Controllers\HomeController.php(180): view('dashboard/editOrganization', [...])
 6 SYSTEMPATH\CodeIgniter.php(919): App\Controllers\HomeController->viewedit('login', 'vendors', 'select2', 'select2.min.css')
 7 SYSTEMPATH\CodeIgniter.php(494): CodeIgniter\CodeIgniter->runController(Object(App\Controllers\HomeController))
 8 SYSTEMPATH\CodeIgniter.php(353): CodeIgniter\CodeIgniter->handleRequest(null, Object(Config\Cache), false)
 9 FCPATH\index.php(79): CodeIgniter\CodeIgniter->run()
10 SYSTEMPATH\Commands\Server\rewrite.php(47): require_once('D:\\laragon\\www\\method-oldagehome\\public\\index.php')
CRITICAL - 2024-11-17 18:17:29 --> Trying to access array offset on value of type null
in APPPATH\Views\dashboard\editOrganization.php on line 50.
 1 APPPATH\Views\dashboard\editOrganization.php(50): CodeIgniter\Debug\Exceptions->errorHandler(2, 'Trying to access array offset on value of type null', 'D:\\laragon\\www\\method-oldagehome\\app\\Views\\dashboard\\editOrganization.php', 50)
 2 SYSTEMPATH\View\View.php(226): include('D:\\laragon\\www\\method-oldagehome\\app\\Views\\dashboard\\editOrganization.php')
 3 SYSTEMPATH\View\View.php(229): CodeIgniter\View\View->CodeIgniter\View\{closure}()
 4 SYSTEMPATH\Common.php(1188): CodeIgniter\View\View->render('dashboard/editOrganization', [], true)
 5 APPPATH\Controllers\HomeController.php(180): view('dashboard/editOrganization', [...])
 6 SYSTEMPATH\CodeIgniter.php(919): App\Controllers\HomeController->viewedit('login', 'vendors', 'css', 'vendor.bundle.base.css')
 7 SYSTEMPATH\CodeIgniter.php(494): CodeIgniter\CodeIgniter->runController(Object(App\Controllers\HomeController))
 8 SYSTEMPATH\CodeIgniter.php(353): CodeIgniter\CodeIgniter->handleRequest(null, Object(Config\Cache), false)
 9 FCPATH\index.php(79): CodeIgniter\CodeIgniter->run()
10 SYSTEMPATH\Commands\Server\rewrite.php(47): require_once('D:\\laragon\\www\\method-oldagehome\\public\\index.php')
CRITICAL - 2024-11-17 18:17:29 --> Trying to access array offset on value of type null
in APPPATH\Views\dashboard\editOrganization.php on line 50.
 1 APPPATH\Views\dashboard\editOrganization.php(50): CodeIgniter\Debug\Exceptions->errorHandler(2, 'Trying to access array offset on value of type null', 'D:\\laragon\\www\\method-oldagehome\\app\\Views\\dashboard\\editOrganization.php', 50)
 2 SYSTEMPATH\View\View.php(226): include('D:\\laragon\\www\\method-oldagehome\\app\\Views\\dashboard\\editOrganization.php')
 3 SYSTEMPATH\View\View.php(229): CodeIgniter\View\View->CodeIgniter\View\{closure}()
 4 SYSTEMPATH\Common.php(1188): CodeIgniter\View\View->render('dashboard/editOrganization', [], true)
 5 APPPATH\Controllers\HomeController.php(180): view('dashboard/editOrganization', [...])
 6 SYSTEMPATH\CodeIgniter.php(919): App\Controllers\HomeController->viewedit('login', 'vendors', 'typicons', 'typicons.css')
 7 SYSTEMPATH\CodeIgniter.php(494): CodeIgniter\CodeIgniter->runController(Object(App\Controllers\HomeController))
 8 SYSTEMPATH\CodeIgniter.php(353): CodeIgniter\CodeIgniter->handleRequest(null, Object(Config\Cache), false)
 9 FCPATH\index.php(79): CodeIgniter\CodeIgniter->run()
10 SYSTEMPATH\Commands\Server\rewrite.php(47): require_once('D:\\laragon\\www\\method-oldagehome\\public\\index.php')
CRITICAL - 2024-11-17 18:17:29 --> Trying to access array offset on value of type null
in APPPATH\Views\dashboard\editOrganization.php on line 50.
 1 APPPATH\Views\dashboard\editOrganization.php(50): CodeIgniter\Debug\Exceptions->errorHandler(2, 'Trying to access array offset on value of type null', 'D:\\laragon\\www\\method-oldagehome\\app\\Views\\dashboard\\editOrganization.php', 50)
 2 SYSTEMPATH\View\View.php(226): include('D:\\laragon\\www\\method-oldagehome\\app\\Views\\dashboard\\editOrganization.php')
 3 SYSTEMPATH\View\View.php(229): CodeIgniter\View\View->CodeIgniter\View\{closure}()
 4 SYSTEMPATH\Common.php(1188): CodeIgniter\View\View->render('dashboard/editOrganization', [], true)
 5 APPPATH\Controllers\HomeController.php(180): view('dashboard/editOrganization', [...])
 6 SYSTEMPATH\CodeIgniter.php(919): App\Controllers\HomeController->viewedit('login', 'vendors', 'select2-bootstrap-theme', 'select2-bootstrap.min.css')
 7 SYSTEMPATH\CodeIgniter.php(494): CodeIgniter\CodeIgniter->runController(Object(App\Controllers\HomeController))
 8 SYSTEMPATH\CodeIgniter.php(353): CodeIgniter\CodeIgniter->handleRequest(null, Object(Config\Cache), false)
 9 FCPATH\index.php(79): CodeIgniter\CodeIgniter->run()
10 SYSTEMPATH\Commands\Server\rewrite.php(47): require_once('D:\\laragon\\www\\method-oldagehome\\public\\index.php')
CRITICAL - 2024-11-17 18:17:30 --> Trying to access array offset on value of type null
in APPPATH\Views\dashboard\editOrganization.php on line 50.
 1 APPPATH\Views\dashboard\editOrganization.php(50): CodeIgniter\Debug\Exceptions->errorHandler(2, 'Trying to access array offset on value of type null', 'D:\\laragon\\www\\method-oldagehome\\app\\Views\\dashboard\\editOrganization.php', 50)
 2 SYSTEMPATH\View\View.php(226): include('D:\\laragon\\www\\method-oldagehome\\app\\Views\\dashboard\\editOrganization.php')
 3 SYSTEMPATH\View\View.php(229): CodeIgniter\View\View->CodeIgniter\View\{closure}()
 4 SYSTEMPATH\Common.php(1188): CodeIgniter\View\View->render('dashboard/editOrganization', [], true)
 5 APPPATH\Controllers\HomeController.php(180): view('dashboard/editOrganization', [...])
 6 SYSTEMPATH\CodeIgniter.php(919): App\Controllers\HomeController->viewedit('login', 'css', 'vertical-layout-light', 'style.css')
 7 SYSTEMPATH\CodeIgniter.php(494): CodeIgniter\CodeIgniter->runController(Object(App\Controllers\HomeController))
 8 SYSTEMPATH\CodeIgniter.php(353): CodeIgniter\CodeIgniter->handleRequest(null, Object(Config\Cache), false)
 9 FCPATH\index.php(79): CodeIgniter\CodeIgniter->run()
10 SYSTEMPATH\Commands\Server\rewrite.php(47): require_once('D:\\laragon\\www\\method-oldagehome\\public\\index.php')
CRITICAL - 2024-11-17 18:19:45 --> Trying to access array offset on value of type null
in APPPATH\Views\dashboard\editOrganization.php on line 50.
 1 APPPATH\Views\dashboard\editOrganization.php(50): CodeIgniter\Debug\Exceptions->errorHandler(2, 'Trying to access array offset on value of type null', 'D:\\laragon\\www\\method-oldagehome\\app\\Views\\dashboard\\editOrganization.php', 50)
 2 SYSTEMPATH\View\View.php(226): include('D:\\laragon\\www\\method-oldagehome\\app\\Views\\dashboard\\editOrganization.php')
 3 SYSTEMPATH\View\View.php(229): CodeIgniter\View\View->CodeIgniter\View\{closure}()
 4 SYSTEMPATH\Common.php(1188): CodeIgniter\View\View->render('dashboard/editOrganization', [], true)
 5 APPPATH\Controllers\HomeController.php(167): view('dashboard/editOrganization', [...])
 6 SYSTEMPATH\CodeIgniter.php(919): App\Controllers\HomeController->viewedit('login', 'vendors', 'typicons', 'typicons.css')
 7 SYSTEMPATH\CodeIgniter.php(494): CodeIgniter\CodeIgniter->runController(Object(App\Controllers\HomeController))
 8 SYSTEMPATH\CodeIgniter.php(353): CodeIgniter\CodeIgniter->handleRequest(null, Object(Config\Cache), false)
 9 FCPATH\index.php(79): CodeIgniter\CodeIgniter->run()
10 SYSTEMPATH\Commands\Server\rewrite.php(47): require_once('D:\\laragon\\www\\method-oldagehome\\public\\index.php')
CRITICAL - 2024-11-17 18:19:45 --> Trying to access array offset on value of type null
in APPPATH\Views\dashboard\editOrganization.php on line 50.
 1 APPPATH\Views\dashboard\editOrganization.php(50): CodeIgniter\Debug\Exceptions->errorHandler(2, 'Trying to access array offset on value of type null', 'D:\\laragon\\www\\method-oldagehome\\app\\Views\\dashboard\\editOrganization.php', 50)
 2 SYSTEMPATH\View\View.php(226): include('D:\\laragon\\www\\method-oldagehome\\app\\Views\\dashboard\\editOrganization.php')
 3 SYSTEMPATH\View\View.php(229): CodeIgniter\View\View->CodeIgniter\View\{closure}()
 4 SYSTEMPATH\Common.php(1188): CodeIgniter\View\View->render('dashboard/editOrganization', [], true)
 5 APPPATH\Controllers\HomeController.php(167): view('dashboard/editOrganization', [...])
 6 SYSTEMPATH\CodeIgniter.php(919): App\Controllers\HomeController->viewedit('login', 'vendors', 'css', 'vendor.bundle.base.css')
 7 SYSTEMPATH\CodeIgniter.php(494): CodeIgniter\CodeIgniter->runController(Object(App\Controllers\HomeController))
 8 SYSTEMPATH\CodeIgniter.php(353): CodeIgniter\CodeIgniter->handleRequest(null, Object(Config\Cache), false)
 9 FCPATH\index.php(79): CodeIgniter\CodeIgniter->run()
10 SYSTEMPATH\Commands\Server\rewrite.php(47): require_once('D:\\laragon\\www\\method-oldagehome\\public\\index.php')
CRITICAL - 2024-11-17 18:19:46 --> Trying to access array offset on value of type null
in APPPATH\Views\dashboard\editOrganization.php on line 50.
 1 APPPATH\Views\dashboard\editOrganization.php(50): CodeIgniter\Debug\Exceptions->errorHandler(2, 'Trying to access array offset on value of type null', 'D:\\laragon\\www\\method-oldagehome\\app\\Views\\dashboard\\editOrganization.php', 50)
 2 SYSTEMPATH\View\View.php(226): include('D:\\laragon\\www\\method-oldagehome\\app\\Views\\dashboard\\editOrganization.php')
 3 SYSTEMPATH\View\View.php(229): CodeIgniter\View\View->CodeIgniter\View\{closure}()
 4 SYSTEMPATH\Common.php(1188): CodeIgniter\View\View->render('dashboard/editOrganization', [], true)
 5 APPPATH\Controllers\HomeController.php(167): view('dashboard/editOrganization', [...])
 6 SYSTEMPATH\CodeIgniter.php(919): App\Controllers\HomeController->viewedit('login', 'vendors', 'select2', 'select2.min.css')
 7 SYSTEMPATH\CodeIgniter.php(494): CodeIgniter\CodeIgniter->runController(Object(App\Controllers\HomeController))
 8 SYSTEMPATH\CodeIgniter.php(353): CodeIgniter\CodeIgniter->handleRequest(null, Object(Config\Cache), false)
 9 FCPATH\index.php(79): CodeIgniter\CodeIgniter->run()
10 SYSTEMPATH\Commands\Server\rewrite.php(47): require_once('D:\\laragon\\www\\method-oldagehome\\public\\index.php')
CRITICAL - 2024-11-17 18:19:46 --> Trying to access array offset on value of type null
in APPPATH\Views\dashboard\editOrganization.php on line 50.
 1 APPPATH\Views\dashboard\editOrganization.php(50): CodeIgniter\Debug\Exceptions->errorHandler(2, 'Trying to access array offset on value of type null', 'D:\\laragon\\www\\method-oldagehome\\app\\Views\\dashboard\\editOrganization.php', 50)
 2 SYSTEMPATH\View\View.php(226): include('D:\\laragon\\www\\method-oldagehome\\app\\Views\\dashboard\\editOrganization.php')
 3 SYSTEMPATH\View\View.php(229): CodeIgniter\View\View->CodeIgniter\View\{closure}()
 4 SYSTEMPATH\Common.php(1188): CodeIgniter\View\View->render('dashboard/editOrganization', [], true)
 5 APPPATH\Controllers\HomeController.php(167): view('dashboard/editOrganization', [...])
 6 SYSTEMPATH\CodeIgniter.php(919): App\Controllers\HomeController->viewedit('login', 'vendors', 'select2-bootstrap-theme', 'select2-bootstrap.min.css')
 7 SYSTEMPATH\CodeIgniter.php(494): CodeIgniter\CodeIgniter->runController(Object(App\Controllers\HomeController))
 8 SYSTEMPATH\CodeIgniter.php(353): CodeIgniter\CodeIgniter->handleRequest(null, Object(Config\Cache), false)
 9 FCPATH\index.php(79): CodeIgniter\CodeIgniter->run()
10 SYSTEMPATH\Commands\Server\rewrite.php(47): require_once('D:\\laragon\\www\\method-oldagehome\\public\\index.php')
CRITICAL - 2024-11-17 18:19:46 --> Trying to access array offset on value of type null
in APPPATH\Views\dashboard\editOrganization.php on line 50.
 1 APPPATH\Views\dashboard\editOrganization.php(50): CodeIgniter\Debug\Exceptions->errorHandler(2, 'Trying to access array offset on value of type null', 'D:\\laragon\\www\\method-oldagehome\\app\\Views\\dashboard\\editOrganization.php', 50)
 2 SYSTEMPATH\View\View.php(226): include('D:\\laragon\\www\\method-oldagehome\\app\\Views\\dashboard\\editOrganization.php')
 3 SYSTEMPATH\View\View.php(229): CodeIgniter\View\View->CodeIgniter\View\{closure}()
 4 SYSTEMPATH\Common.php(1188): CodeIgniter\View\View->render('dashboard/editOrganization', [], true)
 5 APPPATH\Controllers\HomeController.php(167): view('dashboard/editOrganization', [...])
 6 SYSTEMPATH\CodeIgniter.php(919): App\Controllers\HomeController->viewedit('login', 'css', 'vertical-layout-light', 'style.css')
 7 SYSTEMPATH\CodeIgniter.php(494): CodeIgniter\CodeIgniter->runController(Object(App\Controllers\HomeController))
 8 SYSTEMPATH\CodeIgniter.php(353): CodeIgniter\CodeIgniter->handleRequest(null, Object(Config\Cache), false)
 9 FCPATH\index.php(79): CodeIgniter\CodeIgniter->run()
10 SYSTEMPATH\Commands\Server\rewrite.php(47): require_once('D:\\laragon\\www\\method-oldagehome\\public\\index.php')
CRITICAL - 2024-11-17 18:20:27 --> Trying to access array offset on value of type null
in APPPATH\Views\dashboard\editOrganization.php on line 50.
 1 APPPATH\Views\dashboard\editOrganization.php(50): CodeIgniter\Debug\Exceptions->errorHandler(2, 'Trying to access array offset on value of type null', 'D:\\laragon\\www\\method-oldagehome\\app\\Views\\dashboard\\editOrganization.php', 50)
 2 SYSTEMPATH\View\View.php(226): include('D:\\laragon\\www\\method-oldagehome\\app\\Views\\dashboard\\editOrganization.php')
 3 SYSTEMPATH\View\View.php(229): CodeIgniter\View\View->CodeIgniter\View\{closure}()
 4 SYSTEMPATH\Common.php(1188): CodeIgniter\View\View->render('dashboard/editOrganization', [], true)
 5 APPPATH\Controllers\HomeController.php(169): view('dashboard/editOrganization', [...])
 6 SYSTEMPATH\CodeIgniter.php(919): App\Controllers\HomeController->viewedit('login', 'vendors', 'typicons', 'typicons.css')
 7 SYSTEMPATH\CodeIgniter.php(494): CodeIgniter\CodeIgniter->runController(Object(App\Controllers\HomeController))
 8 SYSTEMPATH\CodeIgniter.php(353): CodeIgniter\CodeIgniter->handleRequest(null, Object(Config\Cache), false)
 9 FCPATH\index.php(79): CodeIgniter\CodeIgniter->run()
10 SYSTEMPATH\Commands\Server\rewrite.php(47): require_once('D:\\laragon\\www\\method-oldagehome\\public\\index.php')
CRITICAL - 2024-11-17 18:20:27 --> Trying to access array offset on value of type null
in APPPATH\Views\dashboard\editOrganization.php on line 50.
 1 APPPATH\Views\dashboard\editOrganization.php(50): CodeIgniter\Debug\Exceptions->errorHandler(2, 'Trying to access array offset on value of type null', 'D:\\laragon\\www\\method-oldagehome\\app\\Views\\dashboard\\editOrganization.php', 50)
 2 SYSTEMPATH\View\View.php(226): include('D:\\laragon\\www\\method-oldagehome\\app\\Views\\dashboard\\editOrganization.php')
 3 SYSTEMPATH\View\View.php(229): CodeIgniter\View\View->CodeIgniter\View\{closure}()
 4 SYSTEMPATH\Common.php(1188): CodeIgniter\View\View->render('dashboard/editOrganization', [], true)
 5 APPPATH\Controllers\HomeController.php(169): view('dashboard/editOrganization', [...])
 6 SYSTEMPATH\CodeIgniter.php(919): App\Controllers\HomeController->viewedit('login', 'vendors', 'css', 'vendor.bundle.base.css')
 7 SYSTEMPATH\CodeIgniter.php(494): CodeIgniter\CodeIgniter->runController(Object(App\Controllers\HomeController))
 8 SYSTEMPATH\CodeIgniter.php(353): CodeIgniter\CodeIgniter->handleRequest(null, Object(Config\Cache), false)
 9 FCPATH\index.php(79): CodeIgniter\CodeIgniter->run()
10 SYSTEMPATH\Commands\Server\rewrite.php(47): require_once('D:\\laragon\\www\\method-oldagehome\\public\\index.php')
CRITICAL - 2024-11-17 18:20:28 --> Trying to access array offset on value of type null
in APPPATH\Views\dashboard\editOrganization.php on line 50.
 1 APPPATH\Views\dashboard\editOrganization.php(50): CodeIgniter\Debug\Exceptions->errorHandler(2, 'Trying to access array offset on value of type null', 'D:\\laragon\\www\\method-oldagehome\\app\\Views\\dashboard\\editOrganization.php', 50)
 2 SYSTEMPATH\View\View.php(226): include('D:\\laragon\\www\\method-oldagehome\\app\\Views\\dashboard\\editOrganization.php')
 3 SYSTEMPATH\View\View.php(229): CodeIgniter\View\View->CodeIgniter\View\{closure}()
 4 SYSTEMPATH\Common.php(1188): CodeIgniter\View\View->render('dashboard/editOrganization', [], true)
 5 APPPATH\Controllers\HomeController.php(169): view('dashboard/editOrganization', [...])
 6 SYSTEMPATH\CodeIgniter.php(919): App\Controllers\HomeController->viewedit('login', 'vendors', 'select2', 'select2.min.css')
 7 SYSTEMPATH\CodeIgniter.php(494): CodeIgniter\CodeIgniter->runController(Object(App\Controllers\HomeController))
 8 SYSTEMPATH\CodeIgniter.php(353): CodeIgniter\CodeIgniter->handleRequest(null, Object(Config\Cache), false)
 9 FCPATH\index.php(79): CodeIgniter\CodeIgniter->run()
10 SYSTEMPATH\Commands\Server\rewrite.php(47): require_once('D:\\laragon\\www\\method-oldagehome\\public\\index.php')
CRITICAL - 2024-11-17 18:20:28 --> Trying to access array offset on value of type null
in APPPATH\Views\dashboard\editOrganization.php on line 50.
 1 APPPATH\Views\dashboard\editOrganization.php(50): CodeIgniter\Debug\Exceptions->errorHandler(2, 'Trying to access array offset on value of type null', 'D:\\laragon\\www\\method-oldagehome\\app\\Views\\dashboard\\editOrganization.php', 50)
 2 SYSTEMPATH\View\View.php(226): include('D:\\laragon\\www\\method-oldagehome\\app\\Views\\dashboard\\editOrganization.php')
 3 SYSTEMPATH\View\View.php(229): CodeIgniter\View\View->CodeIgniter\View\{closure}()
 4 SYSTEMPATH\Common.php(1188): CodeIgniter\View\View->render('dashboard/editOrganization', [], true)
 5 APPPATH\Controllers\HomeController.php(169): view('dashboard/editOrganization', [...])
 6 SYSTEMPATH\CodeIgniter.php(919): App\Controllers\HomeController->viewedit('login', 'vendors', 'select2-bootstrap-theme', 'select2-bootstrap.min.css')
 7 SYSTEMPATH\CodeIgniter.php(494): CodeIgniter\CodeIgniter->runController(Object(App\Controllers\HomeController))
 8 SYSTEMPATH\CodeIgniter.php(353): CodeIgniter\CodeIgniter->handleRequest(null, Object(Config\Cache), false)
 9 FCPATH\index.php(79): CodeIgniter\CodeIgniter->run()
10 SYSTEMPATH\Commands\Server\rewrite.php(47): require_once('D:\\laragon\\www\\method-oldagehome\\public\\index.php')
CRITICAL - 2024-11-17 18:20:29 --> Trying to access array offset on value of type null
in APPPATH\Views\dashboard\editOrganization.php on line 50.
 1 APPPATH\Views\dashboard\editOrganization.php(50): CodeIgniter\Debug\Exceptions->errorHandler(2, 'Trying to access array offset on value of type null', 'D:\\laragon\\www\\method-oldagehome\\app\\Views\\dashboard\\editOrganization.php', 50)
 2 SYSTEMPATH\View\View.php(226): include('D:\\laragon\\www\\method-oldagehome\\app\\Views\\dashboard\\editOrganization.php')
 3 SYSTEMPATH\View\View.php(229): CodeIgniter\View\View->CodeIgniter\View\{closure}()
 4 SYSTEMPATH\Common.php(1188): CodeIgniter\View\View->render('dashboard/editOrganization', [], true)
 5 APPPATH\Controllers\HomeController.php(169): view('dashboard/editOrganization', [...])
 6 SYSTEMPATH\CodeIgniter.php(919): App\Controllers\HomeController->viewedit('login', 'css', 'vertical-layout-light', 'style.css')
 7 SYSTEMPATH\CodeIgniter.php(494): CodeIgniter\CodeIgniter->runController(Object(App\Controllers\HomeController))
 8 SYSTEMPATH\CodeIgniter.php(353): CodeIgniter\CodeIgniter->handleRequest(null, Object(Config\Cache), false)
 9 FCPATH\index.php(79): CodeIgniter\CodeIgniter->run()
10 SYSTEMPATH\Commands\Server\rewrite.php(47): require_once('D:\\laragon\\www\\method-oldagehome\\public\\index.php')
CRITICAL - 2024-11-17 18:20:34 --> Trying to access array offset on value of type null
in APPPATH\Views\dashboard\editOrganization.php on line 50.
 1 APPPATH\Views\dashboard\editOrganization.php(50): CodeIgniter\Debug\Exceptions->errorHandler(2, 'Trying to access array offset on value of type null', 'D:\\laragon\\www\\method-oldagehome\\app\\Views\\dashboard\\editOrganization.php', 50)
 2 SYSTEMPATH\View\View.php(226): include('D:\\laragon\\www\\method-oldagehome\\app\\Views\\dashboard\\editOrganization.php')
 3 SYSTEMPATH\View\View.php(229): CodeIgniter\View\View->CodeIgniter\View\{closure}()
 4 SYSTEMPATH\Common.php(1188): CodeIgniter\View\View->render('dashboard/editOrganization', [], true)
 5 APPPATH\Controllers\HomeController.php(169): view('dashboard/editOrganization', [...])
 6 SYSTEMPATH\CodeIgniter.php(919): App\Controllers\HomeController->viewedit('login', 'vendors', 'typicons', 'typicons.css')
 7 SYSTEMPATH\CodeIgniter.php(494): CodeIgniter\CodeIgniter->runController(Object(App\Controllers\HomeController))
 8 SYSTEMPATH\CodeIgniter.php(353): CodeIgniter\CodeIgniter->handleRequest(null, Object(Config\Cache), false)
 9 FCPATH\index.php(79): CodeIgniter\CodeIgniter->run()
10 SYSTEMPATH\Commands\Server\rewrite.php(47): require_once('D:\\laragon\\www\\method-oldagehome\\public\\index.php')
CRITICAL - 2024-11-17 18:20:35 --> Trying to access array offset on value of type null
in APPPATH\Views\dashboard\editOrganization.php on line 50.
 1 APPPATH\Views\dashboard\editOrganization.php(50): CodeIgniter\Debug\Exceptions->errorHandler(2, 'Trying to access array offset on value of type null', 'D:\\laragon\\www\\method-oldagehome\\app\\Views\\dashboard\\editOrganization.php', 50)
 2 SYSTEMPATH\View\View.php(226): include('D:\\laragon\\www\\method-oldagehome\\app\\Views\\dashboard\\editOrganization.php')
 3 SYSTEMPATH\View\View.php(229): CodeIgniter\View\View->CodeIgniter\View\{closure}()
 4 SYSTEMPATH\Common.php(1188): CodeIgniter\View\View->render('dashboard/editOrganization', [], true)
 5 APPPATH\Controllers\HomeController.php(169): view('dashboard/editOrganization', [...])
 6 SYSTEMPATH\CodeIgniter.php(919): App\Controllers\HomeController->viewedit('login', 'vendors', 'css', 'vendor.bundle.base.css')
 7 SYSTEMPATH\CodeIgniter.php(494): CodeIgniter\CodeIgniter->runController(Object(App\Controllers\HomeController))
 8 SYSTEMPATH\CodeIgniter.php(353): CodeIgniter\CodeIgniter->handleRequest(null, Object(Config\Cache), false)
 9 FCPATH\index.php(79): CodeIgniter\CodeIgniter->run()
10 SYSTEMPATH\Commands\Server\rewrite.php(47): require_once('D:\\laragon\\www\\method-oldagehome\\public\\index.php')
CRITICAL - 2024-11-17 18:20:35 --> Trying to access array offset on value of type null
in APPPATH\Views\dashboard\editOrganization.php on line 50.
 1 APPPATH\Views\dashboard\editOrganization.php(50): CodeIgniter\Debug\Exceptions->errorHandler(2, 'Trying to access array offset on value of type null', 'D:\\laragon\\www\\method-oldagehome\\app\\Views\\dashboard\\editOrganization.php', 50)
 2 SYSTEMPATH\View\View.php(226): include('D:\\laragon\\www\\method-oldagehome\\app\\Views\\dashboard\\editOrganization.php')
 3 SYSTEMPATH\View\View.php(229): CodeIgniter\View\View->CodeIgniter\View\{closure}()
 4 SYSTEMPATH\Common.php(1188): CodeIgniter\View\View->render('dashboard/editOrganization', [], true)
 5 APPPATH\Controllers\HomeController.php(169): view('dashboard/editOrganization', [...])
 6 SYSTEMPATH\CodeIgniter.php(919): App\Controllers\HomeController->viewedit('login', 'vendors', 'select2', 'select2.min.css')
 7 SYSTEMPATH\CodeIgniter.php(494): CodeIgniter\CodeIgniter->runController(Object(App\Controllers\HomeController))
 8 SYSTEMPATH\CodeIgniter.php(353): CodeIgniter\CodeIgniter->handleRequest(null, Object(Config\Cache), false)
 9 FCPATH\index.php(79): CodeIgniter\CodeIgniter->run()
10 SYSTEMPATH\Commands\Server\rewrite.php(47): require_once('D:\\laragon\\www\\method-oldagehome\\public\\index.php')
CRITICAL - 2024-11-17 18:20:36 --> Trying to access array offset on value of type null
in APPPATH\Views\dashboard\editOrganization.php on line 50.
 1 APPPATH\Views\dashboard\editOrganization.php(50): CodeIgniter\Debug\Exceptions->errorHandler(2, 'Trying to access array offset on value of type null', 'D:\\laragon\\www\\method-oldagehome\\app\\Views\\dashboard\\editOrganization.php', 50)
 2 SYSTEMPATH\View\View.php(226): include('D:\\laragon\\www\\method-oldagehome\\app\\Views\\dashboard\\editOrganization.php')
 3 SYSTEMPATH\View\View.php(229): CodeIgniter\View\View->CodeIgniter\View\{closure}()
 4 SYSTEMPATH\Common.php(1188): CodeIgniter\View\View->render('dashboard/editOrganization', [], true)
 5 APPPATH\Controllers\HomeController.php(169): view('dashboard/editOrganization', [...])
 6 SYSTEMPATH\CodeIgniter.php(919): App\Controllers\HomeController->viewedit('login', 'vendors', 'select2-bootstrap-theme', 'select2-bootstrap.min.css')
 7 SYSTEMPATH\CodeIgniter.php(494): CodeIgniter\CodeIgniter->runController(Object(App\Controllers\HomeController))
 8 SYSTEMPATH\CodeIgniter.php(353): CodeIgniter\CodeIgniter->handleRequest(null, Object(Config\Cache), false)
 9 FCPATH\index.php(79): CodeIgniter\CodeIgniter->run()
10 SYSTEMPATH\Commands\Server\rewrite.php(47): require_once('D:\\laragon\\www\\method-oldagehome\\public\\index.php')
CRITICAL - 2024-11-17 18:20:36 --> Trying to access array offset on value of type null
in APPPATH\Views\dashboard\editOrganization.php on line 50.
 1 APPPATH\Views\dashboard\editOrganization.php(50): CodeIgniter\Debug\Exceptions->errorHandler(2, 'Trying to access array offset on value of type null', 'D:\\laragon\\www\\method-oldagehome\\app\\Views\\dashboard\\editOrganization.php', 50)
 2 SYSTEMPATH\View\View.php(226): include('D:\\laragon\\www\\method-oldagehome\\app\\Views\\dashboard\\editOrganization.php')
 3 SYSTEMPATH\View\View.php(229): CodeIgniter\View\View->CodeIgniter\View\{closure}()
 4 SYSTEMPATH\Common.php(1188): CodeIgniter\View\View->render('dashboard/editOrganization', [], true)
 5 APPPATH\Controllers\HomeController.php(169): view('dashboard/editOrganization', [...])
 6 SYSTEMPATH\CodeIgniter.php(919): App\Controllers\HomeController->viewedit('login', 'css', 'vertical-layout-light', 'style.css')
 7 SYSTEMPATH\CodeIgniter.php(494): CodeIgniter\CodeIgniter->runController(Object(App\Controllers\HomeController))
 8 SYSTEMPATH\CodeIgniter.php(353): CodeIgniter\CodeIgniter->handleRequest(null, Object(Config\Cache), false)
 9 FCPATH\index.php(79): CodeIgniter\CodeIgniter->run()
10 SYSTEMPATH\Commands\Server\rewrite.php(47): require_once('D:\\laragon\\www\\method-oldagehome\\public\\index.php')
CRITICAL - 2024-11-17 18:21:28 --> Trying to access array offset on value of type null
in APPPATH\Views\dashboard\editOrganization.php on line 50.
 1 APPPATH\Views\dashboard\editOrganization.php(50): CodeIgniter\Debug\Exceptions->errorHandler(2, 'Trying to access array offset on value of type null', 'D:\\laragon\\www\\method-oldagehome\\app\\Views\\dashboard\\editOrganization.php', 50)
 2 SYSTEMPATH\View\View.php(226): include('D:\\laragon\\www\\method-oldagehome\\app\\Views\\dashboard\\editOrganization.php')
 3 SYSTEMPATH\View\View.php(229): CodeIgniter\View\View->CodeIgniter\View\{closure}()
 4 SYSTEMPATH\Common.php(1188): CodeIgniter\View\View->render('dashboard/editOrganization', [], true)
 5 APPPATH\Controllers\HomeController.php(169): view('dashboard/editOrganization', [...])
 6 SYSTEMPATH\CodeIgniter.php(919): App\Controllers\HomeController->viewedit('login', 'vendors', 'typicons', 'typicons.css')
 7 SYSTEMPATH\CodeIgniter.php(494): CodeIgniter\CodeIgniter->runController(Object(App\Controllers\HomeController))
 8 SYSTEMPATH\CodeIgniter.php(353): CodeIgniter\CodeIgniter->handleRequest(null, Object(Config\Cache), false)
 9 FCPATH\index.php(79): CodeIgniter\CodeIgniter->run()
10 SYSTEMPATH\Commands\Server\rewrite.php(47): require_once('D:\\laragon\\www\\method-oldagehome\\public\\index.php')
CRITICAL - 2024-11-17 18:21:28 --> Trying to access array offset on value of type null
in APPPATH\Views\dashboard\editOrganization.php on line 50.
 1 APPPATH\Views\dashboard\editOrganization.php(50): CodeIgniter\Debug\Exceptions->errorHandler(2, 'Trying to access array offset on value of type null', 'D:\\laragon\\www\\method-oldagehome\\app\\Views\\dashboard\\editOrganization.php', 50)
 2 SYSTEMPATH\View\View.php(226): include('D:\\laragon\\www\\method-oldagehome\\app\\Views\\dashboard\\editOrganization.php')
 3 SYSTEMPATH\View\View.php(229): CodeIgniter\View\View->CodeIgniter\View\{closure}()
 4 SYSTEMPATH\Common.php(1188): CodeIgniter\View\View->render('dashboard/editOrganization', [], true)
 5 APPPATH\Controllers\HomeController.php(169): view('dashboard/editOrganization', [...])
 6 SYSTEMPATH\CodeIgniter.php(919): App\Controllers\HomeController->viewedit('login', 'vendors', 'css', 'vendor.bundle.base.css')
 7 SYSTEMPATH\CodeIgniter.php(494): CodeIgniter\CodeIgniter->runController(Object(App\Controllers\HomeController))
 8 SYSTEMPATH\CodeIgniter.php(353): CodeIgniter\CodeIgniter->handleRequest(null, Object(Config\Cache), false)
 9 FCPATH\index.php(79): CodeIgniter\CodeIgniter->run()
10 SYSTEMPATH\Commands\Server\rewrite.php(47): require_once('D:\\laragon\\www\\method-oldagehome\\public\\index.php')
CRITICAL - 2024-11-17 18:21:29 --> Trying to access array offset on value of type null
in APPPATH\Views\dashboard\editOrganization.php on line 50.
 1 APPPATH\Views\dashboard\editOrganization.php(50): CodeIgniter\Debug\Exceptions->errorHandler(2, 'Trying to access array offset on value of type null', 'D:\\laragon\\www\\method-oldagehome\\app\\Views\\dashboard\\editOrganization.php', 50)
 2 SYSTEMPATH\View\View.php(226): include('D:\\laragon\\www\\method-oldagehome\\app\\Views\\dashboard\\editOrganization.php')
 3 SYSTEMPATH\View\View.php(229): CodeIgniter\View\View->CodeIgniter\View\{closure}()
 4 SYSTEMPATH\Common.php(1188): CodeIgniter\View\View->render('dashboard/editOrganization', [], true)
 5 APPPATH\Controllers\HomeController.php(169): view('dashboard/editOrganization', [...])
 6 SYSTEMPATH\CodeIgniter.php(919): App\Controllers\HomeController->viewedit('login', 'vendors', 'select2', 'select2.min.css')
 7 SYSTEMPATH\CodeIgniter.php(494): CodeIgniter\CodeIgniter->runController(Object(App\Controllers\HomeController))
 8 SYSTEMPATH\CodeIgniter.php(353): CodeIgniter\CodeIgniter->handleRequest(null, Object(Config\Cache), false)
 9 FCPATH\index.php(79): CodeIgniter\CodeIgniter->run()
10 SYSTEMPATH\Commands\Server\rewrite.php(47): require_once('D:\\laragon\\www\\method-oldagehome\\public\\index.php')
CRITICAL - 2024-11-17 18:21:29 --> Trying to access array offset on value of type null
in APPPATH\Views\dashboard\editOrganization.php on line 50.
 1 APPPATH\Views\dashboard\editOrganization.php(50): CodeIgniter\Debug\Exceptions->errorHandler(2, 'Trying to access array offset on value of type null', 'D:\\laragon\\www\\method-oldagehome\\app\\Views\\dashboard\\editOrganization.php', 50)
 2 SYSTEMPATH\View\View.php(226): include('D:\\laragon\\www\\method-oldagehome\\app\\Views\\dashboard\\editOrganization.php')
 3 SYSTEMPATH\View\View.php(229): CodeIgniter\View\View->CodeIgniter\View\{closure}()
 4 SYSTEMPATH\Common.php(1188): CodeIgniter\View\View->render('dashboard/editOrganization', [], true)
 5 APPPATH\Controllers\HomeController.php(169): view('dashboard/editOrganization', [...])
 6 SYSTEMPATH\CodeIgniter.php(919): App\Controllers\HomeController->viewedit('login', 'vendors', 'select2-bootstrap-theme', 'select2-bootstrap.min.css')
 7 SYSTEMPATH\CodeIgniter.php(494): CodeIgniter\CodeIgniter->runController(Object(App\Controllers\HomeController))
 8 SYSTEMPATH\CodeIgniter.php(353): CodeIgniter\CodeIgniter->handleRequest(null, Object(Config\Cache), false)
 9 FCPATH\index.php(79): CodeIgniter\CodeIgniter->run()
10 SYSTEMPATH\Commands\Server\rewrite.php(47): require_once('D:\\laragon\\www\\method-oldagehome\\public\\index.php')
CRITICAL - 2024-11-17 18:21:30 --> Trying to access array offset on value of type null
in APPPATH\Views\dashboard\editOrganization.php on line 50.
 1 APPPATH\Views\dashboard\editOrganization.php(50): CodeIgniter\Debug\Exceptions->errorHandler(2, 'Trying to access array offset on value of type null', 'D:\\laragon\\www\\method-oldagehome\\app\\Views\\dashboard\\editOrganization.php', 50)
 2 SYSTEMPATH\View\View.php(226): include('D:\\laragon\\www\\method-oldagehome\\app\\Views\\dashboard\\editOrganization.php')
 3 SYSTEMPATH\View\View.php(229): CodeIgniter\View\View->CodeIgniter\View\{closure}()
 4 SYSTEMPATH\Common.php(1188): CodeIgniter\View\View->render('dashboard/editOrganization', [], true)
 5 APPPATH\Controllers\HomeController.php(169): view('dashboard/editOrganization', [...])
 6 SYSTEMPATH\CodeIgniter.php(919): App\Controllers\HomeController->viewedit('login', 'css', 'vertical-layout-light', 'style.css')
 7 SYSTEMPATH\CodeIgniter.php(494): CodeIgniter\CodeIgniter->runController(Object(App\Controllers\HomeController))
 8 SYSTEMPATH\CodeIgniter.php(353): CodeIgniter\CodeIgniter->handleRequest(null, Object(Config\Cache), false)
 9 FCPATH\index.php(79): CodeIgniter\CodeIgniter->run()
10 SYSTEMPATH\Commands\Server\rewrite.php(47): require_once('D:\\laragon\\www\\method-oldagehome\\public\\index.php')
CRITICAL - 2024-11-17 18:25:53 --> Trying to access array offset on value of type null
in APPPATH\Views\dashboard\editOrganization.php on line 50.
 1 APPPATH\Views\dashboard\editOrganization.php(50): CodeIgniter\Debug\Exceptions->errorHandler(2, 'Trying to access array offset on value of type null', 'D:\\laragon\\www\\method-oldagehome\\app\\Views\\dashboard\\editOrganization.php', 50)
 2 SYSTEMPATH\View\View.php(226): include('D:\\laragon\\www\\method-oldagehome\\app\\Views\\dashboard\\editOrganization.php')
 3 SYSTEMPATH\View\View.php(229): CodeIgniter\View\View->CodeIgniter\View\{closure}()
 4 SYSTEMPATH\Common.php(1188): CodeIgniter\View\View->render('dashboard/editOrganization', [], true)
 5 APPPATH\Controllers\HomeController.php(169): view('dashboard/editOrganization', [...])
 6 SYSTEMPATH\CodeIgniter.php(919): App\Controllers\HomeController->viewedit('login', 'vendors', 'select2', 'select2.min.css')
 7 SYSTEMPATH\CodeIgniter.php(494): CodeIgniter\CodeIgniter->runController(Object(App\Controllers\HomeController))
 8 SYSTEMPATH\CodeIgniter.php(353): CodeIgniter\CodeIgniter->handleRequest(null, Object(Config\Cache), false)
 9 FCPATH\index.php(79): CodeIgniter\CodeIgniter->run()
10 SYSTEMPATH\Commands\Server\rewrite.php(47): require_once('D:\\laragon\\www\\method-oldagehome\\public\\index.php')
CRITICAL - 2024-11-17 18:25:54 --> Trying to access array offset on value of type null
in APPPATH\Views\dashboard\editOrganization.php on line 50.
 1 APPPATH\Views\dashboard\editOrganization.php(50): CodeIgniter\Debug\Exceptions->errorHandler(2, 'Trying to access array offset on value of type null', 'D:\\laragon\\www\\method-oldagehome\\app\\Views\\dashboard\\editOrganization.php', 50)
 2 SYSTEMPATH\View\View.php(226): include('D:\\laragon\\www\\method-oldagehome\\app\\Views\\dashboard\\editOrganization.php')
 3 SYSTEMPATH\View\View.php(229): CodeIgniter\View\View->CodeIgniter\View\{closure}()
 4 SYSTEMPATH\Common.php(1188): CodeIgniter\View\View->render('dashboard/editOrganization', [], true)
 5 APPPATH\Controllers\HomeController.php(169): view('dashboard/editOrganization', [...])
 6 SYSTEMPATH\CodeIgniter.php(919): App\Controllers\HomeController->viewedit('login', 'vendors', 'css', 'vendor.bundle.base.css')
 7 SYSTEMPATH\CodeIgniter.php(494): CodeIgniter\CodeIgniter->runController(Object(App\Controllers\HomeController))
 8 SYSTEMPATH\CodeIgniter.php(353): CodeIgniter\CodeIgniter->handleRequest(null, Object(Config\Cache), false)
 9 FCPATH\index.php(79): CodeIgniter\CodeIgniter->run()
10 SYSTEMPATH\Commands\Server\rewrite.php(47): require_once('D:\\laragon\\www\\method-oldagehome\\public\\index.php')
CRITICAL - 2024-11-17 18:25:54 --> Trying to access array offset on value of type null
in APPPATH\Views\dashboard\editOrganization.php on line 50.
 1 APPPATH\Views\dashboard\editOrganization.php(50): CodeIgniter\Debug\Exceptions->errorHandler(2, 'Trying to access array offset on value of type null', 'D:\\laragon\\www\\method-oldagehome\\app\\Views\\dashboard\\editOrganization.php', 50)
 2 SYSTEMPATH\View\View.php(226): include('D:\\laragon\\www\\method-oldagehome\\app\\Views\\dashboard\\editOrganization.php')
 3 SYSTEMPATH\View\View.php(229): CodeIgniter\View\View->CodeIgniter\View\{closure}()
 4 SYSTEMPATH\Common.php(1188): CodeIgniter\View\View->render('dashboard/editOrganization', [], true)
 5 APPPATH\Controllers\HomeController.php(169): view('dashboard/editOrganization', [...])
 6 SYSTEMPATH\CodeIgniter.php(919): App\Controllers\HomeController->viewedit('login', 'vendors', 'typicons', 'typicons.css')
 7 SYSTEMPATH\CodeIgniter.php(494): CodeIgniter\CodeIgniter->runController(Object(App\Controllers\HomeController))
 8 SYSTEMPATH\CodeIgniter.php(353): CodeIgniter\CodeIgniter->handleRequest(null, Object(Config\Cache), false)
 9 FCPATH\index.php(79): CodeIgniter\CodeIgniter->run()
10 SYSTEMPATH\Commands\Server\rewrite.php(47): require_once('D:\\laragon\\www\\method-oldagehome\\public\\index.php')
CRITICAL - 2024-11-17 18:25:55 --> Trying to access array offset on value of type null
in APPPATH\Views\dashboard\editOrganization.php on line 50.
 1 APPPATH\Views\dashboard\editOrganization.php(50): CodeIgniter\Debug\Exceptions->errorHandler(2, 'Trying to access array offset on value of type null', 'D:\\laragon\\www\\method-oldagehome\\app\\Views\\dashboard\\editOrganization.php', 50)
 2 SYSTEMPATH\View\View.php(226): include('D:\\laragon\\www\\method-oldagehome\\app\\Views\\dashboard\\editOrganization.php')
 3 SYSTEMPATH\View\View.php(229): CodeIgniter\View\View->CodeIgniter\View\{closure}()
 4 SYSTEMPATH\Common.php(1188): CodeIgniter\View\View->render('dashboard/editOrganization', [], true)
 5 APPPATH\Controllers\HomeController.php(169): view('dashboard/editOrganization', [...])
 6 SYSTEMPATH\CodeIgniter.php(919): App\Controllers\HomeController->viewedit('login', 'vendors', 'select2-bootstrap-theme', 'select2-bootstrap.min.css')
 7 SYSTEMPATH\CodeIgniter.php(494): CodeIgniter\CodeIgniter->runController(Object(App\Controllers\HomeController))
 8 SYSTEMPATH\CodeIgniter.php(353): CodeIgniter\CodeIgniter->handleRequest(null, Object(Config\Cache), false)
 9 FCPATH\index.php(79): CodeIgniter\CodeIgniter->run()
10 SYSTEMPATH\Commands\Server\rewrite.php(47): require_once('D:\\laragon\\www\\method-oldagehome\\public\\index.php')
CRITICAL - 2024-11-17 18:25:55 --> Trying to access array offset on value of type null
in APPPATH\Views\dashboard\editOrganization.php on line 50.
 1 APPPATH\Views\dashboard\editOrganization.php(50): CodeIgniter\Debug\Exceptions->errorHandler(2, 'Trying to access array offset on value of type null', 'D:\\laragon\\www\\method-oldagehome\\app\\Views\\dashboard\\editOrganization.php', 50)
 2 SYSTEMPATH\View\View.php(226): include('D:\\laragon\\www\\method-oldagehome\\app\\Views\\dashboard\\editOrganization.php')
 3 SYSTEMPATH\View\View.php(229): CodeIgniter\View\View->CodeIgniter\View\{closure}()
 4 SYSTEMPATH\Common.php(1188): CodeIgniter\View\View->render('dashboard/editOrganization', [], true)
 5 APPPATH\Controllers\HomeController.php(169): view('dashboard/editOrganization', [...])
 6 SYSTEMPATH\CodeIgniter.php(919): App\Controllers\HomeController->viewedit('login', 'css', 'vertical-layout-light', 'style.css')
 7 SYSTEMPATH\CodeIgniter.php(494): CodeIgniter\CodeIgniter->runController(Object(App\Controllers\HomeController))
 8 SYSTEMPATH\CodeIgniter.php(353): CodeIgniter\CodeIgniter->handleRequest(null, Object(Config\Cache), false)
 9 FCPATH\index.php(79): CodeIgniter\CodeIgniter->run()
10 SYSTEMPATH\Commands\Server\rewrite.php(47): require_once('D:\\laragon\\www\\method-oldagehome\\public\\index.php')
CRITICAL - 2024-11-17 18:26:52 --> Trying to access array offset on value of type null
in APPPATH\Views\dashboard\editOrganization.php on line 50.
 1 APPPATH\Views\dashboard\editOrganization.php(50): CodeIgniter\Debug\Exceptions->errorHandler(2, 'Trying to access array offset on value of type null', 'D:\\laragon\\www\\method-oldagehome\\app\\Views\\dashboard\\editOrganization.php', 50)
 2 SYSTEMPATH\View\View.php(226): include('D:\\laragon\\www\\method-oldagehome\\app\\Views\\dashboard\\editOrganization.php')
 3 SYSTEMPATH\View\View.php(229): CodeIgniter\View\View->CodeIgniter\View\{closure}()
 4 SYSTEMPATH\Common.php(1188): CodeIgniter\View\View->render('dashboard/editOrganization', [], true)
 5 APPPATH\Controllers\HomeController.php(169): view('dashboard/editOrganization', [...])
 6 SYSTEMPATH\CodeIgniter.php(919): App\Controllers\HomeController->viewedit('login', 'vendors', 'typicons', 'typicons.css')
 7 SYSTEMPATH\CodeIgniter.php(494): CodeIgniter\CodeIgniter->runController(Object(App\Controllers\HomeController))
 8 SYSTEMPATH\CodeIgniter.php(353): CodeIgniter\CodeIgniter->handleRequest(null, Object(Config\Cache), false)
 9 FCPATH\index.php(79): CodeIgniter\CodeIgniter->run()
10 SYSTEMPATH\Commands\Server\rewrite.php(47): require_once('D:\\laragon\\www\\method-oldagehome\\public\\index.php')
CRITICAL - 2024-11-17 18:26:52 --> Trying to access array offset on value of type null
in APPPATH\Views\dashboard\editOrganization.php on line 50.
 1 APPPATH\Views\dashboard\editOrganization.php(50): CodeIgniter\Debug\Exceptions->errorHandler(2, 'Trying to access array offset on value of type null', 'D:\\laragon\\www\\method-oldagehome\\app\\Views\\dashboard\\editOrganization.php', 50)
 2 SYSTEMPATH\View\View.php(226): include('D:\\laragon\\www\\method-oldagehome\\app\\Views\\dashboard\\editOrganization.php')
 3 SYSTEMPATH\View\View.php(229): CodeIgniter\View\View->CodeIgniter\View\{closure}()
 4 SYSTEMPATH\Common.php(1188): CodeIgniter\View\View->render('dashboard/editOrganization', [], true)
 5 APPPATH\Controllers\HomeController.php(169): view('dashboard/editOrganization', [...])
 6 SYSTEMPATH\CodeIgniter.php(919): App\Controllers\HomeController->viewedit('login', 'vendors', 'css', 'vendor.bundle.base.css')
 7 SYSTEMPATH\CodeIgniter.php(494): CodeIgniter\CodeIgniter->runController(Object(App\Controllers\HomeController))
 8 SYSTEMPATH\CodeIgniter.php(353): CodeIgniter\CodeIgniter->handleRequest(null, Object(Config\Cache), false)
 9 FCPATH\index.php(79): CodeIgniter\CodeIgniter->run()
10 SYSTEMPATH\Commands\Server\rewrite.php(47): require_once('D:\\laragon\\www\\method-oldagehome\\public\\index.php')
CRITICAL - 2024-11-17 18:26:53 --> Trying to access array offset on value of type null
in APPPATH\Views\dashboard\editOrganization.php on line 50.
 1 APPPATH\Views\dashboard\editOrganization.php(50): CodeIgniter\Debug\Exceptions->errorHandler(2, 'Trying to access array offset on value of type null', 'D:\\laragon\\www\\method-oldagehome\\app\\Views\\dashboard\\editOrganization.php', 50)
 2 SYSTEMPATH\View\View.php(226): include('D:\\laragon\\www\\method-oldagehome\\app\\Views\\dashboard\\editOrganization.php')
 3 SYSTEMPATH\View\View.php(229): CodeIgniter\View\View->CodeIgniter\View\{closure}()
 4 SYSTEMPATH\Common.php(1188): CodeIgniter\View\View->render('dashboard/editOrganization', [], true)
 5 APPPATH\Controllers\HomeController.php(169): view('dashboard/editOrganization', [...])
 6 SYSTEMPATH\CodeIgniter.php(919): App\Controllers\HomeController->viewedit('login', 'vendors', 'select2', 'select2.min.css')
 7 SYSTEMPATH\CodeIgniter.php(494): CodeIgniter\CodeIgniter->runController(Object(App\Controllers\HomeController))
 8 SYSTEMPATH\CodeIgniter.php(353): CodeIgniter\CodeIgniter->handleRequest(null, Object(Config\Cache), false)
 9 FCPATH\index.php(79): CodeIgniter\CodeIgniter->run()
10 SYSTEMPATH\Commands\Server\rewrite.php(47): require_once('D:\\laragon\\www\\method-oldagehome\\public\\index.php')
CRITICAL - 2024-11-17 18:26:53 --> Trying to access array offset on value of type null
in APPPATH\Views\dashboard\editOrganization.php on line 50.
 1 APPPATH\Views\dashboard\editOrganization.php(50): CodeIgniter\Debug\Exceptions->errorHandler(2, 'Trying to access array offset on value of type null', 'D:\\laragon\\www\\method-oldagehome\\app\\Views\\dashboard\\editOrganization.php', 50)
 2 SYSTEMPATH\View\View.php(226): include('D:\\laragon\\www\\method-oldagehome\\app\\Views\\dashboard\\editOrganization.php')
 3 SYSTEMPATH\View\View.php(229): CodeIgniter\View\View->CodeIgniter\View\{closure}()
 4 SYSTEMPATH\Common.php(1188): CodeIgniter\View\View->render('dashboard/editOrganization', [], true)
 5 APPPATH\Controllers\HomeController.php(169): view('dashboard/editOrganization', [...])
 6 SYSTEMPATH\CodeIgniter.php(919): App\Controllers\HomeController->viewedit('login', 'vendors', 'select2-bootstrap-theme', 'select2-bootstrap.min.css')
 7 SYSTEMPATH\CodeIgniter.php(494): CodeIgniter\CodeIgniter->runController(Object(App\Controllers\HomeController))
 8 SYSTEMPATH\CodeIgniter.php(353): CodeIgniter\CodeIgniter->handleRequest(null, Object(Config\Cache), false)
 9 FCPATH\index.php(79): CodeIgniter\CodeIgniter->run()
10 SYSTEMPATH\Commands\Server\rewrite.php(47): require_once('D:\\laragon\\www\\method-oldagehome\\public\\index.php')
CRITICAL - 2024-11-17 18:26:53 --> Trying to access array offset on value of type null
in APPPATH\Views\dashboard\editOrganization.php on line 50.
 1 APPPATH\Views\dashboard\editOrganization.php(50): CodeIgniter\Debug\Exceptions->errorHandler(2, 'Trying to access array offset on value of type null', 'D:\\laragon\\www\\method-oldagehome\\app\\Views\\dashboard\\editOrganization.php', 50)
 2 SYSTEMPATH\View\View.php(226): include('D:\\laragon\\www\\method-oldagehome\\app\\Views\\dashboard\\editOrganization.php')
 3 SYSTEMPATH\View\View.php(229): CodeIgniter\View\View->CodeIgniter\View\{closure}()
 4 SYSTEMPATH\Common.php(1188): CodeIgniter\View\View->render('dashboard/editOrganization', [], true)
 5 APPPATH\Controllers\HomeController.php(169): view('dashboard/editOrganization', [...])
 6 SYSTEMPATH\CodeIgniter.php(919): App\Controllers\HomeController->viewedit('login', 'css', 'vertical-layout-light', 'style.css')
 7 SYSTEMPATH\CodeIgniter.php(494): CodeIgniter\CodeIgniter->runController(Object(App\Controllers\HomeController))
 8 SYSTEMPATH\CodeIgniter.php(353): CodeIgniter\CodeIgniter->handleRequest(null, Object(Config\Cache), false)
 9 FCPATH\index.php(79): CodeIgniter\CodeIgniter->run()
10 SYSTEMPATH\Commands\Server\rewrite.php(47): require_once('D:\\laragon\\www\\method-oldagehome\\public\\index.php')
CRITICAL - 2024-11-17 18:29:34 --> Trying to access array offset on value of type null
in APPPATH\Views\dashboard\editOrganization.php on line 50.
 1 APPPATH\Views\dashboard\editOrganization.php(50): CodeIgniter\Debug\Exceptions->errorHandler(2, 'Trying to access array offset on value of type null', 'D:\\laragon\\www\\method-oldagehome\\app\\Views\\dashboard\\editOrganization.php', 50)
 2 SYSTEMPATH\View\View.php(226): include('D:\\laragon\\www\\method-oldagehome\\app\\Views\\dashboard\\editOrganization.php')
 3 SYSTEMPATH\View\View.php(229): CodeIgniter\View\View->CodeIgniter\View\{closure}()
 4 SYSTEMPATH\Common.php(1188): CodeIgniter\View\View->render('dashboard/editOrganization', [], true)
 5 APPPATH\Controllers\HomeController.php(169): view('dashboard/editOrganization', [...])
 6 SYSTEMPATH\CodeIgniter.php(919): App\Controllers\HomeController->viewedit('login', 'vendors', 'typicons', 'typicons.css')
 7 SYSTEMPATH\CodeIgniter.php(494): CodeIgniter\CodeIgniter->runController(Object(App\Controllers\HomeController))
 8 SYSTEMPATH\CodeIgniter.php(353): CodeIgniter\CodeIgniter->handleRequest(null, Object(Config\Cache), false)
 9 FCPATH\index.php(79): CodeIgniter\CodeIgniter->run()
10 SYSTEMPATH\Commands\Server\rewrite.php(47): require_once('D:\\laragon\\www\\method-oldagehome\\public\\index.php')
CRITICAL - 2024-11-17 18:29:35 --> Trying to access array offset on value of type null
in APPPATH\Views\dashboard\editOrganization.php on line 50.
 1 APPPATH\Views\dashboard\editOrganization.php(50): CodeIgniter\Debug\Exceptions->errorHandler(2, 'Trying to access array offset on value of type null', 'D:\\laragon\\www\\method-oldagehome\\app\\Views\\dashboard\\editOrganization.php', 50)
 2 SYSTEMPATH\View\View.php(226): include('D:\\laragon\\www\\method-oldagehome\\app\\Views\\dashboard\\editOrganization.php')
 3 SYSTEMPATH\View\View.php(229): CodeIgniter\View\View->CodeIgniter\View\{closure}()
 4 SYSTEMPATH\Common.php(1188): CodeIgniter\View\View->render('dashboard/editOrganization', [], true)
 5 APPPATH\Controllers\HomeController.php(169): view('dashboard/editOrganization', [...])
 6 SYSTEMPATH\CodeIgniter.php(919): App\Controllers\HomeController->viewedit('login', 'vendors', 'css', 'vendor.bundle.base.css')
 7 SYSTEMPATH\CodeIgniter.php(494): CodeIgniter\CodeIgniter->runController(Object(App\Controllers\HomeController))
 8 SYSTEMPATH\CodeIgniter.php(353): CodeIgniter\CodeIgniter->handleRequest(null, Object(Config\Cache), false)
 9 FCPATH\index.php(79): CodeIgniter\CodeIgniter->run()
10 SYSTEMPATH\Commands\Server\rewrite.php(47): require_once('D:\\laragon\\www\\method-oldagehome\\public\\index.php')
CRITICAL - 2024-11-17 18:29:35 --> Trying to access array offset on value of type null
in APPPATH\Views\dashboard\editOrganization.php on line 50.
 1 APPPATH\Views\dashboard\editOrganization.php(50): CodeIgniter\Debug\Exceptions->errorHandler(2, 'Trying to access array offset on value of type null', 'D:\\laragon\\www\\method-oldagehome\\app\\Views\\dashboard\\editOrganization.php', 50)
 2 SYSTEMPATH\View\View.php(226): include('D:\\laragon\\www\\method-oldagehome\\app\\Views\\dashboard\\editOrganization.php')
 3 SYSTEMPATH\View\View.php(229): CodeIgniter\View\View->CodeIgniter\View\{closure}()
 4 SYSTEMPATH\Common.php(1188): CodeIgniter\View\View->render('dashboard/editOrganization', [], true)
 5 APPPATH\Controllers\HomeController.php(169): view('dashboard/editOrganization', [...])
 6 SYSTEMPATH\CodeIgniter.php(919): App\Controllers\HomeController->viewedit('login', 'vendors', 'select2', 'select2.min.css')
 7 SYSTEMPATH\CodeIgniter.php(494): CodeIgniter\CodeIgniter->runController(Object(App\Controllers\HomeController))
 8 SYSTEMPATH\CodeIgniter.php(353): CodeIgniter\CodeIgniter->handleRequest(null, Object(Config\Cache), false)
 9 FCPATH\index.php(79): CodeIgniter\CodeIgniter->run()
10 SYSTEMPATH\Commands\Server\rewrite.php(47): require_once('D:\\laragon\\www\\method-oldagehome\\public\\index.php')
CRITICAL - 2024-11-17 18:29:36 --> Trying to access array offset on value of type null
in APPPATH\Views\dashboard\editOrganization.php on line 50.
 1 APPPATH\Views\dashboard\editOrganization.php(50): CodeIgniter\Debug\Exceptions->errorHandler(2, 'Trying to access array offset on value of type null', 'D:\\laragon\\www\\method-oldagehome\\app\\Views\\dashboard\\editOrganization.php', 50)
 2 SYSTEMPATH\View\View.php(226): include('D:\\laragon\\www\\method-oldagehome\\app\\Views\\dashboard\\editOrganization.php')
 3 SYSTEMPATH\View\View.php(229): CodeIgniter\View\View->CodeIgniter\View\{closure}()
 4 SYSTEMPATH\Common.php(1188): CodeIgniter\View\View->render('dashboard/editOrganization', [], true)
 5 APPPATH\Controllers\HomeController.php(169): view('dashboard/editOrganization', [...])
 6 SYSTEMPATH\CodeIgniter.php(919): App\Controllers\HomeController->viewedit('login', 'vendors', 'select2-bootstrap-theme', 'select2-bootstrap.min.css')
 7 SYSTEMPATH\CodeIgniter.php(494): CodeIgniter\CodeIgniter->runController(Object(App\Controllers\HomeController))
 8 SYSTEMPATH\CodeIgniter.php(353): CodeIgniter\CodeIgniter->handleRequest(null, Object(Config\Cache), false)
 9 FCPATH\index.php(79): CodeIgniter\CodeIgniter->run()
10 SYSTEMPATH\Commands\Server\rewrite.php(47): require_once('D:\\laragon\\www\\method-oldagehome\\public\\index.php')
CRITICAL - 2024-11-17 18:29:37 --> Trying to access array offset on value of type null
in APPPATH\Views\dashboard\editOrganization.php on line 50.
 1 APPPATH\Views\dashboard\editOrganization.php(50): CodeIgniter\Debug\Exceptions->errorHandler(2, 'Trying to access array offset on value of type null', 'D:\\laragon\\www\\method-oldagehome\\app\\Views\\dashboard\\editOrganization.php', 50)
 2 SYSTEMPATH\View\View.php(226): include('D:\\laragon\\www\\method-oldagehome\\app\\Views\\dashboard\\editOrganization.php')
 3 SYSTEMPATH\View\View.php(229): CodeIgniter\View\View->CodeIgniter\View\{closure}()
 4 SYSTEMPATH\Common.php(1188): CodeIgniter\View\View->render('dashboard/editOrganization', [], true)
 5 APPPATH\Controllers\HomeController.php(169): view('dashboard/editOrganization', [...])
 6 SYSTEMPATH\CodeIgniter.php(919): App\Controllers\HomeController->viewedit('login', 'css', 'vertical-layout-light', 'style.css')
 7 SYSTEMPATH\CodeIgniter.php(494): CodeIgniter\CodeIgniter->runController(Object(App\Controllers\HomeController))
 8 SYSTEMPATH\CodeIgniter.php(353): CodeIgniter\CodeIgniter->handleRequest(null, Object(Config\Cache), false)
 9 FCPATH\index.php(79): CodeIgniter\CodeIgniter->run()
10 SYSTEMPATH\Commands\Server\rewrite.php(47): require_once('D:\\laragon\\www\\method-oldagehome\\public\\index.php')
CRITICAL - 2024-11-17 18:30:59 --> Trying to access array offset on value of type null
in APPPATH\Views\dashboard\editOrganization.php on line 50.
 1 APPPATH\Views\dashboard\editOrganization.php(50): CodeIgniter\Debug\Exceptions->errorHandler(2, 'Trying to access array offset on value of type null', 'D:\\laragon\\www\\method-oldagehome\\app\\Views\\dashboard\\editOrganization.php', 50)
 2 SYSTEMPATH\View\View.php(226): include('D:\\laragon\\www\\method-oldagehome\\app\\Views\\dashboard\\editOrganization.php')
 3 SYSTEMPATH\View\View.php(229): CodeIgniter\View\View->CodeIgniter\View\{closure}()
 4 SYSTEMPATH\Common.php(1188): CodeIgniter\View\View->render('dashboard/editOrganization', [], true)
 5 APPPATH\Controllers\HomeController.php(169): view('dashboard/editOrganization', [...])
 6 SYSTEMPATH\CodeIgniter.php(919): App\Controllers\HomeController->viewedit('login', 'vendors', 'typicons', 'typicons.css')
 7 SYSTEMPATH\CodeIgniter.php(494): CodeIgniter\CodeIgniter->runController(Object(App\Controllers\HomeController))
 8 SYSTEMPATH\CodeIgniter.php(353): CodeIgniter\CodeIgniter->handleRequest(null, Object(Config\Cache), false)
 9 FCPATH\index.php(79): CodeIgniter\CodeIgniter->run()
10 SYSTEMPATH\Commands\Server\rewrite.php(47): require_once('D:\\laragon\\www\\method-oldagehome\\public\\index.php')
CRITICAL - 2024-11-17 18:30:59 --> Trying to access array offset on value of type null
in APPPATH\Views\dashboard\editOrganization.php on line 50.
 1 APPPATH\Views\dashboard\editOrganization.php(50): CodeIgniter\Debug\Exceptions->errorHandler(2, 'Trying to access array offset on value of type null', 'D:\\laragon\\www\\method-oldagehome\\app\\Views\\dashboard\\editOrganization.php', 50)
 2 SYSTEMPATH\View\View.php(226): include('D:\\laragon\\www\\method-oldagehome\\app\\Views\\dashboard\\editOrganization.php')
 3 SYSTEMPATH\View\View.php(229): CodeIgniter\View\View->CodeIgniter\View\{closure}()
 4 SYSTEMPATH\Common.php(1188): CodeIgniter\View\View->render('dashboard/editOrganization', [], true)
 5 APPPATH\Controllers\HomeController.php(169): view('dashboard/editOrganization', [...])
 6 SYSTEMPATH\CodeIgniter.php(919): App\Controllers\HomeController->viewedit('login', 'vendors', 'css', 'vendor.bundle.base.css')
 7 SYSTEMPATH\CodeIgniter.php(494): CodeIgniter\CodeIgniter->runController(Object(App\Controllers\HomeController))
 8 SYSTEMPATH\CodeIgniter.php(353): CodeIgniter\CodeIgniter->handleRequest(null, Object(Config\Cache), false)
 9 FCPATH\index.php(79): CodeIgniter\CodeIgniter->run()
10 SYSTEMPATH\Commands\Server\rewrite.php(47): require_once('D:\\laragon\\www\\method-oldagehome\\public\\index.php')
CRITICAL - 2024-11-17 18:31:00 --> Trying to access array offset on value of type null
in APPPATH\Views\dashboard\editOrganization.php on line 50.
 1 APPPATH\Views\dashboard\editOrganization.php(50): CodeIgniter\Debug\Exceptions->errorHandler(2, 'Trying to access array offset on value of type null', 'D:\\laragon\\www\\method-oldagehome\\app\\Views\\dashboard\\editOrganization.php', 50)
 2 SYSTEMPATH\View\View.php(226): include('D:\\laragon\\www\\method-oldagehome\\app\\Views\\dashboard\\editOrganization.php')
 3 SYSTEMPATH\View\View.php(229): CodeIgniter\View\View->CodeIgniter\View\{closure}()
 4 SYSTEMPATH\Common.php(1188): CodeIgniter\View\View->render('dashboard/editOrganization', [], true)
 5 APPPATH\Controllers\HomeController.php(169): view('dashboard/editOrganization', [...])
 6 SYSTEMPATH\CodeIgniter.php(919): App\Controllers\HomeController->viewedit('login', 'vendors', 'select2', 'select2.min.css')
 7 SYSTEMPATH\CodeIgniter.php(494): CodeIgniter\CodeIgniter->runController(Object(App\Controllers\HomeController))
 8 SYSTEMPATH\CodeIgniter.php(353): CodeIgniter\CodeIgniter->handleRequest(null, Object(Config\Cache), false)
 9 FCPATH\index.php(79): CodeIgniter\CodeIgniter->run()
10 SYSTEMPATH\Commands\Server\rewrite.php(47): require_once('D:\\laragon\\www\\method-oldagehome\\public\\index.php')
CRITICAL - 2024-11-17 18:31:00 --> Trying to access array offset on value of type null
in APPPATH\Views\dashboard\editOrganization.php on line 50.
 1 APPPATH\Views\dashboard\editOrganization.php(50): CodeIgniter\Debug\Exceptions->errorHandler(2, 'Trying to access array offset on value of type null', 'D:\\laragon\\www\\method-oldagehome\\app\\Views\\dashboard\\editOrganization.php', 50)
 2 SYSTEMPATH\View\View.php(226): include('D:\\laragon\\www\\method-oldagehome\\app\\Views\\dashboard\\editOrganization.php')
 3 SYSTEMPATH\View\View.php(229): CodeIgniter\View\View->CodeIgniter\View\{closure}()
 4 SYSTEMPATH\Common.php(1188): CodeIgniter\View\View->render('dashboard/editOrganization', [], true)
 5 APPPATH\Controllers\HomeController.php(169): view('dashboard/editOrganization', [...])
 6 SYSTEMPATH\CodeIgniter.php(919): App\Controllers\HomeController->viewedit('login', 'vendors', 'select2-bootstrap-theme', 'select2-bootstrap.min.css')
 7 SYSTEMPATH\CodeIgniter.php(494): CodeIgniter\CodeIgniter->runController(Object(App\Controllers\HomeController))
 8 SYSTEMPATH\CodeIgniter.php(353): CodeIgniter\CodeIgniter->handleRequest(null, Object(Config\Cache), false)
 9 FCPATH\index.php(79): CodeIgniter\CodeIgniter->run()
10 SYSTEMPATH\Commands\Server\rewrite.php(47): require_once('D:\\laragon\\www\\method-oldagehome\\public\\index.php')
CRITICAL - 2024-11-17 18:31:01 --> Trying to access array offset on value of type null
in APPPATH\Views\dashboard\editOrganization.php on line 50.
 1 APPPATH\Views\dashboard\editOrganization.php(50): CodeIgniter\Debug\Exceptions->errorHandler(2, 'Trying to access array offset on value of type null', 'D:\\laragon\\www\\method-oldagehome\\app\\Views\\dashboard\\editOrganization.php', 50)
 2 SYSTEMPATH\View\View.php(226): include('D:\\laragon\\www\\method-oldagehome\\app\\Views\\dashboard\\editOrganization.php')
 3 SYSTEMPATH\View\View.php(229): CodeIgniter\View\View->CodeIgniter\View\{closure}()
 4 SYSTEMPATH\Common.php(1188): CodeIgniter\View\View->render('dashboard/editOrganization', [], true)
 5 APPPATH\Controllers\HomeController.php(169): view('dashboard/editOrganization', [...])
 6 SYSTEMPATH\CodeIgniter.php(919): App\Controllers\HomeController->viewedit('login', 'css', 'vertical-layout-light', 'style.css')
 7 SYSTEMPATH\CodeIgniter.php(494): CodeIgniter\CodeIgniter->runController(Object(App\Controllers\HomeController))
 8 SYSTEMPATH\CodeIgniter.php(353): CodeIgniter\CodeIgniter->handleRequest(null, Object(Config\Cache), false)
 9 FCPATH\index.php(79): CodeIgniter\CodeIgniter->run()
10 SYSTEMPATH\Commands\Server\rewrite.php(47): require_once('D:\\laragon\\www\\method-oldagehome\\public\\index.php')
CRITICAL - 2024-11-17 18:31:57 --> Trying to access array offset on value of type null
in APPPATH\Views\dashboard\editOrganization.php on line 50.
 1 APPPATH\Views\dashboard\editOrganization.php(50): CodeIgniter\Debug\Exceptions->errorHandler(2, 'Trying to access array offset on value of type null', 'D:\\laragon\\www\\method-oldagehome\\app\\Views\\dashboard\\editOrganization.php', 50)
 2 SYSTEMPATH\View\View.php(226): include('D:\\laragon\\www\\method-oldagehome\\app\\Views\\dashboard\\editOrganization.php')
 3 SYSTEMPATH\View\View.php(229): CodeIgniter\View\View->CodeIgniter\View\{closure}()
 4 SYSTEMPATH\Common.php(1188): CodeIgniter\View\View->render('dashboard/editOrganization', [], true)
 5 APPPATH\Controllers\HomeController.php(169): view('dashboard/editOrganization', [...])
 6 SYSTEMPATH\CodeIgniter.php(919): App\Controllers\HomeController->viewedit('login', 'vendors', 'typicons', 'typicons.css')
 7 SYSTEMPATH\CodeIgniter.php(494): CodeIgniter\CodeIgniter->runController(Object(App\Controllers\HomeController))
 8 SYSTEMPATH\CodeIgniter.php(353): CodeIgniter\CodeIgniter->handleRequest(null, Object(Config\Cache), false)
 9 FCPATH\index.php(79): CodeIgniter\CodeIgniter->run()
10 SYSTEMPATH\Commands\Server\rewrite.php(47): require_once('D:\\laragon\\www\\method-oldagehome\\public\\index.php')
CRITICAL - 2024-11-17 18:31:57 --> Trying to access array offset on value of type null
in APPPATH\Views\dashboard\editOrganization.php on line 50.
 1 APPPATH\Views\dashboard\editOrganization.php(50): CodeIgniter\Debug\Exceptions->errorHandler(2, 'Trying to access array offset on value of type null', 'D:\\laragon\\www\\method-oldagehome\\app\\Views\\dashboard\\editOrganization.php', 50)
 2 SYSTEMPATH\View\View.php(226): include('D:\\laragon\\www\\method-oldagehome\\app\\Views\\dashboard\\editOrganization.php')
 3 SYSTEMPATH\View\View.php(229): CodeIgniter\View\View->CodeIgniter\View\{closure}()
 4 SYSTEMPATH\Common.php(1188): CodeIgniter\View\View->render('dashboard/editOrganization', [], true)
 5 APPPATH\Controllers\HomeController.php(169): view('dashboard/editOrganization', [...])
 6 SYSTEMPATH\CodeIgniter.php(919): App\Controllers\HomeController->viewedit('login', 'vendors', 'css', 'vendor.bundle.base.css')
 7 SYSTEMPATH\CodeIgniter.php(494): CodeIgniter\CodeIgniter->runController(Object(App\Controllers\HomeController))
 8 SYSTEMPATH\CodeIgniter.php(353): CodeIgniter\CodeIgniter->handleRequest(null, Object(Config\Cache), false)
 9 FCPATH\index.php(79): CodeIgniter\CodeIgniter->run()
10 SYSTEMPATH\Commands\Server\rewrite.php(47): require_once('D:\\laragon\\www\\method-oldagehome\\public\\index.php')
CRITICAL - 2024-11-17 18:31:57 --> Trying to access array offset on value of type null
in APPPATH\Views\dashboard\editOrganization.php on line 50.
 1 APPPATH\Views\dashboard\editOrganization.php(50): CodeIgniter\Debug\Exceptions->errorHandler(2, 'Trying to access array offset on value of type null', 'D:\\laragon\\www\\method-oldagehome\\app\\Views\\dashboard\\editOrganization.php', 50)
 2 SYSTEMPATH\View\View.php(226): include('D:\\laragon\\www\\method-oldagehome\\app\\Views\\dashboard\\editOrganization.php')
 3 SYSTEMPATH\View\View.php(229): CodeIgniter\View\View->CodeIgniter\View\{closure}()
 4 SYSTEMPATH\Common.php(1188): CodeIgniter\View\View->render('dashboard/editOrganization', [], true)
 5 APPPATH\Controllers\HomeController.php(169): view('dashboard/editOrganization', [...])
 6 SYSTEMPATH\CodeIgniter.php(919): App\Controllers\HomeController->viewedit('login', 'vendors', 'select2', 'select2.min.css')
 7 SYSTEMPATH\CodeIgniter.php(494): CodeIgniter\CodeIgniter->runController(Object(App\Controllers\HomeController))
 8 SYSTEMPATH\CodeIgniter.php(353): CodeIgniter\CodeIgniter->handleRequest(null, Object(Config\Cache), false)
 9 FCPATH\index.php(79): CodeIgniter\CodeIgniter->run()
10 SYSTEMPATH\Commands\Server\rewrite.php(47): require_once('D:\\laragon\\www\\method-oldagehome\\public\\index.php')
CRITICAL - 2024-11-17 18:31:58 --> Trying to access array offset on value of type null
in APPPATH\Views\dashboard\editOrganization.php on line 50.
 1 APPPATH\Views\dashboard\editOrganization.php(50): CodeIgniter\Debug\Exceptions->errorHandler(2, 'Trying to access array offset on value of type null', 'D:\\laragon\\www\\method-oldagehome\\app\\Views\\dashboard\\editOrganization.php', 50)
 2 SYSTEMPATH\View\View.php(226): include('D:\\laragon\\www\\method-oldagehome\\app\\Views\\dashboard\\editOrganization.php')
 3 SYSTEMPATH\View\View.php(229): CodeIgniter\View\View->CodeIgniter\View\{closure}()
 4 SYSTEMPATH\Common.php(1188): CodeIgniter\View\View->render('dashboard/editOrganization', [], true)
 5 APPPATH\Controllers\HomeController.php(169): view('dashboard/editOrganization', [...])
 6 SYSTEMPATH\CodeIgniter.php(919): App\Controllers\HomeController->viewedit('login', 'vendors', 'select2-bootstrap-theme', 'select2-bootstrap.min.css')
 7 SYSTEMPATH\CodeIgniter.php(494): CodeIgniter\CodeIgniter->runController(Object(App\Controllers\HomeController))
 8 SYSTEMPATH\CodeIgniter.php(353): CodeIgniter\CodeIgniter->handleRequest(null, Object(Config\Cache), false)
 9 FCPATH\index.php(79): CodeIgniter\CodeIgniter->run()
10 SYSTEMPATH\Commands\Server\rewrite.php(47): require_once('D:\\laragon\\www\\method-oldagehome\\public\\index.php')
CRITICAL - 2024-11-17 18:31:58 --> Trying to access array offset on value of type null
in APPPATH\Views\dashboard\editOrganization.php on line 50.
 1 APPPATH\Views\dashboard\editOrganization.php(50): CodeIgniter\Debug\Exceptions->errorHandler(2, 'Trying to access array offset on value of type null', 'D:\\laragon\\www\\method-oldagehome\\app\\Views\\dashboard\\editOrganization.php', 50)
 2 SYSTEMPATH\View\View.php(226): include('D:\\laragon\\www\\method-oldagehome\\app\\Views\\dashboard\\editOrganization.php')
 3 SYSTEMPATH\View\View.php(229): CodeIgniter\View\View->CodeIgniter\View\{closure}()
 4 SYSTEMPATH\Common.php(1188): CodeIgniter\View\View->render('dashboard/editOrganization', [], true)
 5 APPPATH\Controllers\HomeController.php(169): view('dashboard/editOrganization', [...])
 6 SYSTEMPATH\CodeIgniter.php(919): App\Controllers\HomeController->viewedit('login', 'css', 'vertical-layout-light', 'style.css')
 7 SYSTEMPATH\CodeIgniter.php(494): CodeIgniter\CodeIgniter->runController(Object(App\Controllers\HomeController))
 8 SYSTEMPATH\CodeIgniter.php(353): CodeIgniter\CodeIgniter->handleRequest(null, Object(Config\Cache), false)
 9 FCPATH\index.php(79): CodeIgniter\CodeIgniter->run()
10 SYSTEMPATH\Commands\Server\rewrite.php(47): require_once('D:\\laragon\\www\\method-oldagehome\\public\\index.php')
CRITICAL - 2024-11-17 18:32:22 --> Trying to access array offset on value of type null
in APPPATH\Views\dashboard\editOrganization.php on line 50.
 1 APPPATH\Views\dashboard\editOrganization.php(50): CodeIgniter\Debug\Exceptions->errorHandler(2, 'Trying to access array offset on value of type null', 'D:\\laragon\\www\\method-oldagehome\\app\\Views\\dashboard\\editOrganization.php', 50)
 2 SYSTEMPATH\View\View.php(226): include('D:\\laragon\\www\\method-oldagehome\\app\\Views\\dashboard\\editOrganization.php')
 3 SYSTEMPATH\View\View.php(229): CodeIgniter\View\View->CodeIgniter\View\{closure}()
 4 SYSTEMPATH\Common.php(1188): CodeIgniter\View\View->render('dashboard/editOrganization', [], true)
 5 APPPATH\Controllers\HomeController.php(169): view('dashboard/editOrganization', [...])
 6 SYSTEMPATH\CodeIgniter.php(919): App\Controllers\HomeController->viewedit('login', 'vendors', 'typicons', 'typicons.css')
 7 SYSTEMPATH\CodeIgniter.php(494): CodeIgniter\CodeIgniter->runController(Object(App\Controllers\HomeController))
 8 SYSTEMPATH\CodeIgniter.php(353): CodeIgniter\CodeIgniter->handleRequest(null, Object(Config\Cache), false)
 9 FCPATH\index.php(79): CodeIgniter\CodeIgniter->run()
10 SYSTEMPATH\Commands\Server\rewrite.php(47): require_once('D:\\laragon\\www\\method-oldagehome\\public\\index.php')
CRITICAL - 2024-11-17 18:32:22 --> Trying to access array offset on value of type null
in APPPATH\Views\dashboard\editOrganization.php on line 50.
 1 APPPATH\Views\dashboard\editOrganization.php(50): CodeIgniter\Debug\Exceptions->errorHandler(2, 'Trying to access array offset on value of type null', 'D:\\laragon\\www\\method-oldagehome\\app\\Views\\dashboard\\editOrganization.php', 50)
 2 SYSTEMPATH\View\View.php(226): include('D:\\laragon\\www\\method-oldagehome\\app\\Views\\dashboard\\editOrganization.php')
 3 SYSTEMPATH\View\View.php(229): CodeIgniter\View\View->CodeIgniter\View\{closure}()
 4 SYSTEMPATH\Common.php(1188): CodeIgniter\View\View->render('dashboard/editOrganization', [], true)
 5 APPPATH\Controllers\HomeController.php(169): view('dashboard/editOrganization', [...])
 6 SYSTEMPATH\CodeIgniter.php(919): App\Controllers\HomeController->viewedit('login', 'vendors', 'css', 'vendor.bundle.base.css')
 7 SYSTEMPATH\CodeIgniter.php(494): CodeIgniter\CodeIgniter->runController(Object(App\Controllers\HomeController))
 8 SYSTEMPATH\CodeIgniter.php(353): CodeIgniter\CodeIgniter->handleRequest(null, Object(Config\Cache), false)
 9 FCPATH\index.php(79): CodeIgniter\CodeIgniter->run()
10 SYSTEMPATH\Commands\Server\rewrite.php(47): require_once('D:\\laragon\\www\\method-oldagehome\\public\\index.php')
CRITICAL - 2024-11-17 18:32:23 --> Trying to access array offset on value of type null
in APPPATH\Views\dashboard\editOrganization.php on line 50.
 1 APPPATH\Views\dashboard\editOrganization.php(50): CodeIgniter\Debug\Exceptions->errorHandler(2, 'Trying to access array offset on value of type null', 'D:\\laragon\\www\\method-oldagehome\\app\\Views\\dashboard\\editOrganization.php', 50)
 2 SYSTEMPATH\View\View.php(226): include('D:\\laragon\\www\\method-oldagehome\\app\\Views\\dashboard\\editOrganization.php')
 3 SYSTEMPATH\View\View.php(229): CodeIgniter\View\View->CodeIgniter\View\{closure}()
 4 SYSTEMPATH\Common.php(1188): CodeIgniter\View\View->render('dashboard/editOrganization', [], true)
 5 APPPATH\Controllers\HomeController.php(169): view('dashboard/editOrganization', [...])
 6 SYSTEMPATH\CodeIgniter.php(919): App\Controllers\HomeController->viewedit('login', 'vendors', 'select2', 'select2.min.css')
 7 SYSTEMPATH\CodeIgniter.php(494): CodeIgniter\CodeIgniter->runController(Object(App\Controllers\HomeController))
 8 SYSTEMPATH\CodeIgniter.php(353): CodeIgniter\CodeIgniter->handleRequest(null, Object(Config\Cache), false)
 9 FCPATH\index.php(79): CodeIgniter\CodeIgniter->run()
10 SYSTEMPATH\Commands\Server\rewrite.php(47): require_once('D:\\laragon\\www\\method-oldagehome\\public\\index.php')
CRITICAL - 2024-11-17 18:32:23 --> Trying to access array offset on value of type null
in APPPATH\Views\dashboard\editOrganization.php on line 50.
 1 APPPATH\Views\dashboard\editOrganization.php(50): CodeIgniter\Debug\Exceptions->errorHandler(2, 'Trying to access array offset on value of type null', 'D:\\laragon\\www\\method-oldagehome\\app\\Views\\dashboard\\editOrganization.php', 50)
 2 SYSTEMPATH\View\View.php(226): include('D:\\laragon\\www\\method-oldagehome\\app\\Views\\dashboard\\editOrganization.php')
 3 SYSTEMPATH\View\View.php(229): CodeIgniter\View\View->CodeIgniter\View\{closure}()
 4 SYSTEMPATH\Common.php(1188): CodeIgniter\View\View->render('dashboard/editOrganization', [], true)
 5 APPPATH\Controllers\HomeController.php(169): view('dashboard/editOrganization', [...])
 6 SYSTEMPATH\CodeIgniter.php(919): App\Controllers\HomeController->viewedit('login', 'vendors', 'select2-bootstrap-theme', 'select2-bootstrap.min.css')
 7 SYSTEMPATH\CodeIgniter.php(494): CodeIgniter\CodeIgniter->runController(Object(App\Controllers\HomeController))
 8 SYSTEMPATH\CodeIgniter.php(353): CodeIgniter\CodeIgniter->handleRequest(null, Object(Config\Cache), false)
 9 FCPATH\index.php(79): CodeIgniter\CodeIgniter->run()
10 SYSTEMPATH\Commands\Server\rewrite.php(47): require_once('D:\\laragon\\www\\method-oldagehome\\public\\index.php')
CRITICAL - 2024-11-17 18:32:24 --> Trying to access array offset on value of type null
in APPPATH\Views\dashboard\editOrganization.php on line 50.
 1 APPPATH\Views\dashboard\editOrganization.php(50): CodeIgniter\Debug\Exceptions->errorHandler(2, 'Trying to access array offset on value of type null', 'D:\\laragon\\www\\method-oldagehome\\app\\Views\\dashboard\\editOrganization.php', 50)
 2 SYSTEMPATH\View\View.php(226): include('D:\\laragon\\www\\method-oldagehome\\app\\Views\\dashboard\\editOrganization.php')
 3 SYSTEMPATH\View\View.php(229): CodeIgniter\View\View->CodeIgniter\View\{closure}()
 4 SYSTEMPATH\Common.php(1188): CodeIgniter\View\View->render('dashboard/editOrganization', [], true)
 5 APPPATH\Controllers\HomeController.php(169): view('dashboard/editOrganization', [...])
 6 SYSTEMPATH\CodeIgniter.php(919): App\Controllers\HomeController->viewedit('login', 'css', 'vertical-layout-light', 'style.css')
 7 SYSTEMPATH\CodeIgniter.php(494): CodeIgniter\CodeIgniter->runController(Object(App\Controllers\HomeController))
 8 SYSTEMPATH\CodeIgniter.php(353): CodeIgniter\CodeIgniter->handleRequest(null, Object(Config\Cache), false)
 9 FCPATH\index.php(79): CodeIgniter\CodeIgniter->run()
10 SYSTEMPATH\Commands\Server\rewrite.php(47): require_once('D:\\laragon\\www\\method-oldagehome\\public\\index.php')
CRITICAL - 2024-11-17 18:33:39 --> Trying to access array offset on value of type null
in APPPATH\Views\dashboard\editOrganization.php on line 50.
 1 APPPATH\Views\dashboard\editOrganization.php(50): CodeIgniter\Debug\Exceptions->errorHandler(2, 'Trying to access array offset on value of type null', 'D:\\laragon\\www\\method-oldagehome\\app\\Views\\dashboard\\editOrganization.php', 50)
 2 SYSTEMPATH\View\View.php(226): include('D:\\laragon\\www\\method-oldagehome\\app\\Views\\dashboard\\editOrganization.php')
 3 SYSTEMPATH\View\View.php(229): CodeIgniter\View\View->CodeIgniter\View\{closure}()
 4 SYSTEMPATH\Common.php(1188): CodeIgniter\View\View->render('dashboard/editOrganization', [], true)
 5 APPPATH\Controllers\HomeController.php(169): view('dashboard/editOrganization', [...])
 6 SYSTEMPATH\CodeIgniter.php(919): App\Controllers\HomeController->viewedit('login', 'vendors', 'typicons', 'typicons.css')
 7 SYSTEMPATH\CodeIgniter.php(494): CodeIgniter\CodeIgniter->runController(Object(App\Controllers\HomeController))
 8 SYSTEMPATH\CodeIgniter.php(353): CodeIgniter\CodeIgniter->handleRequest(null, Object(Config\Cache), false)
 9 FCPATH\index.php(79): CodeIgniter\CodeIgniter->run()
10 SYSTEMPATH\Commands\Server\rewrite.php(47): require_once('D:\\laragon\\www\\method-oldagehome\\public\\index.php')
CRITICAL - 2024-11-17 18:33:39 --> Trying to access array offset on value of type null
in APPPATH\Views\dashboard\editOrganization.php on line 50.
 1 APPPATH\Views\dashboard\editOrganization.php(50): CodeIgniter\Debug\Exceptions->errorHandler(2, 'Trying to access array offset on value of type null', 'D:\\laragon\\www\\method-oldagehome\\app\\Views\\dashboard\\editOrganization.php', 50)
 2 SYSTEMPATH\View\View.php(226): include('D:\\laragon\\www\\method-oldagehome\\app\\Views\\dashboard\\editOrganization.php')
 3 SYSTEMPATH\View\View.php(229): CodeIgniter\View\View->CodeIgniter\View\{closure}()
 4 SYSTEMPATH\Common.php(1188): CodeIgniter\View\View->render('dashboard/editOrganization', [], true)
 5 APPPATH\Controllers\HomeController.php(169): view('dashboard/editOrganization', [...])
 6 SYSTEMPATH\CodeIgniter.php(919): App\Controllers\HomeController->viewedit('login', 'vendors', 'css', 'vendor.bundle.base.css')
 7 SYSTEMPATH\CodeIgniter.php(494): CodeIgniter\CodeIgniter->runController(Object(App\Controllers\HomeController))
 8 SYSTEMPATH\CodeIgniter.php(353): CodeIgniter\CodeIgniter->handleRequest(null, Object(Config\Cache), false)
 9 FCPATH\index.php(79): CodeIgniter\CodeIgniter->run()
10 SYSTEMPATH\Commands\Server\rewrite.php(47): require_once('D:\\laragon\\www\\method-oldagehome\\public\\index.php')
CRITICAL - 2024-11-17 18:33:40 --> Trying to access array offset on value of type null
in APPPATH\Views\dashboard\editOrganization.php on line 50.
 1 APPPATH\Views\dashboard\editOrganization.php(50): CodeIgniter\Debug\Exceptions->errorHandler(2, 'Trying to access array offset on value of type null', 'D:\\laragon\\www\\method-oldagehome\\app\\Views\\dashboard\\editOrganization.php', 50)
 2 SYSTEMPATH\View\View.php(226): include('D:\\laragon\\www\\method-oldagehome\\app\\Views\\dashboard\\editOrganization.php')
 3 SYSTEMPATH\View\View.php(229): CodeIgniter\View\View->CodeIgniter\View\{closure}()
 4 SYSTEMPATH\Common.php(1188): CodeIgniter\View\View->render('dashboard/editOrganization', [], true)
 5 APPPATH\Controllers\HomeController.php(169): view('dashboard/editOrganization', [...])
 6 SYSTEMPATH\CodeIgniter.php(919): App\Controllers\HomeController->viewedit('login', 'vendors', 'select2', 'select2.min.css')
 7 SYSTEMPATH\CodeIgniter.php(494): CodeIgniter\CodeIgniter->runController(Object(App\Controllers\HomeController))
 8 SYSTEMPATH\CodeIgniter.php(353): CodeIgniter\CodeIgniter->handleRequest(null, Object(Config\Cache), false)
 9 FCPATH\index.php(79): CodeIgniter\CodeIgniter->run()
10 SYSTEMPATH\Commands\Server\rewrite.php(47): require_once('D:\\laragon\\www\\method-oldagehome\\public\\index.php')
CRITICAL - 2024-11-17 18:33:40 --> Trying to access array offset on value of type null
in APPPATH\Views\dashboard\editOrganization.php on line 50.
 1 APPPATH\Views\dashboard\editOrganization.php(50): CodeIgniter\Debug\Exceptions->errorHandler(2, 'Trying to access array offset on value of type null', 'D:\\laragon\\www\\method-oldagehome\\app\\Views\\dashboard\\editOrganization.php', 50)
 2 SYSTEMPATH\View\View.php(226): include('D:\\laragon\\www\\method-oldagehome\\app\\Views\\dashboard\\editOrganization.php')
 3 SYSTEMPATH\View\View.php(229): CodeIgniter\View\View->CodeIgniter\View\{closure}()
 4 SYSTEMPATH\Common.php(1188): CodeIgniter\View\View->render('dashboard/editOrganization', [], true)
 5 APPPATH\Controllers\HomeController.php(169): view('dashboard/editOrganization', [...])
 6 SYSTEMPATH\CodeIgniter.php(919): App\Controllers\HomeController->viewedit('login', 'vendors', 'select2-bootstrap-theme', 'select2-bootstrap.min.css')
 7 SYSTEMPATH\CodeIgniter.php(494): CodeIgniter\CodeIgniter->runController(Object(App\Controllers\HomeController))
 8 SYSTEMPATH\CodeIgniter.php(353): CodeIgniter\CodeIgniter->handleRequest(null, Object(Config\Cache), false)
 9 FCPATH\index.php(79): CodeIgniter\CodeIgniter->run()
10 SYSTEMPATH\Commands\Server\rewrite.php(47): require_once('D:\\laragon\\www\\method-oldagehome\\public\\index.php')
CRITICAL - 2024-11-17 18:33:41 --> Trying to access array offset on value of type null
in APPPATH\Views\dashboard\editOrganization.php on line 50.
 1 APPPATH\Views\dashboard\editOrganization.php(50): CodeIgniter\Debug\Exceptions->errorHandler(2, 'Trying to access array offset on value of type null', 'D:\\laragon\\www\\method-oldagehome\\app\\Views\\dashboard\\editOrganization.php', 50)
 2 SYSTEMPATH\View\View.php(226): include('D:\\laragon\\www\\method-oldagehome\\app\\Views\\dashboard\\editOrganization.php')
 3 SYSTEMPATH\View\View.php(229): CodeIgniter\View\View->CodeIgniter\View\{closure}()
 4 SYSTEMPATH\Common.php(1188): CodeIgniter\View\View->render('dashboard/editOrganization', [], true)
 5 APPPATH\Controllers\HomeController.php(169): view('dashboard/editOrganization', [...])
 6 SYSTEMPATH\CodeIgniter.php(919): App\Controllers\HomeController->viewedit('login', 'css', 'vertical-layout-light', 'style.css')
 7 SYSTEMPATH\CodeIgniter.php(494): CodeIgniter\CodeIgniter->runController(Object(App\Controllers\HomeController))
 8 SYSTEMPATH\CodeIgniter.php(353): CodeIgniter\CodeIgniter->handleRequest(null, Object(Config\Cache), false)
 9 FCPATH\index.php(79): CodeIgniter\CodeIgniter->run()
10 SYSTEMPATH\Commands\Server\rewrite.php(47): require_once('D:\\laragon\\www\\method-oldagehome\\public\\index.php')
CRITICAL - 2024-11-17 18:34:06 --> Trying to access array offset on value of type null
in APPPATH\Views\dashboard\editOrganization.php on line 50.
 1 APPPATH\Views\dashboard\editOrganization.php(50): CodeIgniter\Debug\Exceptions->errorHandler(2, 'Trying to access array offset on value of type null', 'D:\\laragon\\www\\method-oldagehome\\app\\Views\\dashboard\\editOrganization.php', 50)
 2 SYSTEMPATH\View\View.php(226): include('D:\\laragon\\www\\method-oldagehome\\app\\Views\\dashboard\\editOrganization.php')
 3 SYSTEMPATH\View\View.php(229): CodeIgniter\View\View->CodeIgniter\View\{closure}()
 4 SYSTEMPATH\Common.php(1188): CodeIgniter\View\View->render('dashboard/editOrganization', [], true)
 5 APPPATH\Controllers\HomeController.php(169): view('dashboard/editOrganization', [...])
 6 SYSTEMPATH\CodeIgniter.php(919): App\Controllers\HomeController->viewedit('login', 'vendors', 'typicons', 'typicons.css')
 7 SYSTEMPATH\CodeIgniter.php(494): CodeIgniter\CodeIgniter->runController(Object(App\Controllers\HomeController))
 8 SYSTEMPATH\CodeIgniter.php(353): CodeIgniter\CodeIgniter->handleRequest(null, Object(Config\Cache), false)
 9 FCPATH\index.php(79): CodeIgniter\CodeIgniter->run()
10 SYSTEMPATH\Commands\Server\rewrite.php(47): require_once('D:\\laragon\\www\\method-oldagehome\\public\\index.php')
CRITICAL - 2024-11-17 18:34:06 --> Trying to access array offset on value of type null
in APPPATH\Views\dashboard\editOrganization.php on line 50.
 1 APPPATH\Views\dashboard\editOrganization.php(50): CodeIgniter\Debug\Exceptions->errorHandler(2, 'Trying to access array offset on value of type null', 'D:\\laragon\\www\\method-oldagehome\\app\\Views\\dashboard\\editOrganization.php', 50)
 2 SYSTEMPATH\View\View.php(226): include('D:\\laragon\\www\\method-oldagehome\\app\\Views\\dashboard\\editOrganization.php')
 3 SYSTEMPATH\View\View.php(229): CodeIgniter\View\View->CodeIgniter\View\{closure}()
 4 SYSTEMPATH\Common.php(1188): CodeIgniter\View\View->render('dashboard/editOrganization', [], true)
 5 APPPATH\Controllers\HomeController.php(169): view('dashboard/editOrganization', [...])
 6 SYSTEMPATH\CodeIgniter.php(919): App\Controllers\HomeController->viewedit('login', 'vendors', 'css', 'vendor.bundle.base.css')
 7 SYSTEMPATH\CodeIgniter.php(494): CodeIgniter\CodeIgniter->runController(Object(App\Controllers\HomeController))
 8 SYSTEMPATH\CodeIgniter.php(353): CodeIgniter\CodeIgniter->handleRequest(null, Object(Config\Cache), false)
 9 FCPATH\index.php(79): CodeIgniter\CodeIgniter->run()
10 SYSTEMPATH\Commands\Server\rewrite.php(47): require_once('D:\\laragon\\www\\method-oldagehome\\public\\index.php')
CRITICAL - 2024-11-17 18:34:07 --> Trying to access array offset on value of type null
in APPPATH\Views\dashboard\editOrganization.php on line 50.
 1 APPPATH\Views\dashboard\editOrganization.php(50): CodeIgniter\Debug\Exceptions->errorHandler(2, 'Trying to access array offset on value of type null', 'D:\\laragon\\www\\method-oldagehome\\app\\Views\\dashboard\\editOrganization.php', 50)
 2 SYSTEMPATH\View\View.php(226): include('D:\\laragon\\www\\method-oldagehome\\app\\Views\\dashboard\\editOrganization.php')
 3 SYSTEMPATH\View\View.php(229): CodeIgniter\View\View->CodeIgniter\View\{closure}()
 4 SYSTEMPATH\Common.php(1188): CodeIgniter\View\View->render('dashboard/editOrganization', [], true)
 5 APPPATH\Controllers\HomeController.php(169): view('dashboard/editOrganization', [...])
 6 SYSTEMPATH\CodeIgniter.php(919): App\Controllers\HomeController->viewedit('login', 'vendors', 'select2', 'select2.min.css')
 7 SYSTEMPATH\CodeIgniter.php(494): CodeIgniter\CodeIgniter->runController(Object(App\Controllers\HomeController))
 8 SYSTEMPATH\CodeIgniter.php(353): CodeIgniter\CodeIgniter->handleRequest(null, Object(Config\Cache), false)
 9 FCPATH\index.php(79): CodeIgniter\CodeIgniter->run()
10 SYSTEMPATH\Commands\Server\rewrite.php(47): require_once('D:\\laragon\\www\\method-oldagehome\\public\\index.php')
CRITICAL - 2024-11-17 18:34:07 --> Trying to access array offset on value of type null
in APPPATH\Views\dashboard\editOrganization.php on line 50.
 1 APPPATH\Views\dashboard\editOrganization.php(50): CodeIgniter\Debug\Exceptions->errorHandler(2, 'Trying to access array offset on value of type null', 'D:\\laragon\\www\\method-oldagehome\\app\\Views\\dashboard\\editOrganization.php', 50)
 2 SYSTEMPATH\View\View.php(226): include('D:\\laragon\\www\\method-oldagehome\\app\\Views\\dashboard\\editOrganization.php')
 3 SYSTEMPATH\View\View.php(229): CodeIgniter\View\View->CodeIgniter\View\{closure}()
 4 SYSTEMPATH\Common.php(1188): CodeIgniter\View\View->render('dashboard/editOrganization', [], true)
 5 APPPATH\Controllers\HomeController.php(169): view('dashboard/editOrganization', [...])
 6 SYSTEMPATH\CodeIgniter.php(919): App\Controllers\HomeController->viewedit('login', 'vendors', 'select2-bootstrap-theme', 'select2-bootstrap.min.css')
 7 SYSTEMPATH\CodeIgniter.php(494): CodeIgniter\CodeIgniter->runController(Object(App\Controllers\HomeController))
 8 SYSTEMPATH\CodeIgniter.php(353): CodeIgniter\CodeIgniter->handleRequest(null, Object(Config\Cache), false)
 9 FCPATH\index.php(79): CodeIgniter\CodeIgniter->run()
10 SYSTEMPATH\Commands\Server\rewrite.php(47): require_once('D:\\laragon\\www\\method-oldagehome\\public\\index.php')
CRITICAL - 2024-11-17 18:34:08 --> Trying to access array offset on value of type null
in APPPATH\Views\dashboard\editOrganization.php on line 50.
 1 APPPATH\Views\dashboard\editOrganization.php(50): CodeIgniter\Debug\Exceptions->errorHandler(2, 'Trying to access array offset on value of type null', 'D:\\laragon\\www\\method-oldagehome\\app\\Views\\dashboard\\editOrganization.php', 50)
 2 SYSTEMPATH\View\View.php(226): include('D:\\laragon\\www\\method-oldagehome\\app\\Views\\dashboard\\editOrganization.php')
 3 SYSTEMPATH\View\View.php(229): CodeIgniter\View\View->CodeIgniter\View\{closure}()
 4 SYSTEMPATH\Common.php(1188): CodeIgniter\View\View->render('dashboard/editOrganization', [], true)
 5 APPPATH\Controllers\HomeController.php(169): view('dashboard/editOrganization', [...])
 6 SYSTEMPATH\CodeIgniter.php(919): App\Controllers\HomeController->viewedit('login', 'css', 'vertical-layout-light', 'style.css')
 7 SYSTEMPATH\CodeIgniter.php(494): CodeIgniter\CodeIgniter->runController(Object(App\Controllers\HomeController))
 8 SYSTEMPATH\CodeIgniter.php(353): CodeIgniter\CodeIgniter->handleRequest(null, Object(Config\Cache), false)
 9 FCPATH\index.php(79): CodeIgniter\CodeIgniter->run()
10 SYSTEMPATH\Commands\Server\rewrite.php(47): require_once('D:\\laragon\\www\\method-oldagehome\\public\\index.php')
CRITICAL - 2024-11-17 23:20:27 --> Trying to access array offset on value of type null
in APPPATH\Views\dashboard\editOrganization.php on line 50.
 1 APPPATH\Views\dashboard\editOrganization.php(50): CodeIgniter\Debug\Exceptions->errorHandler(2, 'Trying to access array offset on value of type null', 'D:\\laragon\\www\\method-oldagehome\\app\\Views\\dashboard\\editOrganization.php', 50)
 2 SYSTEMPATH\View\View.php(226): include('D:\\laragon\\www\\method-oldagehome\\app\\Views\\dashboard\\editOrganization.php')
 3 SYSTEMPATH\View\View.php(229): CodeIgniter\View\View->CodeIgniter\View\{closure}()
 4 SYSTEMPATH\Common.php(1188): CodeIgniter\View\View->render('dashboard/editOrganization', [], true)
 5 APPPATH\Controllers\HomeController.php(169): view('dashboard/editOrganization', [...])
 6 SYSTEMPATH\CodeIgniter.php(919): App\Controllers\HomeController->viewedit('login', 'vendors', 'typicons', 'typicons.css')
 7 SYSTEMPATH\CodeIgniter.php(494): CodeIgniter\CodeIgniter->runController(Object(App\Controllers\HomeController))
 8 SYSTEMPATH\CodeIgniter.php(353): CodeIgniter\CodeIgniter->handleRequest(null, Object(Config\Cache), false)
 9 FCPATH\index.php(79): CodeIgniter\CodeIgniter->run()
10 SYSTEMPATH\Commands\Server\rewrite.php(47): require_once('D:\\laragon\\www\\method-oldagehome\\public\\index.php')
CRITICAL - 2024-11-17 23:20:27 --> Trying to access array offset on value of type null
in APPPATH\Views\dashboard\editOrganization.php on line 50.
 1 APPPATH\Views\dashboard\editOrganization.php(50): CodeIgniter\Debug\Exceptions->errorHandler(2, 'Trying to access array offset on value of type null', 'D:\\laragon\\www\\method-oldagehome\\app\\Views\\dashboard\\editOrganization.php', 50)
 2 SYSTEMPATH\View\View.php(226): include('D:\\laragon\\www\\method-oldagehome\\app\\Views\\dashboard\\editOrganization.php')
 3 SYSTEMPATH\View\View.php(229): CodeIgniter\View\View->CodeIgniter\View\{closure}()
 4 SYSTEMPATH\Common.php(1188): CodeIgniter\View\View->render('dashboard/editOrganization', [], true)
 5 APPPATH\Controllers\HomeController.php(169): view('dashboard/editOrganization', [...])
 6 SYSTEMPATH\CodeIgniter.php(919): App\Controllers\HomeController->viewedit('login', 'vendors', 'css', 'vendor.bundle.base.css')
 7 SYSTEMPATH\CodeIgniter.php(494): CodeIgniter\CodeIgniter->runController(Object(App\Controllers\HomeController))
 8 SYSTEMPATH\CodeIgniter.php(353): CodeIgniter\CodeIgniter->handleRequest(null, Object(Config\Cache), false)
 9 FCPATH\index.php(79): CodeIgniter\CodeIgniter->run()
10 SYSTEMPATH\Commands\Server\rewrite.php(47): require_once('D:\\laragon\\www\\method-oldagehome\\public\\index.php')
CRITICAL - 2024-11-17 23:20:28 --> Trying to access array offset on value of type null
in APPPATH\Views\dashboard\editOrganization.php on line 50.
 1 APPPATH\Views\dashboard\editOrganization.php(50): CodeIgniter\Debug\Exceptions->errorHandler(2, 'Trying to access array offset on value of type null', 'D:\\laragon\\www\\method-oldagehome\\app\\Views\\dashboard\\editOrganization.php', 50)
 2 SYSTEMPATH\View\View.php(226): include('D:\\laragon\\www\\method-oldagehome\\app\\Views\\dashboard\\editOrganization.php')
 3 SYSTEMPATH\View\View.php(229): CodeIgniter\View\View->CodeIgniter\View\{closure}()
 4 SYSTEMPATH\Common.php(1188): CodeIgniter\View\View->render('dashboard/editOrganization', [], true)
 5 APPPATH\Controllers\HomeController.php(169): view('dashboard/editOrganization', [...])
 6 SYSTEMPATH\CodeIgniter.php(919): App\Controllers\HomeController->viewedit('login', 'vendors', 'select2', 'select2.min.css')
 7 SYSTEMPATH\CodeIgniter.php(494): CodeIgniter\CodeIgniter->runController(Object(App\Controllers\HomeController))
 8 SYSTEMPATH\CodeIgniter.php(353): CodeIgniter\CodeIgniter->handleRequest(null, Object(Config\Cache), false)
 9 FCPATH\index.php(79): CodeIgniter\CodeIgniter->run()
10 SYSTEMPATH\Commands\Server\rewrite.php(47): require_once('D:\\laragon\\www\\method-oldagehome\\public\\index.php')
CRITICAL - 2024-11-17 23:20:28 --> Trying to access array offset on value of type null
in APPPATH\Views\dashboard\editOrganization.php on line 50.
 1 APPPATH\Views\dashboard\editOrganization.php(50): CodeIgniter\Debug\Exceptions->errorHandler(2, 'Trying to access array offset on value of type null', 'D:\\laragon\\www\\method-oldagehome\\app\\Views\\dashboard\\editOrganization.php', 50)
 2 SYSTEMPATH\View\View.php(226): include('D:\\laragon\\www\\method-oldagehome\\app\\Views\\dashboard\\editOrganization.php')
 3 SYSTEMPATH\View\View.php(229): CodeIgniter\View\View->CodeIgniter\View\{closure}()
 4 SYSTEMPATH\Common.php(1188): CodeIgniter\View\View->render('dashboard/editOrganization', [], true)
 5 APPPATH\Controllers\HomeController.php(169): view('dashboard/editOrganization', [...])
 6 SYSTEMPATH\CodeIgniter.php(919): App\Controllers\HomeController->viewedit('login', 'vendors', 'select2-bootstrap-theme', 'select2-bootstrap.min.css')
 7 SYSTEMPATH\CodeIgniter.php(494): CodeIgniter\CodeIgniter->runController(Object(App\Controllers\HomeController))
 8 SYSTEMPATH\CodeIgniter.php(353): CodeIgniter\CodeIgniter->handleRequest(null, Object(Config\Cache), false)
 9 FCPATH\index.php(79): CodeIgniter\CodeIgniter->run()
10 SYSTEMPATH\Commands\Server\rewrite.php(47): require_once('D:\\laragon\\www\\method-oldagehome\\public\\index.php')
CRITICAL - 2024-11-17 23:20:29 --> Trying to access array offset on value of type null
in APPPATH\Views\dashboard\editOrganization.php on line 50.
 1 APPPATH\Views\dashboard\editOrganization.php(50): CodeIgniter\Debug\Exceptions->errorHandler(2, 'Trying to access array offset on value of type null', 'D:\\laragon\\www\\method-oldagehome\\app\\Views\\dashboard\\editOrganization.php', 50)
 2 SYSTEMPATH\View\View.php(226): include('D:\\laragon\\www\\method-oldagehome\\app\\Views\\dashboard\\editOrganization.php')
 3 SYSTEMPATH\View\View.php(229): CodeIgniter\View\View->CodeIgniter\View\{closure}()
 4 SYSTEMPATH\Common.php(1188): CodeIgniter\View\View->render('dashboard/editOrganization', [], true)
 5 APPPATH\Controllers\HomeController.php(169): view('dashboard/editOrganization', [...])
 6 SYSTEMPATH\CodeIgniter.php(919): App\Controllers\HomeController->viewedit('login', 'css', 'vertical-layout-light', 'style.css')
 7 SYSTEMPATH\CodeIgniter.php(494): CodeIgniter\CodeIgniter->runController(Object(App\Controllers\HomeController))
 8 SYSTEMPATH\CodeIgniter.php(353): CodeIgniter\CodeIgniter->handleRequest(null, Object(Config\Cache), false)
 9 FCPATH\index.php(79): CodeIgniter\CodeIgniter->run()
10 SYSTEMPATH\Commands\Server\rewrite.php(47): require_once('D:\\laragon\\www\\method-oldagehome\\public\\index.php')
