CRITICAL - 2024-11-13 03:13:16 --> Uncaught ErrorException: Cannot modify header information - headers already sent in D:\laragon\www\method-oldagehome\system\HTTP\ResponseTrait.php:774
Stack trace:
#0 [internal function]: CodeIgniter\Debug\Exceptions->errorHandler(2, 'Cannot modify h...', 'D:\\laragon\\www\\...', 774)
#1 D:\laragon\www\method-oldagehome\system\HTTP\ResponseTrait.php(774): setcookie('ci_session', '7gjgam6h8rjksua...', Array)
#2 D:\laragon\www\method-oldagehome\system\HTTP\ResponseTrait.php(750): CodeIgniter\HTTP\Response->doSetCookie('ci_session', '7gjgam6h8rjksua...', Array)
#3 D:\laragon\www\method-oldagehome\system\HTTP\ResponseTrait.php(730): CodeIgniter\HTTP\Response->dispatchCookies()
#4 D:\laragon\www\method-oldagehome\system\HTTP\ResponseTrait.php(447): CodeIgniter\HTTP\Response->sendCookies()
#5 D:\laragon\www\method-oldagehome\system\Debug\ExceptionHandler.php(78): CodeIgniter\HTTP\Response->send()
#6 D:\laragon\www\method-oldagehome\system\Debug\Exceptions.php(147): CodeIgniter\Debug\ExceptionHandler->handle(Object(CodeIgniter\Exceptions\PageNotFoundException), Object(CodeIgniter\HTTP\IncomingRequest), Object(CodeIgniter\HTTP\Response), 404, 1)
#7 [internal function]: CodeIgniter\Debug\Exceptions->exceptionHandler(Object(CodeIgniter\Exceptions\PageNotFoundException))
#8 {main}
  thrown
【Previous Exception】
CodeIgniter\Exceptions\PageNotFoundException
Page Not Found
#0 D:\laragon\www\method-oldagehome\system\CodeIgniter.php(967): CodeIgniter\Exceptions\PageNotFoundException::forPageNotFound(NULL)
#1 D:\laragon\www\method-oldagehome\system\CodeIgniter.php(362): CodeIgniter\CodeIgniter->display404errors(Object(CodeIgniter\Exceptions\PageNotFoundException))
#2 D:\laragon\www\method-oldagehome\public\index.php(79): CodeIgniter\CodeIgniter->run()
#3 D:\laragon\www\method-oldagehome\system\Commands\Server\rewrite.php(47): require_once('D:\\laragon\\www\\...')
#4 {main}
in SYSTEMPATH\HTTP\ResponseTrait.php on line 774.
 1 [internal function]: CodeIgniter\Debug\Exceptions->shutdownHandler()
CRITICAL - 2024-11-13 03:13:16 --> Uncaught ErrorException: Cannot modify header information - headers already sent in D:\laragon\www\method-oldagehome\system\HTTP\ResponseTrait.php:774
Stack trace:
#0 [internal function]: CodeIgniter\Debug\Exceptions->errorHandler(2, 'Cannot modify h...', 'D:\\laragon\\www\\...', 774)
#1 D:\laragon\www\method-oldagehome\system\HTTP\ResponseTrait.php(774): setcookie('ci_session', '7gjgam6h8rjksua...', Array)
#2 D:\laragon\www\method-oldagehome\system\HTTP\ResponseTrait.php(750): CodeIgniter\HTTP\Response->doSetCookie('ci_session', '7gjgam6h8rjksua...', Array)
#3 D:\laragon\www\method-oldagehome\system\HTTP\ResponseTrait.php(730): CodeIgniter\HTTP\Response->dispatchCookies()
#4 D:\laragon\www\method-oldagehome\system\HTTP\ResponseTrait.php(447): CodeIgniter\HTTP\Response->sendCookies()
#5 D:\laragon\www\method-oldagehome\system\Debug\ExceptionHandler.php(78): CodeIgniter\HTTP\Response->send()
#6 D:\laragon\www\method-oldagehome\system\Debug\Exceptions.php(147): CodeIgniter\Debug\ExceptionHandler->handle(Object(CodeIgniter\Exceptions\PageNotFoundException), Object(CodeIgniter\HTTP\IncomingRequest), Object(CodeIgniter\HTTP\Response), 404, 1)
#7 [internal function]: CodeIgniter\Debug\Exceptions->exceptionHandler(Object(CodeIgniter\Exceptions\PageNotFoundException))
#8 {main}
  thrown
【Previous Exception】
CodeIgniter\Exceptions\PageNotFoundException
Page Not Found
#0 D:\laragon\www\method-oldagehome\system\CodeIgniter.php(967): CodeIgniter\Exceptions\PageNotFoundException::forPageNotFound(NULL)
#1 D:\laragon\www\method-oldagehome\system\CodeIgniter.php(362): CodeIgniter\CodeIgniter->display404errors(Object(CodeIgniter\Exceptions\PageNotFoundException))
#2 D:\laragon\www\method-oldagehome\public\index.php(79): CodeIgniter\CodeIgniter->run()
#3 D:\laragon\www\method-oldagehome\system\Commands\Server\rewrite.php(47): require_once('D:\\laragon\\www\\...')
#4 {main}
in SYSTEMPATH\HTTP\ResponseTrait.php on line 774.
 1 [internal function]: CodeIgniter\Debug\Exceptions->shutdownHandler()
CRITICAL - 2024-11-13 03:13:18 --> Uncaught ErrorException: Cannot modify header information - headers already sent in D:\laragon\www\method-oldagehome\system\HTTP\ResponseTrait.php:774
Stack trace:
#0 [internal function]: CodeIgniter\Debug\Exceptions->errorHandler(2, 'Cannot modify h...', 'D:\\laragon\\www\\...', 774)
#1 D:\laragon\www\method-oldagehome\system\HTTP\ResponseTrait.php(774): setcookie('ci_session', '7gjgam6h8rjksua...', Array)
#2 D:\laragon\www\method-oldagehome\system\HTTP\ResponseTrait.php(750): CodeIgniter\HTTP\Response->doSetCookie('ci_session', '7gjgam6h8rjksua...', Array)
#3 D:\laragon\www\method-oldagehome\system\HTTP\ResponseTrait.php(730): CodeIgniter\HTTP\Response->dispatchCookies()
#4 D:\laragon\www\method-oldagehome\system\HTTP\ResponseTrait.php(447): CodeIgniter\HTTP\Response->sendCookies()
#5 D:\laragon\www\method-oldagehome\system\Debug\ExceptionHandler.php(78): CodeIgniter\HTTP\Response->send()
#6 D:\laragon\www\method-oldagehome\system\Debug\Exceptions.php(147): CodeIgniter\Debug\ExceptionHandler->handle(Object(CodeIgniter\Exceptions\PageNotFoundException), Object(CodeIgniter\HTTP\IncomingRequest), Object(CodeIgniter\HTTP\Response), 404, 1)
#7 [internal function]: CodeIgniter\Debug\Exceptions->exceptionHandler(Object(CodeIgniter\Exceptions\PageNotFoundException))
#8 {main}
  thrown
【Previous Exception】
CodeIgniter\Exceptions\PageNotFoundException
Page Not Found
#0 D:\laragon\www\method-oldagehome\system\CodeIgniter.php(967): CodeIgniter\Exceptions\PageNotFoundException::forPageNotFound(NULL)
#1 D:\laragon\www\method-oldagehome\system\CodeIgniter.php(362): CodeIgniter\CodeIgniter->display404errors(Object(CodeIgniter\Exceptions\PageNotFoundException))
#2 D:\laragon\www\method-oldagehome\public\index.php(79): CodeIgniter\CodeIgniter->run()
#3 D:\laragon\www\method-oldagehome\system\Commands\Server\rewrite.php(47): require_once('D:\\laragon\\www\\...')
#4 {main}
in SYSTEMPATH\HTTP\ResponseTrait.php on line 774.
 1 [internal function]: CodeIgniter\Debug\Exceptions->shutdownHandler()
CRITICAL - 2024-11-13 03:13:19 --> Uncaught ErrorException: Cannot modify header information - headers already sent in D:\laragon\www\method-oldagehome\system\HTTP\ResponseTrait.php:774
Stack trace:
#0 [internal function]: CodeIgniter\Debug\Exceptions->errorHandler(2, 'Cannot modify h...', 'D:\\laragon\\www\\...', 774)
#1 D:\laragon\www\method-oldagehome\system\HTTP\ResponseTrait.php(774): setcookie('ci_session', '7gjgam6h8rjksua...', Array)
#2 D:\laragon\www\method-oldagehome\system\HTTP\ResponseTrait.php(750): CodeIgniter\HTTP\Response->doSetCookie('ci_session', '7gjgam6h8rjksua...', Array)
#3 D:\laragon\www\method-oldagehome\system\HTTP\ResponseTrait.php(730): CodeIgniter\HTTP\Response->dispatchCookies()
#4 D:\laragon\www\method-oldagehome\system\HTTP\ResponseTrait.php(447): CodeIgniter\HTTP\Response->sendCookies()
#5 D:\laragon\www\method-oldagehome\system\Debug\ExceptionHandler.php(78): CodeIgniter\HTTP\Response->send()
#6 D:\laragon\www\method-oldagehome\system\Debug\Exceptions.php(147): CodeIgniter\Debug\ExceptionHandler->handle(Object(CodeIgniter\Exceptions\PageNotFoundException), Object(CodeIgniter\HTTP\IncomingRequest), Object(CodeIgniter\HTTP\Response), 404, 1)
#7 [internal function]: CodeIgniter\Debug\Exceptions->exceptionHandler(Object(CodeIgniter\Exceptions\PageNotFoundException))
#8 {main}
  thrown
【Previous Exception】
CodeIgniter\Exceptions\PageNotFoundException
Page Not Found
#0 D:\laragon\www\method-oldagehome\system\CodeIgniter.php(967): CodeIgniter\Exceptions\PageNotFoundException::forPageNotFound(NULL)
#1 D:\laragon\www\method-oldagehome\system\CodeIgniter.php(362): CodeIgniter\CodeIgniter->display404errors(Object(CodeIgniter\Exceptions\PageNotFoundException))
#2 D:\laragon\www\method-oldagehome\public\index.php(79): CodeIgniter\CodeIgniter->run()
#3 D:\laragon\www\method-oldagehome\system\Commands\Server\rewrite.php(47): require_once('D:\\laragon\\www\\...')
#4 {main}
in SYSTEMPATH\HTTP\ResponseTrait.php on line 774.
 1 [internal function]: CodeIgniter\Debug\Exceptions->shutdownHandler()
CRITICAL - 2024-11-13 03:13:20 --> Uncaught ErrorException: Cannot modify header information - headers already sent in D:\laragon\www\method-oldagehome\system\HTTP\ResponseTrait.php:774
Stack trace:
#0 [internal function]: CodeIgniter\Debug\Exceptions->errorHandler(2, 'Cannot modify h...', 'D:\\laragon\\www\\...', 774)
#1 D:\laragon\www\method-oldagehome\system\HTTP\ResponseTrait.php(774): setcookie('ci_session', '7gjgam6h8rjksua...', Array)
#2 D:\laragon\www\method-oldagehome\system\HTTP\ResponseTrait.php(750): CodeIgniter\HTTP\Response->doSetCookie('ci_session', '7gjgam6h8rjksua...', Array)
#3 D:\laragon\www\method-oldagehome\system\HTTP\ResponseTrait.php(730): CodeIgniter\HTTP\Response->dispatchCookies()
#4 D:\laragon\www\method-oldagehome\system\HTTP\ResponseTrait.php(447): CodeIgniter\HTTP\Response->sendCookies()
#5 D:\laragon\www\method-oldagehome\system\Debug\ExceptionHandler.php(78): CodeIgniter\HTTP\Response->send()
#6 D:\laragon\www\method-oldagehome\system\Debug\Exceptions.php(147): CodeIgniter\Debug\ExceptionHandler->handle(Object(CodeIgniter\Exceptions\PageNotFoundException), Object(CodeIgniter\HTTP\IncomingRequest), Object(CodeIgniter\HTTP\Response), 404, 1)
#7 [internal function]: CodeIgniter\Debug\Exceptions->exceptionHandler(Object(CodeIgniter\Exceptions\PageNotFoundException))
#8 {main}
  thrown
【Previous Exception】
CodeIgniter\Exceptions\PageNotFoundException
Page Not Found
#0 D:\laragon\www\method-oldagehome\system\CodeIgniter.php(967): CodeIgniter\Exceptions\PageNotFoundException::forPageNotFound(NULL)
#1 D:\laragon\www\method-oldagehome\system\CodeIgniter.php(362): CodeIgniter\CodeIgniter->display404errors(Object(CodeIgniter\Exceptions\PageNotFoundException))
#2 D:\laragon\www\method-oldagehome\public\index.php(79): CodeIgniter\CodeIgniter->run()
#3 D:\laragon\www\method-oldagehome\system\Commands\Server\rewrite.php(47): require_once('D:\\laragon\\www\\...')
#4 {main}
in SYSTEMPATH\HTTP\ResponseTrait.php on line 774.
 1 [internal function]: CodeIgniter\Debug\Exceptions->shutdownHandler()
CRITICAL - 2024-11-13 03:13:20 --> Uncaught ErrorException: Cannot modify header information - headers already sent in D:\laragon\www\method-oldagehome\system\HTTP\ResponseTrait.php:774
Stack trace:
#0 [internal function]: CodeIgniter\Debug\Exceptions->errorHandler(2, 'Cannot modify h...', 'D:\\laragon\\www\\...', 774)
#1 D:\laragon\www\method-oldagehome\system\HTTP\ResponseTrait.php(774): setcookie('ci_session', '7gjgam6h8rjksua...', Array)
#2 D:\laragon\www\method-oldagehome\system\HTTP\ResponseTrait.php(750): CodeIgniter\HTTP\Response->doSetCookie('ci_session', '7gjgam6h8rjksua...', Array)
#3 D:\laragon\www\method-oldagehome\system\HTTP\ResponseTrait.php(730): CodeIgniter\HTTP\Response->dispatchCookies()
#4 D:\laragon\www\method-oldagehome\system\HTTP\ResponseTrait.php(447): CodeIgniter\HTTP\Response->sendCookies()
#5 D:\laragon\www\method-oldagehome\system\Debug\ExceptionHandler.php(78): CodeIgniter\HTTP\Response->send()
#6 D:\laragon\www\method-oldagehome\system\Debug\Exceptions.php(147): CodeIgniter\Debug\ExceptionHandler->handle(Object(CodeIgniter\Exceptions\PageNotFoundException), Object(CodeIgniter\HTTP\IncomingRequest), Object(CodeIgniter\HTTP\Response), 404, 1)
#7 [internal function]: CodeIgniter\Debug\Exceptions->exceptionHandler(Object(CodeIgniter\Exceptions\PageNotFoundException))
#8 {main}
  thrown
【Previous Exception】
CodeIgniter\Exceptions\PageNotFoundException
Page Not Found
#0 D:\laragon\www\method-oldagehome\system\CodeIgniter.php(967): CodeIgniter\Exceptions\PageNotFoundException::forPageNotFound(NULL)
#1 D:\laragon\www\method-oldagehome\system\CodeIgniter.php(362): CodeIgniter\CodeIgniter->display404errors(Object(CodeIgniter\Exceptions\PageNotFoundException))
#2 D:\laragon\www\method-oldagehome\public\index.php(79): CodeIgniter\CodeIgniter->run()
#3 D:\laragon\www\method-oldagehome\system\Commands\Server\rewrite.php(47): require_once('D:\\laragon\\www\\...')
#4 {main}
in SYSTEMPATH\HTTP\ResponseTrait.php on line 774.
 1 [internal function]: CodeIgniter\Debug\Exceptions->shutdownHandler()
CRITICAL - 2024-11-13 03:13:21 --> Uncaught ErrorException: Cannot modify header information - headers already sent in D:\laragon\www\method-oldagehome\system\HTTP\ResponseTrait.php:774
Stack trace:
#0 [internal function]: CodeIgniter\Debug\Exceptions->errorHandler(2, 'Cannot modify h...', 'D:\\laragon\\www\\...', 774)
#1 D:\laragon\www\method-oldagehome\system\HTTP\ResponseTrait.php(774): setcookie('ci_session', '7gjgam6h8rjksua...', Array)
#2 D:\laragon\www\method-oldagehome\system\HTTP\ResponseTrait.php(750): CodeIgniter\HTTP\Response->doSetCookie('ci_session', '7gjgam6h8rjksua...', Array)
#3 D:\laragon\www\method-oldagehome\system\HTTP\ResponseTrait.php(730): CodeIgniter\HTTP\Response->dispatchCookies()
#4 D:\laragon\www\method-oldagehome\system\HTTP\ResponseTrait.php(447): CodeIgniter\HTTP\Response->sendCookies()
#5 D:\laragon\www\method-oldagehome\system\Debug\ExceptionHandler.php(78): CodeIgniter\HTTP\Response->send()
#6 D:\laragon\www\method-oldagehome\system\Debug\Exceptions.php(147): CodeIgniter\Debug\ExceptionHandler->handle(Object(CodeIgniter\Exceptions\PageNotFoundException), Object(CodeIgniter\HTTP\IncomingRequest), Object(CodeIgniter\HTTP\Response), 404, 1)
#7 [internal function]: CodeIgniter\Debug\Exceptions->exceptionHandler(Object(CodeIgniter\Exceptions\PageNotFoundException))
#8 {main}
  thrown
【Previous Exception】
CodeIgniter\Exceptions\PageNotFoundException
Page Not Found
#0 D:\laragon\www\method-oldagehome\system\CodeIgniter.php(967): CodeIgniter\Exceptions\PageNotFoundException::forPageNotFound(NULL)
#1 D:\laragon\www\method-oldagehome\system\CodeIgniter.php(362): CodeIgniter\CodeIgniter->display404errors(Object(CodeIgniter\Exceptions\PageNotFoundException))
#2 D:\laragon\www\method-oldagehome\public\index.php(79): CodeIgniter\CodeIgniter->run()
#3 D:\laragon\www\method-oldagehome\system\Commands\Server\rewrite.php(47): require_once('D:\\laragon\\www\\...')
#4 {main}
in SYSTEMPATH\HTTP\ResponseTrait.php on line 774.
 1 [internal function]: CodeIgniter\Debug\Exceptions->shutdownHandler()
CRITICAL - 2024-11-13 03:13:22 --> Uncaught ErrorException: Cannot modify header information - headers already sent in D:\laragon\www\method-oldagehome\system\HTTP\ResponseTrait.php:774
Stack trace:
#0 [internal function]: CodeIgniter\Debug\Exceptions->errorHandler(2, 'Cannot modify h...', 'D:\\laragon\\www\\...', 774)
#1 D:\laragon\www\method-oldagehome\system\HTTP\ResponseTrait.php(774): setcookie('ci_session', '7gjgam6h8rjksua...', Array)
#2 D:\laragon\www\method-oldagehome\system\HTTP\ResponseTrait.php(750): CodeIgniter\HTTP\Response->doSetCookie('ci_session', '7gjgam6h8rjksua...', Array)
#3 D:\laragon\www\method-oldagehome\system\HTTP\ResponseTrait.php(730): CodeIgniter\HTTP\Response->dispatchCookies()
#4 D:\laragon\www\method-oldagehome\system\HTTP\ResponseTrait.php(447): CodeIgniter\HTTP\Response->sendCookies()
#5 D:\laragon\www\method-oldagehome\system\Debug\ExceptionHandler.php(78): CodeIgniter\HTTP\Response->send()
#6 D:\laragon\www\method-oldagehome\system\Debug\Exceptions.php(147): CodeIgniter\Debug\ExceptionHandler->handle(Object(CodeIgniter\Exceptions\PageNotFoundException), Object(CodeIgniter\HTTP\IncomingRequest), Object(CodeIgniter\HTTP\Response), 404, 1)
#7 [internal function]: CodeIgniter\Debug\Exceptions->exceptionHandler(Object(CodeIgniter\Exceptions\PageNotFoundException))
#8 {main}
  thrown
【Previous Exception】
CodeIgniter\Exceptions\PageNotFoundException
Page Not Found
#0 D:\laragon\www\method-oldagehome\system\CodeIgniter.php(967): CodeIgniter\Exceptions\PageNotFoundException::forPageNotFound(NULL)
#1 D:\laragon\www\method-oldagehome\system\CodeIgniter.php(362): CodeIgniter\CodeIgniter->display404errors(Object(CodeIgniter\Exceptions\PageNotFoundException))
#2 D:\laragon\www\method-oldagehome\public\index.php(79): CodeIgniter\CodeIgniter->run()
#3 D:\laragon\www\method-oldagehome\system\Commands\Server\rewrite.php(47): require_once('D:\\laragon\\www\\...')
#4 {main}
in SYSTEMPATH\HTTP\ResponseTrait.php on line 774.
 1 [internal function]: CodeIgniter\Debug\Exceptions->shutdownHandler()
CRITICAL - 2024-11-13 03:13:23 --> Uncaught ErrorException: Cannot modify header information - headers already sent in D:\laragon\www\method-oldagehome\system\HTTP\ResponseTrait.php:774
Stack trace:
#0 [internal function]: CodeIgniter\Debug\Exceptions->errorHandler(2, 'Cannot modify h...', 'D:\\laragon\\www\\...', 774)
#1 D:\laragon\www\method-oldagehome\system\HTTP\ResponseTrait.php(774): setcookie('ci_session', '7gjgam6h8rjksua...', Array)
#2 D:\laragon\www\method-oldagehome\system\HTTP\ResponseTrait.php(750): CodeIgniter\HTTP\Response->doSetCookie('ci_session', '7gjgam6h8rjksua...', Array)
#3 D:\laragon\www\method-oldagehome\system\HTTP\ResponseTrait.php(730): CodeIgniter\HTTP\Response->dispatchCookies()
#4 D:\laragon\www\method-oldagehome\system\HTTP\ResponseTrait.php(447): CodeIgniter\HTTP\Response->sendCookies()
#5 D:\laragon\www\method-oldagehome\system\Debug\ExceptionHandler.php(78): CodeIgniter\HTTP\Response->send()
#6 D:\laragon\www\method-oldagehome\system\Debug\Exceptions.php(147): CodeIgniter\Debug\ExceptionHandler->handle(Object(CodeIgniter\Exceptions\PageNotFoundException), Object(CodeIgniter\HTTP\IncomingRequest), Object(CodeIgniter\HTTP\Response), 404, 1)
#7 [internal function]: CodeIgniter\Debug\Exceptions->exceptionHandler(Object(CodeIgniter\Exceptions\PageNotFoundException))
#8 {main}
  thrown
【Previous Exception】
CodeIgniter\Exceptions\PageNotFoundException
Page Not Found
#0 D:\laragon\www\method-oldagehome\system\CodeIgniter.php(967): CodeIgniter\Exceptions\PageNotFoundException::forPageNotFound(NULL)
#1 D:\laragon\www\method-oldagehome\system\CodeIgniter.php(362): CodeIgniter\CodeIgniter->display404errors(Object(CodeIgniter\Exceptions\PageNotFoundException))
#2 D:\laragon\www\method-oldagehome\public\index.php(79): CodeIgniter\CodeIgniter->run()
#3 D:\laragon\www\method-oldagehome\system\Commands\Server\rewrite.php(47): require_once('D:\\laragon\\www\\...')
#4 {main}
in SYSTEMPATH\HTTP\ResponseTrait.php on line 774.
 1 [internal function]: CodeIgniter\Debug\Exceptions->shutdownHandler()
CRITICAL - 2024-11-13 03:13:24 --> Uncaught ErrorException: Cannot modify header information - headers already sent in D:\laragon\www\method-oldagehome\system\HTTP\ResponseTrait.php:774
Stack trace:
#0 [internal function]: CodeIgniter\Debug\Exceptions->errorHandler(2, 'Cannot modify h...', 'D:\\laragon\\www\\...', 774)
#1 D:\laragon\www\method-oldagehome\system\HTTP\ResponseTrait.php(774): setcookie('ci_session', '7gjgam6h8rjksua...', Array)
#2 D:\laragon\www\method-oldagehome\system\HTTP\ResponseTrait.php(750): CodeIgniter\HTTP\Response->doSetCookie('ci_session', '7gjgam6h8rjksua...', Array)
#3 D:\laragon\www\method-oldagehome\system\HTTP\ResponseTrait.php(730): CodeIgniter\HTTP\Response->dispatchCookies()
#4 D:\laragon\www\method-oldagehome\system\HTTP\ResponseTrait.php(447): CodeIgniter\HTTP\Response->sendCookies()
#5 D:\laragon\www\method-oldagehome\system\Debug\ExceptionHandler.php(78): CodeIgniter\HTTP\Response->send()
#6 D:\laragon\www\method-oldagehome\system\Debug\Exceptions.php(147): CodeIgniter\Debug\ExceptionHandler->handle(Object(CodeIgniter\Exceptions\PageNotFoundException), Object(CodeIgniter\HTTP\IncomingRequest), Object(CodeIgniter\HTTP\Response), 404, 1)
#7 [internal function]: CodeIgniter\Debug\Exceptions->exceptionHandler(Object(CodeIgniter\Exceptions\PageNotFoundException))
#8 {main}
  thrown
【Previous Exception】
CodeIgniter\Exceptions\PageNotFoundException
Page Not Found
#0 D:\laragon\www\method-oldagehome\system\CodeIgniter.php(967): CodeIgniter\Exceptions\PageNotFoundException::forPageNotFound(NULL)
#1 D:\laragon\www\method-oldagehome\system\CodeIgniter.php(362): CodeIgniter\CodeIgniter->display404errors(Object(CodeIgniter\Exceptions\PageNotFoundException))
#2 D:\laragon\www\method-oldagehome\public\index.php(79): CodeIgniter\CodeIgniter->run()
#3 D:\laragon\www\method-oldagehome\system\Commands\Server\rewrite.php(47): require_once('D:\\laragon\\www\\...')
#4 {main}
in SYSTEMPATH\HTTP\ResponseTrait.php on line 774.
 1 [internal function]: CodeIgniter\Debug\Exceptions->shutdownHandler()
CRITICAL - 2024-11-13 03:13:25 --> Uncaught ErrorException: Cannot modify header information - headers already sent in D:\laragon\www\method-oldagehome\system\HTTP\ResponseTrait.php:774
Stack trace:
#0 [internal function]: CodeIgniter\Debug\Exceptions->errorHandler(2, 'Cannot modify h...', 'D:\\laragon\\www\\...', 774)
#1 D:\laragon\www\method-oldagehome\system\HTTP\ResponseTrait.php(774): setcookie('ci_session', '7gjgam6h8rjksua...', Array)
#2 D:\laragon\www\method-oldagehome\system\HTTP\ResponseTrait.php(750): CodeIgniter\HTTP\Response->doSetCookie('ci_session', '7gjgam6h8rjksua...', Array)
#3 D:\laragon\www\method-oldagehome\system\HTTP\ResponseTrait.php(730): CodeIgniter\HTTP\Response->dispatchCookies()
#4 D:\laragon\www\method-oldagehome\system\HTTP\ResponseTrait.php(447): CodeIgniter\HTTP\Response->sendCookies()
#5 D:\laragon\www\method-oldagehome\system\Debug\ExceptionHandler.php(78): CodeIgniter\HTTP\Response->send()
#6 D:\laragon\www\method-oldagehome\system\Debug\Exceptions.php(147): CodeIgniter\Debug\ExceptionHandler->handle(Object(CodeIgniter\Exceptions\PageNotFoundException), Object(CodeIgniter\HTTP\IncomingRequest), Object(CodeIgniter\HTTP\Response), 404, 1)
#7 [internal function]: CodeIgniter\Debug\Exceptions->exceptionHandler(Object(CodeIgniter\Exceptions\PageNotFoundException))
#8 {main}
  thrown
【Previous Exception】
CodeIgniter\Exceptions\PageNotFoundException
Page Not Found
#0 D:\laragon\www\method-oldagehome\system\CodeIgniter.php(967): CodeIgniter\Exceptions\PageNotFoundException::forPageNotFound(NULL)
#1 D:\laragon\www\method-oldagehome\system\CodeIgniter.php(362): CodeIgniter\CodeIgniter->display404errors(Object(CodeIgniter\Exceptions\PageNotFoundException))
#2 D:\laragon\www\method-oldagehome\public\index.php(79): CodeIgniter\CodeIgniter->run()
#3 D:\laragon\www\method-oldagehome\system\Commands\Server\rewrite.php(47): require_once('D:\\laragon\\www\\...')
#4 {main}
in SYSTEMPATH\HTTP\ResponseTrait.php on line 774.
 1 [internal function]: CodeIgniter\Debug\Exceptions->shutdownHandler()
CRITICAL - 2024-11-13 03:13:26 --> Uncaught ErrorException: Cannot modify header information - headers already sent in D:\laragon\www\method-oldagehome\system\HTTP\ResponseTrait.php:774
Stack trace:
#0 [internal function]: CodeIgniter\Debug\Exceptions->errorHandler(2, 'Cannot modify h...', 'D:\\laragon\\www\\...', 774)
#1 D:\laragon\www\method-oldagehome\system\HTTP\ResponseTrait.php(774): setcookie('ci_session', '7gjgam6h8rjksua...', Array)
#2 D:\laragon\www\method-oldagehome\system\HTTP\ResponseTrait.php(750): CodeIgniter\HTTP\Response->doSetCookie('ci_session', '7gjgam6h8rjksua...', Array)
#3 D:\laragon\www\method-oldagehome\system\HTTP\ResponseTrait.php(730): CodeIgniter\HTTP\Response->dispatchCookies()
#4 D:\laragon\www\method-oldagehome\system\HTTP\ResponseTrait.php(447): CodeIgniter\HTTP\Response->sendCookies()
#5 D:\laragon\www\method-oldagehome\system\Debug\ExceptionHandler.php(78): CodeIgniter\HTTP\Response->send()
#6 D:\laragon\www\method-oldagehome\system\Debug\Exceptions.php(147): CodeIgniter\Debug\ExceptionHandler->handle(Object(CodeIgniter\Exceptions\PageNotFoundException), Object(CodeIgniter\HTTP\IncomingRequest), Object(CodeIgniter\HTTP\Response), 404, 1)
#7 [internal function]: CodeIgniter\Debug\Exceptions->exceptionHandler(Object(CodeIgniter\Exceptions\PageNotFoundException))
#8 {main}
  thrown
【Previous Exception】
CodeIgniter\Exceptions\PageNotFoundException
Page Not Found
#0 D:\laragon\www\method-oldagehome\system\CodeIgniter.php(967): CodeIgniter\Exceptions\PageNotFoundException::forPageNotFound(NULL)
#1 D:\laragon\www\method-oldagehome\system\CodeIgniter.php(362): CodeIgniter\CodeIgniter->display404errors(Object(CodeIgniter\Exceptions\PageNotFoundException))
#2 D:\laragon\www\method-oldagehome\public\index.php(79): CodeIgniter\CodeIgniter->run()
#3 D:\laragon\www\method-oldagehome\system\Commands\Server\rewrite.php(47): require_once('D:\\laragon\\www\\...')
#4 {main}
in SYSTEMPATH\HTTP\ResponseTrait.php on line 774.
 1 [internal function]: CodeIgniter\Debug\Exceptions->shutdownHandler()
CRITICAL - 2024-11-13 03:13:28 --> Uncaught ErrorException: Cannot modify header information - headers already sent in D:\laragon\www\method-oldagehome\system\HTTP\ResponseTrait.php:774
Stack trace:
#0 [internal function]: CodeIgniter\Debug\Exceptions->errorHandler(2, 'Cannot modify h...', 'D:\\laragon\\www\\...', 774)
#1 D:\laragon\www\method-oldagehome\system\HTTP\ResponseTrait.php(774): setcookie('ci_session', '7gjgam6h8rjksua...', Array)
#2 D:\laragon\www\method-oldagehome\system\HTTP\ResponseTrait.php(750): CodeIgniter\HTTP\Response->doSetCookie('ci_session', '7gjgam6h8rjksua...', Array)
#3 D:\laragon\www\method-oldagehome\system\HTTP\ResponseTrait.php(730): CodeIgniter\HTTP\Response->dispatchCookies()
#4 D:\laragon\www\method-oldagehome\system\HTTP\ResponseTrait.php(447): CodeIgniter\HTTP\Response->sendCookies()
#5 D:\laragon\www\method-oldagehome\system\Debug\ExceptionHandler.php(78): CodeIgniter\HTTP\Response->send()
#6 D:\laragon\www\method-oldagehome\system\Debug\Exceptions.php(147): CodeIgniter\Debug\ExceptionHandler->handle(Object(CodeIgniter\Exceptions\PageNotFoundException), Object(CodeIgniter\HTTP\IncomingRequest), Object(CodeIgniter\HTTP\Response), 404, 1)
#7 [internal function]: CodeIgniter\Debug\Exceptions->exceptionHandler(Object(CodeIgniter\Exceptions\PageNotFoundException))
#8 {main}
  thrown
【Previous Exception】
CodeIgniter\Exceptions\PageNotFoundException
Page Not Found
#0 D:\laragon\www\method-oldagehome\system\CodeIgniter.php(967): CodeIgniter\Exceptions\PageNotFoundException::forPageNotFound(NULL)
#1 D:\laragon\www\method-oldagehome\system\CodeIgniter.php(362): CodeIgniter\CodeIgniter->display404errors(Object(CodeIgniter\Exceptions\PageNotFoundException))
#2 D:\laragon\www\method-oldagehome\public\index.php(79): CodeIgniter\CodeIgniter->run()
#3 D:\laragon\www\method-oldagehome\system\Commands\Server\rewrite.php(47): require_once('D:\\laragon\\www\\...')
#4 {main}
in SYSTEMPATH\HTTP\ResponseTrait.php on line 774.
 1 [internal function]: CodeIgniter\Debug\Exceptions->shutdownHandler()
CRITICAL - 2024-11-13 03:13:29 --> Uncaught ErrorException: Cannot modify header information - headers already sent in D:\laragon\www\method-oldagehome\system\HTTP\ResponseTrait.php:774
Stack trace:
#0 [internal function]: CodeIgniter\Debug\Exceptions->errorHandler(2, 'Cannot modify h...', 'D:\\laragon\\www\\...', 774)
#1 D:\laragon\www\method-oldagehome\system\HTTP\ResponseTrait.php(774): setcookie('ci_session', '7gjgam6h8rjksua...', Array)
#2 D:\laragon\www\method-oldagehome\system\HTTP\ResponseTrait.php(750): CodeIgniter\HTTP\Response->doSetCookie('ci_session', '7gjgam6h8rjksua...', Array)
#3 D:\laragon\www\method-oldagehome\system\HTTP\ResponseTrait.php(730): CodeIgniter\HTTP\Response->dispatchCookies()
#4 D:\laragon\www\method-oldagehome\system\HTTP\ResponseTrait.php(447): CodeIgniter\HTTP\Response->sendCookies()
#5 D:\laragon\www\method-oldagehome\system\Debug\ExceptionHandler.php(78): CodeIgniter\HTTP\Response->send()
#6 D:\laragon\www\method-oldagehome\system\Debug\Exceptions.php(147): CodeIgniter\Debug\ExceptionHandler->handle(Object(CodeIgniter\Exceptions\PageNotFoundException), Object(CodeIgniter\HTTP\IncomingRequest), Object(CodeIgniter\HTTP\Response), 404, 1)
#7 [internal function]: CodeIgniter\Debug\Exceptions->exceptionHandler(Object(CodeIgniter\Exceptions\PageNotFoundException))
#8 {main}
  thrown
【Previous Exception】
CodeIgniter\Exceptions\PageNotFoundException
Page Not Found
#0 D:\laragon\www\method-oldagehome\system\CodeIgniter.php(967): CodeIgniter\Exceptions\PageNotFoundException::forPageNotFound(NULL)
#1 D:\laragon\www\method-oldagehome\system\CodeIgniter.php(362): CodeIgniter\CodeIgniter->display404errors(Object(CodeIgniter\Exceptions\PageNotFoundException))
#2 D:\laragon\www\method-oldagehome\public\index.php(79): CodeIgniter\CodeIgniter->run()
#3 D:\laragon\www\method-oldagehome\system\Commands\Server\rewrite.php(47): require_once('D:\\laragon\\www\\...')
#4 {main}
in SYSTEMPATH\HTTP\ResponseTrait.php on line 774.
 1 [internal function]: CodeIgniter\Debug\Exceptions->shutdownHandler()
CRITICAL - 2024-11-13 03:13:30 --> Uncaught ErrorException: Cannot modify header information - headers already sent in D:\laragon\www\method-oldagehome\system\HTTP\ResponseTrait.php:774
Stack trace:
#0 [internal function]: CodeIgniter\Debug\Exceptions->errorHandler(2, 'Cannot modify h...', 'D:\\laragon\\www\\...', 774)
#1 D:\laragon\www\method-oldagehome\system\HTTP\ResponseTrait.php(774): setcookie('ci_session', '7gjgam6h8rjksua...', Array)
#2 D:\laragon\www\method-oldagehome\system\HTTP\ResponseTrait.php(750): CodeIgniter\HTTP\Response->doSetCookie('ci_session', '7gjgam6h8rjksua...', Array)
#3 D:\laragon\www\method-oldagehome\system\HTTP\ResponseTrait.php(730): CodeIgniter\HTTP\Response->dispatchCookies()
#4 D:\laragon\www\method-oldagehome\system\HTTP\ResponseTrait.php(447): CodeIgniter\HTTP\Response->sendCookies()
#5 D:\laragon\www\method-oldagehome\system\Debug\ExceptionHandler.php(78): CodeIgniter\HTTP\Response->send()
#6 D:\laragon\www\method-oldagehome\system\Debug\Exceptions.php(147): CodeIgniter\Debug\ExceptionHandler->handle(Object(CodeIgniter\Exceptions\PageNotFoundException), Object(CodeIgniter\HTTP\IncomingRequest), Object(CodeIgniter\HTTP\Response), 404, 1)
#7 [internal function]: CodeIgniter\Debug\Exceptions->exceptionHandler(Object(CodeIgniter\Exceptions\PageNotFoundException))
#8 {main}
  thrown
【Previous Exception】
CodeIgniter\Exceptions\PageNotFoundException
Page Not Found
#0 D:\laragon\www\method-oldagehome\system\CodeIgniter.php(967): CodeIgniter\Exceptions\PageNotFoundException::forPageNotFound(NULL)
#1 D:\laragon\www\method-oldagehome\system\CodeIgniter.php(362): CodeIgniter\CodeIgniter->display404errors(Object(CodeIgniter\Exceptions\PageNotFoundException))
#2 D:\laragon\www\method-oldagehome\public\index.php(79): CodeIgniter\CodeIgniter->run()
#3 D:\laragon\www\method-oldagehome\system\Commands\Server\rewrite.php(47): require_once('D:\\laragon\\www\\...')
#4 {main}
in SYSTEMPATH\HTTP\ResponseTrait.php on line 774.
 1 [internal function]: CodeIgniter\Debug\Exceptions->shutdownHandler()
CRITICAL - 2024-11-13 03:13:36 --> Uncaught ErrorException: Cannot modify header information - headers already sent in D:\laragon\www\method-oldagehome\system\HTTP\ResponseTrait.php:774
Stack trace:
#0 [internal function]: CodeIgniter\Debug\Exceptions->errorHandler(2, 'Cannot modify h...', 'D:\\laragon\\www\\...', 774)
#1 D:\laragon\www\method-oldagehome\system\HTTP\ResponseTrait.php(774): setcookie('ci_session', '7gjgam6h8rjksua...', Array)
#2 D:\laragon\www\method-oldagehome\system\HTTP\ResponseTrait.php(750): CodeIgniter\HTTP\Response->doSetCookie('ci_session', '7gjgam6h8rjksua...', Array)
#3 D:\laragon\www\method-oldagehome\system\HTTP\ResponseTrait.php(730): CodeIgniter\HTTP\Response->dispatchCookies()
#4 D:\laragon\www\method-oldagehome\system\HTTP\ResponseTrait.php(447): CodeIgniter\HTTP\Response->sendCookies()
#5 D:\laragon\www\method-oldagehome\system\Debug\ExceptionHandler.php(78): CodeIgniter\HTTP\Response->send()
#6 D:\laragon\www\method-oldagehome\system\Debug\Exceptions.php(147): CodeIgniter\Debug\ExceptionHandler->handle(Object(CodeIgniter\Exceptions\PageNotFoundException), Object(CodeIgniter\HTTP\IncomingRequest), Object(CodeIgniter\HTTP\Response), 404, 1)
#7 [internal function]: CodeIgniter\Debug\Exceptions->exceptionHandler(Object(CodeIgniter\Exceptions\PageNotFoundException))
#8 {main}
  thrown
【Previous Exception】
CodeIgniter\Exceptions\PageNotFoundException
Page Not Found
#0 D:\laragon\www\method-oldagehome\system\CodeIgniter.php(967): CodeIgniter\Exceptions\PageNotFoundException::forPageNotFound(NULL)
#1 D:\laragon\www\method-oldagehome\system\CodeIgniter.php(362): CodeIgniter\CodeIgniter->display404errors(Object(CodeIgniter\Exceptions\PageNotFoundException))
#2 D:\laragon\www\method-oldagehome\public\index.php(79): CodeIgniter\CodeIgniter->run()
#3 D:\laragon\www\method-oldagehome\system\Commands\Server\rewrite.php(47): require_once('D:\\laragon\\www\\...')
#4 {main}
in SYSTEMPATH\HTTP\ResponseTrait.php on line 774.
 1 [internal function]: CodeIgniter\Debug\Exceptions->shutdownHandler()
CRITICAL - 2024-11-13 03:13:37 --> Uncaught ErrorException: Cannot modify header information - headers already sent in D:\laragon\www\method-oldagehome\system\HTTP\ResponseTrait.php:774
Stack trace:
#0 [internal function]: CodeIgniter\Debug\Exceptions->errorHandler(2, 'Cannot modify h...', 'D:\\laragon\\www\\...', 774)
#1 D:\laragon\www\method-oldagehome\system\HTTP\ResponseTrait.php(774): setcookie('ci_session', '7gjgam6h8rjksua...', Array)
#2 D:\laragon\www\method-oldagehome\system\HTTP\ResponseTrait.php(750): CodeIgniter\HTTP\Response->doSetCookie('ci_session', '7gjgam6h8rjksua...', Array)
#3 D:\laragon\www\method-oldagehome\system\HTTP\ResponseTrait.php(730): CodeIgniter\HTTP\Response->dispatchCookies()
#4 D:\laragon\www\method-oldagehome\system\HTTP\ResponseTrait.php(447): CodeIgniter\HTTP\Response->sendCookies()
#5 D:\laragon\www\method-oldagehome\system\Debug\ExceptionHandler.php(78): CodeIgniter\HTTP\Response->send()
#6 D:\laragon\www\method-oldagehome\system\Debug\Exceptions.php(147): CodeIgniter\Debug\ExceptionHandler->handle(Object(CodeIgniter\Exceptions\PageNotFoundException), Object(CodeIgniter\HTTP\IncomingRequest), Object(CodeIgniter\HTTP\Response), 404, 1)
#7 [internal function]: CodeIgniter\Debug\Exceptions->exceptionHandler(Object(CodeIgniter\Exceptions\PageNotFoundException))
#8 {main}
  thrown
【Previous Exception】
CodeIgniter\Exceptions\PageNotFoundException
Page Not Found
#0 D:\laragon\www\method-oldagehome\system\CodeIgniter.php(967): CodeIgniter\Exceptions\PageNotFoundException::forPageNotFound(NULL)
#1 D:\laragon\www\method-oldagehome\system\CodeIgniter.php(362): CodeIgniter\CodeIgniter->display404errors(Object(CodeIgniter\Exceptions\PageNotFoundException))
#2 D:\laragon\www\method-oldagehome\public\index.php(79): CodeIgniter\CodeIgniter->run()
#3 D:\laragon\www\method-oldagehome\system\Commands\Server\rewrite.php(47): require_once('D:\\laragon\\www\\...')
#4 {main}
in SYSTEMPATH\HTTP\ResponseTrait.php on line 774.
 1 [internal function]: CodeIgniter\Debug\Exceptions->shutdownHandler()
CRITICAL - 2024-11-13 03:13:37 --> Uncaught ErrorException: Cannot modify header information - headers already sent in D:\laragon\www\method-oldagehome\system\HTTP\ResponseTrait.php:774
Stack trace:
#0 [internal function]: CodeIgniter\Debug\Exceptions->errorHandler(2, 'Cannot modify h...', 'D:\\laragon\\www\\...', 774)
#1 D:\laragon\www\method-oldagehome\system\HTTP\ResponseTrait.php(774): setcookie('ci_session', '7gjgam6h8rjksua...', Array)
#2 D:\laragon\www\method-oldagehome\system\HTTP\ResponseTrait.php(750): CodeIgniter\HTTP\Response->doSetCookie('ci_session', '7gjgam6h8rjksua...', Array)
#3 D:\laragon\www\method-oldagehome\system\HTTP\ResponseTrait.php(730): CodeIgniter\HTTP\Response->dispatchCookies()
#4 D:\laragon\www\method-oldagehome\system\HTTP\ResponseTrait.php(447): CodeIgniter\HTTP\Response->sendCookies()
#5 D:\laragon\www\method-oldagehome\system\Debug\ExceptionHandler.php(78): CodeIgniter\HTTP\Response->send()
#6 D:\laragon\www\method-oldagehome\system\Debug\Exceptions.php(147): CodeIgniter\Debug\ExceptionHandler->handle(Object(CodeIgniter\Exceptions\PageNotFoundException), Object(CodeIgniter\HTTP\IncomingRequest), Object(CodeIgniter\HTTP\Response), 404, 1)
#7 [internal function]: CodeIgniter\Debug\Exceptions->exceptionHandler(Object(CodeIgniter\Exceptions\PageNotFoundException))
#8 {main}
  thrown
【Previous Exception】
CodeIgniter\Exceptions\PageNotFoundException
Page Not Found
#0 D:\laragon\www\method-oldagehome\system\CodeIgniter.php(967): CodeIgniter\Exceptions\PageNotFoundException::forPageNotFound(NULL)
#1 D:\laragon\www\method-oldagehome\system\CodeIgniter.php(362): CodeIgniter\CodeIgniter->display404errors(Object(CodeIgniter\Exceptions\PageNotFoundException))
#2 D:\laragon\www\method-oldagehome\public\index.php(79): CodeIgniter\CodeIgniter->run()
#3 D:\laragon\www\method-oldagehome\system\Commands\Server\rewrite.php(47): require_once('D:\\laragon\\www\\...')
#4 {main}
in SYSTEMPATH\HTTP\ResponseTrait.php on line 774.
 1 [internal function]: CodeIgniter\Debug\Exceptions->shutdownHandler()
CRITICAL - 2024-11-13 03:13:37 --> Uncaught ErrorException: Cannot modify header information - headers already sent in D:\laragon\www\method-oldagehome\system\HTTP\ResponseTrait.php:774
Stack trace:
#0 [internal function]: CodeIgniter\Debug\Exceptions->errorHandler(2, 'Cannot modify h...', 'D:\\laragon\\www\\...', 774)
#1 D:\laragon\www\method-oldagehome\system\HTTP\ResponseTrait.php(774): setcookie('ci_session', '7gjgam6h8rjksua...', Array)
#2 D:\laragon\www\method-oldagehome\system\HTTP\ResponseTrait.php(750): CodeIgniter\HTTP\Response->doSetCookie('ci_session', '7gjgam6h8rjksua...', Array)
#3 D:\laragon\www\method-oldagehome\system\HTTP\ResponseTrait.php(730): CodeIgniter\HTTP\Response->dispatchCookies()
#4 D:\laragon\www\method-oldagehome\system\HTTP\ResponseTrait.php(447): CodeIgniter\HTTP\Response->sendCookies()
#5 D:\laragon\www\method-oldagehome\system\Debug\ExceptionHandler.php(78): CodeIgniter\HTTP\Response->send()
#6 D:\laragon\www\method-oldagehome\system\Debug\Exceptions.php(147): CodeIgniter\Debug\ExceptionHandler->handle(Object(CodeIgniter\Exceptions\PageNotFoundException), Object(CodeIgniter\HTTP\IncomingRequest), Object(CodeIgniter\HTTP\Response), 404, 1)
#7 [internal function]: CodeIgniter\Debug\Exceptions->exceptionHandler(Object(CodeIgniter\Exceptions\PageNotFoundException))
#8 {main}
  thrown
【Previous Exception】
CodeIgniter\Exceptions\PageNotFoundException
Page Not Found
#0 D:\laragon\www\method-oldagehome\system\CodeIgniter.php(967): CodeIgniter\Exceptions\PageNotFoundException::forPageNotFound(NULL)
#1 D:\laragon\www\method-oldagehome\system\CodeIgniter.php(362): CodeIgniter\CodeIgniter->display404errors(Object(CodeIgniter\Exceptions\PageNotFoundException))
#2 D:\laragon\www\method-oldagehome\public\index.php(79): CodeIgniter\CodeIgniter->run()
#3 D:\laragon\www\method-oldagehome\system\Commands\Server\rewrite.php(47): require_once('D:\\laragon\\www\\...')
#4 {main}
in SYSTEMPATH\HTTP\ResponseTrait.php on line 774.
 1 [internal function]: CodeIgniter\Debug\Exceptions->shutdownHandler()
CRITICAL - 2024-11-13 03:13:38 --> Uncaught ErrorException: Cannot modify header information - headers already sent in D:\laragon\www\method-oldagehome\system\HTTP\ResponseTrait.php:774
Stack trace:
#0 [internal function]: CodeIgniter\Debug\Exceptions->errorHandler(2, 'Cannot modify h...', 'D:\\laragon\\www\\...', 774)
#1 D:\laragon\www\method-oldagehome\system\HTTP\ResponseTrait.php(774): setcookie('ci_session', '7gjgam6h8rjksua...', Array)
#2 D:\laragon\www\method-oldagehome\system\HTTP\ResponseTrait.php(750): CodeIgniter\HTTP\Response->doSetCookie('ci_session', '7gjgam6h8rjksua...', Array)
#3 D:\laragon\www\method-oldagehome\system\HTTP\ResponseTrait.php(730): CodeIgniter\HTTP\Response->dispatchCookies()
#4 D:\laragon\www\method-oldagehome\system\HTTP\ResponseTrait.php(447): CodeIgniter\HTTP\Response->sendCookies()
#5 D:\laragon\www\method-oldagehome\system\Debug\ExceptionHandler.php(78): CodeIgniter\HTTP\Response->send()
#6 D:\laragon\www\method-oldagehome\system\Debug\Exceptions.php(147): CodeIgniter\Debug\ExceptionHandler->handle(Object(CodeIgniter\Exceptions\PageNotFoundException), Object(CodeIgniter\HTTP\IncomingRequest), Object(CodeIgniter\HTTP\Response), 404, 1)
#7 [internal function]: CodeIgniter\Debug\Exceptions->exceptionHandler(Object(CodeIgniter\Exceptions\PageNotFoundException))
#8 {main}
  thrown
【Previous Exception】
CodeIgniter\Exceptions\PageNotFoundException
Page Not Found
#0 D:\laragon\www\method-oldagehome\system\CodeIgniter.php(967): CodeIgniter\Exceptions\PageNotFoundException::forPageNotFound(NULL)
#1 D:\laragon\www\method-oldagehome\system\CodeIgniter.php(362): CodeIgniter\CodeIgniter->display404errors(Object(CodeIgniter\Exceptions\PageNotFoundException))
#2 D:\laragon\www\method-oldagehome\public\index.php(79): CodeIgniter\CodeIgniter->run()
#3 D:\laragon\www\method-oldagehome\system\Commands\Server\rewrite.php(47): require_once('D:\\laragon\\www\\...')
#4 {main}
in SYSTEMPATH\HTTP\ResponseTrait.php on line 774.
 1 [internal function]: CodeIgniter\Debug\Exceptions->shutdownHandler()
CRITICAL - 2024-11-13 03:13:39 --> Uncaught ErrorException: Cannot modify header information - headers already sent in D:\laragon\www\method-oldagehome\system\HTTP\ResponseTrait.php:774
Stack trace:
#0 [internal function]: CodeIgniter\Debug\Exceptions->errorHandler(2, 'Cannot modify h...', 'D:\\laragon\\www\\...', 774)
#1 D:\laragon\www\method-oldagehome\system\HTTP\ResponseTrait.php(774): setcookie('ci_session', '7gjgam6h8rjksua...', Array)
#2 D:\laragon\www\method-oldagehome\system\HTTP\ResponseTrait.php(750): CodeIgniter\HTTP\Response->doSetCookie('ci_session', '7gjgam6h8rjksua...', Array)
#3 D:\laragon\www\method-oldagehome\system\HTTP\ResponseTrait.php(730): CodeIgniter\HTTP\Response->dispatchCookies()
#4 D:\laragon\www\method-oldagehome\system\HTTP\ResponseTrait.php(447): CodeIgniter\HTTP\Response->sendCookies()
#5 D:\laragon\www\method-oldagehome\system\Debug\ExceptionHandler.php(78): CodeIgniter\HTTP\Response->send()
#6 D:\laragon\www\method-oldagehome\system\Debug\Exceptions.php(147): CodeIgniter\Debug\ExceptionHandler->handle(Object(CodeIgniter\Exceptions\PageNotFoundException), Object(CodeIgniter\HTTP\IncomingRequest), Object(CodeIgniter\HTTP\Response), 404, 1)
#7 [internal function]: CodeIgniter\Debug\Exceptions->exceptionHandler(Object(CodeIgniter\Exceptions\PageNotFoundException))
#8 {main}
  thrown
【Previous Exception】
CodeIgniter\Exceptions\PageNotFoundException
Page Not Found
#0 D:\laragon\www\method-oldagehome\system\CodeIgniter.php(967): CodeIgniter\Exceptions\PageNotFoundException::forPageNotFound(NULL)
#1 D:\laragon\www\method-oldagehome\system\CodeIgniter.php(362): CodeIgniter\CodeIgniter->display404errors(Object(CodeIgniter\Exceptions\PageNotFoundException))
#2 D:\laragon\www\method-oldagehome\public\index.php(79): CodeIgniter\CodeIgniter->run()
#3 D:\laragon\www\method-oldagehome\system\Commands\Server\rewrite.php(47): require_once('D:\\laragon\\www\\...')
#4 {main}
in SYSTEMPATH\HTTP\ResponseTrait.php on line 774.
 1 [internal function]: CodeIgniter\Debug\Exceptions->shutdownHandler()
CRITICAL - 2024-11-13 03:13:40 --> Uncaught ErrorException: Cannot modify header information - headers already sent in D:\laragon\www\method-oldagehome\system\HTTP\ResponseTrait.php:774
Stack trace:
#0 [internal function]: CodeIgniter\Debug\Exceptions->errorHandler(2, 'Cannot modify h...', 'D:\\laragon\\www\\...', 774)
#1 D:\laragon\www\method-oldagehome\system\HTTP\ResponseTrait.php(774): setcookie('ci_session', '7gjgam6h8rjksua...', Array)
#2 D:\laragon\www\method-oldagehome\system\HTTP\ResponseTrait.php(750): CodeIgniter\HTTP\Response->doSetCookie('ci_session', '7gjgam6h8rjksua...', Array)
#3 D:\laragon\www\method-oldagehome\system\HTTP\ResponseTrait.php(730): CodeIgniter\HTTP\Response->dispatchCookies()
#4 D:\laragon\www\method-oldagehome\system\HTTP\ResponseTrait.php(447): CodeIgniter\HTTP\Response->sendCookies()
#5 D:\laragon\www\method-oldagehome\system\Debug\ExceptionHandler.php(78): CodeIgniter\HTTP\Response->send()
#6 D:\laragon\www\method-oldagehome\system\Debug\Exceptions.php(147): CodeIgniter\Debug\ExceptionHandler->handle(Object(CodeIgniter\Exceptions\PageNotFoundException), Object(CodeIgniter\HTTP\IncomingRequest), Object(CodeIgniter\HTTP\Response), 404, 1)
#7 [internal function]: CodeIgniter\Debug\Exceptions->exceptionHandler(Object(CodeIgniter\Exceptions\PageNotFoundException))
#8 {main}
  thrown
【Previous Exception】
CodeIgniter\Exceptions\PageNotFoundException
Page Not Found
#0 D:\laragon\www\method-oldagehome\system\CodeIgniter.php(967): CodeIgniter\Exceptions\PageNotFoundException::forPageNotFound(NULL)
#1 D:\laragon\www\method-oldagehome\system\CodeIgniter.php(362): CodeIgniter\CodeIgniter->display404errors(Object(CodeIgniter\Exceptions\PageNotFoundException))
#2 D:\laragon\www\method-oldagehome\public\index.php(79): CodeIgniter\CodeIgniter->run()
#3 D:\laragon\www\method-oldagehome\system\Commands\Server\rewrite.php(47): require_once('D:\\laragon\\www\\...')
#4 {main}
in SYSTEMPATH\HTTP\ResponseTrait.php on line 774.
 1 [internal function]: CodeIgniter\Debug\Exceptions->shutdownHandler()
CRITICAL - 2024-11-13 03:13:42 --> Uncaught ErrorException: Cannot modify header information - headers already sent in D:\laragon\www\method-oldagehome\system\HTTP\ResponseTrait.php:774
Stack trace:
#0 [internal function]: CodeIgniter\Debug\Exceptions->errorHandler(2, 'Cannot modify h...', 'D:\\laragon\\www\\...', 774)
#1 D:\laragon\www\method-oldagehome\system\HTTP\ResponseTrait.php(774): setcookie('ci_session', '7gjgam6h8rjksua...', Array)
#2 D:\laragon\www\method-oldagehome\system\HTTP\ResponseTrait.php(750): CodeIgniter\HTTP\Response->doSetCookie('ci_session', '7gjgam6h8rjksua...', Array)
#3 D:\laragon\www\method-oldagehome\system\HTTP\ResponseTrait.php(730): CodeIgniter\HTTP\Response->dispatchCookies()
#4 D:\laragon\www\method-oldagehome\system\HTTP\ResponseTrait.php(447): CodeIgniter\HTTP\Response->sendCookies()
#5 D:\laragon\www\method-oldagehome\system\Debug\ExceptionHandler.php(78): CodeIgniter\HTTP\Response->send()
#6 D:\laragon\www\method-oldagehome\system\Debug\Exceptions.php(147): CodeIgniter\Debug\ExceptionHandler->handle(Object(CodeIgniter\Exceptions\PageNotFoundException), Object(CodeIgniter\HTTP\IncomingRequest), Object(CodeIgniter\HTTP\Response), 404, 1)
#7 [internal function]: CodeIgniter\Debug\Exceptions->exceptionHandler(Object(CodeIgniter\Exceptions\PageNotFoundException))
#8 {main}
  thrown
【Previous Exception】
CodeIgniter\Exceptions\PageNotFoundException
Page Not Found
#0 D:\laragon\www\method-oldagehome\system\CodeIgniter.php(967): CodeIgniter\Exceptions\PageNotFoundException::forPageNotFound(NULL)
#1 D:\laragon\www\method-oldagehome\system\CodeIgniter.php(362): CodeIgniter\CodeIgniter->display404errors(Object(CodeIgniter\Exceptions\PageNotFoundException))
#2 D:\laragon\www\method-oldagehome\public\index.php(79): CodeIgniter\CodeIgniter->run()
#3 D:\laragon\www\method-oldagehome\system\Commands\Server\rewrite.php(47): require_once('D:\\laragon\\www\\...')
#4 {main}
in SYSTEMPATH\HTTP\ResponseTrait.php on line 774.
 1 [internal function]: CodeIgniter\Debug\Exceptions->shutdownHandler()
CRITICAL - 2024-11-13 03:13:42 --> Uncaught ErrorException: Cannot modify header information - headers already sent in D:\laragon\www\method-oldagehome\system\HTTP\ResponseTrait.php:774
Stack trace:
#0 [internal function]: CodeIgniter\Debug\Exceptions->errorHandler(2, 'Cannot modify h...', 'D:\\laragon\\www\\...', 774)
#1 D:\laragon\www\method-oldagehome\system\HTTP\ResponseTrait.php(774): setcookie('ci_session', '7gjgam6h8rjksua...', Array)
#2 D:\laragon\www\method-oldagehome\system\HTTP\ResponseTrait.php(750): CodeIgniter\HTTP\Response->doSetCookie('ci_session', '7gjgam6h8rjksua...', Array)
#3 D:\laragon\www\method-oldagehome\system\HTTP\ResponseTrait.php(730): CodeIgniter\HTTP\Response->dispatchCookies()
#4 D:\laragon\www\method-oldagehome\system\HTTP\ResponseTrait.php(447): CodeIgniter\HTTP\Response->sendCookies()
#5 D:\laragon\www\method-oldagehome\system\Debug\ExceptionHandler.php(78): CodeIgniter\HTTP\Response->send()
#6 D:\laragon\www\method-oldagehome\system\Debug\Exceptions.php(147): CodeIgniter\Debug\ExceptionHandler->handle(Object(CodeIgniter\Exceptions\PageNotFoundException), Object(CodeIgniter\HTTP\IncomingRequest), Object(CodeIgniter\HTTP\Response), 404, 1)
#7 [internal function]: CodeIgniter\Debug\Exceptions->exceptionHandler(Object(CodeIgniter\Exceptions\PageNotFoundException))
#8 {main}
  thrown
【Previous Exception】
CodeIgniter\Exceptions\PageNotFoundException
Page Not Found
#0 D:\laragon\www\method-oldagehome\system\CodeIgniter.php(967): CodeIgniter\Exceptions\PageNotFoundException::forPageNotFound(NULL)
#1 D:\laragon\www\method-oldagehome\system\CodeIgniter.php(362): CodeIgniter\CodeIgniter->display404errors(Object(CodeIgniter\Exceptions\PageNotFoundException))
#2 D:\laragon\www\method-oldagehome\public\index.php(79): CodeIgniter\CodeIgniter->run()
#3 D:\laragon\www\method-oldagehome\system\Commands\Server\rewrite.php(47): require_once('D:\\laragon\\www\\...')
#4 {main}
in SYSTEMPATH\HTTP\ResponseTrait.php on line 774.
 1 [internal function]: CodeIgniter\Debug\Exceptions->shutdownHandler()
CRITICAL - 2024-11-13 03:13:43 --> Uncaught ErrorException: Cannot modify header information - headers already sent in D:\laragon\www\method-oldagehome\system\HTTP\ResponseTrait.php:774
Stack trace:
#0 [internal function]: CodeIgniter\Debug\Exceptions->errorHandler(2, 'Cannot modify h...', 'D:\\laragon\\www\\...', 774)
#1 D:\laragon\www\method-oldagehome\system\HTTP\ResponseTrait.php(774): setcookie('ci_session', '7gjgam6h8rjksua...', Array)
#2 D:\laragon\www\method-oldagehome\system\HTTP\ResponseTrait.php(750): CodeIgniter\HTTP\Response->doSetCookie('ci_session', '7gjgam6h8rjksua...', Array)
#3 D:\laragon\www\method-oldagehome\system\HTTP\ResponseTrait.php(730): CodeIgniter\HTTP\Response->dispatchCookies()
#4 D:\laragon\www\method-oldagehome\system\HTTP\ResponseTrait.php(447): CodeIgniter\HTTP\Response->sendCookies()
#5 D:\laragon\www\method-oldagehome\system\Debug\ExceptionHandler.php(78): CodeIgniter\HTTP\Response->send()
#6 D:\laragon\www\method-oldagehome\system\Debug\Exceptions.php(147): CodeIgniter\Debug\ExceptionHandler->handle(Object(CodeIgniter\Exceptions\PageNotFoundException), Object(CodeIgniter\HTTP\IncomingRequest), Object(CodeIgniter\HTTP\Response), 404, 1)
#7 [internal function]: CodeIgniter\Debug\Exceptions->exceptionHandler(Object(CodeIgniter\Exceptions\PageNotFoundException))
#8 {main}
  thrown
【Previous Exception】
CodeIgniter\Exceptions\PageNotFoundException
Page Not Found
#0 D:\laragon\www\method-oldagehome\system\CodeIgniter.php(967): CodeIgniter\Exceptions\PageNotFoundException::forPageNotFound(NULL)
#1 D:\laragon\www\method-oldagehome\system\CodeIgniter.php(362): CodeIgniter\CodeIgniter->display404errors(Object(CodeIgniter\Exceptions\PageNotFoundException))
#2 D:\laragon\www\method-oldagehome\public\index.php(79): CodeIgniter\CodeIgniter->run()
#3 D:\laragon\www\method-oldagehome\system\Commands\Server\rewrite.php(47): require_once('D:\\laragon\\www\\...')
#4 {main}
in SYSTEMPATH\HTTP\ResponseTrait.php on line 774.
 1 [internal function]: CodeIgniter\Debug\Exceptions->shutdownHandler()
CRITICAL - 2024-11-13 03:13:44 --> Uncaught ErrorException: Cannot modify header information - headers already sent in D:\laragon\www\method-oldagehome\system\HTTP\ResponseTrait.php:774
Stack trace:
#0 [internal function]: CodeIgniter\Debug\Exceptions->errorHandler(2, 'Cannot modify h...', 'D:\\laragon\\www\\...', 774)
#1 D:\laragon\www\method-oldagehome\system\HTTP\ResponseTrait.php(774): setcookie('ci_session', '7gjgam6h8rjksua...', Array)
#2 D:\laragon\www\method-oldagehome\system\HTTP\ResponseTrait.php(750): CodeIgniter\HTTP\Response->doSetCookie('ci_session', '7gjgam6h8rjksua...', Array)
#3 D:\laragon\www\method-oldagehome\system\HTTP\ResponseTrait.php(730): CodeIgniter\HTTP\Response->dispatchCookies()
#4 D:\laragon\www\method-oldagehome\system\HTTP\ResponseTrait.php(447): CodeIgniter\HTTP\Response->sendCookies()
#5 D:\laragon\www\method-oldagehome\system\Debug\ExceptionHandler.php(78): CodeIgniter\HTTP\Response->send()
#6 D:\laragon\www\method-oldagehome\system\Debug\Exceptions.php(147): CodeIgniter\Debug\ExceptionHandler->handle(Object(CodeIgniter\Exceptions\PageNotFoundException), Object(CodeIgniter\HTTP\IncomingRequest), Object(CodeIgniter\HTTP\Response), 404, 1)
#7 [internal function]: CodeIgniter\Debug\Exceptions->exceptionHandler(Object(CodeIgniter\Exceptions\PageNotFoundException))
#8 {main}
  thrown
【Previous Exception】
CodeIgniter\Exceptions\PageNotFoundException
Page Not Found
#0 D:\laragon\www\method-oldagehome\system\CodeIgniter.php(967): CodeIgniter\Exceptions\PageNotFoundException::forPageNotFound(NULL)
#1 D:\laragon\www\method-oldagehome\system\CodeIgniter.php(362): CodeIgniter\CodeIgniter->display404errors(Object(CodeIgniter\Exceptions\PageNotFoundException))
#2 D:\laragon\www\method-oldagehome\public\index.php(79): CodeIgniter\CodeIgniter->run()
#3 D:\laragon\www\method-oldagehome\system\Commands\Server\rewrite.php(47): require_once('D:\\laragon\\www\\...')
#4 {main}
in SYSTEMPATH\HTTP\ResponseTrait.php on line 774.
 1 [internal function]: CodeIgniter\Debug\Exceptions->shutdownHandler()
CRITICAL - 2024-11-13 03:13:45 --> Uncaught ErrorException: Cannot modify header information - headers already sent in D:\laragon\www\method-oldagehome\system\HTTP\ResponseTrait.php:774
Stack trace:
#0 [internal function]: CodeIgniter\Debug\Exceptions->errorHandler(2, 'Cannot modify h...', 'D:\\laragon\\www\\...', 774)
#1 D:\laragon\www\method-oldagehome\system\HTTP\ResponseTrait.php(774): setcookie('ci_session', '7gjgam6h8rjksua...', Array)
#2 D:\laragon\www\method-oldagehome\system\HTTP\ResponseTrait.php(750): CodeIgniter\HTTP\Response->doSetCookie('ci_session', '7gjgam6h8rjksua...', Array)
#3 D:\laragon\www\method-oldagehome\system\HTTP\ResponseTrait.php(730): CodeIgniter\HTTP\Response->dispatchCookies()
#4 D:\laragon\www\method-oldagehome\system\HTTP\ResponseTrait.php(447): CodeIgniter\HTTP\Response->sendCookies()
#5 D:\laragon\www\method-oldagehome\system\Debug\ExceptionHandler.php(78): CodeIgniter\HTTP\Response->send()
#6 D:\laragon\www\method-oldagehome\system\Debug\Exceptions.php(147): CodeIgniter\Debug\ExceptionHandler->handle(Object(CodeIgniter\Exceptions\PageNotFoundException), Object(CodeIgniter\HTTP\IncomingRequest), Object(CodeIgniter\HTTP\Response), 404, 1)
#7 [internal function]: CodeIgniter\Debug\Exceptions->exceptionHandler(Object(CodeIgniter\Exceptions\PageNotFoundException))
#8 {main}
  thrown
【Previous Exception】
CodeIgniter\Exceptions\PageNotFoundException
Page Not Found
#0 D:\laragon\www\method-oldagehome\system\CodeIgniter.php(967): CodeIgniter\Exceptions\PageNotFoundException::forPageNotFound(NULL)
#1 D:\laragon\www\method-oldagehome\system\CodeIgniter.php(362): CodeIgniter\CodeIgniter->display404errors(Object(CodeIgniter\Exceptions\PageNotFoundException))
#2 D:\laragon\www\method-oldagehome\public\index.php(79): CodeIgniter\CodeIgniter->run()
#3 D:\laragon\www\method-oldagehome\system\Commands\Server\rewrite.php(47): require_once('D:\\laragon\\www\\...')
#4 {main}
in SYSTEMPATH\HTTP\ResponseTrait.php on line 774.
 1 [internal function]: CodeIgniter\Debug\Exceptions->shutdownHandler()
CRITICAL - 2024-11-13 03:13:46 --> Uncaught ErrorException: Cannot modify header information - headers already sent in D:\laragon\www\method-oldagehome\system\HTTP\ResponseTrait.php:774
Stack trace:
#0 [internal function]: CodeIgniter\Debug\Exceptions->errorHandler(2, 'Cannot modify h...', 'D:\\laragon\\www\\...', 774)
#1 D:\laragon\www\method-oldagehome\system\HTTP\ResponseTrait.php(774): setcookie('ci_session', '7gjgam6h8rjksua...', Array)
#2 D:\laragon\www\method-oldagehome\system\HTTP\ResponseTrait.php(750): CodeIgniter\HTTP\Response->doSetCookie('ci_session', '7gjgam6h8rjksua...', Array)
#3 D:\laragon\www\method-oldagehome\system\HTTP\ResponseTrait.php(730): CodeIgniter\HTTP\Response->dispatchCookies()
#4 D:\laragon\www\method-oldagehome\system\HTTP\ResponseTrait.php(447): CodeIgniter\HTTP\Response->sendCookies()
#5 D:\laragon\www\method-oldagehome\system\Debug\ExceptionHandler.php(78): CodeIgniter\HTTP\Response->send()
#6 D:\laragon\www\method-oldagehome\system\Debug\Exceptions.php(147): CodeIgniter\Debug\ExceptionHandler->handle(Object(CodeIgniter\Exceptions\PageNotFoundException), Object(CodeIgniter\HTTP\IncomingRequest), Object(CodeIgniter\HTTP\Response), 404, 1)
#7 [internal function]: CodeIgniter\Debug\Exceptions->exceptionHandler(Object(CodeIgniter\Exceptions\PageNotFoundException))
#8 {main}
  thrown
【Previous Exception】
CodeIgniter\Exceptions\PageNotFoundException
Page Not Found
#0 D:\laragon\www\method-oldagehome\system\CodeIgniter.php(967): CodeIgniter\Exceptions\PageNotFoundException::forPageNotFound(NULL)
#1 D:\laragon\www\method-oldagehome\system\CodeIgniter.php(362): CodeIgniter\CodeIgniter->display404errors(Object(CodeIgniter\Exceptions\PageNotFoundException))
#2 D:\laragon\www\method-oldagehome\public\index.php(79): CodeIgniter\CodeIgniter->run()
#3 D:\laragon\www\method-oldagehome\system\Commands\Server\rewrite.php(47): require_once('D:\\laragon\\www\\...')
#4 {main}
in SYSTEMPATH\HTTP\ResponseTrait.php on line 774.
 1 [internal function]: CodeIgniter\Debug\Exceptions->shutdownHandler()
CRITICAL - 2024-11-13 03:13:47 --> Uncaught ErrorException: Cannot modify header information - headers already sent in D:\laragon\www\method-oldagehome\system\HTTP\ResponseTrait.php:774
Stack trace:
#0 [internal function]: CodeIgniter\Debug\Exceptions->errorHandler(2, 'Cannot modify h...', 'D:\\laragon\\www\\...', 774)
#1 D:\laragon\www\method-oldagehome\system\HTTP\ResponseTrait.php(774): setcookie('ci_session', '7gjgam6h8rjksua...', Array)
#2 D:\laragon\www\method-oldagehome\system\HTTP\ResponseTrait.php(750): CodeIgniter\HTTP\Response->doSetCookie('ci_session', '7gjgam6h8rjksua...', Array)
#3 D:\laragon\www\method-oldagehome\system\HTTP\ResponseTrait.php(730): CodeIgniter\HTTP\Response->dispatchCookies()
#4 D:\laragon\www\method-oldagehome\system\HTTP\ResponseTrait.php(447): CodeIgniter\HTTP\Response->sendCookies()
#5 D:\laragon\www\method-oldagehome\system\Debug\ExceptionHandler.php(78): CodeIgniter\HTTP\Response->send()
#6 D:\laragon\www\method-oldagehome\system\Debug\Exceptions.php(147): CodeIgniter\Debug\ExceptionHandler->handle(Object(CodeIgniter\Exceptions\PageNotFoundException), Object(CodeIgniter\HTTP\IncomingRequest), Object(CodeIgniter\HTTP\Response), 404, 1)
#7 [internal function]: CodeIgniter\Debug\Exceptions->exceptionHandler(Object(CodeIgniter\Exceptions\PageNotFoundException))
#8 {main}
  thrown
【Previous Exception】
CodeIgniter\Exceptions\PageNotFoundException
Page Not Found
#0 D:\laragon\www\method-oldagehome\system\CodeIgniter.php(967): CodeIgniter\Exceptions\PageNotFoundException::forPageNotFound(NULL)
#1 D:\laragon\www\method-oldagehome\system\CodeIgniter.php(362): CodeIgniter\CodeIgniter->display404errors(Object(CodeIgniter\Exceptions\PageNotFoundException))
#2 D:\laragon\www\method-oldagehome\public\index.php(79): CodeIgniter\CodeIgniter->run()
#3 D:\laragon\www\method-oldagehome\system\Commands\Server\rewrite.php(47): require_once('D:\\laragon\\www\\...')
#4 {main}
in SYSTEMPATH\HTTP\ResponseTrait.php on line 774.
 1 [internal function]: CodeIgniter\Debug\Exceptions->shutdownHandler()
CRITICAL - 2024-11-13 03:13:48 --> Uncaught ErrorException: Cannot modify header information - headers already sent in D:\laragon\www\method-oldagehome\system\HTTP\ResponseTrait.php:774
Stack trace:
#0 [internal function]: CodeIgniter\Debug\Exceptions->errorHandler(2, 'Cannot modify h...', 'D:\\laragon\\www\\...', 774)
#1 D:\laragon\www\method-oldagehome\system\HTTP\ResponseTrait.php(774): setcookie('ci_session', '7gjgam6h8rjksua...', Array)
#2 D:\laragon\www\method-oldagehome\system\HTTP\ResponseTrait.php(750): CodeIgniter\HTTP\Response->doSetCookie('ci_session', '7gjgam6h8rjksua...', Array)
#3 D:\laragon\www\method-oldagehome\system\HTTP\ResponseTrait.php(730): CodeIgniter\HTTP\Response->dispatchCookies()
#4 D:\laragon\www\method-oldagehome\system\HTTP\ResponseTrait.php(447): CodeIgniter\HTTP\Response->sendCookies()
#5 D:\laragon\www\method-oldagehome\system\Debug\ExceptionHandler.php(78): CodeIgniter\HTTP\Response->send()
#6 D:\laragon\www\method-oldagehome\system\Debug\Exceptions.php(147): CodeIgniter\Debug\ExceptionHandler->handle(Object(CodeIgniter\Exceptions\PageNotFoundException), Object(CodeIgniter\HTTP\IncomingRequest), Object(CodeIgniter\HTTP\Response), 404, 1)
#7 [internal function]: CodeIgniter\Debug\Exceptions->exceptionHandler(Object(CodeIgniter\Exceptions\PageNotFoundException))
#8 {main}
  thrown
【Previous Exception】
CodeIgniter\Exceptions\PageNotFoundException
Page Not Found
#0 D:\laragon\www\method-oldagehome\system\CodeIgniter.php(967): CodeIgniter\Exceptions\PageNotFoundException::forPageNotFound(NULL)
#1 D:\laragon\www\method-oldagehome\system\CodeIgniter.php(362): CodeIgniter\CodeIgniter->display404errors(Object(CodeIgniter\Exceptions\PageNotFoundException))
#2 D:\laragon\www\method-oldagehome\public\index.php(79): CodeIgniter\CodeIgniter->run()
#3 D:\laragon\www\method-oldagehome\system\Commands\Server\rewrite.php(47): require_once('D:\\laragon\\www\\...')
#4 {main}
in SYSTEMPATH\HTTP\ResponseTrait.php on line 774.
 1 [internal function]: CodeIgniter\Debug\Exceptions->shutdownHandler()
CRITICAL - 2024-11-13 03:13:49 --> Uncaught ErrorException: Cannot modify header information - headers already sent in D:\laragon\www\method-oldagehome\system\HTTP\ResponseTrait.php:774
Stack trace:
#0 [internal function]: CodeIgniter\Debug\Exceptions->errorHandler(2, 'Cannot modify h...', 'D:\\laragon\\www\\...', 774)
#1 D:\laragon\www\method-oldagehome\system\HTTP\ResponseTrait.php(774): setcookie('ci_session', '7gjgam6h8rjksua...', Array)
#2 D:\laragon\www\method-oldagehome\system\HTTP\ResponseTrait.php(750): CodeIgniter\HTTP\Response->doSetCookie('ci_session', '7gjgam6h8rjksua...', Array)
#3 D:\laragon\www\method-oldagehome\system\HTTP\ResponseTrait.php(730): CodeIgniter\HTTP\Response->dispatchCookies()
#4 D:\laragon\www\method-oldagehome\system\HTTP\ResponseTrait.php(447): CodeIgniter\HTTP\Response->sendCookies()
#5 D:\laragon\www\method-oldagehome\system\Debug\ExceptionHandler.php(78): CodeIgniter\HTTP\Response->send()
#6 D:\laragon\www\method-oldagehome\system\Debug\Exceptions.php(147): CodeIgniter\Debug\ExceptionHandler->handle(Object(CodeIgniter\Exceptions\PageNotFoundException), Object(CodeIgniter\HTTP\IncomingRequest), Object(CodeIgniter\HTTP\Response), 404, 1)
#7 [internal function]: CodeIgniter\Debug\Exceptions->exceptionHandler(Object(CodeIgniter\Exceptions\PageNotFoundException))
#8 {main}
  thrown
【Previous Exception】
CodeIgniter\Exceptions\PageNotFoundException
Page Not Found
#0 D:\laragon\www\method-oldagehome\system\CodeIgniter.php(967): CodeIgniter\Exceptions\PageNotFoundException::forPageNotFound(NULL)
#1 D:\laragon\www\method-oldagehome\system\CodeIgniter.php(362): CodeIgniter\CodeIgniter->display404errors(Object(CodeIgniter\Exceptions\PageNotFoundException))
#2 D:\laragon\www\method-oldagehome\public\index.php(79): CodeIgniter\CodeIgniter->run()
#3 D:\laragon\www\method-oldagehome\system\Commands\Server\rewrite.php(47): require_once('D:\\laragon\\www\\...')
#4 {main}
in SYSTEMPATH\HTTP\ResponseTrait.php on line 774.
 1 [internal function]: CodeIgniter\Debug\Exceptions->shutdownHandler()
CRITICAL - 2024-11-13 03:13:50 --> Uncaught ErrorException: Cannot modify header information - headers already sent in D:\laragon\www\method-oldagehome\system\HTTP\ResponseTrait.php:774
Stack trace:
#0 [internal function]: CodeIgniter\Debug\Exceptions->errorHandler(2, 'Cannot modify h...', 'D:\\laragon\\www\\...', 774)
#1 D:\laragon\www\method-oldagehome\system\HTTP\ResponseTrait.php(774): setcookie('ci_session', '7gjgam6h8rjksua...', Array)
#2 D:\laragon\www\method-oldagehome\system\HTTP\ResponseTrait.php(750): CodeIgniter\HTTP\Response->doSetCookie('ci_session', '7gjgam6h8rjksua...', Array)
#3 D:\laragon\www\method-oldagehome\system\HTTP\ResponseTrait.php(730): CodeIgniter\HTTP\Response->dispatchCookies()
#4 D:\laragon\www\method-oldagehome\system\HTTP\ResponseTrait.php(447): CodeIgniter\HTTP\Response->sendCookies()
#5 D:\laragon\www\method-oldagehome\system\Debug\ExceptionHandler.php(78): CodeIgniter\HTTP\Response->send()
#6 D:\laragon\www\method-oldagehome\system\Debug\Exceptions.php(147): CodeIgniter\Debug\ExceptionHandler->handle(Object(CodeIgniter\Exceptions\PageNotFoundException), Object(CodeIgniter\HTTP\IncomingRequest), Object(CodeIgniter\HTTP\Response), 404, 1)
#7 [internal function]: CodeIgniter\Debug\Exceptions->exceptionHandler(Object(CodeIgniter\Exceptions\PageNotFoundException))
#8 {main}
  thrown
【Previous Exception】
CodeIgniter\Exceptions\PageNotFoundException
Page Not Found
#0 D:\laragon\www\method-oldagehome\system\CodeIgniter.php(967): CodeIgniter\Exceptions\PageNotFoundException::forPageNotFound(NULL)
#1 D:\laragon\www\method-oldagehome\system\CodeIgniter.php(362): CodeIgniter\CodeIgniter->display404errors(Object(CodeIgniter\Exceptions\PageNotFoundException))
#2 D:\laragon\www\method-oldagehome\public\index.php(79): CodeIgniter\CodeIgniter->run()
#3 D:\laragon\www\method-oldagehome\system\Commands\Server\rewrite.php(47): require_once('D:\\laragon\\www\\...')
#4 {main}
in SYSTEMPATH\HTTP\ResponseTrait.php on line 774.
 1 [internal function]: CodeIgniter\Debug\Exceptions->shutdownHandler()
CRITICAL - 2024-11-13 03:13:51 --> Uncaught ErrorException: Cannot modify header information - headers already sent in D:\laragon\www\method-oldagehome\system\HTTP\ResponseTrait.php:774
Stack trace:
#0 [internal function]: CodeIgniter\Debug\Exceptions->errorHandler(2, 'Cannot modify h...', 'D:\\laragon\\www\\...', 774)
#1 D:\laragon\www\method-oldagehome\system\HTTP\ResponseTrait.php(774): setcookie('ci_session', '7gjgam6h8rjksua...', Array)
#2 D:\laragon\www\method-oldagehome\system\HTTP\ResponseTrait.php(750): CodeIgniter\HTTP\Response->doSetCookie('ci_session', '7gjgam6h8rjksua...', Array)
#3 D:\laragon\www\method-oldagehome\system\HTTP\ResponseTrait.php(730): CodeIgniter\HTTP\Response->dispatchCookies()
#4 D:\laragon\www\method-oldagehome\system\HTTP\ResponseTrait.php(447): CodeIgniter\HTTP\Response->sendCookies()
#5 D:\laragon\www\method-oldagehome\system\Debug\ExceptionHandler.php(78): CodeIgniter\HTTP\Response->send()
#6 D:\laragon\www\method-oldagehome\system\Debug\Exceptions.php(147): CodeIgniter\Debug\ExceptionHandler->handle(Object(CodeIgniter\Exceptions\PageNotFoundException), Object(CodeIgniter\HTTP\IncomingRequest), Object(CodeIgniter\HTTP\Response), 404, 1)
#7 [internal function]: CodeIgniter\Debug\Exceptions->exceptionHandler(Object(CodeIgniter\Exceptions\PageNotFoundException))
#8 {main}
  thrown
【Previous Exception】
CodeIgniter\Exceptions\PageNotFoundException
Page Not Found
#0 D:\laragon\www\method-oldagehome\system\CodeIgniter.php(967): CodeIgniter\Exceptions\PageNotFoundException::forPageNotFound(NULL)
#1 D:\laragon\www\method-oldagehome\system\CodeIgniter.php(362): CodeIgniter\CodeIgniter->display404errors(Object(CodeIgniter\Exceptions\PageNotFoundException))
#2 D:\laragon\www\method-oldagehome\public\index.php(79): CodeIgniter\CodeIgniter->run()
#3 D:\laragon\www\method-oldagehome\system\Commands\Server\rewrite.php(47): require_once('D:\\laragon\\www\\...')
#4 {main}
in SYSTEMPATH\HTTP\ResponseTrait.php on line 774.
 1 [internal function]: CodeIgniter\Debug\Exceptions->shutdownHandler()
CRITICAL - 2024-11-13 03:13:52 --> Uncaught ErrorException: Cannot modify header information - headers already sent in D:\laragon\www\method-oldagehome\system\HTTP\ResponseTrait.php:774
Stack trace:
#0 [internal function]: CodeIgniter\Debug\Exceptions->errorHandler(2, 'Cannot modify h...', 'D:\\laragon\\www\\...', 774)
#1 D:\laragon\www\method-oldagehome\system\HTTP\ResponseTrait.php(774): setcookie('ci_session', '7gjgam6h8rjksua...', Array)
#2 D:\laragon\www\method-oldagehome\system\HTTP\ResponseTrait.php(750): CodeIgniter\HTTP\Response->doSetCookie('ci_session', '7gjgam6h8rjksua...', Array)
#3 D:\laragon\www\method-oldagehome\system\HTTP\ResponseTrait.php(730): CodeIgniter\HTTP\Response->dispatchCookies()
#4 D:\laragon\www\method-oldagehome\system\HTTP\ResponseTrait.php(447): CodeIgniter\HTTP\Response->sendCookies()
#5 D:\laragon\www\method-oldagehome\system\Debug\ExceptionHandler.php(78): CodeIgniter\HTTP\Response->send()
#6 D:\laragon\www\method-oldagehome\system\Debug\Exceptions.php(147): CodeIgniter\Debug\ExceptionHandler->handle(Object(CodeIgniter\Exceptions\PageNotFoundException), Object(CodeIgniter\HTTP\IncomingRequest), Object(CodeIgniter\HTTP\Response), 404, 1)
#7 [internal function]: CodeIgniter\Debug\Exceptions->exceptionHandler(Object(CodeIgniter\Exceptions\PageNotFoundException))
#8 {main}
  thrown
【Previous Exception】
CodeIgniter\Exceptions\PageNotFoundException
Page Not Found
#0 D:\laragon\www\method-oldagehome\system\CodeIgniter.php(967): CodeIgniter\Exceptions\PageNotFoundException::forPageNotFound(NULL)
#1 D:\laragon\www\method-oldagehome\system\CodeIgniter.php(362): CodeIgniter\CodeIgniter->display404errors(Object(CodeIgniter\Exceptions\PageNotFoundException))
#2 D:\laragon\www\method-oldagehome\public\index.php(79): CodeIgniter\CodeIgniter->run()
#3 D:\laragon\www\method-oldagehome\system\Commands\Server\rewrite.php(47): require_once('D:\\laragon\\www\\...')
#4 {main}
in SYSTEMPATH\HTTP\ResponseTrait.php on line 774.
 1 [internal function]: CodeIgniter\Debug\Exceptions->shutdownHandler()
CRITICAL - 2024-11-13 03:13:53 --> Uncaught ErrorException: Cannot modify header information - headers already sent in D:\laragon\www\method-oldagehome\system\HTTP\ResponseTrait.php:774
Stack trace:
#0 [internal function]: CodeIgniter\Debug\Exceptions->errorHandler(2, 'Cannot modify h...', 'D:\\laragon\\www\\...', 774)
#1 D:\laragon\www\method-oldagehome\system\HTTP\ResponseTrait.php(774): setcookie('ci_session', '7gjgam6h8rjksua...', Array)
#2 D:\laragon\www\method-oldagehome\system\HTTP\ResponseTrait.php(750): CodeIgniter\HTTP\Response->doSetCookie('ci_session', '7gjgam6h8rjksua...', Array)
#3 D:\laragon\www\method-oldagehome\system\HTTP\ResponseTrait.php(730): CodeIgniter\HTTP\Response->dispatchCookies()
#4 D:\laragon\www\method-oldagehome\system\HTTP\ResponseTrait.php(447): CodeIgniter\HTTP\Response->sendCookies()
#5 D:\laragon\www\method-oldagehome\system\Debug\ExceptionHandler.php(78): CodeIgniter\HTTP\Response->send()
#6 D:\laragon\www\method-oldagehome\system\Debug\Exceptions.php(147): CodeIgniter\Debug\ExceptionHandler->handle(Object(CodeIgniter\Exceptions\PageNotFoundException), Object(CodeIgniter\HTTP\IncomingRequest), Object(CodeIgniter\HTTP\Response), 404, 1)
#7 [internal function]: CodeIgniter\Debug\Exceptions->exceptionHandler(Object(CodeIgniter\Exceptions\PageNotFoundException))
#8 {main}
  thrown
【Previous Exception】
CodeIgniter\Exceptions\PageNotFoundException
Page Not Found
#0 D:\laragon\www\method-oldagehome\system\CodeIgniter.php(967): CodeIgniter\Exceptions\PageNotFoundException::forPageNotFound(NULL)
#1 D:\laragon\www\method-oldagehome\system\CodeIgniter.php(362): CodeIgniter\CodeIgniter->display404errors(Object(CodeIgniter\Exceptions\PageNotFoundException))
#2 D:\laragon\www\method-oldagehome\public\index.php(79): CodeIgniter\CodeIgniter->run()
#3 D:\laragon\www\method-oldagehome\system\Commands\Server\rewrite.php(47): require_once('D:\\laragon\\www\\...')
#4 {main}
in SYSTEMPATH\HTTP\ResponseTrait.php on line 774.
 1 [internal function]: CodeIgniter\Debug\Exceptions->shutdownHandler()
CRITICAL - 2024-11-13 03:13:54 --> Uncaught ErrorException: Cannot modify header information - headers already sent in D:\laragon\www\method-oldagehome\system\HTTP\ResponseTrait.php:774
Stack trace:
#0 [internal function]: CodeIgniter\Debug\Exceptions->errorHandler(2, 'Cannot modify h...', 'D:\\laragon\\www\\...', 774)
#1 D:\laragon\www\method-oldagehome\system\HTTP\ResponseTrait.php(774): setcookie('ci_session', '7gjgam6h8rjksua...', Array)
#2 D:\laragon\www\method-oldagehome\system\HTTP\ResponseTrait.php(750): CodeIgniter\HTTP\Response->doSetCookie('ci_session', '7gjgam6h8rjksua...', Array)
#3 D:\laragon\www\method-oldagehome\system\HTTP\ResponseTrait.php(730): CodeIgniter\HTTP\Response->dispatchCookies()
#4 D:\laragon\www\method-oldagehome\system\HTTP\ResponseTrait.php(447): CodeIgniter\HTTP\Response->sendCookies()
#5 D:\laragon\www\method-oldagehome\system\Debug\ExceptionHandler.php(78): CodeIgniter\HTTP\Response->send()
#6 D:\laragon\www\method-oldagehome\system\Debug\Exceptions.php(147): CodeIgniter\Debug\ExceptionHandler->handle(Object(CodeIgniter\Exceptions\PageNotFoundException), Object(CodeIgniter\HTTP\IncomingRequest), Object(CodeIgniter\HTTP\Response), 404, 1)
#7 [internal function]: CodeIgniter\Debug\Exceptions->exceptionHandler(Object(CodeIgniter\Exceptions\PageNotFoundException))
#8 {main}
  thrown
【Previous Exception】
CodeIgniter\Exceptions\PageNotFoundException
Page Not Found
#0 D:\laragon\www\method-oldagehome\system\CodeIgniter.php(967): CodeIgniter\Exceptions\PageNotFoundException::forPageNotFound(NULL)
#1 D:\laragon\www\method-oldagehome\system\CodeIgniter.php(362): CodeIgniter\CodeIgniter->display404errors(Object(CodeIgniter\Exceptions\PageNotFoundException))
#2 D:\laragon\www\method-oldagehome\public\index.php(79): CodeIgniter\CodeIgniter->run()
#3 D:\laragon\www\method-oldagehome\system\Commands\Server\rewrite.php(47): require_once('D:\\laragon\\www\\...')
#4 {main}
in SYSTEMPATH\HTTP\ResponseTrait.php on line 774.
 1 [internal function]: CodeIgniter\Debug\Exceptions->shutdownHandler()
CRITICAL - 2024-11-13 03:13:55 --> Uncaught ErrorException: Cannot modify header information - headers already sent in D:\laragon\www\method-oldagehome\system\HTTP\ResponseTrait.php:774
Stack trace:
#0 [internal function]: CodeIgniter\Debug\Exceptions->errorHandler(2, 'Cannot modify h...', 'D:\\laragon\\www\\...', 774)
#1 D:\laragon\www\method-oldagehome\system\HTTP\ResponseTrait.php(774): setcookie('ci_session', '7gjgam6h8rjksua...', Array)
#2 D:\laragon\www\method-oldagehome\system\HTTP\ResponseTrait.php(750): CodeIgniter\HTTP\Response->doSetCookie('ci_session', '7gjgam6h8rjksua...', Array)
#3 D:\laragon\www\method-oldagehome\system\HTTP\ResponseTrait.php(730): CodeIgniter\HTTP\Response->dispatchCookies()
#4 D:\laragon\www\method-oldagehome\system\HTTP\ResponseTrait.php(447): CodeIgniter\HTTP\Response->sendCookies()
#5 D:\laragon\www\method-oldagehome\system\Debug\ExceptionHandler.php(78): CodeIgniter\HTTP\Response->send()
#6 D:\laragon\www\method-oldagehome\system\Debug\Exceptions.php(147): CodeIgniter\Debug\ExceptionHandler->handle(Object(CodeIgniter\Exceptions\PageNotFoundException), Object(CodeIgniter\HTTP\IncomingRequest), Object(CodeIgniter\HTTP\Response), 404, 1)
#7 [internal function]: CodeIgniter\Debug\Exceptions->exceptionHandler(Object(CodeIgniter\Exceptions\PageNotFoundException))
#8 {main}
  thrown
【Previous Exception】
CodeIgniter\Exceptions\PageNotFoundException
Page Not Found
#0 D:\laragon\www\method-oldagehome\system\CodeIgniter.php(967): CodeIgniter\Exceptions\PageNotFoundException::forPageNotFound(NULL)
#1 D:\laragon\www\method-oldagehome\system\CodeIgniter.php(362): CodeIgniter\CodeIgniter->display404errors(Object(CodeIgniter\Exceptions\PageNotFoundException))
#2 D:\laragon\www\method-oldagehome\public\index.php(79): CodeIgniter\CodeIgniter->run()
#3 D:\laragon\www\method-oldagehome\system\Commands\Server\rewrite.php(47): require_once('D:\\laragon\\www\\...')
#4 {main}
in SYSTEMPATH\HTTP\ResponseTrait.php on line 774.
 1 [internal function]: CodeIgniter\Debug\Exceptions->shutdownHandler()
CRITICAL - 2024-11-13 03:13:56 --> Uncaught ErrorException: Cannot modify header information - headers already sent in D:\laragon\www\method-oldagehome\system\HTTP\ResponseTrait.php:774
Stack trace:
#0 [internal function]: CodeIgniter\Debug\Exceptions->errorHandler(2, 'Cannot modify h...', 'D:\\laragon\\www\\...', 774)
#1 D:\laragon\www\method-oldagehome\system\HTTP\ResponseTrait.php(774): setcookie('ci_session', '7gjgam6h8rjksua...', Array)
#2 D:\laragon\www\method-oldagehome\system\HTTP\ResponseTrait.php(750): CodeIgniter\HTTP\Response->doSetCookie('ci_session', '7gjgam6h8rjksua...', Array)
#3 D:\laragon\www\method-oldagehome\system\HTTP\ResponseTrait.php(730): CodeIgniter\HTTP\Response->dispatchCookies()
#4 D:\laragon\www\method-oldagehome\system\HTTP\ResponseTrait.php(447): CodeIgniter\HTTP\Response->sendCookies()
#5 D:\laragon\www\method-oldagehome\system\Debug\ExceptionHandler.php(78): CodeIgniter\HTTP\Response->send()
#6 D:\laragon\www\method-oldagehome\system\Debug\Exceptions.php(147): CodeIgniter\Debug\ExceptionHandler->handle(Object(CodeIgniter\Exceptions\PageNotFoundException), Object(CodeIgniter\HTTP\IncomingRequest), Object(CodeIgniter\HTTP\Response), 404, 1)
#7 [internal function]: CodeIgniter\Debug\Exceptions->exceptionHandler(Object(CodeIgniter\Exceptions\PageNotFoundException))
#8 {main}
  thrown
【Previous Exception】
CodeIgniter\Exceptions\PageNotFoundException
Page Not Found
#0 D:\laragon\www\method-oldagehome\system\CodeIgniter.php(967): CodeIgniter\Exceptions\PageNotFoundException::forPageNotFound(NULL)
#1 D:\laragon\www\method-oldagehome\system\CodeIgniter.php(362): CodeIgniter\CodeIgniter->display404errors(Object(CodeIgniter\Exceptions\PageNotFoundException))
#2 D:\laragon\www\method-oldagehome\public\index.php(79): CodeIgniter\CodeIgniter->run()
#3 D:\laragon\www\method-oldagehome\system\Commands\Server\rewrite.php(47): require_once('D:\\laragon\\www\\...')
#4 {main}
in SYSTEMPATH\HTTP\ResponseTrait.php on line 774.
 1 [internal function]: CodeIgniter\Debug\Exceptions->shutdownHandler()
CRITICAL - 2024-11-13 03:13:57 --> Uncaught ErrorException: Cannot modify header information - headers already sent in D:\laragon\www\method-oldagehome\system\HTTP\ResponseTrait.php:774
Stack trace:
#0 [internal function]: CodeIgniter\Debug\Exceptions->errorHandler(2, 'Cannot modify h...', 'D:\\laragon\\www\\...', 774)
#1 D:\laragon\www\method-oldagehome\system\HTTP\ResponseTrait.php(774): setcookie('ci_session', '7gjgam6h8rjksua...', Array)
#2 D:\laragon\www\method-oldagehome\system\HTTP\ResponseTrait.php(750): CodeIgniter\HTTP\Response->doSetCookie('ci_session', '7gjgam6h8rjksua...', Array)
#3 D:\laragon\www\method-oldagehome\system\HTTP\ResponseTrait.php(730): CodeIgniter\HTTP\Response->dispatchCookies()
#4 D:\laragon\www\method-oldagehome\system\HTTP\ResponseTrait.php(447): CodeIgniter\HTTP\Response->sendCookies()
#5 D:\laragon\www\method-oldagehome\system\Debug\ExceptionHandler.php(78): CodeIgniter\HTTP\Response->send()
#6 D:\laragon\www\method-oldagehome\system\Debug\Exceptions.php(147): CodeIgniter\Debug\ExceptionHandler->handle(Object(CodeIgniter\Exceptions\PageNotFoundException), Object(CodeIgniter\HTTP\IncomingRequest), Object(CodeIgniter\HTTP\Response), 404, 1)
#7 [internal function]: CodeIgniter\Debug\Exceptions->exceptionHandler(Object(CodeIgniter\Exceptions\PageNotFoundException))
#8 {main}
  thrown
【Previous Exception】
CodeIgniter\Exceptions\PageNotFoundException
Page Not Found
#0 D:\laragon\www\method-oldagehome\system\CodeIgniter.php(967): CodeIgniter\Exceptions\PageNotFoundException::forPageNotFound(NULL)
#1 D:\laragon\www\method-oldagehome\system\CodeIgniter.php(362): CodeIgniter\CodeIgniter->display404errors(Object(CodeIgniter\Exceptions\PageNotFoundException))
#2 D:\laragon\www\method-oldagehome\public\index.php(79): CodeIgniter\CodeIgniter->run()
#3 D:\laragon\www\method-oldagehome\system\Commands\Server\rewrite.php(47): require_once('D:\\laragon\\www\\...')
#4 {main}
in SYSTEMPATH\HTTP\ResponseTrait.php on line 774.
 1 [internal function]: CodeIgniter\Debug\Exceptions->shutdownHandler()
CRITICAL - 2024-11-13 03:13:58 --> Uncaught ErrorException: Cannot modify header information - headers already sent in D:\laragon\www\method-oldagehome\system\HTTP\ResponseTrait.php:774
Stack trace:
#0 [internal function]: CodeIgniter\Debug\Exceptions->errorHandler(2, 'Cannot modify h...', 'D:\\laragon\\www\\...', 774)
#1 D:\laragon\www\method-oldagehome\system\HTTP\ResponseTrait.php(774): setcookie('ci_session', '7gjgam6h8rjksua...', Array)
#2 D:\laragon\www\method-oldagehome\system\HTTP\ResponseTrait.php(750): CodeIgniter\HTTP\Response->doSetCookie('ci_session', '7gjgam6h8rjksua...', Array)
#3 D:\laragon\www\method-oldagehome\system\HTTP\ResponseTrait.php(730): CodeIgniter\HTTP\Response->dispatchCookies()
#4 D:\laragon\www\method-oldagehome\system\HTTP\ResponseTrait.php(447): CodeIgniter\HTTP\Response->sendCookies()
#5 D:\laragon\www\method-oldagehome\system\Debug\ExceptionHandler.php(78): CodeIgniter\HTTP\Response->send()
#6 D:\laragon\www\method-oldagehome\system\Debug\Exceptions.php(147): CodeIgniter\Debug\ExceptionHandler->handle(Object(CodeIgniter\Exceptions\PageNotFoundException), Object(CodeIgniter\HTTP\IncomingRequest), Object(CodeIgniter\HTTP\Response), 404, 1)
#7 [internal function]: CodeIgniter\Debug\Exceptions->exceptionHandler(Object(CodeIgniter\Exceptions\PageNotFoundException))
#8 {main}
  thrown
【Previous Exception】
CodeIgniter\Exceptions\PageNotFoundException
Page Not Found
#0 D:\laragon\www\method-oldagehome\system\CodeIgniter.php(967): CodeIgniter\Exceptions\PageNotFoundException::forPageNotFound(NULL)
#1 D:\laragon\www\method-oldagehome\system\CodeIgniter.php(362): CodeIgniter\CodeIgniter->display404errors(Object(CodeIgniter\Exceptions\PageNotFoundException))
#2 D:\laragon\www\method-oldagehome\public\index.php(79): CodeIgniter\CodeIgniter->run()
#3 D:\laragon\www\method-oldagehome\system\Commands\Server\rewrite.php(47): require_once('D:\\laragon\\www\\...')
#4 {main}
in SYSTEMPATH\HTTP\ResponseTrait.php on line 774.
 1 [internal function]: CodeIgniter\Debug\Exceptions->shutdownHandler()
CRITICAL - 2024-11-13 03:13:59 --> Uncaught ErrorException: Cannot modify header information - headers already sent in D:\laragon\www\method-oldagehome\system\HTTP\ResponseTrait.php:774
Stack trace:
#0 [internal function]: CodeIgniter\Debug\Exceptions->errorHandler(2, 'Cannot modify h...', 'D:\\laragon\\www\\...', 774)
#1 D:\laragon\www\method-oldagehome\system\HTTP\ResponseTrait.php(774): setcookie('ci_session', '7gjgam6h8rjksua...', Array)
#2 D:\laragon\www\method-oldagehome\system\HTTP\ResponseTrait.php(750): CodeIgniter\HTTP\Response->doSetCookie('ci_session', '7gjgam6h8rjksua...', Array)
#3 D:\laragon\www\method-oldagehome\system\HTTP\ResponseTrait.php(730): CodeIgniter\HTTP\Response->dispatchCookies()
#4 D:\laragon\www\method-oldagehome\system\HTTP\ResponseTrait.php(447): CodeIgniter\HTTP\Response->sendCookies()
#5 D:\laragon\www\method-oldagehome\system\Debug\ExceptionHandler.php(78): CodeIgniter\HTTP\Response->send()
#6 D:\laragon\www\method-oldagehome\system\Debug\Exceptions.php(147): CodeIgniter\Debug\ExceptionHandler->handle(Object(CodeIgniter\Exceptions\PageNotFoundException), Object(CodeIgniter\HTTP\IncomingRequest), Object(CodeIgniter\HTTP\Response), 404, 1)
#7 [internal function]: CodeIgniter\Debug\Exceptions->exceptionHandler(Object(CodeIgniter\Exceptions\PageNotFoundException))
#8 {main}
  thrown
【Previous Exception】
CodeIgniter\Exceptions\PageNotFoundException
Page Not Found
#0 D:\laragon\www\method-oldagehome\system\CodeIgniter.php(967): CodeIgniter\Exceptions\PageNotFoundException::forPageNotFound(NULL)
#1 D:\laragon\www\method-oldagehome\system\CodeIgniter.php(362): CodeIgniter\CodeIgniter->display404errors(Object(CodeIgniter\Exceptions\PageNotFoundException))
#2 D:\laragon\www\method-oldagehome\public\index.php(79): CodeIgniter\CodeIgniter->run()
#3 D:\laragon\www\method-oldagehome\system\Commands\Server\rewrite.php(47): require_once('D:\\laragon\\www\\...')
#4 {main}
in SYSTEMPATH\HTTP\ResponseTrait.php on line 774.
 1 [internal function]: CodeIgniter\Debug\Exceptions->shutdownHandler()
CRITICAL - 2024-11-13 03:14:00 --> Uncaught ErrorException: Cannot modify header information - headers already sent in D:\laragon\www\method-oldagehome\system\HTTP\ResponseTrait.php:774
Stack trace:
#0 [internal function]: CodeIgniter\Debug\Exceptions->errorHandler(2, 'Cannot modify h...', 'D:\\laragon\\www\\...', 774)
#1 D:\laragon\www\method-oldagehome\system\HTTP\ResponseTrait.php(774): setcookie('ci_session', '7gjgam6h8rjksua...', Array)
#2 D:\laragon\www\method-oldagehome\system\HTTP\ResponseTrait.php(750): CodeIgniter\HTTP\Response->doSetCookie('ci_session', '7gjgam6h8rjksua...', Array)
#3 D:\laragon\www\method-oldagehome\system\HTTP\ResponseTrait.php(730): CodeIgniter\HTTP\Response->dispatchCookies()
#4 D:\laragon\www\method-oldagehome\system\HTTP\ResponseTrait.php(447): CodeIgniter\HTTP\Response->sendCookies()
#5 D:\laragon\www\method-oldagehome\system\Debug\ExceptionHandler.php(78): CodeIgniter\HTTP\Response->send()
#6 D:\laragon\www\method-oldagehome\system\Debug\Exceptions.php(147): CodeIgniter\Debug\ExceptionHandler->handle(Object(CodeIgniter\Exceptions\PageNotFoundException), Object(CodeIgniter\HTTP\IncomingRequest), Object(CodeIgniter\HTTP\Response), 404, 1)
#7 [internal function]: CodeIgniter\Debug\Exceptions->exceptionHandler(Object(CodeIgniter\Exceptions\PageNotFoundException))
#8 {main}
  thrown
【Previous Exception】
CodeIgniter\Exceptions\PageNotFoundException
Page Not Found
#0 D:\laragon\www\method-oldagehome\system\CodeIgniter.php(967): CodeIgniter\Exceptions\PageNotFoundException::forPageNotFound(NULL)
#1 D:\laragon\www\method-oldagehome\system\CodeIgniter.php(362): CodeIgniter\CodeIgniter->display404errors(Object(CodeIgniter\Exceptions\PageNotFoundException))
#2 D:\laragon\www\method-oldagehome\public\index.php(79): CodeIgniter\CodeIgniter->run()
#3 D:\laragon\www\method-oldagehome\system\Commands\Server\rewrite.php(47): require_once('D:\\laragon\\www\\...')
#4 {main}
in SYSTEMPATH\HTTP\ResponseTrait.php on line 774.
 1 [internal function]: CodeIgniter\Debug\Exceptions->shutdownHandler()
CRITICAL - 2024-11-13 03:14:01 --> Uncaught ErrorException: Cannot modify header information - headers already sent in D:\laragon\www\method-oldagehome\system\HTTP\ResponseTrait.php:774
Stack trace:
#0 [internal function]: CodeIgniter\Debug\Exceptions->errorHandler(2, 'Cannot modify h...', 'D:\\laragon\\www\\...', 774)
#1 D:\laragon\www\method-oldagehome\system\HTTP\ResponseTrait.php(774): setcookie('ci_session', '7gjgam6h8rjksua...', Array)
#2 D:\laragon\www\method-oldagehome\system\HTTP\ResponseTrait.php(750): CodeIgniter\HTTP\Response->doSetCookie('ci_session', '7gjgam6h8rjksua...', Array)
#3 D:\laragon\www\method-oldagehome\system\HTTP\ResponseTrait.php(730): CodeIgniter\HTTP\Response->dispatchCookies()
#4 D:\laragon\www\method-oldagehome\system\HTTP\ResponseTrait.php(447): CodeIgniter\HTTP\Response->sendCookies()
#5 D:\laragon\www\method-oldagehome\system\Debug\ExceptionHandler.php(78): CodeIgniter\HTTP\Response->send()
#6 D:\laragon\www\method-oldagehome\system\Debug\Exceptions.php(147): CodeIgniter\Debug\ExceptionHandler->handle(Object(CodeIgniter\Exceptions\PageNotFoundException), Object(CodeIgniter\HTTP\IncomingRequest), Object(CodeIgniter\HTTP\Response), 404, 1)
#7 [internal function]: CodeIgniter\Debug\Exceptions->exceptionHandler(Object(CodeIgniter\Exceptions\PageNotFoundException))
#8 {main}
  thrown
【Previous Exception】
CodeIgniter\Exceptions\PageNotFoundException
Page Not Found
#0 D:\laragon\www\method-oldagehome\system\CodeIgniter.php(967): CodeIgniter\Exceptions\PageNotFoundException::forPageNotFound(NULL)
#1 D:\laragon\www\method-oldagehome\system\CodeIgniter.php(362): CodeIgniter\CodeIgniter->display404errors(Object(CodeIgniter\Exceptions\PageNotFoundException))
#2 D:\laragon\www\method-oldagehome\public\index.php(79): CodeIgniter\CodeIgniter->run()
#3 D:\laragon\www\method-oldagehome\system\Commands\Server\rewrite.php(47): require_once('D:\\laragon\\www\\...')
#4 {main}
in SYSTEMPATH\HTTP\ResponseTrait.php on line 774.
 1 [internal function]: CodeIgniter\Debug\Exceptions->shutdownHandler()
CRITICAL - 2024-11-13 03:14:02 --> Uncaught ErrorException: Cannot modify header information - headers already sent in D:\laragon\www\method-oldagehome\system\HTTP\ResponseTrait.php:774
Stack trace:
#0 [internal function]: CodeIgniter\Debug\Exceptions->errorHandler(2, 'Cannot modify h...', 'D:\\laragon\\www\\...', 774)
#1 D:\laragon\www\method-oldagehome\system\HTTP\ResponseTrait.php(774): setcookie('ci_session', '7gjgam6h8rjksua...', Array)
#2 D:\laragon\www\method-oldagehome\system\HTTP\ResponseTrait.php(750): CodeIgniter\HTTP\Response->doSetCookie('ci_session', '7gjgam6h8rjksua...', Array)
#3 D:\laragon\www\method-oldagehome\system\HTTP\ResponseTrait.php(730): CodeIgniter\HTTP\Response->dispatchCookies()
#4 D:\laragon\www\method-oldagehome\system\HTTP\ResponseTrait.php(447): CodeIgniter\HTTP\Response->sendCookies()
#5 D:\laragon\www\method-oldagehome\system\Debug\ExceptionHandler.php(78): CodeIgniter\HTTP\Response->send()
#6 D:\laragon\www\method-oldagehome\system\Debug\Exceptions.php(147): CodeIgniter\Debug\ExceptionHandler->handle(Object(CodeIgniter\Exceptions\PageNotFoundException), Object(CodeIgniter\HTTP\IncomingRequest), Object(CodeIgniter\HTTP\Response), 404, 1)
#7 [internal function]: CodeIgniter\Debug\Exceptions->exceptionHandler(Object(CodeIgniter\Exceptions\PageNotFoundException))
#8 {main}
  thrown
【Previous Exception】
CodeIgniter\Exceptions\PageNotFoundException
Page Not Found
#0 D:\laragon\www\method-oldagehome\system\CodeIgniter.php(967): CodeIgniter\Exceptions\PageNotFoundException::forPageNotFound(NULL)
#1 D:\laragon\www\method-oldagehome\system\CodeIgniter.php(362): CodeIgniter\CodeIgniter->display404errors(Object(CodeIgniter\Exceptions\PageNotFoundException))
#2 D:\laragon\www\method-oldagehome\public\index.php(79): CodeIgniter\CodeIgniter->run()
#3 D:\laragon\www\method-oldagehome\system\Commands\Server\rewrite.php(47): require_once('D:\\laragon\\www\\...')
#4 {main}
in SYSTEMPATH\HTTP\ResponseTrait.php on line 774.
 1 [internal function]: CodeIgniter\Debug\Exceptions->shutdownHandler()
CRITICAL - 2024-11-13 03:14:03 --> Uncaught ErrorException: Cannot modify header information - headers already sent in D:\laragon\www\method-oldagehome\system\HTTP\ResponseTrait.php:774
Stack trace:
#0 [internal function]: CodeIgniter\Debug\Exceptions->errorHandler(2, 'Cannot modify h...', 'D:\\laragon\\www\\...', 774)
#1 D:\laragon\www\method-oldagehome\system\HTTP\ResponseTrait.php(774): setcookie('ci_session', '7gjgam6h8rjksua...', Array)
#2 D:\laragon\www\method-oldagehome\system\HTTP\ResponseTrait.php(750): CodeIgniter\HTTP\Response->doSetCookie('ci_session', '7gjgam6h8rjksua...', Array)
#3 D:\laragon\www\method-oldagehome\system\HTTP\ResponseTrait.php(730): CodeIgniter\HTTP\Response->dispatchCookies()
#4 D:\laragon\www\method-oldagehome\system\HTTP\ResponseTrait.php(447): CodeIgniter\HTTP\Response->sendCookies()
#5 D:\laragon\www\method-oldagehome\system\Debug\ExceptionHandler.php(78): CodeIgniter\HTTP\Response->send()
#6 D:\laragon\www\method-oldagehome\system\Debug\Exceptions.php(147): CodeIgniter\Debug\ExceptionHandler->handle(Object(CodeIgniter\Exceptions\PageNotFoundException), Object(CodeIgniter\HTTP\IncomingRequest), Object(CodeIgniter\HTTP\Response), 404, 1)
#7 [internal function]: CodeIgniter\Debug\Exceptions->exceptionHandler(Object(CodeIgniter\Exceptions\PageNotFoundException))
#8 {main}
  thrown
【Previous Exception】
CodeIgniter\Exceptions\PageNotFoundException
Page Not Found
#0 D:\laragon\www\method-oldagehome\system\CodeIgniter.php(967): CodeIgniter\Exceptions\PageNotFoundException::forPageNotFound(NULL)
#1 D:\laragon\www\method-oldagehome\system\CodeIgniter.php(362): CodeIgniter\CodeIgniter->display404errors(Object(CodeIgniter\Exceptions\PageNotFoundException))
#2 D:\laragon\www\method-oldagehome\public\index.php(79): CodeIgniter\CodeIgniter->run()
#3 D:\laragon\www\method-oldagehome\system\Commands\Server\rewrite.php(47): require_once('D:\\laragon\\www\\...')
#4 {main}
in SYSTEMPATH\HTTP\ResponseTrait.php on line 774.
 1 [internal function]: CodeIgniter\Debug\Exceptions->shutdownHandler()
CRITICAL - 2024-11-13 03:14:04 --> Uncaught ErrorException: Cannot modify header information - headers already sent in D:\laragon\www\method-oldagehome\system\HTTP\ResponseTrait.php:774
Stack trace:
#0 [internal function]: CodeIgniter\Debug\Exceptions->errorHandler(2, 'Cannot modify h...', 'D:\\laragon\\www\\...', 774)
#1 D:\laragon\www\method-oldagehome\system\HTTP\ResponseTrait.php(774): setcookie('ci_session', '7gjgam6h8rjksua...', Array)
#2 D:\laragon\www\method-oldagehome\system\HTTP\ResponseTrait.php(750): CodeIgniter\HTTP\Response->doSetCookie('ci_session', '7gjgam6h8rjksua...', Array)
#3 D:\laragon\www\method-oldagehome\system\HTTP\ResponseTrait.php(730): CodeIgniter\HTTP\Response->dispatchCookies()
#4 D:\laragon\www\method-oldagehome\system\HTTP\ResponseTrait.php(447): CodeIgniter\HTTP\Response->sendCookies()
#5 D:\laragon\www\method-oldagehome\system\Debug\ExceptionHandler.php(78): CodeIgniter\HTTP\Response->send()
#6 D:\laragon\www\method-oldagehome\system\Debug\Exceptions.php(147): CodeIgniter\Debug\ExceptionHandler->handle(Object(CodeIgniter\Exceptions\PageNotFoundException), Object(CodeIgniter\HTTP\IncomingRequest), Object(CodeIgniter\HTTP\Response), 404, 1)
#7 [internal function]: CodeIgniter\Debug\Exceptions->exceptionHandler(Object(CodeIgniter\Exceptions\PageNotFoundException))
#8 {main}
  thrown
【Previous Exception】
CodeIgniter\Exceptions\PageNotFoundException
Page Not Found
#0 D:\laragon\www\method-oldagehome\system\CodeIgniter.php(967): CodeIgniter\Exceptions\PageNotFoundException::forPageNotFound(NULL)
#1 D:\laragon\www\method-oldagehome\system\CodeIgniter.php(362): CodeIgniter\CodeIgniter->display404errors(Object(CodeIgniter\Exceptions\PageNotFoundException))
#2 D:\laragon\www\method-oldagehome\public\index.php(79): CodeIgniter\CodeIgniter->run()
#3 D:\laragon\www\method-oldagehome\system\Commands\Server\rewrite.php(47): require_once('D:\\laragon\\www\\...')
#4 {main}
in SYSTEMPATH\HTTP\ResponseTrait.php on line 774.
 1 [internal function]: CodeIgniter\Debug\Exceptions->shutdownHandler()
CRITICAL - 2024-11-13 03:14:05 --> Uncaught ErrorException: Cannot modify header information - headers already sent in D:\laragon\www\method-oldagehome\system\HTTP\ResponseTrait.php:774
Stack trace:
#0 [internal function]: CodeIgniter\Debug\Exceptions->errorHandler(2, 'Cannot modify h...', 'D:\\laragon\\www\\...', 774)
#1 D:\laragon\www\method-oldagehome\system\HTTP\ResponseTrait.php(774): setcookie('ci_session', '7gjgam6h8rjksua...', Array)
#2 D:\laragon\www\method-oldagehome\system\HTTP\ResponseTrait.php(750): CodeIgniter\HTTP\Response->doSetCookie('ci_session', '7gjgam6h8rjksua...', Array)
#3 D:\laragon\www\method-oldagehome\system\HTTP\ResponseTrait.php(730): CodeIgniter\HTTP\Response->dispatchCookies()
#4 D:\laragon\www\method-oldagehome\system\HTTP\ResponseTrait.php(447): CodeIgniter\HTTP\Response->sendCookies()
#5 D:\laragon\www\method-oldagehome\system\Debug\ExceptionHandler.php(78): CodeIgniter\HTTP\Response->send()
#6 D:\laragon\www\method-oldagehome\system\Debug\Exceptions.php(147): CodeIgniter\Debug\ExceptionHandler->handle(Object(CodeIgniter\Exceptions\PageNotFoundException), Object(CodeIgniter\HTTP\IncomingRequest), Object(CodeIgniter\HTTP\Response), 404, 1)
#7 [internal function]: CodeIgniter\Debug\Exceptions->exceptionHandler(Object(CodeIgniter\Exceptions\PageNotFoundException))
#8 {main}
  thrown
【Previous Exception】
CodeIgniter\Exceptions\PageNotFoundException
Page Not Found
#0 D:\laragon\www\method-oldagehome\system\CodeIgniter.php(967): CodeIgniter\Exceptions\PageNotFoundException::forPageNotFound(NULL)
#1 D:\laragon\www\method-oldagehome\system\CodeIgniter.php(362): CodeIgniter\CodeIgniter->display404errors(Object(CodeIgniter\Exceptions\PageNotFoundException))
#2 D:\laragon\www\method-oldagehome\public\index.php(79): CodeIgniter\CodeIgniter->run()
#3 D:\laragon\www\method-oldagehome\system\Commands\Server\rewrite.php(47): require_once('D:\\laragon\\www\\...')
#4 {main}
in SYSTEMPATH\HTTP\ResponseTrait.php on line 774.
 1 [internal function]: CodeIgniter\Debug\Exceptions->shutdownHandler()
CRITICAL - 2024-11-13 03:14:06 --> Uncaught ErrorException: Cannot modify header information - headers already sent in D:\laragon\www\method-oldagehome\system\HTTP\ResponseTrait.php:774
Stack trace:
#0 [internal function]: CodeIgniter\Debug\Exceptions->errorHandler(2, 'Cannot modify h...', 'D:\\laragon\\www\\...', 774)
#1 D:\laragon\www\method-oldagehome\system\HTTP\ResponseTrait.php(774): setcookie('ci_session', '7gjgam6h8rjksua...', Array)
#2 D:\laragon\www\method-oldagehome\system\HTTP\ResponseTrait.php(750): CodeIgniter\HTTP\Response->doSetCookie('ci_session', '7gjgam6h8rjksua...', Array)
#3 D:\laragon\www\method-oldagehome\system\HTTP\ResponseTrait.php(730): CodeIgniter\HTTP\Response->dispatchCookies()
#4 D:\laragon\www\method-oldagehome\system\HTTP\ResponseTrait.php(447): CodeIgniter\HTTP\Response->sendCookies()
#5 D:\laragon\www\method-oldagehome\system\Debug\ExceptionHandler.php(78): CodeIgniter\HTTP\Response->send()
#6 D:\laragon\www\method-oldagehome\system\Debug\Exceptions.php(147): CodeIgniter\Debug\ExceptionHandler->handle(Object(CodeIgniter\Exceptions\PageNotFoundException), Object(CodeIgniter\HTTP\IncomingRequest), Object(CodeIgniter\HTTP\Response), 404, 1)
#7 [internal function]: CodeIgniter\Debug\Exceptions->exceptionHandler(Object(CodeIgniter\Exceptions\PageNotFoundException))
#8 {main}
  thrown
【Previous Exception】
CodeIgniter\Exceptions\PageNotFoundException
Page Not Found
#0 D:\laragon\www\method-oldagehome\system\CodeIgniter.php(967): CodeIgniter\Exceptions\PageNotFoundException::forPageNotFound(NULL)
#1 D:\laragon\www\method-oldagehome\system\CodeIgniter.php(362): CodeIgniter\CodeIgniter->display404errors(Object(CodeIgniter\Exceptions\PageNotFoundException))
#2 D:\laragon\www\method-oldagehome\public\index.php(79): CodeIgniter\CodeIgniter->run()
#3 D:\laragon\www\method-oldagehome\system\Commands\Server\rewrite.php(47): require_once('D:\\laragon\\www\\...')
#4 {main}
in SYSTEMPATH\HTTP\ResponseTrait.php on line 774.
 1 [internal function]: CodeIgniter\Debug\Exceptions->shutdownHandler()
CRITICAL - 2024-11-13 03:14:07 --> Uncaught ErrorException: Cannot modify header information - headers already sent in D:\laragon\www\method-oldagehome\system\HTTP\ResponseTrait.php:774
Stack trace:
#0 [internal function]: CodeIgniter\Debug\Exceptions->errorHandler(2, 'Cannot modify h...', 'D:\\laragon\\www\\...', 774)
#1 D:\laragon\www\method-oldagehome\system\HTTP\ResponseTrait.php(774): setcookie('ci_session', '7gjgam6h8rjksua...', Array)
#2 D:\laragon\www\method-oldagehome\system\HTTP\ResponseTrait.php(750): CodeIgniter\HTTP\Response->doSetCookie('ci_session', '7gjgam6h8rjksua...', Array)
#3 D:\laragon\www\method-oldagehome\system\HTTP\ResponseTrait.php(730): CodeIgniter\HTTP\Response->dispatchCookies()
#4 D:\laragon\www\method-oldagehome\system\HTTP\ResponseTrait.php(447): CodeIgniter\HTTP\Response->sendCookies()
#5 D:\laragon\www\method-oldagehome\system\Debug\ExceptionHandler.php(78): CodeIgniter\HTTP\Response->send()
#6 D:\laragon\www\method-oldagehome\system\Debug\Exceptions.php(147): CodeIgniter\Debug\ExceptionHandler->handle(Object(CodeIgniter\Exceptions\PageNotFoundException), Object(CodeIgniter\HTTP\IncomingRequest), Object(CodeIgniter\HTTP\Response), 404, 1)
#7 [internal function]: CodeIgniter\Debug\Exceptions->exceptionHandler(Object(CodeIgniter\Exceptions\PageNotFoundException))
#8 {main}
  thrown
【Previous Exception】
CodeIgniter\Exceptions\PageNotFoundException
Page Not Found
#0 D:\laragon\www\method-oldagehome\system\CodeIgniter.php(967): CodeIgniter\Exceptions\PageNotFoundException::forPageNotFound(NULL)
#1 D:\laragon\www\method-oldagehome\system\CodeIgniter.php(362): CodeIgniter\CodeIgniter->display404errors(Object(CodeIgniter\Exceptions\PageNotFoundException))
#2 D:\laragon\www\method-oldagehome\public\index.php(79): CodeIgniter\CodeIgniter->run()
#3 D:\laragon\www\method-oldagehome\system\Commands\Server\rewrite.php(47): require_once('D:\\laragon\\www\\...')
#4 {main}
in SYSTEMPATH\HTTP\ResponseTrait.php on line 774.
 1 [internal function]: CodeIgniter\Debug\Exceptions->shutdownHandler()
CRITICAL - 2024-11-13 03:14:48 --> Uncaught ErrorException: Cannot modify header information - headers already sent in D:\laragon\www\method-oldagehome\system\HTTP\ResponseTrait.php:774
Stack trace:
#0 [internal function]: CodeIgniter\Debug\Exceptions->errorHandler(2, 'Cannot modify h...', 'D:\\laragon\\www\\...', 774)
#1 D:\laragon\www\method-oldagehome\system\HTTP\ResponseTrait.php(774): setcookie('ci_session', '7gjgam6h8rjksua...', Array)
#2 D:\laragon\www\method-oldagehome\system\HTTP\ResponseTrait.php(750): CodeIgniter\HTTP\Response->doSetCookie('ci_session', '7gjgam6h8rjksua...', Array)
#3 D:\laragon\www\method-oldagehome\system\HTTP\ResponseTrait.php(730): CodeIgniter\HTTP\Response->dispatchCookies()
#4 D:\laragon\www\method-oldagehome\system\HTTP\ResponseTrait.php(447): CodeIgniter\HTTP\Response->sendCookies()
#5 D:\laragon\www\method-oldagehome\system\Debug\ExceptionHandler.php(78): CodeIgniter\HTTP\Response->send()
#6 D:\laragon\www\method-oldagehome\system\Debug\Exceptions.php(147): CodeIgniter\Debug\ExceptionHandler->handle(Object(CodeIgniter\Exceptions\PageNotFoundException), Object(CodeIgniter\HTTP\IncomingRequest), Object(CodeIgniter\HTTP\Response), 404, 1)
#7 [internal function]: CodeIgniter\Debug\Exceptions->exceptionHandler(Object(CodeIgniter\Exceptions\PageNotFoundException))
#8 {main}
  thrown
【Previous Exception】
CodeIgniter\Exceptions\PageNotFoundException
Page Not Found
#0 D:\laragon\www\method-oldagehome\system\CodeIgniter.php(967): CodeIgniter\Exceptions\PageNotFoundException::forPageNotFound(NULL)
#1 D:\laragon\www\method-oldagehome\system\CodeIgniter.php(362): CodeIgniter\CodeIgniter->display404errors(Object(CodeIgniter\Exceptions\PageNotFoundException))
#2 D:\laragon\www\method-oldagehome\public\index.php(79): CodeIgniter\CodeIgniter->run()
#3 D:\laragon\www\method-oldagehome\system\Commands\Server\rewrite.php(47): require_once('D:\\laragon\\www\\...')
#4 {main}
in SYSTEMPATH\HTTP\ResponseTrait.php on line 774.
 1 [internal function]: CodeIgniter\Debug\Exceptions->shutdownHandler()
CRITICAL - 2024-11-13 03:15:48 --> Uncaught ErrorException: Cannot modify header information - headers already sent in D:\laragon\www\method-oldagehome\system\HTTP\ResponseTrait.php:774
Stack trace:
#0 [internal function]: CodeIgniter\Debug\Exceptions->errorHandler(2, 'Cannot modify h...', 'D:\\laragon\\www\\...', 774)
#1 D:\laragon\www\method-oldagehome\system\HTTP\ResponseTrait.php(774): setcookie('ci_session', '7gjgam6h8rjksua...', Array)
#2 D:\laragon\www\method-oldagehome\system\HTTP\ResponseTrait.php(750): CodeIgniter\HTTP\Response->doSetCookie('ci_session', '7gjgam6h8rjksua...', Array)
#3 D:\laragon\www\method-oldagehome\system\HTTP\ResponseTrait.php(730): CodeIgniter\HTTP\Response->dispatchCookies()
#4 D:\laragon\www\method-oldagehome\system\HTTP\ResponseTrait.php(447): CodeIgniter\HTTP\Response->sendCookies()
#5 D:\laragon\www\method-oldagehome\system\Debug\ExceptionHandler.php(78): CodeIgniter\HTTP\Response->send()
#6 D:\laragon\www\method-oldagehome\system\Debug\Exceptions.php(147): CodeIgniter\Debug\ExceptionHandler->handle(Object(CodeIgniter\Exceptions\PageNotFoundException), Object(CodeIgniter\HTTP\IncomingRequest), Object(CodeIgniter\HTTP\Response), 404, 1)
#7 [internal function]: CodeIgniter\Debug\Exceptions->exceptionHandler(Object(CodeIgniter\Exceptions\PageNotFoundException))
#8 {main}
  thrown
【Previous Exception】
CodeIgniter\Exceptions\PageNotFoundException
Page Not Found
#0 D:\laragon\www\method-oldagehome\system\CodeIgniter.php(967): CodeIgniter\Exceptions\PageNotFoundException::forPageNotFound(NULL)
#1 D:\laragon\www\method-oldagehome\system\CodeIgniter.php(362): CodeIgniter\CodeIgniter->display404errors(Object(CodeIgniter\Exceptions\PageNotFoundException))
#2 D:\laragon\www\method-oldagehome\public\index.php(79): CodeIgniter\CodeIgniter->run()
#3 D:\laragon\www\method-oldagehome\system\Commands\Server\rewrite.php(47): require_once('D:\\laragon\\www\\...')
#4 {main}
in SYSTEMPATH\HTTP\ResponseTrait.php on line 774.
 1 [internal function]: CodeIgniter\Debug\Exceptions->shutdownHandler()
CRITICAL - 2024-11-13 03:16:48 --> Uncaught ErrorException: Cannot modify header information - headers already sent in D:\laragon\www\method-oldagehome\system\HTTP\ResponseTrait.php:774
Stack trace:
#0 [internal function]: CodeIgniter\Debug\Exceptions->errorHandler(2, 'Cannot modify h...', 'D:\\laragon\\www\\...', 774)
#1 D:\laragon\www\method-oldagehome\system\HTTP\ResponseTrait.php(774): setcookie('ci_session', '7gjgam6h8rjksua...', Array)
#2 D:\laragon\www\method-oldagehome\system\HTTP\ResponseTrait.php(750): CodeIgniter\HTTP\Response->doSetCookie('ci_session', '7gjgam6h8rjksua...', Array)
#3 D:\laragon\www\method-oldagehome\system\HTTP\ResponseTrait.php(730): CodeIgniter\HTTP\Response->dispatchCookies()
#4 D:\laragon\www\method-oldagehome\system\HTTP\ResponseTrait.php(447): CodeIgniter\HTTP\Response->sendCookies()
#5 D:\laragon\www\method-oldagehome\system\Debug\ExceptionHandler.php(78): CodeIgniter\HTTP\Response->send()
#6 D:\laragon\www\method-oldagehome\system\Debug\Exceptions.php(147): CodeIgniter\Debug\ExceptionHandler->handle(Object(CodeIgniter\Exceptions\PageNotFoundException), Object(CodeIgniter\HTTP\IncomingRequest), Object(CodeIgniter\HTTP\Response), 404, 1)
#7 [internal function]: CodeIgniter\Debug\Exceptions->exceptionHandler(Object(CodeIgniter\Exceptions\PageNotFoundException))
#8 {main}
  thrown
【Previous Exception】
CodeIgniter\Exceptions\PageNotFoundException
Page Not Found
#0 D:\laragon\www\method-oldagehome\system\CodeIgniter.php(967): CodeIgniter\Exceptions\PageNotFoundException::forPageNotFound(NULL)
#1 D:\laragon\www\method-oldagehome\system\CodeIgniter.php(362): CodeIgniter\CodeIgniter->display404errors(Object(CodeIgniter\Exceptions\PageNotFoundException))
#2 D:\laragon\www\method-oldagehome\public\index.php(79): CodeIgniter\CodeIgniter->run()
#3 D:\laragon\www\method-oldagehome\system\Commands\Server\rewrite.php(47): require_once('D:\\laragon\\www\\...')
#4 {main}
in SYSTEMPATH\HTTP\ResponseTrait.php on line 774.
 1 [internal function]: CodeIgniter\Debug\Exceptions->shutdownHandler()
CRITICAL - 2024-11-13 03:18:00 --> Uncaught ErrorException: Cannot modify header information - headers already sent in D:\laragon\www\method-oldagehome\system\HTTP\ResponseTrait.php:774
Stack trace:
#0 [internal function]: CodeIgniter\Debug\Exceptions->errorHandler(2, 'Cannot modify h...', 'D:\\laragon\\www\\...', 774)
#1 D:\laragon\www\method-oldagehome\system\HTTP\ResponseTrait.php(774): setcookie('ci_session', '7gjgam6h8rjksua...', Array)
#2 D:\laragon\www\method-oldagehome\system\HTTP\ResponseTrait.php(750): CodeIgniter\HTTP\Response->doSetCookie('ci_session', '7gjgam6h8rjksua...', Array)
#3 D:\laragon\www\method-oldagehome\system\HTTP\ResponseTrait.php(730): CodeIgniter\HTTP\Response->dispatchCookies()
#4 D:\laragon\www\method-oldagehome\system\HTTP\ResponseTrait.php(447): CodeIgniter\HTTP\Response->sendCookies()
#5 D:\laragon\www\method-oldagehome\system\Debug\ExceptionHandler.php(78): CodeIgniter\HTTP\Response->send()
#6 D:\laragon\www\method-oldagehome\system\Debug\Exceptions.php(147): CodeIgniter\Debug\ExceptionHandler->handle(Object(CodeIgniter\Exceptions\PageNotFoundException), Object(CodeIgniter\HTTP\IncomingRequest), Object(CodeIgniter\HTTP\Response), 404, 1)
#7 [internal function]: CodeIgniter\Debug\Exceptions->exceptionHandler(Object(CodeIgniter\Exceptions\PageNotFoundException))
#8 {main}
  thrown
【Previous Exception】
CodeIgniter\Exceptions\PageNotFoundException
Page Not Found
#0 D:\laragon\www\method-oldagehome\system\CodeIgniter.php(967): CodeIgniter\Exceptions\PageNotFoundException::forPageNotFound(NULL)
#1 D:\laragon\www\method-oldagehome\system\CodeIgniter.php(362): CodeIgniter\CodeIgniter->display404errors(Object(CodeIgniter\Exceptions\PageNotFoundException))
#2 D:\laragon\www\method-oldagehome\public\index.php(79): CodeIgniter\CodeIgniter->run()
#3 D:\laragon\www\method-oldagehome\system\Commands\Server\rewrite.php(47): require_once('D:\\laragon\\www\\...')
#4 {main}
in SYSTEMPATH\HTTP\ResponseTrait.php on line 774.
 1 [internal function]: CodeIgniter\Debug\Exceptions->shutdownHandler()
CRITICAL - 2024-11-13 03:18:49 --> Uncaught ErrorException: Cannot modify header information - headers already sent in D:\laragon\www\method-oldagehome\system\HTTP\ResponseTrait.php:774
Stack trace:
#0 [internal function]: CodeIgniter\Debug\Exceptions->errorHandler(2, 'Cannot modify h...', 'D:\\laragon\\www\\...', 774)
#1 D:\laragon\www\method-oldagehome\system\HTTP\ResponseTrait.php(774): setcookie('ci_session', '7gjgam6h8rjksua...', Array)
#2 D:\laragon\www\method-oldagehome\system\HTTP\ResponseTrait.php(750): CodeIgniter\HTTP\Response->doSetCookie('ci_session', '7gjgam6h8rjksua...', Array)
#3 D:\laragon\www\method-oldagehome\system\HTTP\ResponseTrait.php(730): CodeIgniter\HTTP\Response->dispatchCookies()
#4 D:\laragon\www\method-oldagehome\system\HTTP\ResponseTrait.php(447): CodeIgniter\HTTP\Response->sendCookies()
#5 D:\laragon\www\method-oldagehome\system\Debug\ExceptionHandler.php(78): CodeIgniter\HTTP\Response->send()
#6 D:\laragon\www\method-oldagehome\system\Debug\Exceptions.php(147): CodeIgniter\Debug\ExceptionHandler->handle(Object(CodeIgniter\Exceptions\PageNotFoundException), Object(CodeIgniter\HTTP\IncomingRequest), Object(CodeIgniter\HTTP\Response), 404, 1)
#7 [internal function]: CodeIgniter\Debug\Exceptions->exceptionHandler(Object(CodeIgniter\Exceptions\PageNotFoundException))
#8 {main}
  thrown
【Previous Exception】
CodeIgniter\Exceptions\PageNotFoundException
Page Not Found
#0 D:\laragon\www\method-oldagehome\system\CodeIgniter.php(967): CodeIgniter\Exceptions\PageNotFoundException::forPageNotFound(NULL)
#1 D:\laragon\www\method-oldagehome\system\CodeIgniter.php(362): CodeIgniter\CodeIgniter->display404errors(Object(CodeIgniter\Exceptions\PageNotFoundException))
#2 D:\laragon\www\method-oldagehome\public\index.php(79): CodeIgniter\CodeIgniter->run()
#3 D:\laragon\www\method-oldagehome\system\Commands\Server\rewrite.php(47): require_once('D:\\laragon\\www\\...')
#4 {main}
in SYSTEMPATH\HTTP\ResponseTrait.php on line 774.
 1 [internal function]: CodeIgniter\Debug\Exceptions->shutdownHandler()
CRITICAL - 2024-11-13 03:19:28 --> Uncaught ErrorException: Cannot modify header information - headers already sent in D:\laragon\www\method-oldagehome\system\HTTP\ResponseTrait.php:774
Stack trace:
#0 [internal function]: CodeIgniter\Debug\Exceptions->errorHandler(2, 'Cannot modify h...', 'D:\\laragon\\www\\...', 774)
#1 D:\laragon\www\method-oldagehome\system\HTTP\ResponseTrait.php(774): setcookie('ci_session', 'tl71rn85lcdj8tv...', Array)
#2 D:\laragon\www\method-oldagehome\system\HTTP\ResponseTrait.php(750): CodeIgniter\HTTP\Response->doSetCookie('ci_session', 'tl71rn85lcdj8tv...', Array)
#3 D:\laragon\www\method-oldagehome\system\HTTP\ResponseTrait.php(730): CodeIgniter\HTTP\Response->dispatchCookies()
#4 D:\laragon\www\method-oldagehome\system\HTTP\ResponseTrait.php(447): CodeIgniter\HTTP\Response->sendCookies()
#5 D:\laragon\www\method-oldagehome\system\Debug\ExceptionHandler.php(78): CodeIgniter\HTTP\Response->send()
#6 D:\laragon\www\method-oldagehome\system\Debug\Exceptions.php(147): CodeIgniter\Debug\ExceptionHandler->handle(Object(CodeIgniter\Exceptions\PageNotFoundException), Object(CodeIgniter\HTTP\IncomingRequest), Object(CodeIgniter\HTTP\Response), 404, 1)
#7 [internal function]: CodeIgniter\Debug\Exceptions->exceptionHandler(Object(CodeIgniter\Exceptions\PageNotFoundException))
#8 {main}
  thrown
【Previous Exception】
CodeIgniter\Exceptions\PageNotFoundException
Page Not Found
#0 D:\laragon\www\method-oldagehome\system\CodeIgniter.php(967): CodeIgniter\Exceptions\PageNotFoundException::forPageNotFound(NULL)
#1 D:\laragon\www\method-oldagehome\system\CodeIgniter.php(362): CodeIgniter\CodeIgniter->display404errors(Object(CodeIgniter\Exceptions\PageNotFoundException))
#2 D:\laragon\www\method-oldagehome\public\index.php(79): CodeIgniter\CodeIgniter->run()
#3 D:\laragon\www\method-oldagehome\system\Commands\Server\rewrite.php(47): require_once('D:\\laragon\\www\\...')
#4 {main}
in SYSTEMPATH\HTTP\ResponseTrait.php on line 774.
 1 [internal function]: CodeIgniter\Debug\Exceptions->shutdownHandler()
CRITICAL - 2024-11-13 03:19:30 --> Uncaught ErrorException: Cannot modify header information - headers already sent in D:\laragon\www\method-oldagehome\system\HTTP\ResponseTrait.php:774
Stack trace:
#0 [internal function]: CodeIgniter\Debug\Exceptions->errorHandler(2, 'Cannot modify h...', 'D:\\laragon\\www\\...', 774)
#1 D:\laragon\www\method-oldagehome\system\HTTP\ResponseTrait.php(774): setcookie('ci_session', 'tl71rn85lcdj8tv...', Array)
#2 D:\laragon\www\method-oldagehome\system\HTTP\ResponseTrait.php(750): CodeIgniter\HTTP\Response->doSetCookie('ci_session', 'tl71rn85lcdj8tv...', Array)
#3 D:\laragon\www\method-oldagehome\system\HTTP\ResponseTrait.php(730): CodeIgniter\HTTP\Response->dispatchCookies()
#4 D:\laragon\www\method-oldagehome\system\HTTP\ResponseTrait.php(447): CodeIgniter\HTTP\Response->sendCookies()
#5 D:\laragon\www\method-oldagehome\system\Debug\ExceptionHandler.php(78): CodeIgniter\HTTP\Response->send()
#6 D:\laragon\www\method-oldagehome\system\Debug\Exceptions.php(147): CodeIgniter\Debug\ExceptionHandler->handle(Object(CodeIgniter\Exceptions\PageNotFoundException), Object(CodeIgniter\HTTP\IncomingRequest), Object(CodeIgniter\HTTP\Response), 404, 1)
#7 [internal function]: CodeIgniter\Debug\Exceptions->exceptionHandler(Object(CodeIgniter\Exceptions\PageNotFoundException))
#8 {main}
  thrown
【Previous Exception】
CodeIgniter\Exceptions\PageNotFoundException
Page Not Found
#0 D:\laragon\www\method-oldagehome\system\CodeIgniter.php(967): CodeIgniter\Exceptions\PageNotFoundException::forPageNotFound(NULL)
#1 D:\laragon\www\method-oldagehome\system\CodeIgniter.php(362): CodeIgniter\CodeIgniter->display404errors(Object(CodeIgniter\Exceptions\PageNotFoundException))
#2 D:\laragon\www\method-oldagehome\public\index.php(79): CodeIgniter\CodeIgniter->run()
#3 D:\laragon\www\method-oldagehome\system\Commands\Server\rewrite.php(47): require_once('D:\\laragon\\www\\...')
#4 {main}
in SYSTEMPATH\HTTP\ResponseTrait.php on line 774.
 1 [internal function]: CodeIgniter\Debug\Exceptions->shutdownHandler()
CRITICAL - 2024-11-13 05:54:41 --> Uncaught ErrorException: Cannot modify header information - headers already sent in D:\laragon\www\method-oldagehome\system\HTTP\ResponseTrait.php:774
Stack trace:
#0 [internal function]: CodeIgniter\Debug\Exceptions->errorHandler(2, 'Cannot modify h...', 'D:\\laragon\\www\\...', 774)
#1 D:\laragon\www\method-oldagehome\system\HTTP\ResponseTrait.php(774): setcookie('ci_session', 'rmo6aqosnhobj89...', Array)
#2 D:\laragon\www\method-oldagehome\system\HTTP\ResponseTrait.php(750): CodeIgniter\HTTP\Response->doSetCookie('ci_session', 'rmo6aqosnhobj89...', Array)
#3 D:\laragon\www\method-oldagehome\system\HTTP\ResponseTrait.php(730): CodeIgniter\HTTP\Response->dispatchCookies()
#4 D:\laragon\www\method-oldagehome\system\HTTP\ResponseTrait.php(447): CodeIgniter\HTTP\Response->sendCookies()
#5 D:\laragon\www\method-oldagehome\system\Debug\ExceptionHandler.php(78): CodeIgniter\HTTP\Response->send()
#6 D:\laragon\www\method-oldagehome\system\Debug\Exceptions.php(147): CodeIgniter\Debug\ExceptionHandler->handle(Object(CodeIgniter\Exceptions\PageNotFoundException), Object(CodeIgniter\HTTP\IncomingRequest), Object(CodeIgniter\HTTP\Response), 404, 1)
#7 [internal function]: CodeIgniter\Debug\Exceptions->exceptionHandler(Object(CodeIgniter\Exceptions\PageNotFoundException))
#8 {main}
  thrown
【Previous Exception】
CodeIgniter\Exceptions\PageNotFoundException
Page Not Found
#0 D:\laragon\www\method-oldagehome\system\CodeIgniter.php(967): CodeIgniter\Exceptions\PageNotFoundException::forPageNotFound(NULL)
#1 D:\laragon\www\method-oldagehome\system\CodeIgniter.php(362): CodeIgniter\CodeIgniter->display404errors(Object(CodeIgniter\Exceptions\PageNotFoundException))
#2 D:\laragon\www\method-oldagehome\public\index.php(79): CodeIgniter\CodeIgniter->run()
#3 D:\laragon\www\method-oldagehome\system\Commands\Server\rewrite.php(47): require_once('D:\\laragon\\www\\...')
#4 {main}
in SYSTEMPATH\HTTP\ResponseTrait.php on line 774.
 1 [internal function]: CodeIgniter\Debug\Exceptions->shutdownHandler()
CRITICAL - 2024-11-13 05:54:42 --> Uncaught ErrorException: Cannot modify header information - headers already sent in D:\laragon\www\method-oldagehome\system\HTTP\ResponseTrait.php:774
Stack trace:
#0 [internal function]: CodeIgniter\Debug\Exceptions->errorHandler(2, 'Cannot modify h...', 'D:\\laragon\\www\\...', 774)
#1 D:\laragon\www\method-oldagehome\system\HTTP\ResponseTrait.php(774): setcookie('ci_session', 'rmo6aqosnhobj89...', Array)
#2 D:\laragon\www\method-oldagehome\system\HTTP\ResponseTrait.php(750): CodeIgniter\HTTP\Response->doSetCookie('ci_session', 'rmo6aqosnhobj89...', Array)
#3 D:\laragon\www\method-oldagehome\system\HTTP\ResponseTrait.php(730): CodeIgniter\HTTP\Response->dispatchCookies()
#4 D:\laragon\www\method-oldagehome\system\HTTP\ResponseTrait.php(447): CodeIgniter\HTTP\Response->sendCookies()
#5 D:\laragon\www\method-oldagehome\system\Debug\ExceptionHandler.php(78): CodeIgniter\HTTP\Response->send()
#6 D:\laragon\www\method-oldagehome\system\Debug\Exceptions.php(147): CodeIgniter\Debug\ExceptionHandler->handle(Object(CodeIgniter\Exceptions\PageNotFoundException), Object(CodeIgniter\HTTP\IncomingRequest), Object(CodeIgniter\HTTP\Response), 404, 1)
#7 [internal function]: CodeIgniter\Debug\Exceptions->exceptionHandler(Object(CodeIgniter\Exceptions\PageNotFoundException))
#8 {main}
  thrown
【Previous Exception】
CodeIgniter\Exceptions\PageNotFoundException
Page Not Found
#0 D:\laragon\www\method-oldagehome\system\CodeIgniter.php(967): CodeIgniter\Exceptions\PageNotFoundException::forPageNotFound(NULL)
#1 D:\laragon\www\method-oldagehome\system\CodeIgniter.php(362): CodeIgniter\CodeIgniter->display404errors(Object(CodeIgniter\Exceptions\PageNotFoundException))
#2 D:\laragon\www\method-oldagehome\public\index.php(79): CodeIgniter\CodeIgniter->run()
#3 D:\laragon\www\method-oldagehome\system\Commands\Server\rewrite.php(47): require_once('D:\\laragon\\www\\...')
#4 {main}
in SYSTEMPATH\HTTP\ResponseTrait.php on line 774.
 1 [internal function]: CodeIgniter\Debug\Exceptions->shutdownHandler()
CRITICAL - 2024-11-13 05:54:43 --> Uncaught ErrorException: Cannot modify header information - headers already sent in D:\laragon\www\method-oldagehome\system\HTTP\ResponseTrait.php:774
Stack trace:
#0 [internal function]: CodeIgniter\Debug\Exceptions->errorHandler(2, 'Cannot modify h...', 'D:\\laragon\\www\\...', 774)
#1 D:\laragon\www\method-oldagehome\system\HTTP\ResponseTrait.php(774): setcookie('ci_session', 'rmo6aqosnhobj89...', Array)
#2 D:\laragon\www\method-oldagehome\system\HTTP\ResponseTrait.php(750): CodeIgniter\HTTP\Response->doSetCookie('ci_session', 'rmo6aqosnhobj89...', Array)
#3 D:\laragon\www\method-oldagehome\system\HTTP\ResponseTrait.php(730): CodeIgniter\HTTP\Response->dispatchCookies()
#4 D:\laragon\www\method-oldagehome\system\HTTP\ResponseTrait.php(447): CodeIgniter\HTTP\Response->sendCookies()
#5 D:\laragon\www\method-oldagehome\system\Debug\ExceptionHandler.php(78): CodeIgniter\HTTP\Response->send()
#6 D:\laragon\www\method-oldagehome\system\Debug\Exceptions.php(147): CodeIgniter\Debug\ExceptionHandler->handle(Object(CodeIgniter\Exceptions\PageNotFoundException), Object(CodeIgniter\HTTP\IncomingRequest), Object(CodeIgniter\HTTP\Response), 404, 1)
#7 [internal function]: CodeIgniter\Debug\Exceptions->exceptionHandler(Object(CodeIgniter\Exceptions\PageNotFoundException))
#8 {main}
  thrown
【Previous Exception】
CodeIgniter\Exceptions\PageNotFoundException
Page Not Found
#0 D:\laragon\www\method-oldagehome\system\CodeIgniter.php(967): CodeIgniter\Exceptions\PageNotFoundException::forPageNotFound(NULL)
#1 D:\laragon\www\method-oldagehome\system\CodeIgniter.php(362): CodeIgniter\CodeIgniter->display404errors(Object(CodeIgniter\Exceptions\PageNotFoundException))
#2 D:\laragon\www\method-oldagehome\public\index.php(79): CodeIgniter\CodeIgniter->run()
#3 D:\laragon\www\method-oldagehome\system\Commands\Server\rewrite.php(47): require_once('D:\\laragon\\www\\...')
#4 {main}
in SYSTEMPATH\HTTP\ResponseTrait.php on line 774.
 1 [internal function]: CodeIgniter\Debug\Exceptions->shutdownHandler()
CRITICAL - 2024-11-13 05:54:44 --> Uncaught ErrorException: Cannot modify header information - headers already sent in D:\laragon\www\method-oldagehome\system\HTTP\ResponseTrait.php:774
Stack trace:
#0 [internal function]: CodeIgniter\Debug\Exceptions->errorHandler(2, 'Cannot modify h...', 'D:\\laragon\\www\\...', 774)
#1 D:\laragon\www\method-oldagehome\system\HTTP\ResponseTrait.php(774): setcookie('ci_session', 'rmo6aqosnhobj89...', Array)
#2 D:\laragon\www\method-oldagehome\system\HTTP\ResponseTrait.php(750): CodeIgniter\HTTP\Response->doSetCookie('ci_session', 'rmo6aqosnhobj89...', Array)
#3 D:\laragon\www\method-oldagehome\system\HTTP\ResponseTrait.php(730): CodeIgniter\HTTP\Response->dispatchCookies()
#4 D:\laragon\www\method-oldagehome\system\HTTP\ResponseTrait.php(447): CodeIgniter\HTTP\Response->sendCookies()
#5 D:\laragon\www\method-oldagehome\system\Debug\ExceptionHandler.php(78): CodeIgniter\HTTP\Response->send()
#6 D:\laragon\www\method-oldagehome\system\Debug\Exceptions.php(147): CodeIgniter\Debug\ExceptionHandler->handle(Object(CodeIgniter\Exceptions\PageNotFoundException), Object(CodeIgniter\HTTP\IncomingRequest), Object(CodeIgniter\HTTP\Response), 404, 1)
#7 [internal function]: CodeIgniter\Debug\Exceptions->exceptionHandler(Object(CodeIgniter\Exceptions\PageNotFoundException))
#8 {main}
  thrown
【Previous Exception】
CodeIgniter\Exceptions\PageNotFoundException
Page Not Found
#0 D:\laragon\www\method-oldagehome\system\CodeIgniter.php(967): CodeIgniter\Exceptions\PageNotFoundException::forPageNotFound(NULL)
#1 D:\laragon\www\method-oldagehome\system\CodeIgniter.php(362): CodeIgniter\CodeIgniter->display404errors(Object(CodeIgniter\Exceptions\PageNotFoundException))
#2 D:\laragon\www\method-oldagehome\public\index.php(79): CodeIgniter\CodeIgniter->run()
#3 D:\laragon\www\method-oldagehome\system\Commands\Server\rewrite.php(47): require_once('D:\\laragon\\www\\...')
#4 {main}
in SYSTEMPATH\HTTP\ResponseTrait.php on line 774.
 1 [internal function]: CodeIgniter\Debug\Exceptions->shutdownHandler()
CRITICAL - 2024-11-13 05:54:45 --> Uncaught ErrorException: Cannot modify header information - headers already sent in D:\laragon\www\method-oldagehome\system\HTTP\ResponseTrait.php:774
Stack trace:
#0 [internal function]: CodeIgniter\Debug\Exceptions->errorHandler(2, 'Cannot modify h...', 'D:\\laragon\\www\\...', 774)
#1 D:\laragon\www\method-oldagehome\system\HTTP\ResponseTrait.php(774): setcookie('ci_session', 'rmo6aqosnhobj89...', Array)
#2 D:\laragon\www\method-oldagehome\system\HTTP\ResponseTrait.php(750): CodeIgniter\HTTP\Response->doSetCookie('ci_session', 'rmo6aqosnhobj89...', Array)
#3 D:\laragon\www\method-oldagehome\system\HTTP\ResponseTrait.php(730): CodeIgniter\HTTP\Response->dispatchCookies()
#4 D:\laragon\www\method-oldagehome\system\HTTP\ResponseTrait.php(447): CodeIgniter\HTTP\Response->sendCookies()
#5 D:\laragon\www\method-oldagehome\system\Debug\ExceptionHandler.php(78): CodeIgniter\HTTP\Response->send()
#6 D:\laragon\www\method-oldagehome\system\Debug\Exceptions.php(147): CodeIgniter\Debug\ExceptionHandler->handle(Object(CodeIgniter\Exceptions\PageNotFoundException), Object(CodeIgniter\HTTP\IncomingRequest), Object(CodeIgniter\HTTP\Response), 404, 1)
#7 [internal function]: CodeIgniter\Debug\Exceptions->exceptionHandler(Object(CodeIgniter\Exceptions\PageNotFoundException))
#8 {main}
  thrown
【Previous Exception】
CodeIgniter\Exceptions\PageNotFoundException
Page Not Found
#0 D:\laragon\www\method-oldagehome\system\CodeIgniter.php(967): CodeIgniter\Exceptions\PageNotFoundException::forPageNotFound(NULL)
#1 D:\laragon\www\method-oldagehome\system\CodeIgniter.php(362): CodeIgniter\CodeIgniter->display404errors(Object(CodeIgniter\Exceptions\PageNotFoundException))
#2 D:\laragon\www\method-oldagehome\public\index.php(79): CodeIgniter\CodeIgniter->run()
#3 D:\laragon\www\method-oldagehome\system\Commands\Server\rewrite.php(47): require_once('D:\\laragon\\www\\...')
#4 {main}
in SYSTEMPATH\HTTP\ResponseTrait.php on line 774.
 1 [internal function]: CodeIgniter\Debug\Exceptions->shutdownHandler()
CRITICAL - 2024-11-13 05:54:46 --> Uncaught ErrorException: Cannot modify header information - headers already sent in D:\laragon\www\method-oldagehome\system\HTTP\ResponseTrait.php:774
Stack trace:
#0 [internal function]: CodeIgniter\Debug\Exceptions->errorHandler(2, 'Cannot modify h...', 'D:\\laragon\\www\\...', 774)
#1 D:\laragon\www\method-oldagehome\system\HTTP\ResponseTrait.php(774): setcookie('ci_session', 'rmo6aqosnhobj89...', Array)
#2 D:\laragon\www\method-oldagehome\system\HTTP\ResponseTrait.php(750): CodeIgniter\HTTP\Response->doSetCookie('ci_session', 'rmo6aqosnhobj89...', Array)
#3 D:\laragon\www\method-oldagehome\system\HTTP\ResponseTrait.php(730): CodeIgniter\HTTP\Response->dispatchCookies()
#4 D:\laragon\www\method-oldagehome\system\HTTP\ResponseTrait.php(447): CodeIgniter\HTTP\Response->sendCookies()
#5 D:\laragon\www\method-oldagehome\system\Debug\ExceptionHandler.php(78): CodeIgniter\HTTP\Response->send()
#6 D:\laragon\www\method-oldagehome\system\Debug\Exceptions.php(147): CodeIgniter\Debug\ExceptionHandler->handle(Object(CodeIgniter\Exceptions\PageNotFoundException), Object(CodeIgniter\HTTP\IncomingRequest), Object(CodeIgniter\HTTP\Response), 404, 1)
#7 [internal function]: CodeIgniter\Debug\Exceptions->exceptionHandler(Object(CodeIgniter\Exceptions\PageNotFoundException))
#8 {main}
  thrown
【Previous Exception】
CodeIgniter\Exceptions\PageNotFoundException
Page Not Found
#0 D:\laragon\www\method-oldagehome\system\CodeIgniter.php(967): CodeIgniter\Exceptions\PageNotFoundException::forPageNotFound(NULL)
#1 D:\laragon\www\method-oldagehome\system\CodeIgniter.php(362): CodeIgniter\CodeIgniter->display404errors(Object(CodeIgniter\Exceptions\PageNotFoundException))
#2 D:\laragon\www\method-oldagehome\public\index.php(79): CodeIgniter\CodeIgniter->run()
#3 D:\laragon\www\method-oldagehome\system\Commands\Server\rewrite.php(47): require_once('D:\\laragon\\www\\...')
#4 {main}
in SYSTEMPATH\HTTP\ResponseTrait.php on line 774.
 1 [internal function]: CodeIgniter\Debug\Exceptions->shutdownHandler()
CRITICAL - 2024-11-13 05:54:47 --> Uncaught ErrorException: Cannot modify header information - headers already sent in D:\laragon\www\method-oldagehome\system\HTTP\ResponseTrait.php:774
Stack trace:
#0 [internal function]: CodeIgniter\Debug\Exceptions->errorHandler(2, 'Cannot modify h...', 'D:\\laragon\\www\\...', 774)
#1 D:\laragon\www\method-oldagehome\system\HTTP\ResponseTrait.php(774): setcookie('ci_session', 'rmo6aqosnhobj89...', Array)
#2 D:\laragon\www\method-oldagehome\system\HTTP\ResponseTrait.php(750): CodeIgniter\HTTP\Response->doSetCookie('ci_session', 'rmo6aqosnhobj89...', Array)
#3 D:\laragon\www\method-oldagehome\system\HTTP\ResponseTrait.php(730): CodeIgniter\HTTP\Response->dispatchCookies()
#4 D:\laragon\www\method-oldagehome\system\HTTP\ResponseTrait.php(447): CodeIgniter\HTTP\Response->sendCookies()
#5 D:\laragon\www\method-oldagehome\system\Debug\ExceptionHandler.php(78): CodeIgniter\HTTP\Response->send()
#6 D:\laragon\www\method-oldagehome\system\Debug\Exceptions.php(147): CodeIgniter\Debug\ExceptionHandler->handle(Object(CodeIgniter\Exceptions\PageNotFoundException), Object(CodeIgniter\HTTP\IncomingRequest), Object(CodeIgniter\HTTP\Response), 404, 1)
#7 [internal function]: CodeIgniter\Debug\Exceptions->exceptionHandler(Object(CodeIgniter\Exceptions\PageNotFoundException))
#8 {main}
  thrown
【Previous Exception】
CodeIgniter\Exceptions\PageNotFoundException
Page Not Found
#0 D:\laragon\www\method-oldagehome\system\CodeIgniter.php(967): CodeIgniter\Exceptions\PageNotFoundException::forPageNotFound(NULL)
#1 D:\laragon\www\method-oldagehome\system\CodeIgniter.php(362): CodeIgniter\CodeIgniter->display404errors(Object(CodeIgniter\Exceptions\PageNotFoundException))
#2 D:\laragon\www\method-oldagehome\public\index.php(79): CodeIgniter\CodeIgniter->run()
#3 D:\laragon\www\method-oldagehome\system\Commands\Server\rewrite.php(47): require_once('D:\\laragon\\www\\...')
#4 {main}
in SYSTEMPATH\HTTP\ResponseTrait.php on line 774.
 1 [internal function]: CodeIgniter\Debug\Exceptions->shutdownHandler()
CRITICAL - 2024-11-13 05:54:48 --> Uncaught ErrorException: Cannot modify header information - headers already sent in D:\laragon\www\method-oldagehome\system\HTTP\ResponseTrait.php:774
Stack trace:
#0 [internal function]: CodeIgniter\Debug\Exceptions->errorHandler(2, 'Cannot modify h...', 'D:\\laragon\\www\\...', 774)
#1 D:\laragon\www\method-oldagehome\system\HTTP\ResponseTrait.php(774): setcookie('ci_session', 'rmo6aqosnhobj89...', Array)
#2 D:\laragon\www\method-oldagehome\system\HTTP\ResponseTrait.php(750): CodeIgniter\HTTP\Response->doSetCookie('ci_session', 'rmo6aqosnhobj89...', Array)
#3 D:\laragon\www\method-oldagehome\system\HTTP\ResponseTrait.php(730): CodeIgniter\HTTP\Response->dispatchCookies()
#4 D:\laragon\www\method-oldagehome\system\HTTP\ResponseTrait.php(447): CodeIgniter\HTTP\Response->sendCookies()
#5 D:\laragon\www\method-oldagehome\system\Debug\ExceptionHandler.php(78): CodeIgniter\HTTP\Response->send()
#6 D:\laragon\www\method-oldagehome\system\Debug\Exceptions.php(147): CodeIgniter\Debug\ExceptionHandler->handle(Object(CodeIgniter\Exceptions\PageNotFoundException), Object(CodeIgniter\HTTP\IncomingRequest), Object(CodeIgniter\HTTP\Response), 404, 1)
#7 [internal function]: CodeIgniter\Debug\Exceptions->exceptionHandler(Object(CodeIgniter\Exceptions\PageNotFoundException))
#8 {main}
  thrown
【Previous Exception】
CodeIgniter\Exceptions\PageNotFoundException
Page Not Found
#0 D:\laragon\www\method-oldagehome\system\CodeIgniter.php(967): CodeIgniter\Exceptions\PageNotFoundException::forPageNotFound(NULL)
#1 D:\laragon\www\method-oldagehome\system\CodeIgniter.php(362): CodeIgniter\CodeIgniter->display404errors(Object(CodeIgniter\Exceptions\PageNotFoundException))
#2 D:\laragon\www\method-oldagehome\public\index.php(79): CodeIgniter\CodeIgniter->run()
#3 D:\laragon\www\method-oldagehome\system\Commands\Server\rewrite.php(47): require_once('D:\\laragon\\www\\...')
#4 {main}
in SYSTEMPATH\HTTP\ResponseTrait.php on line 774.
 1 [internal function]: CodeIgniter\Debug\Exceptions->shutdownHandler()
CRITICAL - 2024-11-13 05:54:49 --> Uncaught ErrorException: Cannot modify header information - headers already sent in D:\laragon\www\method-oldagehome\system\HTTP\ResponseTrait.php:774
Stack trace:
#0 [internal function]: CodeIgniter\Debug\Exceptions->errorHandler(2, 'Cannot modify h...', 'D:\\laragon\\www\\...', 774)
#1 D:\laragon\www\method-oldagehome\system\HTTP\ResponseTrait.php(774): setcookie('ci_session', 'rmo6aqosnhobj89...', Array)
#2 D:\laragon\www\method-oldagehome\system\HTTP\ResponseTrait.php(750): CodeIgniter\HTTP\Response->doSetCookie('ci_session', 'rmo6aqosnhobj89...', Array)
#3 D:\laragon\www\method-oldagehome\system\HTTP\ResponseTrait.php(730): CodeIgniter\HTTP\Response->dispatchCookies()
#4 D:\laragon\www\method-oldagehome\system\HTTP\ResponseTrait.php(447): CodeIgniter\HTTP\Response->sendCookies()
#5 D:\laragon\www\method-oldagehome\system\Debug\ExceptionHandler.php(78): CodeIgniter\HTTP\Response->send()
#6 D:\laragon\www\method-oldagehome\system\Debug\Exceptions.php(147): CodeIgniter\Debug\ExceptionHandler->handle(Object(CodeIgniter\Exceptions\PageNotFoundException), Object(CodeIgniter\HTTP\IncomingRequest), Object(CodeIgniter\HTTP\Response), 404, 1)
#7 [internal function]: CodeIgniter\Debug\Exceptions->exceptionHandler(Object(CodeIgniter\Exceptions\PageNotFoundException))
#8 {main}
  thrown
【Previous Exception】
CodeIgniter\Exceptions\PageNotFoundException
Page Not Found
#0 D:\laragon\www\method-oldagehome\system\CodeIgniter.php(967): CodeIgniter\Exceptions\PageNotFoundException::forPageNotFound(NULL)
#1 D:\laragon\www\method-oldagehome\system\CodeIgniter.php(362): CodeIgniter\CodeIgniter->display404errors(Object(CodeIgniter\Exceptions\PageNotFoundException))
#2 D:\laragon\www\method-oldagehome\public\index.php(79): CodeIgniter\CodeIgniter->run()
#3 D:\laragon\www\method-oldagehome\system\Commands\Server\rewrite.php(47): require_once('D:\\laragon\\www\\...')
#4 {main}
in SYSTEMPATH\HTTP\ResponseTrait.php on line 774.
 1 [internal function]: CodeIgniter\Debug\Exceptions->shutdownHandler()
CRITICAL - 2024-11-13 05:54:50 --> Uncaught ErrorException: Cannot modify header information - headers already sent in D:\laragon\www\method-oldagehome\system\HTTP\ResponseTrait.php:774
Stack trace:
#0 [internal function]: CodeIgniter\Debug\Exceptions->errorHandler(2, 'Cannot modify h...', 'D:\\laragon\\www\\...', 774)
#1 D:\laragon\www\method-oldagehome\system\HTTP\ResponseTrait.php(774): setcookie('ci_session', 'rmo6aqosnhobj89...', Array)
#2 D:\laragon\www\method-oldagehome\system\HTTP\ResponseTrait.php(750): CodeIgniter\HTTP\Response->doSetCookie('ci_session', 'rmo6aqosnhobj89...', Array)
#3 D:\laragon\www\method-oldagehome\system\HTTP\ResponseTrait.php(730): CodeIgniter\HTTP\Response->dispatchCookies()
#4 D:\laragon\www\method-oldagehome\system\HTTP\ResponseTrait.php(447): CodeIgniter\HTTP\Response->sendCookies()
#5 D:\laragon\www\method-oldagehome\system\Debug\ExceptionHandler.php(78): CodeIgniter\HTTP\Response->send()
#6 D:\laragon\www\method-oldagehome\system\Debug\Exceptions.php(147): CodeIgniter\Debug\ExceptionHandler->handle(Object(CodeIgniter\Exceptions\PageNotFoundException), Object(CodeIgniter\HTTP\IncomingRequest), Object(CodeIgniter\HTTP\Response), 404, 1)
#7 [internal function]: CodeIgniter\Debug\Exceptions->exceptionHandler(Object(CodeIgniter\Exceptions\PageNotFoundException))
#8 {main}
  thrown
【Previous Exception】
CodeIgniter\Exceptions\PageNotFoundException
Page Not Found
#0 D:\laragon\www\method-oldagehome\system\CodeIgniter.php(967): CodeIgniter\Exceptions\PageNotFoundException::forPageNotFound(NULL)
#1 D:\laragon\www\method-oldagehome\system\CodeIgniter.php(362): CodeIgniter\CodeIgniter->display404errors(Object(CodeIgniter\Exceptions\PageNotFoundException))
#2 D:\laragon\www\method-oldagehome\public\index.php(79): CodeIgniter\CodeIgniter->run()
#3 D:\laragon\www\method-oldagehome\system\Commands\Server\rewrite.php(47): require_once('D:\\laragon\\www\\...')
#4 {main}
in SYSTEMPATH\HTTP\ResponseTrait.php on line 774.
 1 [internal function]: CodeIgniter\Debug\Exceptions->shutdownHandler()
CRITICAL - 2024-11-13 05:54:51 --> Uncaught ErrorException: Cannot modify header information - headers already sent in D:\laragon\www\method-oldagehome\system\HTTP\ResponseTrait.php:774
Stack trace:
#0 [internal function]: CodeIgniter\Debug\Exceptions->errorHandler(2, 'Cannot modify h...', 'D:\\laragon\\www\\...', 774)
#1 D:\laragon\www\method-oldagehome\system\HTTP\ResponseTrait.php(774): setcookie('ci_session', 'rmo6aqosnhobj89...', Array)
#2 D:\laragon\www\method-oldagehome\system\HTTP\ResponseTrait.php(750): CodeIgniter\HTTP\Response->doSetCookie('ci_session', 'rmo6aqosnhobj89...', Array)
#3 D:\laragon\www\method-oldagehome\system\HTTP\ResponseTrait.php(730): CodeIgniter\HTTP\Response->dispatchCookies()
#4 D:\laragon\www\method-oldagehome\system\HTTP\ResponseTrait.php(447): CodeIgniter\HTTP\Response->sendCookies()
#5 D:\laragon\www\method-oldagehome\system\Debug\ExceptionHandler.php(78): CodeIgniter\HTTP\Response->send()
#6 D:\laragon\www\method-oldagehome\system\Debug\Exceptions.php(147): CodeIgniter\Debug\ExceptionHandler->handle(Object(CodeIgniter\Exceptions\PageNotFoundException), Object(CodeIgniter\HTTP\IncomingRequest), Object(CodeIgniter\HTTP\Response), 404, 1)
#7 [internal function]: CodeIgniter\Debug\Exceptions->exceptionHandler(Object(CodeIgniter\Exceptions\PageNotFoundException))
#8 {main}
  thrown
【Previous Exception】
CodeIgniter\Exceptions\PageNotFoundException
Page Not Found
#0 D:\laragon\www\method-oldagehome\system\CodeIgniter.php(967): CodeIgniter\Exceptions\PageNotFoundException::forPageNotFound(NULL)
#1 D:\laragon\www\method-oldagehome\system\CodeIgniter.php(362): CodeIgniter\CodeIgniter->display404errors(Object(CodeIgniter\Exceptions\PageNotFoundException))
#2 D:\laragon\www\method-oldagehome\public\index.php(79): CodeIgniter\CodeIgniter->run()
#3 D:\laragon\www\method-oldagehome\system\Commands\Server\rewrite.php(47): require_once('D:\\laragon\\www\\...')
#4 {main}
in SYSTEMPATH\HTTP\ResponseTrait.php on line 774.
 1 [internal function]: CodeIgniter\Debug\Exceptions->shutdownHandler()
CRITICAL - 2024-11-13 05:54:52 --> Uncaught ErrorException: Cannot modify header information - headers already sent in D:\laragon\www\method-oldagehome\system\HTTP\ResponseTrait.php:774
Stack trace:
#0 [internal function]: CodeIgniter\Debug\Exceptions->errorHandler(2, 'Cannot modify h...', 'D:\\laragon\\www\\...', 774)
#1 D:\laragon\www\method-oldagehome\system\HTTP\ResponseTrait.php(774): setcookie('ci_session', 'rmo6aqosnhobj89...', Array)
#2 D:\laragon\www\method-oldagehome\system\HTTP\ResponseTrait.php(750): CodeIgniter\HTTP\Response->doSetCookie('ci_session', 'rmo6aqosnhobj89...', Array)
#3 D:\laragon\www\method-oldagehome\system\HTTP\ResponseTrait.php(730): CodeIgniter\HTTP\Response->dispatchCookies()
#4 D:\laragon\www\method-oldagehome\system\HTTP\ResponseTrait.php(447): CodeIgniter\HTTP\Response->sendCookies()
#5 D:\laragon\www\method-oldagehome\system\Debug\ExceptionHandler.php(78): CodeIgniter\HTTP\Response->send()
#6 D:\laragon\www\method-oldagehome\system\Debug\Exceptions.php(147): CodeIgniter\Debug\ExceptionHandler->handle(Object(CodeIgniter\Exceptions\PageNotFoundException), Object(CodeIgniter\HTTP\IncomingRequest), Object(CodeIgniter\HTTP\Response), 404, 1)
#7 [internal function]: CodeIgniter\Debug\Exceptions->exceptionHandler(Object(CodeIgniter\Exceptions\PageNotFoundException))
#8 {main}
  thrown
【Previous Exception】
CodeIgniter\Exceptions\PageNotFoundException
Page Not Found
#0 D:\laragon\www\method-oldagehome\system\CodeIgniter.php(967): CodeIgniter\Exceptions\PageNotFoundException::forPageNotFound(NULL)
#1 D:\laragon\www\method-oldagehome\system\CodeIgniter.php(362): CodeIgniter\CodeIgniter->display404errors(Object(CodeIgniter\Exceptions\PageNotFoundException))
#2 D:\laragon\www\method-oldagehome\public\index.php(79): CodeIgniter\CodeIgniter->run()
#3 D:\laragon\www\method-oldagehome\system\Commands\Server\rewrite.php(47): require_once('D:\\laragon\\www\\...')
#4 {main}
in SYSTEMPATH\HTTP\ResponseTrait.php on line 774.
 1 [internal function]: CodeIgniter\Debug\Exceptions->shutdownHandler()
CRITICAL - 2024-11-13 05:54:53 --> Uncaught ErrorException: Cannot modify header information - headers already sent in D:\laragon\www\method-oldagehome\system\HTTP\ResponseTrait.php:774
Stack trace:
#0 [internal function]: CodeIgniter\Debug\Exceptions->errorHandler(2, 'Cannot modify h...', 'D:\\laragon\\www\\...', 774)
#1 D:\laragon\www\method-oldagehome\system\HTTP\ResponseTrait.php(774): setcookie('ci_session', 'rmo6aqosnhobj89...', Array)
#2 D:\laragon\www\method-oldagehome\system\HTTP\ResponseTrait.php(750): CodeIgniter\HTTP\Response->doSetCookie('ci_session', 'rmo6aqosnhobj89...', Array)
#3 D:\laragon\www\method-oldagehome\system\HTTP\ResponseTrait.php(730): CodeIgniter\HTTP\Response->dispatchCookies()
#4 D:\laragon\www\method-oldagehome\system\HTTP\ResponseTrait.php(447): CodeIgniter\HTTP\Response->sendCookies()
#5 D:\laragon\www\method-oldagehome\system\Debug\ExceptionHandler.php(78): CodeIgniter\HTTP\Response->send()
#6 D:\laragon\www\method-oldagehome\system\Debug\Exceptions.php(147): CodeIgniter\Debug\ExceptionHandler->handle(Object(CodeIgniter\Exceptions\PageNotFoundException), Object(CodeIgniter\HTTP\IncomingRequest), Object(CodeIgniter\HTTP\Response), 404, 1)
#7 [internal function]: CodeIgniter\Debug\Exceptions->exceptionHandler(Object(CodeIgniter\Exceptions\PageNotFoundException))
#8 {main}
  thrown
【Previous Exception】
CodeIgniter\Exceptions\PageNotFoundException
Page Not Found
#0 D:\laragon\www\method-oldagehome\system\CodeIgniter.php(967): CodeIgniter\Exceptions\PageNotFoundException::forPageNotFound(NULL)
#1 D:\laragon\www\method-oldagehome\system\CodeIgniter.php(362): CodeIgniter\CodeIgniter->display404errors(Object(CodeIgniter\Exceptions\PageNotFoundException))
#2 D:\laragon\www\method-oldagehome\public\index.php(79): CodeIgniter\CodeIgniter->run()
#3 D:\laragon\www\method-oldagehome\system\Commands\Server\rewrite.php(47): require_once('D:\\laragon\\www\\...')
#4 {main}
in SYSTEMPATH\HTTP\ResponseTrait.php on line 774.
 1 [internal function]: CodeIgniter\Debug\Exceptions->shutdownHandler()
CRITICAL - 2024-11-13 05:54:54 --> Uncaught ErrorException: Cannot modify header information - headers already sent in D:\laragon\www\method-oldagehome\system\HTTP\ResponseTrait.php:774
Stack trace:
#0 [internal function]: CodeIgniter\Debug\Exceptions->errorHandler(2, 'Cannot modify h...', 'D:\\laragon\\www\\...', 774)
#1 D:\laragon\www\method-oldagehome\system\HTTP\ResponseTrait.php(774): setcookie('ci_session', 'rmo6aqosnhobj89...', Array)
#2 D:\laragon\www\method-oldagehome\system\HTTP\ResponseTrait.php(750): CodeIgniter\HTTP\Response->doSetCookie('ci_session', 'rmo6aqosnhobj89...', Array)
#3 D:\laragon\www\method-oldagehome\system\HTTP\ResponseTrait.php(730): CodeIgniter\HTTP\Response->dispatchCookies()
#4 D:\laragon\www\method-oldagehome\system\HTTP\ResponseTrait.php(447): CodeIgniter\HTTP\Response->sendCookies()
#5 D:\laragon\www\method-oldagehome\system\Debug\ExceptionHandler.php(78): CodeIgniter\HTTP\Response->send()
#6 D:\laragon\www\method-oldagehome\system\Debug\Exceptions.php(147): CodeIgniter\Debug\ExceptionHandler->handle(Object(CodeIgniter\Exceptions\PageNotFoundException), Object(CodeIgniter\HTTP\IncomingRequest), Object(CodeIgniter\HTTP\Response), 404, 1)
#7 [internal function]: CodeIgniter\Debug\Exceptions->exceptionHandler(Object(CodeIgniter\Exceptions\PageNotFoundException))
#8 {main}
  thrown
【Previous Exception】
CodeIgniter\Exceptions\PageNotFoundException
Page Not Found
#0 D:\laragon\www\method-oldagehome\system\CodeIgniter.php(967): CodeIgniter\Exceptions\PageNotFoundException::forPageNotFound(NULL)
#1 D:\laragon\www\method-oldagehome\system\CodeIgniter.php(362): CodeIgniter\CodeIgniter->display404errors(Object(CodeIgniter\Exceptions\PageNotFoundException))
#2 D:\laragon\www\method-oldagehome\public\index.php(79): CodeIgniter\CodeIgniter->run()
#3 D:\laragon\www\method-oldagehome\system\Commands\Server\rewrite.php(47): require_once('D:\\laragon\\www\\...')
#4 {main}
in SYSTEMPATH\HTTP\ResponseTrait.php on line 774.
 1 [internal function]: CodeIgniter\Debug\Exceptions->shutdownHandler()
CRITICAL - 2024-11-13 05:54:55 --> Uncaught ErrorException: Cannot modify header information - headers already sent in D:\laragon\www\method-oldagehome\system\HTTP\ResponseTrait.php:774
Stack trace:
#0 [internal function]: CodeIgniter\Debug\Exceptions->errorHandler(2, 'Cannot modify h...', 'D:\\laragon\\www\\...', 774)
#1 D:\laragon\www\method-oldagehome\system\HTTP\ResponseTrait.php(774): setcookie('ci_session', 'rmo6aqosnhobj89...', Array)
#2 D:\laragon\www\method-oldagehome\system\HTTP\ResponseTrait.php(750): CodeIgniter\HTTP\Response->doSetCookie('ci_session', 'rmo6aqosnhobj89...', Array)
#3 D:\laragon\www\method-oldagehome\system\HTTP\ResponseTrait.php(730): CodeIgniter\HTTP\Response->dispatchCookies()
#4 D:\laragon\www\method-oldagehome\system\HTTP\ResponseTrait.php(447): CodeIgniter\HTTP\Response->sendCookies()
#5 D:\laragon\www\method-oldagehome\system\Debug\ExceptionHandler.php(78): CodeIgniter\HTTP\Response->send()
#6 D:\laragon\www\method-oldagehome\system\Debug\Exceptions.php(147): CodeIgniter\Debug\ExceptionHandler->handle(Object(CodeIgniter\Exceptions\PageNotFoundException), Object(CodeIgniter\HTTP\IncomingRequest), Object(CodeIgniter\HTTP\Response), 404, 1)
#7 [internal function]: CodeIgniter\Debug\Exceptions->exceptionHandler(Object(CodeIgniter\Exceptions\PageNotFoundException))
#8 {main}
  thrown
【Previous Exception】
CodeIgniter\Exceptions\PageNotFoundException
Page Not Found
#0 D:\laragon\www\method-oldagehome\system\CodeIgniter.php(967): CodeIgniter\Exceptions\PageNotFoundException::forPageNotFound(NULL)
#1 D:\laragon\www\method-oldagehome\system\CodeIgniter.php(362): CodeIgniter\CodeIgniter->display404errors(Object(CodeIgniter\Exceptions\PageNotFoundException))
#2 D:\laragon\www\method-oldagehome\public\index.php(79): CodeIgniter\CodeIgniter->run()
#3 D:\laragon\www\method-oldagehome\system\Commands\Server\rewrite.php(47): require_once('D:\\laragon\\www\\...')
#4 {main}
in SYSTEMPATH\HTTP\ResponseTrait.php on line 774.
 1 [internal function]: CodeIgniter\Debug\Exceptions->shutdownHandler()
CRITICAL - 2024-11-13 05:54:56 --> Uncaught ErrorException: Cannot modify header information - headers already sent in D:\laragon\www\method-oldagehome\system\HTTP\ResponseTrait.php:774
Stack trace:
#0 [internal function]: CodeIgniter\Debug\Exceptions->errorHandler(2, 'Cannot modify h...', 'D:\\laragon\\www\\...', 774)
#1 D:\laragon\www\method-oldagehome\system\HTTP\ResponseTrait.php(774): setcookie('ci_session', 'rmo6aqosnhobj89...', Array)
#2 D:\laragon\www\method-oldagehome\system\HTTP\ResponseTrait.php(750): CodeIgniter\HTTP\Response->doSetCookie('ci_session', 'rmo6aqosnhobj89...', Array)
#3 D:\laragon\www\method-oldagehome\system\HTTP\ResponseTrait.php(730): CodeIgniter\HTTP\Response->dispatchCookies()
#4 D:\laragon\www\method-oldagehome\system\HTTP\ResponseTrait.php(447): CodeIgniter\HTTP\Response->sendCookies()
#5 D:\laragon\www\method-oldagehome\system\Debug\ExceptionHandler.php(78): CodeIgniter\HTTP\Response->send()
#6 D:\laragon\www\method-oldagehome\system\Debug\Exceptions.php(147): CodeIgniter\Debug\ExceptionHandler->handle(Object(CodeIgniter\Exceptions\PageNotFoundException), Object(CodeIgniter\HTTP\IncomingRequest), Object(CodeIgniter\HTTP\Response), 404, 1)
#7 [internal function]: CodeIgniter\Debug\Exceptions->exceptionHandler(Object(CodeIgniter\Exceptions\PageNotFoundException))
#8 {main}
  thrown
【Previous Exception】
CodeIgniter\Exceptions\PageNotFoundException
Page Not Found
#0 D:\laragon\www\method-oldagehome\system\CodeIgniter.php(967): CodeIgniter\Exceptions\PageNotFoundException::forPageNotFound(NULL)
#1 D:\laragon\www\method-oldagehome\system\CodeIgniter.php(362): CodeIgniter\CodeIgniter->display404errors(Object(CodeIgniter\Exceptions\PageNotFoundException))
#2 D:\laragon\www\method-oldagehome\public\index.php(79): CodeIgniter\CodeIgniter->run()
#3 D:\laragon\www\method-oldagehome\system\Commands\Server\rewrite.php(47): require_once('D:\\laragon\\www\\...')
#4 {main}
in SYSTEMPATH\HTTP\ResponseTrait.php on line 774.
 1 [internal function]: CodeIgniter\Debug\Exceptions->shutdownHandler()
CRITICAL - 2024-11-13 05:54:57 --> Uncaught ErrorException: Cannot modify header information - headers already sent in D:\laragon\www\method-oldagehome\system\HTTP\ResponseTrait.php:774
Stack trace:
#0 [internal function]: CodeIgniter\Debug\Exceptions->errorHandler(2, 'Cannot modify h...', 'D:\\laragon\\www\\...', 774)
#1 D:\laragon\www\method-oldagehome\system\HTTP\ResponseTrait.php(774): setcookie('ci_session', 'rmo6aqosnhobj89...', Array)
#2 D:\laragon\www\method-oldagehome\system\HTTP\ResponseTrait.php(750): CodeIgniter\HTTP\Response->doSetCookie('ci_session', 'rmo6aqosnhobj89...', Array)
#3 D:\laragon\www\method-oldagehome\system\HTTP\ResponseTrait.php(730): CodeIgniter\HTTP\Response->dispatchCookies()
#4 D:\laragon\www\method-oldagehome\system\HTTP\ResponseTrait.php(447): CodeIgniter\HTTP\Response->sendCookies()
#5 D:\laragon\www\method-oldagehome\system\Debug\ExceptionHandler.php(78): CodeIgniter\HTTP\Response->send()
#6 D:\laragon\www\method-oldagehome\system\Debug\Exceptions.php(147): CodeIgniter\Debug\ExceptionHandler->handle(Object(CodeIgniter\Exceptions\PageNotFoundException), Object(CodeIgniter\HTTP\IncomingRequest), Object(CodeIgniter\HTTP\Response), 404, 1)
#7 [internal function]: CodeIgniter\Debug\Exceptions->exceptionHandler(Object(CodeIgniter\Exceptions\PageNotFoundException))
#8 {main}
  thrown
【Previous Exception】
CodeIgniter\Exceptions\PageNotFoundException
Page Not Found
#0 D:\laragon\www\method-oldagehome\system\CodeIgniter.php(967): CodeIgniter\Exceptions\PageNotFoundException::forPageNotFound(NULL)
#1 D:\laragon\www\method-oldagehome\system\CodeIgniter.php(362): CodeIgniter\CodeIgniter->display404errors(Object(CodeIgniter\Exceptions\PageNotFoundException))
#2 D:\laragon\www\method-oldagehome\public\index.php(79): CodeIgniter\CodeIgniter->run()
#3 D:\laragon\www\method-oldagehome\system\Commands\Server\rewrite.php(47): require_once('D:\\laragon\\www\\...')
#4 {main}
in SYSTEMPATH\HTTP\ResponseTrait.php on line 774.
 1 [internal function]: CodeIgniter\Debug\Exceptions->shutdownHandler()
CRITICAL - 2024-11-13 05:54:58 --> Uncaught ErrorException: Cannot modify header information - headers already sent in D:\laragon\www\method-oldagehome\system\HTTP\ResponseTrait.php:774
Stack trace:
#0 [internal function]: CodeIgniter\Debug\Exceptions->errorHandler(2, 'Cannot modify h...', 'D:\\laragon\\www\\...', 774)
#1 D:\laragon\www\method-oldagehome\system\HTTP\ResponseTrait.php(774): setcookie('ci_session', 'rmo6aqosnhobj89...', Array)
#2 D:\laragon\www\method-oldagehome\system\HTTP\ResponseTrait.php(750): CodeIgniter\HTTP\Response->doSetCookie('ci_session', 'rmo6aqosnhobj89...', Array)
#3 D:\laragon\www\method-oldagehome\system\HTTP\ResponseTrait.php(730): CodeIgniter\HTTP\Response->dispatchCookies()
#4 D:\laragon\www\method-oldagehome\system\HTTP\ResponseTrait.php(447): CodeIgniter\HTTP\Response->sendCookies()
#5 D:\laragon\www\method-oldagehome\system\Debug\ExceptionHandler.php(78): CodeIgniter\HTTP\Response->send()
#6 D:\laragon\www\method-oldagehome\system\Debug\Exceptions.php(147): CodeIgniter\Debug\ExceptionHandler->handle(Object(CodeIgniter\Exceptions\PageNotFoundException), Object(CodeIgniter\HTTP\IncomingRequest), Object(CodeIgniter\HTTP\Response), 404, 1)
#7 [internal function]: CodeIgniter\Debug\Exceptions->exceptionHandler(Object(CodeIgniter\Exceptions\PageNotFoundException))
#8 {main}
  thrown
【Previous Exception】
CodeIgniter\Exceptions\PageNotFoundException
Page Not Found
#0 D:\laragon\www\method-oldagehome\system\CodeIgniter.php(967): CodeIgniter\Exceptions\PageNotFoundException::forPageNotFound(NULL)
#1 D:\laragon\www\method-oldagehome\system\CodeIgniter.php(362): CodeIgniter\CodeIgniter->display404errors(Object(CodeIgniter\Exceptions\PageNotFoundException))
#2 D:\laragon\www\method-oldagehome\public\index.php(79): CodeIgniter\CodeIgniter->run()
#3 D:\laragon\www\method-oldagehome\system\Commands\Server\rewrite.php(47): require_once('D:\\laragon\\www\\...')
#4 {main}
in SYSTEMPATH\HTTP\ResponseTrait.php on line 774.
 1 [internal function]: CodeIgniter\Debug\Exceptions->shutdownHandler()
CRITICAL - 2024-11-13 05:54:59 --> Uncaught ErrorException: Cannot modify header information - headers already sent in D:\laragon\www\method-oldagehome\system\HTTP\ResponseTrait.php:774
Stack trace:
#0 [internal function]: CodeIgniter\Debug\Exceptions->errorHandler(2, 'Cannot modify h...', 'D:\\laragon\\www\\...', 774)
#1 D:\laragon\www\method-oldagehome\system\HTTP\ResponseTrait.php(774): setcookie('ci_session', 'rmo6aqosnhobj89...', Array)
#2 D:\laragon\www\method-oldagehome\system\HTTP\ResponseTrait.php(750): CodeIgniter\HTTP\Response->doSetCookie('ci_session', 'rmo6aqosnhobj89...', Array)
#3 D:\laragon\www\method-oldagehome\system\HTTP\ResponseTrait.php(730): CodeIgniter\HTTP\Response->dispatchCookies()
#4 D:\laragon\www\method-oldagehome\system\HTTP\ResponseTrait.php(447): CodeIgniter\HTTP\Response->sendCookies()
#5 D:\laragon\www\method-oldagehome\system\Debug\ExceptionHandler.php(78): CodeIgniter\HTTP\Response->send()
#6 D:\laragon\www\method-oldagehome\system\Debug\Exceptions.php(147): CodeIgniter\Debug\ExceptionHandler->handle(Object(CodeIgniter\Exceptions\PageNotFoundException), Object(CodeIgniter\HTTP\IncomingRequest), Object(CodeIgniter\HTTP\Response), 404, 1)
#7 [internal function]: CodeIgniter\Debug\Exceptions->exceptionHandler(Object(CodeIgniter\Exceptions\PageNotFoundException))
#8 {main}
  thrown
【Previous Exception】
CodeIgniter\Exceptions\PageNotFoundException
Page Not Found
#0 D:\laragon\www\method-oldagehome\system\CodeIgniter.php(967): CodeIgniter\Exceptions\PageNotFoundException::forPageNotFound(NULL)
#1 D:\laragon\www\method-oldagehome\system\CodeIgniter.php(362): CodeIgniter\CodeIgniter->display404errors(Object(CodeIgniter\Exceptions\PageNotFoundException))
#2 D:\laragon\www\method-oldagehome\public\index.php(79): CodeIgniter\CodeIgniter->run()
#3 D:\laragon\www\method-oldagehome\system\Commands\Server\rewrite.php(47): require_once('D:\\laragon\\www\\...')
#4 {main}
in SYSTEMPATH\HTTP\ResponseTrait.php on line 774.
 1 [internal function]: CodeIgniter\Debug\Exceptions->shutdownHandler()
CRITICAL - 2024-11-13 05:55:00 --> Uncaught ErrorException: Cannot modify header information - headers already sent in D:\laragon\www\method-oldagehome\system\HTTP\ResponseTrait.php:774
Stack trace:
#0 [internal function]: CodeIgniter\Debug\Exceptions->errorHandler(2, 'Cannot modify h...', 'D:\\laragon\\www\\...', 774)
#1 D:\laragon\www\method-oldagehome\system\HTTP\ResponseTrait.php(774): setcookie('ci_session', 'rmo6aqosnhobj89...', Array)
#2 D:\laragon\www\method-oldagehome\system\HTTP\ResponseTrait.php(750): CodeIgniter\HTTP\Response->doSetCookie('ci_session', 'rmo6aqosnhobj89...', Array)
#3 D:\laragon\www\method-oldagehome\system\HTTP\ResponseTrait.php(730): CodeIgniter\HTTP\Response->dispatchCookies()
#4 D:\laragon\www\method-oldagehome\system\HTTP\ResponseTrait.php(447): CodeIgniter\HTTP\Response->sendCookies()
#5 D:\laragon\www\method-oldagehome\system\Debug\ExceptionHandler.php(78): CodeIgniter\HTTP\Response->send()
#6 D:\laragon\www\method-oldagehome\system\Debug\Exceptions.php(147): CodeIgniter\Debug\ExceptionHandler->handle(Object(CodeIgniter\Exceptions\PageNotFoundException), Object(CodeIgniter\HTTP\IncomingRequest), Object(CodeIgniter\HTTP\Response), 404, 1)
#7 [internal function]: CodeIgniter\Debug\Exceptions->exceptionHandler(Object(CodeIgniter\Exceptions\PageNotFoundException))
#8 {main}
  thrown
【Previous Exception】
CodeIgniter\Exceptions\PageNotFoundException
Page Not Found
#0 D:\laragon\www\method-oldagehome\system\CodeIgniter.php(967): CodeIgniter\Exceptions\PageNotFoundException::forPageNotFound(NULL)
#1 D:\laragon\www\method-oldagehome\system\CodeIgniter.php(362): CodeIgniter\CodeIgniter->display404errors(Object(CodeIgniter\Exceptions\PageNotFoundException))
#2 D:\laragon\www\method-oldagehome\public\index.php(79): CodeIgniter\CodeIgniter->run()
#3 D:\laragon\www\method-oldagehome\system\Commands\Server\rewrite.php(47): require_once('D:\\laragon\\www\\...')
#4 {main}
in SYSTEMPATH\HTTP\ResponseTrait.php on line 774.
 1 [internal function]: CodeIgniter\Debug\Exceptions->shutdownHandler()
CRITICAL - 2024-11-13 05:55:01 --> Uncaught ErrorException: Cannot modify header information - headers already sent in D:\laragon\www\method-oldagehome\system\HTTP\ResponseTrait.php:774
Stack trace:
#0 [internal function]: CodeIgniter\Debug\Exceptions->errorHandler(2, 'Cannot modify h...', 'D:\\laragon\\www\\...', 774)
#1 D:\laragon\www\method-oldagehome\system\HTTP\ResponseTrait.php(774): setcookie('ci_session', 'rmo6aqosnhobj89...', Array)
#2 D:\laragon\www\method-oldagehome\system\HTTP\ResponseTrait.php(750): CodeIgniter\HTTP\Response->doSetCookie('ci_session', 'rmo6aqosnhobj89...', Array)
#3 D:\laragon\www\method-oldagehome\system\HTTP\ResponseTrait.php(730): CodeIgniter\HTTP\Response->dispatchCookies()
#4 D:\laragon\www\method-oldagehome\system\HTTP\ResponseTrait.php(447): CodeIgniter\HTTP\Response->sendCookies()
#5 D:\laragon\www\method-oldagehome\system\Debug\ExceptionHandler.php(78): CodeIgniter\HTTP\Response->send()
#6 D:\laragon\www\method-oldagehome\system\Debug\Exceptions.php(147): CodeIgniter\Debug\ExceptionHandler->handle(Object(CodeIgniter\Exceptions\PageNotFoundException), Object(CodeIgniter\HTTP\IncomingRequest), Object(CodeIgniter\HTTP\Response), 404, 1)
#7 [internal function]: CodeIgniter\Debug\Exceptions->exceptionHandler(Object(CodeIgniter\Exceptions\PageNotFoundException))
#8 {main}
  thrown
【Previous Exception】
CodeIgniter\Exceptions\PageNotFoundException
Page Not Found
#0 D:\laragon\www\method-oldagehome\system\CodeIgniter.php(967): CodeIgniter\Exceptions\PageNotFoundException::forPageNotFound(NULL)
#1 D:\laragon\www\method-oldagehome\system\CodeIgniter.php(362): CodeIgniter\CodeIgniter->display404errors(Object(CodeIgniter\Exceptions\PageNotFoundException))
#2 D:\laragon\www\method-oldagehome\public\index.php(79): CodeIgniter\CodeIgniter->run()
#3 D:\laragon\www\method-oldagehome\system\Commands\Server\rewrite.php(47): require_once('D:\\laragon\\www\\...')
#4 {main}
in SYSTEMPATH\HTTP\ResponseTrait.php on line 774.
 1 [internal function]: CodeIgniter\Debug\Exceptions->shutdownHandler()
CRITICAL - 2024-11-13 05:55:02 --> Uncaught ErrorException: Cannot modify header information - headers already sent in D:\laragon\www\method-oldagehome\system\HTTP\ResponseTrait.php:774
Stack trace:
#0 [internal function]: CodeIgniter\Debug\Exceptions->errorHandler(2, 'Cannot modify h...', 'D:\\laragon\\www\\...', 774)
#1 D:\laragon\www\method-oldagehome\system\HTTP\ResponseTrait.php(774): setcookie('ci_session', 'rmo6aqosnhobj89...', Array)
#2 D:\laragon\www\method-oldagehome\system\HTTP\ResponseTrait.php(750): CodeIgniter\HTTP\Response->doSetCookie('ci_session', 'rmo6aqosnhobj89...', Array)
#3 D:\laragon\www\method-oldagehome\system\HTTP\ResponseTrait.php(730): CodeIgniter\HTTP\Response->dispatchCookies()
#4 D:\laragon\www\method-oldagehome\system\HTTP\ResponseTrait.php(447): CodeIgniter\HTTP\Response->sendCookies()
#5 D:\laragon\www\method-oldagehome\system\Debug\ExceptionHandler.php(78): CodeIgniter\HTTP\Response->send()
#6 D:\laragon\www\method-oldagehome\system\Debug\Exceptions.php(147): CodeIgniter\Debug\ExceptionHandler->handle(Object(CodeIgniter\Exceptions\PageNotFoundException), Object(CodeIgniter\HTTP\IncomingRequest), Object(CodeIgniter\HTTP\Response), 404, 1)
#7 [internal function]: CodeIgniter\Debug\Exceptions->exceptionHandler(Object(CodeIgniter\Exceptions\PageNotFoundException))
#8 {main}
  thrown
【Previous Exception】
CodeIgniter\Exceptions\PageNotFoundException
Page Not Found
#0 D:\laragon\www\method-oldagehome\system\CodeIgniter.php(967): CodeIgniter\Exceptions\PageNotFoundException::forPageNotFound(NULL)
#1 D:\laragon\www\method-oldagehome\system\CodeIgniter.php(362): CodeIgniter\CodeIgniter->display404errors(Object(CodeIgniter\Exceptions\PageNotFoundException))
#2 D:\laragon\www\method-oldagehome\public\index.php(79): CodeIgniter\CodeIgniter->run()
#3 D:\laragon\www\method-oldagehome\system\Commands\Server\rewrite.php(47): require_once('D:\\laragon\\www\\...')
#4 {main}
in SYSTEMPATH\HTTP\ResponseTrait.php on line 774.
 1 [internal function]: CodeIgniter\Debug\Exceptions->shutdownHandler()
CRITICAL - 2024-11-13 05:55:03 --> Uncaught ErrorException: Cannot modify header information - headers already sent in D:\laragon\www\method-oldagehome\system\HTTP\ResponseTrait.php:774
Stack trace:
#0 [internal function]: CodeIgniter\Debug\Exceptions->errorHandler(2, 'Cannot modify h...', 'D:\\laragon\\www\\...', 774)
#1 D:\laragon\www\method-oldagehome\system\HTTP\ResponseTrait.php(774): setcookie('ci_session', 'rmo6aqosnhobj89...', Array)
#2 D:\laragon\www\method-oldagehome\system\HTTP\ResponseTrait.php(750): CodeIgniter\HTTP\Response->doSetCookie('ci_session', 'rmo6aqosnhobj89...', Array)
#3 D:\laragon\www\method-oldagehome\system\HTTP\ResponseTrait.php(730): CodeIgniter\HTTP\Response->dispatchCookies()
#4 D:\laragon\www\method-oldagehome\system\HTTP\ResponseTrait.php(447): CodeIgniter\HTTP\Response->sendCookies()
#5 D:\laragon\www\method-oldagehome\system\Debug\ExceptionHandler.php(78): CodeIgniter\HTTP\Response->send()
#6 D:\laragon\www\method-oldagehome\system\Debug\Exceptions.php(147): CodeIgniter\Debug\ExceptionHandler->handle(Object(CodeIgniter\Exceptions\PageNotFoundException), Object(CodeIgniter\HTTP\IncomingRequest), Object(CodeIgniter\HTTP\Response), 404, 1)
#7 [internal function]: CodeIgniter\Debug\Exceptions->exceptionHandler(Object(CodeIgniter\Exceptions\PageNotFoundException))
#8 {main}
  thrown
【Previous Exception】
CodeIgniter\Exceptions\PageNotFoundException
Page Not Found
#0 D:\laragon\www\method-oldagehome\system\CodeIgniter.php(967): CodeIgniter\Exceptions\PageNotFoundException::forPageNotFound(NULL)
#1 D:\laragon\www\method-oldagehome\system\CodeIgniter.php(362): CodeIgniter\CodeIgniter->display404errors(Object(CodeIgniter\Exceptions\PageNotFoundException))
#2 D:\laragon\www\method-oldagehome\public\index.php(79): CodeIgniter\CodeIgniter->run()
#3 D:\laragon\www\method-oldagehome\system\Commands\Server\rewrite.php(47): require_once('D:\\laragon\\www\\...')
#4 {main}
in SYSTEMPATH\HTTP\ResponseTrait.php on line 774.
 1 [internal function]: CodeIgniter\Debug\Exceptions->shutdownHandler()
CRITICAL - 2024-11-13 05:55:04 --> Uncaught ErrorException: Cannot modify header information - headers already sent in D:\laragon\www\method-oldagehome\system\HTTP\ResponseTrait.php:774
Stack trace:
#0 [internal function]: CodeIgniter\Debug\Exceptions->errorHandler(2, 'Cannot modify h...', 'D:\\laragon\\www\\...', 774)
#1 D:\laragon\www\method-oldagehome\system\HTTP\ResponseTrait.php(774): setcookie('ci_session', 'rmo6aqosnhobj89...', Array)
#2 D:\laragon\www\method-oldagehome\system\HTTP\ResponseTrait.php(750): CodeIgniter\HTTP\Response->doSetCookie('ci_session', 'rmo6aqosnhobj89...', Array)
#3 D:\laragon\www\method-oldagehome\system\HTTP\ResponseTrait.php(730): CodeIgniter\HTTP\Response->dispatchCookies()
#4 D:\laragon\www\method-oldagehome\system\HTTP\ResponseTrait.php(447): CodeIgniter\HTTP\Response->sendCookies()
#5 D:\laragon\www\method-oldagehome\system\Debug\ExceptionHandler.php(78): CodeIgniter\HTTP\Response->send()
#6 D:\laragon\www\method-oldagehome\system\Debug\Exceptions.php(147): CodeIgniter\Debug\ExceptionHandler->handle(Object(CodeIgniter\Exceptions\PageNotFoundException), Object(CodeIgniter\HTTP\IncomingRequest), Object(CodeIgniter\HTTP\Response), 404, 1)
#7 [internal function]: CodeIgniter\Debug\Exceptions->exceptionHandler(Object(CodeIgniter\Exceptions\PageNotFoundException))
#8 {main}
  thrown
【Previous Exception】
CodeIgniter\Exceptions\PageNotFoundException
Page Not Found
#0 D:\laragon\www\method-oldagehome\system\CodeIgniter.php(967): CodeIgniter\Exceptions\PageNotFoundException::forPageNotFound(NULL)
#1 D:\laragon\www\method-oldagehome\system\CodeIgniter.php(362): CodeIgniter\CodeIgniter->display404errors(Object(CodeIgniter\Exceptions\PageNotFoundException))
#2 D:\laragon\www\method-oldagehome\public\index.php(79): CodeIgniter\CodeIgniter->run()
#3 D:\laragon\www\method-oldagehome\system\Commands\Server\rewrite.php(47): require_once('D:\\laragon\\www\\...')
#4 {main}
in SYSTEMPATH\HTTP\ResponseTrait.php on line 774.
 1 [internal function]: CodeIgniter\Debug\Exceptions->shutdownHandler()
CRITICAL - 2024-11-13 05:55:05 --> Uncaught ErrorException: Cannot modify header information - headers already sent in D:\laragon\www\method-oldagehome\system\HTTP\ResponseTrait.php:774
Stack trace:
#0 [internal function]: CodeIgniter\Debug\Exceptions->errorHandler(2, 'Cannot modify h...', 'D:\\laragon\\www\\...', 774)
#1 D:\laragon\www\method-oldagehome\system\HTTP\ResponseTrait.php(774): setcookie('ci_session', 'rmo6aqosnhobj89...', Array)
#2 D:\laragon\www\method-oldagehome\system\HTTP\ResponseTrait.php(750): CodeIgniter\HTTP\Response->doSetCookie('ci_session', 'rmo6aqosnhobj89...', Array)
#3 D:\laragon\www\method-oldagehome\system\HTTP\ResponseTrait.php(730): CodeIgniter\HTTP\Response->dispatchCookies()
#4 D:\laragon\www\method-oldagehome\system\HTTP\ResponseTrait.php(447): CodeIgniter\HTTP\Response->sendCookies()
#5 D:\laragon\www\method-oldagehome\system\Debug\ExceptionHandler.php(78): CodeIgniter\HTTP\Response->send()
#6 D:\laragon\www\method-oldagehome\system\Debug\Exceptions.php(147): CodeIgniter\Debug\ExceptionHandler->handle(Object(CodeIgniter\Exceptions\PageNotFoundException), Object(CodeIgniter\HTTP\IncomingRequest), Object(CodeIgniter\HTTP\Response), 404, 1)
#7 [internal function]: CodeIgniter\Debug\Exceptions->exceptionHandler(Object(CodeIgniter\Exceptions\PageNotFoundException))
#8 {main}
  thrown
【Previous Exception】
CodeIgniter\Exceptions\PageNotFoundException
Page Not Found
#0 D:\laragon\www\method-oldagehome\system\CodeIgniter.php(967): CodeIgniter\Exceptions\PageNotFoundException::forPageNotFound(NULL)
#1 D:\laragon\www\method-oldagehome\system\CodeIgniter.php(362): CodeIgniter\CodeIgniter->display404errors(Object(CodeIgniter\Exceptions\PageNotFoundException))
#2 D:\laragon\www\method-oldagehome\public\index.php(79): CodeIgniter\CodeIgniter->run()
#3 D:\laragon\www\method-oldagehome\system\Commands\Server\rewrite.php(47): require_once('D:\\laragon\\www\\...')
#4 {main}
in SYSTEMPATH\HTTP\ResponseTrait.php on line 774.
 1 [internal function]: CodeIgniter\Debug\Exceptions->shutdownHandler()
CRITICAL - 2024-11-13 05:55:06 --> Uncaught ErrorException: Cannot modify header information - headers already sent in D:\laragon\www\method-oldagehome\system\HTTP\ResponseTrait.php:774
Stack trace:
#0 [internal function]: CodeIgniter\Debug\Exceptions->errorHandler(2, 'Cannot modify h...', 'D:\\laragon\\www\\...', 774)
#1 D:\laragon\www\method-oldagehome\system\HTTP\ResponseTrait.php(774): setcookie('ci_session', 'rmo6aqosnhobj89...', Array)
#2 D:\laragon\www\method-oldagehome\system\HTTP\ResponseTrait.php(750): CodeIgniter\HTTP\Response->doSetCookie('ci_session', 'rmo6aqosnhobj89...', Array)
#3 D:\laragon\www\method-oldagehome\system\HTTP\ResponseTrait.php(730): CodeIgniter\HTTP\Response->dispatchCookies()
#4 D:\laragon\www\method-oldagehome\system\HTTP\ResponseTrait.php(447): CodeIgniter\HTTP\Response->sendCookies()
#5 D:\laragon\www\method-oldagehome\system\Debug\ExceptionHandler.php(78): CodeIgniter\HTTP\Response->send()
#6 D:\laragon\www\method-oldagehome\system\Debug\Exceptions.php(147): CodeIgniter\Debug\ExceptionHandler->handle(Object(CodeIgniter\Exceptions\PageNotFoundException), Object(CodeIgniter\HTTP\IncomingRequest), Object(CodeIgniter\HTTP\Response), 404, 1)
#7 [internal function]: CodeIgniter\Debug\Exceptions->exceptionHandler(Object(CodeIgniter\Exceptions\PageNotFoundException))
#8 {main}
  thrown
【Previous Exception】
CodeIgniter\Exceptions\PageNotFoundException
Page Not Found
#0 D:\laragon\www\method-oldagehome\system\CodeIgniter.php(967): CodeIgniter\Exceptions\PageNotFoundException::forPageNotFound(NULL)
#1 D:\laragon\www\method-oldagehome\system\CodeIgniter.php(362): CodeIgniter\CodeIgniter->display404errors(Object(CodeIgniter\Exceptions\PageNotFoundException))
#2 D:\laragon\www\method-oldagehome\public\index.php(79): CodeIgniter\CodeIgniter->run()
#3 D:\laragon\www\method-oldagehome\system\Commands\Server\rewrite.php(47): require_once('D:\\laragon\\www\\...')
#4 {main}
in SYSTEMPATH\HTTP\ResponseTrait.php on line 774.
 1 [internal function]: CodeIgniter\Debug\Exceptions->shutdownHandler()
CRITICAL - 2024-11-13 05:55:08 --> Uncaught ErrorException: Cannot modify header information - headers already sent in D:\laragon\www\method-oldagehome\system\HTTP\ResponseTrait.php:774
Stack trace:
#0 [internal function]: CodeIgniter\Debug\Exceptions->errorHandler(2, 'Cannot modify h...', 'D:\\laragon\\www\\...', 774)
#1 D:\laragon\www\method-oldagehome\system\HTTP\ResponseTrait.php(774): setcookie('ci_session', 'rmo6aqosnhobj89...', Array)
#2 D:\laragon\www\method-oldagehome\system\HTTP\ResponseTrait.php(750): CodeIgniter\HTTP\Response->doSetCookie('ci_session', 'rmo6aqosnhobj89...', Array)
#3 D:\laragon\www\method-oldagehome\system\HTTP\ResponseTrait.php(730): CodeIgniter\HTTP\Response->dispatchCookies()
#4 D:\laragon\www\method-oldagehome\system\HTTP\ResponseTrait.php(447): CodeIgniter\HTTP\Response->sendCookies()
#5 D:\laragon\www\method-oldagehome\system\Debug\ExceptionHandler.php(78): CodeIgniter\HTTP\Response->send()
#6 D:\laragon\www\method-oldagehome\system\Debug\Exceptions.php(147): CodeIgniter\Debug\ExceptionHandler->handle(Object(CodeIgniter\Exceptions\PageNotFoundException), Object(CodeIgniter\HTTP\IncomingRequest), Object(CodeIgniter\HTTP\Response), 404, 1)
#7 [internal function]: CodeIgniter\Debug\Exceptions->exceptionHandler(Object(CodeIgniter\Exceptions\PageNotFoundException))
#8 {main}
  thrown
【Previous Exception】
CodeIgniter\Exceptions\PageNotFoundException
Page Not Found
#0 D:\laragon\www\method-oldagehome\system\CodeIgniter.php(967): CodeIgniter\Exceptions\PageNotFoundException::forPageNotFound(NULL)
#1 D:\laragon\www\method-oldagehome\system\CodeIgniter.php(362): CodeIgniter\CodeIgniter->display404errors(Object(CodeIgniter\Exceptions\PageNotFoundException))
#2 D:\laragon\www\method-oldagehome\public\index.php(79): CodeIgniter\CodeIgniter->run()
#3 D:\laragon\www\method-oldagehome\system\Commands\Server\rewrite.php(47): require_once('D:\\laragon\\www\\...')
#4 {main}
in SYSTEMPATH\HTTP\ResponseTrait.php on line 774.
 1 [internal function]: CodeIgniter\Debug\Exceptions->shutdownHandler()
CRITICAL - 2024-11-13 05:55:08 --> Uncaught ErrorException: Cannot modify header information - headers already sent in D:\laragon\www\method-oldagehome\system\HTTP\ResponseTrait.php:774
Stack trace:
#0 [internal function]: CodeIgniter\Debug\Exceptions->errorHandler(2, 'Cannot modify h...', 'D:\\laragon\\www\\...', 774)
#1 D:\laragon\www\method-oldagehome\system\HTTP\ResponseTrait.php(774): setcookie('ci_session', 'rmo6aqosnhobj89...', Array)
#2 D:\laragon\www\method-oldagehome\system\HTTP\ResponseTrait.php(750): CodeIgniter\HTTP\Response->doSetCookie('ci_session', 'rmo6aqosnhobj89...', Array)
#3 D:\laragon\www\method-oldagehome\system\HTTP\ResponseTrait.php(730): CodeIgniter\HTTP\Response->dispatchCookies()
#4 D:\laragon\www\method-oldagehome\system\HTTP\ResponseTrait.php(447): CodeIgniter\HTTP\Response->sendCookies()
#5 D:\laragon\www\method-oldagehome\system\Debug\ExceptionHandler.php(78): CodeIgniter\HTTP\Response->send()
#6 D:\laragon\www\method-oldagehome\system\Debug\Exceptions.php(147): CodeIgniter\Debug\ExceptionHandler->handle(Object(CodeIgniter\Exceptions\PageNotFoundException), Object(CodeIgniter\HTTP\IncomingRequest), Object(CodeIgniter\HTTP\Response), 404, 1)
#7 [internal function]: CodeIgniter\Debug\Exceptions->exceptionHandler(Object(CodeIgniter\Exceptions\PageNotFoundException))
#8 {main}
  thrown
【Previous Exception】
CodeIgniter\Exceptions\PageNotFoundException
Page Not Found
#0 D:\laragon\www\method-oldagehome\system\CodeIgniter.php(967): CodeIgniter\Exceptions\PageNotFoundException::forPageNotFound(NULL)
#1 D:\laragon\www\method-oldagehome\system\CodeIgniter.php(362): CodeIgniter\CodeIgniter->display404errors(Object(CodeIgniter\Exceptions\PageNotFoundException))
#2 D:\laragon\www\method-oldagehome\public\index.php(79): CodeIgniter\CodeIgniter->run()
#3 D:\laragon\www\method-oldagehome\system\Commands\Server\rewrite.php(47): require_once('D:\\laragon\\www\\...')
#4 {main}
in SYSTEMPATH\HTTP\ResponseTrait.php on line 774.
 1 [internal function]: CodeIgniter\Debug\Exceptions->shutdownHandler()
CRITICAL - 2024-11-13 05:55:09 --> Uncaught ErrorException: Cannot modify header information - headers already sent in D:\laragon\www\method-oldagehome\system\HTTP\ResponseTrait.php:774
Stack trace:
#0 [internal function]: CodeIgniter\Debug\Exceptions->errorHandler(2, 'Cannot modify h...', 'D:\\laragon\\www\\...', 774)
#1 D:\laragon\www\method-oldagehome\system\HTTP\ResponseTrait.php(774): setcookie('ci_session', 'rmo6aqosnhobj89...', Array)
#2 D:\laragon\www\method-oldagehome\system\HTTP\ResponseTrait.php(750): CodeIgniter\HTTP\Response->doSetCookie('ci_session', 'rmo6aqosnhobj89...', Array)
#3 D:\laragon\www\method-oldagehome\system\HTTP\ResponseTrait.php(730): CodeIgniter\HTTP\Response->dispatchCookies()
#4 D:\laragon\www\method-oldagehome\system\HTTP\ResponseTrait.php(447): CodeIgniter\HTTP\Response->sendCookies()
#5 D:\laragon\www\method-oldagehome\system\Debug\ExceptionHandler.php(78): CodeIgniter\HTTP\Response->send()
#6 D:\laragon\www\method-oldagehome\system\Debug\Exceptions.php(147): CodeIgniter\Debug\ExceptionHandler->handle(Object(CodeIgniter\Exceptions\PageNotFoundException), Object(CodeIgniter\HTTP\IncomingRequest), Object(CodeIgniter\HTTP\Response), 404, 1)
#7 [internal function]: CodeIgniter\Debug\Exceptions->exceptionHandler(Object(CodeIgniter\Exceptions\PageNotFoundException))
#8 {main}
  thrown
【Previous Exception】
CodeIgniter\Exceptions\PageNotFoundException
Page Not Found
#0 D:\laragon\www\method-oldagehome\system\CodeIgniter.php(967): CodeIgniter\Exceptions\PageNotFoundException::forPageNotFound(NULL)
#1 D:\laragon\www\method-oldagehome\system\CodeIgniter.php(362): CodeIgniter\CodeIgniter->display404errors(Object(CodeIgniter\Exceptions\PageNotFoundException))
#2 D:\laragon\www\method-oldagehome\public\index.php(79): CodeIgniter\CodeIgniter->run()
#3 D:\laragon\www\method-oldagehome\system\Commands\Server\rewrite.php(47): require_once('D:\\laragon\\www\\...')
#4 {main}
in SYSTEMPATH\HTTP\ResponseTrait.php on line 774.
 1 [internal function]: CodeIgniter\Debug\Exceptions->shutdownHandler()
CRITICAL - 2024-11-13 05:57:26 --> Uncaught ErrorException: Cannot modify header information - headers already sent in D:\laragon\www\method-oldagehome\system\HTTP\ResponseTrait.php:774
Stack trace:
#0 [internal function]: CodeIgniter\Debug\Exceptions->errorHandler(2, 'Cannot modify h...', 'D:\\laragon\\www\\...', 774)
#1 D:\laragon\www\method-oldagehome\system\HTTP\ResponseTrait.php(774): setcookie('ci_session', 'rmo6aqosnhobj89...', Array)
#2 D:\laragon\www\method-oldagehome\system\HTTP\ResponseTrait.php(750): CodeIgniter\HTTP\Response->doSetCookie('ci_session', 'rmo6aqosnhobj89...', Array)
#3 D:\laragon\www\method-oldagehome\system\HTTP\ResponseTrait.php(730): CodeIgniter\HTTP\Response->dispatchCookies()
#4 D:\laragon\www\method-oldagehome\system\HTTP\ResponseTrait.php(447): CodeIgniter\HTTP\Response->sendCookies()
#5 D:\laragon\www\method-oldagehome\system\Debug\ExceptionHandler.php(78): CodeIgniter\HTTP\Response->send()
#6 D:\laragon\www\method-oldagehome\system\Debug\Exceptions.php(147): CodeIgniter\Debug\ExceptionHandler->handle(Object(CodeIgniter\Exceptions\PageNotFoundException), Object(CodeIgniter\HTTP\IncomingRequest), Object(CodeIgniter\HTTP\Response), 404, 1)
#7 [internal function]: CodeIgniter\Debug\Exceptions->exceptionHandler(Object(CodeIgniter\Exceptions\PageNotFoundException))
#8 {main}
  thrown
【Previous Exception】
CodeIgniter\Exceptions\PageNotFoundException
Page Not Found
#0 D:\laragon\www\method-oldagehome\system\CodeIgniter.php(967): CodeIgniter\Exceptions\PageNotFoundException::forPageNotFound(NULL)
#1 D:\laragon\www\method-oldagehome\system\CodeIgniter.php(362): CodeIgniter\CodeIgniter->display404errors(Object(CodeIgniter\Exceptions\PageNotFoundException))
#2 D:\laragon\www\method-oldagehome\public\index.php(79): CodeIgniter\CodeIgniter->run()
#3 D:\laragon\www\method-oldagehome\system\Commands\Server\rewrite.php(47): require_once('D:\\laragon\\www\\...')
#4 {main}
in SYSTEMPATH\HTTP\ResponseTrait.php on line 774.
 1 [internal function]: CodeIgniter\Debug\Exceptions->shutdownHandler()
CRITICAL - 2024-11-13 06:43:05 --> Uncaught ErrorException: Cannot modify header information - headers already sent in D:\laragon\www\method-oldagehome\system\HTTP\ResponseTrait.php:774
Stack trace:
#0 [internal function]: CodeIgniter\Debug\Exceptions->errorHandler(2, 'Cannot modify h...', 'D:\\laragon\\www\\...', 774)
#1 D:\laragon\www\method-oldagehome\system\HTTP\ResponseTrait.php(774): setcookie('ci_session', 'rmo6aqosnhobj89...', Array)
#2 D:\laragon\www\method-oldagehome\system\HTTP\ResponseTrait.php(750): CodeIgniter\HTTP\Response->doSetCookie('ci_session', 'rmo6aqosnhobj89...', Array)
#3 D:\laragon\www\method-oldagehome\system\HTTP\ResponseTrait.php(730): CodeIgniter\HTTP\Response->dispatchCookies()
#4 D:\laragon\www\method-oldagehome\system\HTTP\ResponseTrait.php(447): CodeIgniter\HTTP\Response->sendCookies()
#5 D:\laragon\www\method-oldagehome\system\Debug\ExceptionHandler.php(78): CodeIgniter\HTTP\Response->send()
#6 D:\laragon\www\method-oldagehome\system\Debug\Exceptions.php(147): CodeIgniter\Debug\ExceptionHandler->handle(Object(CodeIgniter\Exceptions\PageNotFoundException), Object(CodeIgniter\HTTP\IncomingRequest), Object(CodeIgniter\HTTP\Response), 404, 1)
#7 [internal function]: CodeIgniter\Debug\Exceptions->exceptionHandler(Object(CodeIgniter\Exceptions\PageNotFoundException))
#8 {main}
  thrown
【Previous Exception】
CodeIgniter\Exceptions\PageNotFoundException
Page Not Found
#0 D:\laragon\www\method-oldagehome\system\CodeIgniter.php(967): CodeIgniter\Exceptions\PageNotFoundException::forPageNotFound(NULL)
#1 D:\laragon\www\method-oldagehome\system\CodeIgniter.php(362): CodeIgniter\CodeIgniter->display404errors(Object(CodeIgniter\Exceptions\PageNotFoundException))
#2 D:\laragon\www\method-oldagehome\public\index.php(79): CodeIgniter\CodeIgniter->run()
#3 D:\laragon\www\method-oldagehome\system\Commands\Server\rewrite.php(47): require_once('D:\\laragon\\www\\...')
#4 {main}
in SYSTEMPATH\HTTP\ResponseTrait.php on line 774.
 1 [internal function]: CodeIgniter\Debug\Exceptions->shutdownHandler()
CRITICAL - 2024-11-13 06:43:09 --> Uncaught ErrorException: Cannot modify header information - headers already sent in D:\laragon\www\method-oldagehome\system\HTTP\ResponseTrait.php:774
Stack trace:
#0 [internal function]: CodeIgniter\Debug\Exceptions->errorHandler(2, 'Cannot modify h...', 'D:\\laragon\\www\\...', 774)
#1 D:\laragon\www\method-oldagehome\system\HTTP\ResponseTrait.php(774): setcookie('ci_session', 'rmo6aqosnhobj89...', Array)
#2 D:\laragon\www\method-oldagehome\system\HTTP\ResponseTrait.php(750): CodeIgniter\HTTP\Response->doSetCookie('ci_session', 'rmo6aqosnhobj89...', Array)
#3 D:\laragon\www\method-oldagehome\system\HTTP\ResponseTrait.php(730): CodeIgniter\HTTP\Response->dispatchCookies()
#4 D:\laragon\www\method-oldagehome\system\HTTP\ResponseTrait.php(447): CodeIgniter\HTTP\Response->sendCookies()
#5 D:\laragon\www\method-oldagehome\system\Debug\ExceptionHandler.php(78): CodeIgniter\HTTP\Response->send()
#6 D:\laragon\www\method-oldagehome\system\Debug\Exceptions.php(147): CodeIgniter\Debug\ExceptionHandler->handle(Object(CodeIgniter\Exceptions\PageNotFoundException), Object(CodeIgniter\HTTP\IncomingRequest), Object(CodeIgniter\HTTP\Response), 404, 1)
#7 [internal function]: CodeIgniter\Debug\Exceptions->exceptionHandler(Object(CodeIgniter\Exceptions\PageNotFoundException))
#8 {main}
  thrown
【Previous Exception】
CodeIgniter\Exceptions\PageNotFoundException
Page Not Found
#0 D:\laragon\www\method-oldagehome\system\CodeIgniter.php(967): CodeIgniter\Exceptions\PageNotFoundException::forPageNotFound(NULL)
#1 D:\laragon\www\method-oldagehome\system\CodeIgniter.php(362): CodeIgniter\CodeIgniter->display404errors(Object(CodeIgniter\Exceptions\PageNotFoundException))
#2 D:\laragon\www\method-oldagehome\public\index.php(79): CodeIgniter\CodeIgniter->run()
#3 D:\laragon\www\method-oldagehome\system\Commands\Server\rewrite.php(47): require_once('D:\\laragon\\www\\...')
#4 {main}
in SYSTEMPATH\HTTP\ResponseTrait.php on line 774.
 1 [internal function]: CodeIgniter\Debug\Exceptions->shutdownHandler()
CRITICAL - 2024-11-13 06:43:10 --> Uncaught ErrorException: Cannot modify header information - headers already sent in D:\laragon\www\method-oldagehome\system\HTTP\ResponseTrait.php:774
Stack trace:
#0 [internal function]: CodeIgniter\Debug\Exceptions->errorHandler(2, 'Cannot modify h...', 'D:\\laragon\\www\\...', 774)
#1 D:\laragon\www\method-oldagehome\system\HTTP\ResponseTrait.php(774): setcookie('ci_session', 'rmo6aqosnhobj89...', Array)
#2 D:\laragon\www\method-oldagehome\system\HTTP\ResponseTrait.php(750): CodeIgniter\HTTP\Response->doSetCookie('ci_session', 'rmo6aqosnhobj89...', Array)
#3 D:\laragon\www\method-oldagehome\system\HTTP\ResponseTrait.php(730): CodeIgniter\HTTP\Response->dispatchCookies()
#4 D:\laragon\www\method-oldagehome\system\HTTP\ResponseTrait.php(447): CodeIgniter\HTTP\Response->sendCookies()
#5 D:\laragon\www\method-oldagehome\system\Debug\ExceptionHandler.php(78): CodeIgniter\HTTP\Response->send()
#6 D:\laragon\www\method-oldagehome\system\Debug\Exceptions.php(147): CodeIgniter\Debug\ExceptionHandler->handle(Object(CodeIgniter\Exceptions\PageNotFoundException), Object(CodeIgniter\HTTP\IncomingRequest), Object(CodeIgniter\HTTP\Response), 404, 1)
#7 [internal function]: CodeIgniter\Debug\Exceptions->exceptionHandler(Object(CodeIgniter\Exceptions\PageNotFoundException))
#8 {main}
  thrown
【Previous Exception】
CodeIgniter\Exceptions\PageNotFoundException
Page Not Found
#0 D:\laragon\www\method-oldagehome\system\CodeIgniter.php(967): CodeIgniter\Exceptions\PageNotFoundException::forPageNotFound(NULL)
#1 D:\laragon\www\method-oldagehome\system\CodeIgniter.php(362): CodeIgniter\CodeIgniter->display404errors(Object(CodeIgniter\Exceptions\PageNotFoundException))
#2 D:\laragon\www\method-oldagehome\public\index.php(79): CodeIgniter\CodeIgniter->run()
#3 D:\laragon\www\method-oldagehome\system\Commands\Server\rewrite.php(47): require_once('D:\\laragon\\www\\...')
#4 {main}
in SYSTEMPATH\HTTP\ResponseTrait.php on line 774.
 1 [internal function]: CodeIgniter\Debug\Exceptions->shutdownHandler()
CRITICAL - 2024-11-13 06:43:10 --> Uncaught ErrorException: Cannot modify header information - headers already sent in D:\laragon\www\method-oldagehome\system\HTTP\ResponseTrait.php:774
Stack trace:
#0 [internal function]: CodeIgniter\Debug\Exceptions->errorHandler(2, 'Cannot modify h...', 'D:\\laragon\\www\\...', 774)
#1 D:\laragon\www\method-oldagehome\system\HTTP\ResponseTrait.php(774): setcookie('ci_session', 'rmo6aqosnhobj89...', Array)
#2 D:\laragon\www\method-oldagehome\system\HTTP\ResponseTrait.php(750): CodeIgniter\HTTP\Response->doSetCookie('ci_session', 'rmo6aqosnhobj89...', Array)
#3 D:\laragon\www\method-oldagehome\system\HTTP\ResponseTrait.php(730): CodeIgniter\HTTP\Response->dispatchCookies()
#4 D:\laragon\www\method-oldagehome\system\HTTP\ResponseTrait.php(447): CodeIgniter\HTTP\Response->sendCookies()
#5 D:\laragon\www\method-oldagehome\system\Debug\ExceptionHandler.php(78): CodeIgniter\HTTP\Response->send()
#6 D:\laragon\www\method-oldagehome\system\Debug\Exceptions.php(147): CodeIgniter\Debug\ExceptionHandler->handle(Object(CodeIgniter\Exceptions\PageNotFoundException), Object(CodeIgniter\HTTP\IncomingRequest), Object(CodeIgniter\HTTP\Response), 404, 1)
#7 [internal function]: CodeIgniter\Debug\Exceptions->exceptionHandler(Object(CodeIgniter\Exceptions\PageNotFoundException))
#8 {main}
  thrown
【Previous Exception】
CodeIgniter\Exceptions\PageNotFoundException
Page Not Found
#0 D:\laragon\www\method-oldagehome\system\CodeIgniter.php(967): CodeIgniter\Exceptions\PageNotFoundException::forPageNotFound(NULL)
#1 D:\laragon\www\method-oldagehome\system\CodeIgniter.php(362): CodeIgniter\CodeIgniter->display404errors(Object(CodeIgniter\Exceptions\PageNotFoundException))
#2 D:\laragon\www\method-oldagehome\public\index.php(79): CodeIgniter\CodeIgniter->run()
#3 D:\laragon\www\method-oldagehome\system\Commands\Server\rewrite.php(47): require_once('D:\\laragon\\www\\...')
#4 {main}
in SYSTEMPATH\HTTP\ResponseTrait.php on line 774.
 1 [internal function]: CodeIgniter\Debug\Exceptions->shutdownHandler()
CRITICAL - 2024-11-13 06:43:11 --> Uncaught ErrorException: Cannot modify header information - headers already sent in D:\laragon\www\method-oldagehome\system\HTTP\ResponseTrait.php:774
Stack trace:
#0 [internal function]: CodeIgniter\Debug\Exceptions->errorHandler(2, 'Cannot modify h...', 'D:\\laragon\\www\\...', 774)
#1 D:\laragon\www\method-oldagehome\system\HTTP\ResponseTrait.php(774): setcookie('ci_session', 'rmo6aqosnhobj89...', Array)
#2 D:\laragon\www\method-oldagehome\system\HTTP\ResponseTrait.php(750): CodeIgniter\HTTP\Response->doSetCookie('ci_session', 'rmo6aqosnhobj89...', Array)
#3 D:\laragon\www\method-oldagehome\system\HTTP\ResponseTrait.php(730): CodeIgniter\HTTP\Response->dispatchCookies()
#4 D:\laragon\www\method-oldagehome\system\HTTP\ResponseTrait.php(447): CodeIgniter\HTTP\Response->sendCookies()
#5 D:\laragon\www\method-oldagehome\system\Debug\ExceptionHandler.php(78): CodeIgniter\HTTP\Response->send()
#6 D:\laragon\www\method-oldagehome\system\Debug\Exceptions.php(147): CodeIgniter\Debug\ExceptionHandler->handle(Object(CodeIgniter\Exceptions\PageNotFoundException), Object(CodeIgniter\HTTP\IncomingRequest), Object(CodeIgniter\HTTP\Response), 404, 1)
#7 [internal function]: CodeIgniter\Debug\Exceptions->exceptionHandler(Object(CodeIgniter\Exceptions\PageNotFoundException))
#8 {main}
  thrown
【Previous Exception】
CodeIgniter\Exceptions\PageNotFoundException
Page Not Found
#0 D:\laragon\www\method-oldagehome\system\CodeIgniter.php(967): CodeIgniter\Exceptions\PageNotFoundException::forPageNotFound(NULL)
#1 D:\laragon\www\method-oldagehome\system\CodeIgniter.php(362): CodeIgniter\CodeIgniter->display404errors(Object(CodeIgniter\Exceptions\PageNotFoundException))
#2 D:\laragon\www\method-oldagehome\public\index.php(79): CodeIgniter\CodeIgniter->run()
#3 D:\laragon\www\method-oldagehome\system\Commands\Server\rewrite.php(47): require_once('D:\\laragon\\www\\...')
#4 {main}
in SYSTEMPATH\HTTP\ResponseTrait.php on line 774.
 1 [internal function]: CodeIgniter\Debug\Exceptions->shutdownHandler()
CRITICAL - 2024-11-13 06:43:12 --> Uncaught ErrorException: Cannot modify header information - headers already sent in D:\laragon\www\method-oldagehome\system\HTTP\ResponseTrait.php:774
Stack trace:
#0 [internal function]: CodeIgniter\Debug\Exceptions->errorHandler(2, 'Cannot modify h...', 'D:\\laragon\\www\\...', 774)
#1 D:\laragon\www\method-oldagehome\system\HTTP\ResponseTrait.php(774): setcookie('ci_session', 'rmo6aqosnhobj89...', Array)
#2 D:\laragon\www\method-oldagehome\system\HTTP\ResponseTrait.php(750): CodeIgniter\HTTP\Response->doSetCookie('ci_session', 'rmo6aqosnhobj89...', Array)
#3 D:\laragon\www\method-oldagehome\system\HTTP\ResponseTrait.php(730): CodeIgniter\HTTP\Response->dispatchCookies()
#4 D:\laragon\www\method-oldagehome\system\HTTP\ResponseTrait.php(447): CodeIgniter\HTTP\Response->sendCookies()
#5 D:\laragon\www\method-oldagehome\system\Debug\ExceptionHandler.php(78): CodeIgniter\HTTP\Response->send()
#6 D:\laragon\www\method-oldagehome\system\Debug\Exceptions.php(147): CodeIgniter\Debug\ExceptionHandler->handle(Object(CodeIgniter\Exceptions\PageNotFoundException), Object(CodeIgniter\HTTP\IncomingRequest), Object(CodeIgniter\HTTP\Response), 404, 1)
#7 [internal function]: CodeIgniter\Debug\Exceptions->exceptionHandler(Object(CodeIgniter\Exceptions\PageNotFoundException))
#8 {main}
  thrown
【Previous Exception】
CodeIgniter\Exceptions\PageNotFoundException
Page Not Found
#0 D:\laragon\www\method-oldagehome\system\CodeIgniter.php(967): CodeIgniter\Exceptions\PageNotFoundException::forPageNotFound(NULL)
#1 D:\laragon\www\method-oldagehome\system\CodeIgniter.php(362): CodeIgniter\CodeIgniter->display404errors(Object(CodeIgniter\Exceptions\PageNotFoundException))
#2 D:\laragon\www\method-oldagehome\public\index.php(79): CodeIgniter\CodeIgniter->run()
#3 D:\laragon\www\method-oldagehome\system\Commands\Server\rewrite.php(47): require_once('D:\\laragon\\www\\...')
#4 {main}
in SYSTEMPATH\HTTP\ResponseTrait.php on line 774.
 1 [internal function]: CodeIgniter\Debug\Exceptions->shutdownHandler()
CRITICAL - 2024-11-13 06:43:13 --> Uncaught ErrorException: Cannot modify header information - headers already sent in D:\laragon\www\method-oldagehome\system\HTTP\ResponseTrait.php:774
Stack trace:
#0 [internal function]: CodeIgniter\Debug\Exceptions->errorHandler(2, 'Cannot modify h...', 'D:\\laragon\\www\\...', 774)
#1 D:\laragon\www\method-oldagehome\system\HTTP\ResponseTrait.php(774): setcookie('ci_session', 'rmo6aqosnhobj89...', Array)
#2 D:\laragon\www\method-oldagehome\system\HTTP\ResponseTrait.php(750): CodeIgniter\HTTP\Response->doSetCookie('ci_session', 'rmo6aqosnhobj89...', Array)
#3 D:\laragon\www\method-oldagehome\system\HTTP\ResponseTrait.php(730): CodeIgniter\HTTP\Response->dispatchCookies()
#4 D:\laragon\www\method-oldagehome\system\HTTP\ResponseTrait.php(447): CodeIgniter\HTTP\Response->sendCookies()
#5 D:\laragon\www\method-oldagehome\system\Debug\ExceptionHandler.php(78): CodeIgniter\HTTP\Response->send()
#6 D:\laragon\www\method-oldagehome\system\Debug\Exceptions.php(147): CodeIgniter\Debug\ExceptionHandler->handle(Object(CodeIgniter\Exceptions\PageNotFoundException), Object(CodeIgniter\HTTP\IncomingRequest), Object(CodeIgniter\HTTP\Response), 404, 1)
#7 [internal function]: CodeIgniter\Debug\Exceptions->exceptionHandler(Object(CodeIgniter\Exceptions\PageNotFoundException))
#8 {main}
  thrown
【Previous Exception】
CodeIgniter\Exceptions\PageNotFoundException
Page Not Found
#0 D:\laragon\www\method-oldagehome\system\CodeIgniter.php(967): CodeIgniter\Exceptions\PageNotFoundException::forPageNotFound(NULL)
#1 D:\laragon\www\method-oldagehome\system\CodeIgniter.php(362): CodeIgniter\CodeIgniter->display404errors(Object(CodeIgniter\Exceptions\PageNotFoundException))
#2 D:\laragon\www\method-oldagehome\public\index.php(79): CodeIgniter\CodeIgniter->run()
#3 D:\laragon\www\method-oldagehome\system\Commands\Server\rewrite.php(47): require_once('D:\\laragon\\www\\...')
#4 {main}
in SYSTEMPATH\HTTP\ResponseTrait.php on line 774.
 1 [internal function]: CodeIgniter\Debug\Exceptions->shutdownHandler()
CRITICAL - 2024-11-13 06:43:14 --> Uncaught ErrorException: Cannot modify header information - headers already sent in D:\laragon\www\method-oldagehome\system\HTTP\ResponseTrait.php:774
Stack trace:
#0 [internal function]: CodeIgniter\Debug\Exceptions->errorHandler(2, 'Cannot modify h...', 'D:\\laragon\\www\\...', 774)
#1 D:\laragon\www\method-oldagehome\system\HTTP\ResponseTrait.php(774): setcookie('ci_session', 'rmo6aqosnhobj89...', Array)
#2 D:\laragon\www\method-oldagehome\system\HTTP\ResponseTrait.php(750): CodeIgniter\HTTP\Response->doSetCookie('ci_session', 'rmo6aqosnhobj89...', Array)
#3 D:\laragon\www\method-oldagehome\system\HTTP\ResponseTrait.php(730): CodeIgniter\HTTP\Response->dispatchCookies()
#4 D:\laragon\www\method-oldagehome\system\HTTP\ResponseTrait.php(447): CodeIgniter\HTTP\Response->sendCookies()
#5 D:\laragon\www\method-oldagehome\system\Debug\ExceptionHandler.php(78): CodeIgniter\HTTP\Response->send()
#6 D:\laragon\www\method-oldagehome\system\Debug\Exceptions.php(147): CodeIgniter\Debug\ExceptionHandler->handle(Object(CodeIgniter\Exceptions\PageNotFoundException), Object(CodeIgniter\HTTP\IncomingRequest), Object(CodeIgniter\HTTP\Response), 404, 1)
#7 [internal function]: CodeIgniter\Debug\Exceptions->exceptionHandler(Object(CodeIgniter\Exceptions\PageNotFoundException))
#8 {main}
  thrown
【Previous Exception】
CodeIgniter\Exceptions\PageNotFoundException
Page Not Found
#0 D:\laragon\www\method-oldagehome\system\CodeIgniter.php(967): CodeIgniter\Exceptions\PageNotFoundException::forPageNotFound(NULL)
#1 D:\laragon\www\method-oldagehome\system\CodeIgniter.php(362): CodeIgniter\CodeIgniter->display404errors(Object(CodeIgniter\Exceptions\PageNotFoundException))
#2 D:\laragon\www\method-oldagehome\public\index.php(79): CodeIgniter\CodeIgniter->run()
#3 D:\laragon\www\method-oldagehome\system\Commands\Server\rewrite.php(47): require_once('D:\\laragon\\www\\...')
#4 {main}
in SYSTEMPATH\HTTP\ResponseTrait.php on line 774.
 1 [internal function]: CodeIgniter\Debug\Exceptions->shutdownHandler()
CRITICAL - 2024-11-13 06:49:55 --> Uncaught ErrorException: Cannot modify header information - headers already sent in D:\laragon\www\method-oldagehome\system\HTTP\ResponseTrait.php:774
Stack trace:
#0 [internal function]: CodeIgniter\Debug\Exceptions->errorHandler(2, 'Cannot modify h...', 'D:\\laragon\\www\\...', 774)
#1 D:\laragon\www\method-oldagehome\system\HTTP\ResponseTrait.php(774): setcookie('ci_session', 'rmo6aqosnhobj89...', Array)
#2 D:\laragon\www\method-oldagehome\system\HTTP\ResponseTrait.php(750): CodeIgniter\HTTP\Response->doSetCookie('ci_session', 'rmo6aqosnhobj89...', Array)
#3 D:\laragon\www\method-oldagehome\system\HTTP\ResponseTrait.php(730): CodeIgniter\HTTP\Response->dispatchCookies()
#4 D:\laragon\www\method-oldagehome\system\HTTP\ResponseTrait.php(447): CodeIgniter\HTTP\Response->sendCookies()
#5 D:\laragon\www\method-oldagehome\system\Debug\ExceptionHandler.php(78): CodeIgniter\HTTP\Response->send()
#6 D:\laragon\www\method-oldagehome\system\Debug\Exceptions.php(147): CodeIgniter\Debug\ExceptionHandler->handle(Object(CodeIgniter\Exceptions\PageNotFoundException), Object(CodeIgniter\HTTP\IncomingRequest), Object(CodeIgniter\HTTP\Response), 404, 1)
#7 [internal function]: CodeIgniter\Debug\Exceptions->exceptionHandler(Object(CodeIgniter\Exceptions\PageNotFoundException))
#8 {main}
  thrown
【Previous Exception】
CodeIgniter\Exceptions\PageNotFoundException
Page Not Found
#0 D:\laragon\www\method-oldagehome\system\CodeIgniter.php(967): CodeIgniter\Exceptions\PageNotFoundException::forPageNotFound(NULL)
#1 D:\laragon\www\method-oldagehome\system\CodeIgniter.php(362): CodeIgniter\CodeIgniter->display404errors(Object(CodeIgniter\Exceptions\PageNotFoundException))
#2 D:\laragon\www\method-oldagehome\public\index.php(79): CodeIgniter\CodeIgniter->run()
#3 D:\laragon\www\method-oldagehome\system\Commands\Server\rewrite.php(47): require_once('D:\\laragon\\www\\...')
#4 {main}
in SYSTEMPATH\HTTP\ResponseTrait.php on line 774.
 1 [internal function]: CodeIgniter\Debug\Exceptions->shutdownHandler()
CRITICAL - 2024-11-13 06:49:57 --> Uncaught ErrorException: Cannot modify header information - headers already sent in D:\laragon\www\method-oldagehome\system\HTTP\ResponseTrait.php:774
Stack trace:
#0 [internal function]: CodeIgniter\Debug\Exceptions->errorHandler(2, 'Cannot modify h...', 'D:\\laragon\\www\\...', 774)
#1 D:\laragon\www\method-oldagehome\system\HTTP\ResponseTrait.php(774): setcookie('ci_session', 'rmo6aqosnhobj89...', Array)
#2 D:\laragon\www\method-oldagehome\system\HTTP\ResponseTrait.php(750): CodeIgniter\HTTP\Response->doSetCookie('ci_session', 'rmo6aqosnhobj89...', Array)
#3 D:\laragon\www\method-oldagehome\system\HTTP\ResponseTrait.php(730): CodeIgniter\HTTP\Response->dispatchCookies()
#4 D:\laragon\www\method-oldagehome\system\HTTP\ResponseTrait.php(447): CodeIgniter\HTTP\Response->sendCookies()
#5 D:\laragon\www\method-oldagehome\system\Debug\ExceptionHandler.php(78): CodeIgniter\HTTP\Response->send()
#6 D:\laragon\www\method-oldagehome\system\Debug\Exceptions.php(147): CodeIgniter\Debug\ExceptionHandler->handle(Object(CodeIgniter\Exceptions\PageNotFoundException), Object(CodeIgniter\HTTP\IncomingRequest), Object(CodeIgniter\HTTP\Response), 404, 1)
#7 [internal function]: CodeIgniter\Debug\Exceptions->exceptionHandler(Object(CodeIgniter\Exceptions\PageNotFoundException))
#8 {main}
  thrown
【Previous Exception】
CodeIgniter\Exceptions\PageNotFoundException
Page Not Found
#0 D:\laragon\www\method-oldagehome\system\CodeIgniter.php(967): CodeIgniter\Exceptions\PageNotFoundException::forPageNotFound(NULL)
#1 D:\laragon\www\method-oldagehome\system\CodeIgniter.php(362): CodeIgniter\CodeIgniter->display404errors(Object(CodeIgniter\Exceptions\PageNotFoundException))
#2 D:\laragon\www\method-oldagehome\public\index.php(79): CodeIgniter\CodeIgniter->run()
#3 D:\laragon\www\method-oldagehome\system\Commands\Server\rewrite.php(47): require_once('D:\\laragon\\www\\...')
#4 {main}
in SYSTEMPATH\HTTP\ResponseTrait.php on line 774.
 1 [internal function]: CodeIgniter\Debug\Exceptions->shutdownHandler()
CRITICAL - 2024-11-13 06:50:15 --> Uncaught ErrorException: Cannot modify header information - headers already sent in D:\laragon\www\method-oldagehome\system\HTTP\ResponseTrait.php:774
Stack trace:
#0 [internal function]: CodeIgniter\Debug\Exceptions->errorHandler(2, 'Cannot modify h...', 'D:\\laragon\\www\\...', 774)
#1 D:\laragon\www\method-oldagehome\system\HTTP\ResponseTrait.php(774): setcookie('ci_session', 'rmo6aqosnhobj89...', Array)
#2 D:\laragon\www\method-oldagehome\system\HTTP\ResponseTrait.php(750): CodeIgniter\HTTP\Response->doSetCookie('ci_session', 'rmo6aqosnhobj89...', Array)
#3 D:\laragon\www\method-oldagehome\system\HTTP\ResponseTrait.php(730): CodeIgniter\HTTP\Response->dispatchCookies()
#4 D:\laragon\www\method-oldagehome\system\HTTP\ResponseTrait.php(447): CodeIgniter\HTTP\Response->sendCookies()
#5 D:\laragon\www\method-oldagehome\system\Debug\ExceptionHandler.php(78): CodeIgniter\HTTP\Response->send()
#6 D:\laragon\www\method-oldagehome\system\Debug\Exceptions.php(147): CodeIgniter\Debug\ExceptionHandler->handle(Object(CodeIgniter\Exceptions\PageNotFoundException), Object(CodeIgniter\HTTP\IncomingRequest), Object(CodeIgniter\HTTP\Response), 404, 1)
#7 [internal function]: CodeIgniter\Debug\Exceptions->exceptionHandler(Object(CodeIgniter\Exceptions\PageNotFoundException))
#8 {main}
  thrown
【Previous Exception】
CodeIgniter\Exceptions\PageNotFoundException
Page Not Found
#0 D:\laragon\www\method-oldagehome\system\CodeIgniter.php(967): CodeIgniter\Exceptions\PageNotFoundException::forPageNotFound(NULL)
#1 D:\laragon\www\method-oldagehome\system\CodeIgniter.php(362): CodeIgniter\CodeIgniter->display404errors(Object(CodeIgniter\Exceptions\PageNotFoundException))
#2 D:\laragon\www\method-oldagehome\public\index.php(79): CodeIgniter\CodeIgniter->run()
#3 D:\laragon\www\method-oldagehome\system\Commands\Server\rewrite.php(47): require_once('D:\\laragon\\www\\...')
#4 {main}
in SYSTEMPATH\HTTP\ResponseTrait.php on line 774.
 1 [internal function]: CodeIgniter\Debug\Exceptions->shutdownHandler()
CRITICAL - 2024-11-13 06:50:16 --> Uncaught ErrorException: Cannot modify header information - headers already sent in D:\laragon\www\method-oldagehome\system\HTTP\ResponseTrait.php:774
Stack trace:
#0 [internal function]: CodeIgniter\Debug\Exceptions->errorHandler(2, 'Cannot modify h...', 'D:\\laragon\\www\\...', 774)
#1 D:\laragon\www\method-oldagehome\system\HTTP\ResponseTrait.php(774): setcookie('ci_session', 'rmo6aqosnhobj89...', Array)
#2 D:\laragon\www\method-oldagehome\system\HTTP\ResponseTrait.php(750): CodeIgniter\HTTP\Response->doSetCookie('ci_session', 'rmo6aqosnhobj89...', Array)
#3 D:\laragon\www\method-oldagehome\system\HTTP\ResponseTrait.php(730): CodeIgniter\HTTP\Response->dispatchCookies()
#4 D:\laragon\www\method-oldagehome\system\HTTP\ResponseTrait.php(447): CodeIgniter\HTTP\Response->sendCookies()
#5 D:\laragon\www\method-oldagehome\system\Debug\ExceptionHandler.php(78): CodeIgniter\HTTP\Response->send()
#6 D:\laragon\www\method-oldagehome\system\Debug\Exceptions.php(147): CodeIgniter\Debug\ExceptionHandler->handle(Object(CodeIgniter\Exceptions\PageNotFoundException), Object(CodeIgniter\HTTP\IncomingRequest), Object(CodeIgniter\HTTP\Response), 404, 1)
#7 [internal function]: CodeIgniter\Debug\Exceptions->exceptionHandler(Object(CodeIgniter\Exceptions\PageNotFoundException))
#8 {main}
  thrown
【Previous Exception】
CodeIgniter\Exceptions\PageNotFoundException
Page Not Found
#0 D:\laragon\www\method-oldagehome\system\CodeIgniter.php(967): CodeIgniter\Exceptions\PageNotFoundException::forPageNotFound(NULL)
#1 D:\laragon\www\method-oldagehome\system\CodeIgniter.php(362): CodeIgniter\CodeIgniter->display404errors(Object(CodeIgniter\Exceptions\PageNotFoundException))
#2 D:\laragon\www\method-oldagehome\public\index.php(79): CodeIgniter\CodeIgniter->run()
#3 D:\laragon\www\method-oldagehome\system\Commands\Server\rewrite.php(47): require_once('D:\\laragon\\www\\...')
#4 {main}
in SYSTEMPATH\HTTP\ResponseTrait.php on line 774.
 1 [internal function]: CodeIgniter\Debug\Exceptions->shutdownHandler()
CRITICAL - 2024-11-13 06:50:16 --> Uncaught ErrorException: Cannot modify header information - headers already sent in D:\laragon\www\method-oldagehome\system\HTTP\ResponseTrait.php:774
Stack trace:
#0 [internal function]: CodeIgniter\Debug\Exceptions->errorHandler(2, 'Cannot modify h...', 'D:\\laragon\\www\\...', 774)
#1 D:\laragon\www\method-oldagehome\system\HTTP\ResponseTrait.php(774): setcookie('ci_session', 'rmo6aqosnhobj89...', Array)
#2 D:\laragon\www\method-oldagehome\system\HTTP\ResponseTrait.php(750): CodeIgniter\HTTP\Response->doSetCookie('ci_session', 'rmo6aqosnhobj89...', Array)
#3 D:\laragon\www\method-oldagehome\system\HTTP\ResponseTrait.php(730): CodeIgniter\HTTP\Response->dispatchCookies()
#4 D:\laragon\www\method-oldagehome\system\HTTP\ResponseTrait.php(447): CodeIgniter\HTTP\Response->sendCookies()
#5 D:\laragon\www\method-oldagehome\system\Debug\ExceptionHandler.php(78): CodeIgniter\HTTP\Response->send()
#6 D:\laragon\www\method-oldagehome\system\Debug\Exceptions.php(147): CodeIgniter\Debug\ExceptionHandler->handle(Object(CodeIgniter\Exceptions\PageNotFoundException), Object(CodeIgniter\HTTP\IncomingRequest), Object(CodeIgniter\HTTP\Response), 404, 1)
#7 [internal function]: CodeIgniter\Debug\Exceptions->exceptionHandler(Object(CodeIgniter\Exceptions\PageNotFoundException))
#8 {main}
  thrown
【Previous Exception】
CodeIgniter\Exceptions\PageNotFoundException
Page Not Found
#0 D:\laragon\www\method-oldagehome\system\CodeIgniter.php(967): CodeIgniter\Exceptions\PageNotFoundException::forPageNotFound(NULL)
#1 D:\laragon\www\method-oldagehome\system\CodeIgniter.php(362): CodeIgniter\CodeIgniter->display404errors(Object(CodeIgniter\Exceptions\PageNotFoundException))
#2 D:\laragon\www\method-oldagehome\public\index.php(79): CodeIgniter\CodeIgniter->run()
#3 D:\laragon\www\method-oldagehome\system\Commands\Server\rewrite.php(47): require_once('D:\\laragon\\www\\...')
#4 {main}
in SYSTEMPATH\HTTP\ResponseTrait.php on line 774.
 1 [internal function]: CodeIgniter\Debug\Exceptions->shutdownHandler()
CRITICAL - 2024-11-13 06:50:17 --> Uncaught ErrorException: Cannot modify header information - headers already sent in D:\laragon\www\method-oldagehome\system\HTTP\ResponseTrait.php:774
Stack trace:
#0 [internal function]: CodeIgniter\Debug\Exceptions->errorHandler(2, 'Cannot modify h...', 'D:\\laragon\\www\\...', 774)
#1 D:\laragon\www\method-oldagehome\system\HTTP\ResponseTrait.php(774): setcookie('ci_session', 'rmo6aqosnhobj89...', Array)
#2 D:\laragon\www\method-oldagehome\system\HTTP\ResponseTrait.php(750): CodeIgniter\HTTP\Response->doSetCookie('ci_session', 'rmo6aqosnhobj89...', Array)
#3 D:\laragon\www\method-oldagehome\system\HTTP\ResponseTrait.php(730): CodeIgniter\HTTP\Response->dispatchCookies()
#4 D:\laragon\www\method-oldagehome\system\HTTP\ResponseTrait.php(447): CodeIgniter\HTTP\Response->sendCookies()
#5 D:\laragon\www\method-oldagehome\system\Debug\ExceptionHandler.php(78): CodeIgniter\HTTP\Response->send()
#6 D:\laragon\www\method-oldagehome\system\Debug\Exceptions.php(147): CodeIgniter\Debug\ExceptionHandler->handle(Object(CodeIgniter\Exceptions\PageNotFoundException), Object(CodeIgniter\HTTP\IncomingRequest), Object(CodeIgniter\HTTP\Response), 404, 1)
#7 [internal function]: CodeIgniter\Debug\Exceptions->exceptionHandler(Object(CodeIgniter\Exceptions\PageNotFoundException))
#8 {main}
  thrown
【Previous Exception】
CodeIgniter\Exceptions\PageNotFoundException
Page Not Found
#0 D:\laragon\www\method-oldagehome\system\CodeIgniter.php(967): CodeIgniter\Exceptions\PageNotFoundException::forPageNotFound(NULL)
#1 D:\laragon\www\method-oldagehome\system\CodeIgniter.php(362): CodeIgniter\CodeIgniter->display404errors(Object(CodeIgniter\Exceptions\PageNotFoundException))
#2 D:\laragon\www\method-oldagehome\public\index.php(79): CodeIgniter\CodeIgniter->run()
#3 D:\laragon\www\method-oldagehome\system\Commands\Server\rewrite.php(47): require_once('D:\\laragon\\www\\...')
#4 {main}
in SYSTEMPATH\HTTP\ResponseTrait.php on line 774.
 1 [internal function]: CodeIgniter\Debug\Exceptions->shutdownHandler()
CRITICAL - 2024-11-13 06:50:18 --> Uncaught ErrorException: Cannot modify header information - headers already sent in D:\laragon\www\method-oldagehome\system\HTTP\ResponseTrait.php:774
Stack trace:
#0 [internal function]: CodeIgniter\Debug\Exceptions->errorHandler(2, 'Cannot modify h...', 'D:\\laragon\\www\\...', 774)
#1 D:\laragon\www\method-oldagehome\system\HTTP\ResponseTrait.php(774): setcookie('ci_session', 'rmo6aqosnhobj89...', Array)
#2 D:\laragon\www\method-oldagehome\system\HTTP\ResponseTrait.php(750): CodeIgniter\HTTP\Response->doSetCookie('ci_session', 'rmo6aqosnhobj89...', Array)
#3 D:\laragon\www\method-oldagehome\system\HTTP\ResponseTrait.php(730): CodeIgniter\HTTP\Response->dispatchCookies()
#4 D:\laragon\www\method-oldagehome\system\HTTP\ResponseTrait.php(447): CodeIgniter\HTTP\Response->sendCookies()
#5 D:\laragon\www\method-oldagehome\system\Debug\ExceptionHandler.php(78): CodeIgniter\HTTP\Response->send()
#6 D:\laragon\www\method-oldagehome\system\Debug\Exceptions.php(147): CodeIgniter\Debug\ExceptionHandler->handle(Object(CodeIgniter\Exceptions\PageNotFoundException), Object(CodeIgniter\HTTP\IncomingRequest), Object(CodeIgniter\HTTP\Response), 404, 1)
#7 [internal function]: CodeIgniter\Debug\Exceptions->exceptionHandler(Object(CodeIgniter\Exceptions\PageNotFoundException))
#8 {main}
  thrown
【Previous Exception】
CodeIgniter\Exceptions\PageNotFoundException
Page Not Found
#0 D:\laragon\www\method-oldagehome\system\CodeIgniter.php(967): CodeIgniter\Exceptions\PageNotFoundException::forPageNotFound(NULL)
#1 D:\laragon\www\method-oldagehome\system\CodeIgniter.php(362): CodeIgniter\CodeIgniter->display404errors(Object(CodeIgniter\Exceptions\PageNotFoundException))
#2 D:\laragon\www\method-oldagehome\public\index.php(79): CodeIgniter\CodeIgniter->run()
#3 D:\laragon\www\method-oldagehome\system\Commands\Server\rewrite.php(47): require_once('D:\\laragon\\www\\...')
#4 {main}
in SYSTEMPATH\HTTP\ResponseTrait.php on line 774.
 1 [internal function]: CodeIgniter\Debug\Exceptions->shutdownHandler()
CRITICAL - 2024-11-13 06:50:19 --> Uncaught ErrorException: Cannot modify header information - headers already sent in D:\laragon\www\method-oldagehome\system\HTTP\ResponseTrait.php:774
Stack trace:
#0 [internal function]: CodeIgniter\Debug\Exceptions->errorHandler(2, 'Cannot modify h...', 'D:\\laragon\\www\\...', 774)
#1 D:\laragon\www\method-oldagehome\system\HTTP\ResponseTrait.php(774): setcookie('ci_session', 'rmo6aqosnhobj89...', Array)
#2 D:\laragon\www\method-oldagehome\system\HTTP\ResponseTrait.php(750): CodeIgniter\HTTP\Response->doSetCookie('ci_session', 'rmo6aqosnhobj89...', Array)
#3 D:\laragon\www\method-oldagehome\system\HTTP\ResponseTrait.php(730): CodeIgniter\HTTP\Response->dispatchCookies()
#4 D:\laragon\www\method-oldagehome\system\HTTP\ResponseTrait.php(447): CodeIgniter\HTTP\Response->sendCookies()
#5 D:\laragon\www\method-oldagehome\system\Debug\ExceptionHandler.php(78): CodeIgniter\HTTP\Response->send()
#6 D:\laragon\www\method-oldagehome\system\Debug\Exceptions.php(147): CodeIgniter\Debug\ExceptionHandler->handle(Object(CodeIgniter\Exceptions\PageNotFoundException), Object(CodeIgniter\HTTP\IncomingRequest), Object(CodeIgniter\HTTP\Response), 404, 1)
#7 [internal function]: CodeIgniter\Debug\Exceptions->exceptionHandler(Object(CodeIgniter\Exceptions\PageNotFoundException))
#8 {main}
  thrown
【Previous Exception】
CodeIgniter\Exceptions\PageNotFoundException
Page Not Found
#0 D:\laragon\www\method-oldagehome\system\CodeIgniter.php(967): CodeIgniter\Exceptions\PageNotFoundException::forPageNotFound(NULL)
#1 D:\laragon\www\method-oldagehome\system\CodeIgniter.php(362): CodeIgniter\CodeIgniter->display404errors(Object(CodeIgniter\Exceptions\PageNotFoundException))
#2 D:\laragon\www\method-oldagehome\public\index.php(79): CodeIgniter\CodeIgniter->run()
#3 D:\laragon\www\method-oldagehome\system\Commands\Server\rewrite.php(47): require_once('D:\\laragon\\www\\...')
#4 {main}
in SYSTEMPATH\HTTP\ResponseTrait.php on line 774.
 1 [internal function]: CodeIgniter\Debug\Exceptions->shutdownHandler()
ERROR - 2024-11-13 07:01:51 --> mysqli_sql_exception: You have an error in your SQL syntax; check the manual that corresponds to your MySQL server version for the right syntax to use near 'IS NULL
AND `scstatus` = 'Unarchive'' at line 3 in D:\laragon\www\method-oldagehome\system\Database\MySQLi\Connection.php:306
Stack trace:
#0 D:\laragon\www\method-oldagehome\system\Database\MySQLi\Connection.php(306): mysqli->query('SELECT *\nFROM `...', 0)
#1 D:\laragon\www\method-oldagehome\system\Database\BaseConnection.php(692): CodeIgniter\Database\MySQLi\Connection->execute('SELECT *\nFROM `...')
#2 D:\laragon\www\method-oldagehome\system\Database\BaseConnection.php(606): CodeIgniter\Database\BaseConnection->simpleQuery('SELECT *\nFROM `...')
#3 D:\laragon\www\method-oldagehome\system\Database\BaseBuilder.php(1615): CodeIgniter\Database\BaseConnection->query('SELECT *\nFROM `...', Array, false)
#4 D:\laragon\www\method-oldagehome\system\Model.php(237): CodeIgniter\Database\BaseBuilder->get()
#5 D:\laragon\www\method-oldagehome\system\BaseModel.php(624): CodeIgniter\Model->doFindAll(0, 0)
#6 D:\laragon\www\method-oldagehome\app\Controllers\Fullcalendar.php(120): CodeIgniter\BaseModel->findAll()
#7 D:\laragon\www\method-oldagehome\system\CodeIgniter.php(919): App\Controllers\Fullcalendar->searchRes()
#8 D:\laragon\www\method-oldagehome\system\CodeIgniter.php(494): CodeIgniter\CodeIgniter->runController(Object(App\Controllers\Fullcalendar))
#9 D:\laragon\www\method-oldagehome\system\CodeIgniter.php(353): CodeIgniter\CodeIgniter->handleRequest(NULL, Object(Config\Cache), false)
#10 D:\laragon\www\method-oldagehome\public\index.php(79): CodeIgniter\CodeIgniter->run()
#11 D:\laragon\www\method-oldagehome\system\Commands\Server\rewrite.php(47): require_once('D:\\laragon\\www\\...')
#12 {main}
CRITICAL - 2024-11-13 07:01:51 --> You have an error in your SQL syntax; check the manual that corresponds to your MySQL server version for the right syntax to use near 'IS NULL
AND `scstatus` = 'Unarchive'' at line 3
in SYSTEMPATH\Database\BaseConnection.php on line 646.
 1 SYSTEMPATH\Database\BaseBuilder.php(1615): CodeIgniter\Database\BaseConnection->query('SELECT *
FROM `tblscdetails`
WHERE `RegDate` < IS NULL
AND `scstatus` = :scstatus:', [...], false)
 2 SYSTEMPATH\Model.php(237): CodeIgniter\Database\BaseBuilder->get()
 3 SYSTEMPATH\BaseModel.php(624): CodeIgniter\Model->doFindAll(0, 0)
 4 APPPATH\Controllers\Fullcalendar.php(120): CodeIgniter\BaseModel->findAll()
 5 SYSTEMPATH\CodeIgniter.php(919): App\Controllers\Fullcalendar->searchRes()
 6 SYSTEMPATH\CodeIgniter.php(494): CodeIgniter\CodeIgniter->runController(Object(App\Controllers\Fullcalendar))
 7 SYSTEMPATH\CodeIgniter.php(353): CodeIgniter\CodeIgniter->handleRequest(null, Object(Config\Cache), false)
 8 FCPATH\index.php(79): CodeIgniter\CodeIgniter->run()
 9 SYSTEMPATH\Commands\Server\rewrite.php(47): require_once('D:\\laragon\\www\\method-oldagehome\\public\\index.php')
ERROR - 2024-11-13 07:05:06 --> mysqli_sql_exception: You have an error in your SQL syntax; check the manual that corresponds to your MySQL server version for the right syntax to use near 'IS NULL
AND `scstatus` = 'Unarchive'' at line 3 in D:\laragon\www\method-oldagehome\system\Database\MySQLi\Connection.php:306
Stack trace:
#0 D:\laragon\www\method-oldagehome\system\Database\MySQLi\Connection.php(306): mysqli->query('SELECT *\nFROM `...', 0)
#1 D:\laragon\www\method-oldagehome\system\Database\BaseConnection.php(692): CodeIgniter\Database\MySQLi\Connection->execute('SELECT *\nFROM `...')
#2 D:\laragon\www\method-oldagehome\system\Database\BaseConnection.php(606): CodeIgniter\Database\BaseConnection->simpleQuery('SELECT *\nFROM `...')
#3 D:\laragon\www\method-oldagehome\system\Database\BaseBuilder.php(1615): CodeIgniter\Database\BaseConnection->query('SELECT *\nFROM `...', Array, false)
#4 D:\laragon\www\method-oldagehome\system\Model.php(237): CodeIgniter\Database\BaseBuilder->get()
#5 D:\laragon\www\method-oldagehome\system\BaseModel.php(624): CodeIgniter\Model->doFindAll(0, 0)
#6 D:\laragon\www\method-oldagehome\app\Controllers\Fullcalendar.php(120): CodeIgniter\BaseModel->findAll()
#7 D:\laragon\www\method-oldagehome\system\CodeIgniter.php(919): App\Controllers\Fullcalendar->searchRes()
#8 D:\laragon\www\method-oldagehome\system\CodeIgniter.php(494): CodeIgniter\CodeIgniter->runController(Object(App\Controllers\Fullcalendar))
#9 D:\laragon\www\method-oldagehome\system\CodeIgniter.php(353): CodeIgniter\CodeIgniter->handleRequest(NULL, Object(Config\Cache), false)
#10 D:\laragon\www\method-oldagehome\public\index.php(79): CodeIgniter\CodeIgniter->run()
#11 D:\laragon\www\method-oldagehome\system\Commands\Server\rewrite.php(47): require_once('D:\\laragon\\www\\...')
#12 {main}
CRITICAL - 2024-11-13 07:05:06 --> You have an error in your SQL syntax; check the manual that corresponds to your MySQL server version for the right syntax to use near 'IS NULL
AND `scstatus` = 'Unarchive'' at line 3
in SYSTEMPATH\Database\BaseConnection.php on line 646.
 1 SYSTEMPATH\Database\BaseBuilder.php(1615): CodeIgniter\Database\BaseConnection->query('SELECT *
FROM `tblscdetails`
WHERE `RegDate` < IS NULL
AND `scstatus` = :scstatus:', [...], false)
 2 SYSTEMPATH\Model.php(237): CodeIgniter\Database\BaseBuilder->get()
 3 SYSTEMPATH\BaseModel.php(624): CodeIgniter\Model->doFindAll(0, 0)
 4 APPPATH\Controllers\Fullcalendar.php(120): CodeIgniter\BaseModel->findAll()
 5 SYSTEMPATH\CodeIgniter.php(919): App\Controllers\Fullcalendar->searchRes()
 6 SYSTEMPATH\CodeIgniter.php(494): CodeIgniter\CodeIgniter->runController(Object(App\Controllers\Fullcalendar))
 7 SYSTEMPATH\CodeIgniter.php(353): CodeIgniter\CodeIgniter->handleRequest(null, Object(Config\Cache), false)
 8 FCPATH\index.php(79): CodeIgniter\CodeIgniter->run()
 9 SYSTEMPATH\Commands\Server\rewrite.php(47): require_once('D:\\laragon\\www\\method-oldagehome\\public\\index.php')
CRITICAL - 2024-11-13 07:17:02 --> Trying to access array offset on value of type null
in APPPATH\Views\dashboard\editleftelder.php on line 50.
 1 APPPATH\Views\dashboard\editleftelder.php(50): CodeIgniter\Debug\Exceptions->errorHandler(2, 'Trying to access array offset on value of type null', 'D:\\laragon\\www\\method-oldagehome\\app\\Views\\dashboard\\editleftelder.php', 50)
 2 SYSTEMPATH\View\View.php(226): include('D:\\laragon\\www\\method-oldagehome\\app\\Views\\dashboard\\editleftelder.php')
 3 SYSTEMPATH\View\View.php(229): CodeIgniter\View\View->CodeIgniter\View\{closure}()
 4 SYSTEMPATH\Common.php(1188): CodeIgniter\View\View->render('dashboard/editleftelder', [], true)
 5 APPPATH\Controllers\NewController.php(859): view('dashboard/editleftelder', [...])
 6 SYSTEMPATH\CodeIgniter.php(919): App\Controllers\NewController->ViewEditLeft('login', 'vendors', 'typicons', 'typicons.css')
 7 SYSTEMPATH\CodeIgniter.php(494): CodeIgniter\CodeIgniter->runController(Object(App\Controllers\NewController))
 8 SYSTEMPATH\CodeIgniter.php(353): CodeIgniter\CodeIgniter->handleRequest(null, Object(Config\Cache), false)
 9 FCPATH\index.php(79): CodeIgniter\CodeIgniter->run()
10 SYSTEMPATH\Commands\Server\rewrite.php(47): require_once('D:\\laragon\\www\\method-oldagehome\\public\\index.php')
CRITICAL - 2024-11-13 07:17:03 --> Trying to access array offset on value of type null
in APPPATH\Views\dashboard\editleftelder.php on line 50.
 1 APPPATH\Views\dashboard\editleftelder.php(50): CodeIgniter\Debug\Exceptions->errorHandler(2, 'Trying to access array offset on value of type null', 'D:\\laragon\\www\\method-oldagehome\\app\\Views\\dashboard\\editleftelder.php', 50)
 2 SYSTEMPATH\View\View.php(226): include('D:\\laragon\\www\\method-oldagehome\\app\\Views\\dashboard\\editleftelder.php')
 3 SYSTEMPATH\View\View.php(229): CodeIgniter\View\View->CodeIgniter\View\{closure}()
 4 SYSTEMPATH\Common.php(1188): CodeIgniter\View\View->render('dashboard/editleftelder', [], true)
 5 APPPATH\Controllers\NewController.php(859): view('dashboard/editleftelder', [...])
 6 SYSTEMPATH\CodeIgniter.php(919): App\Controllers\NewController->ViewEditLeft('login', 'vendors', 'css', 'vendor.bundle.base.css')
 7 SYSTEMPATH\CodeIgniter.php(494): CodeIgniter\CodeIgniter->runController(Object(App\Controllers\NewController))
 8 SYSTEMPATH\CodeIgniter.php(353): CodeIgniter\CodeIgniter->handleRequest(null, Object(Config\Cache), false)
 9 FCPATH\index.php(79): CodeIgniter\CodeIgniter->run()
10 SYSTEMPATH\Commands\Server\rewrite.php(47): require_once('D:\\laragon\\www\\method-oldagehome\\public\\index.php')
CRITICAL - 2024-11-13 07:17:03 --> Trying to access array offset on value of type null
in APPPATH\Views\dashboard\editleftelder.php on line 50.
 1 APPPATH\Views\dashboard\editleftelder.php(50): CodeIgniter\Debug\Exceptions->errorHandler(2, 'Trying to access array offset on value of type null', 'D:\\laragon\\www\\method-oldagehome\\app\\Views\\dashboard\\editleftelder.php', 50)
 2 SYSTEMPATH\View\View.php(226): include('D:\\laragon\\www\\method-oldagehome\\app\\Views\\dashboard\\editleftelder.php')
 3 SYSTEMPATH\View\View.php(229): CodeIgniter\View\View->CodeIgniter\View\{closure}()
 4 SYSTEMPATH\Common.php(1188): CodeIgniter\View\View->render('dashboard/editleftelder', [], true)
 5 APPPATH\Controllers\NewController.php(859): view('dashboard/editleftelder', [...])
 6 SYSTEMPATH\CodeIgniter.php(919): App\Controllers\NewController->ViewEditLeft('login', 'vendors', 'select2', 'select2.min.css')
 7 SYSTEMPATH\CodeIgniter.php(494): CodeIgniter\CodeIgniter->runController(Object(App\Controllers\NewController))
 8 SYSTEMPATH\CodeIgniter.php(353): CodeIgniter\CodeIgniter->handleRequest(null, Object(Config\Cache), false)
 9 FCPATH\index.php(79): CodeIgniter\CodeIgniter->run()
10 SYSTEMPATH\Commands\Server\rewrite.php(47): require_once('D:\\laragon\\www\\method-oldagehome\\public\\index.php')
CRITICAL - 2024-11-13 07:17:04 --> Trying to access array offset on value of type null
in APPPATH\Views\dashboard\editleftelder.php on line 50.
 1 APPPATH\Views\dashboard\editleftelder.php(50): CodeIgniter\Debug\Exceptions->errorHandler(2, 'Trying to access array offset on value of type null', 'D:\\laragon\\www\\method-oldagehome\\app\\Views\\dashboard\\editleftelder.php', 50)
 2 SYSTEMPATH\View\View.php(226): include('D:\\laragon\\www\\method-oldagehome\\app\\Views\\dashboard\\editleftelder.php')
 3 SYSTEMPATH\View\View.php(229): CodeIgniter\View\View->CodeIgniter\View\{closure}()
 4 SYSTEMPATH\Common.php(1188): CodeIgniter\View\View->render('dashboard/editleftelder', [], true)
 5 APPPATH\Controllers\NewController.php(859): view('dashboard/editleftelder', [...])
 6 SYSTEMPATH\CodeIgniter.php(919): App\Controllers\NewController->ViewEditLeft('login', 'vendors', 'select2-bootstrap-theme', 'select2-bootstrap.min.css')
 7 SYSTEMPATH\CodeIgniter.php(494): CodeIgniter\CodeIgniter->runController(Object(App\Controllers\NewController))
 8 SYSTEMPATH\CodeIgniter.php(353): CodeIgniter\CodeIgniter->handleRequest(null, Object(Config\Cache), false)
 9 FCPATH\index.php(79): CodeIgniter\CodeIgniter->run()
10 SYSTEMPATH\Commands\Server\rewrite.php(47): require_once('D:\\laragon\\www\\method-oldagehome\\public\\index.php')
CRITICAL - 2024-11-13 07:17:04 --> Trying to access array offset on value of type null
in APPPATH\Views\dashboard\editleftelder.php on line 50.
 1 APPPATH\Views\dashboard\editleftelder.php(50): CodeIgniter\Debug\Exceptions->errorHandler(2, 'Trying to access array offset on value of type null', 'D:\\laragon\\www\\method-oldagehome\\app\\Views\\dashboard\\editleftelder.php', 50)
 2 SYSTEMPATH\View\View.php(226): include('D:\\laragon\\www\\method-oldagehome\\app\\Views\\dashboard\\editleftelder.php')
 3 SYSTEMPATH\View\View.php(229): CodeIgniter\View\View->CodeIgniter\View\{closure}()
 4 SYSTEMPATH\Common.php(1188): CodeIgniter\View\View->render('dashboard/editleftelder', [], true)
 5 APPPATH\Controllers\NewController.php(859): view('dashboard/editleftelder', [...])
 6 SYSTEMPATH\CodeIgniter.php(919): App\Controllers\NewController->ViewEditLeft('login', 'css', 'vertical-layout-light', 'style.css')
 7 SYSTEMPATH\CodeIgniter.php(494): CodeIgniter\CodeIgniter->runController(Object(App\Controllers\NewController))
 8 SYSTEMPATH\CodeIgniter.php(353): CodeIgniter\CodeIgniter->handleRequest(null, Object(Config\Cache), false)
 9 FCPATH\index.php(79): CodeIgniter\CodeIgniter->run()
10 SYSTEMPATH\Commands\Server\rewrite.php(47): require_once('D:\\laragon\\www\\method-oldagehome\\public\\index.php')
CRITICAL - 2024-11-13 07:17:05 --> Trying to access array offset on value of type null
in APPPATH\Views\dashboard\editleftelder.php on line 50.
 1 APPPATH\Views\dashboard\editleftelder.php(50): CodeIgniter\Debug\Exceptions->errorHandler(2, 'Trying to access array offset on value of type null', 'D:\\laragon\\www\\method-oldagehome\\app\\Views\\dashboard\\editleftelder.php', 50)
 2 SYSTEMPATH\View\View.php(226): include('D:\\laragon\\www\\method-oldagehome\\app\\Views\\dashboard\\editleftelder.php')
 3 SYSTEMPATH\View\View.php(229): CodeIgniter\View\View->CodeIgniter\View\{closure}()
 4 SYSTEMPATH\Common.php(1188): CodeIgniter\View\View->render('dashboard/editleftelder', [], true)
 5 APPPATH\Controllers\NewController.php(859): view('dashboard/editleftelder', [...])
 6 SYSTEMPATH\CodeIgniter.php(919): App\Controllers\NewController->ViewEditLeft('vendors', 'js', 'vendor.bundle.base.js')
 7 SYSTEMPATH\CodeIgniter.php(494): CodeIgniter\CodeIgniter->runController(Object(App\Controllers\NewController))
 8 SYSTEMPATH\CodeIgniter.php(353): CodeIgniter\CodeIgniter->handleRequest(null, Object(Config\Cache), false)
 9 FCPATH\index.php(79): CodeIgniter\CodeIgniter->run()
10 SYSTEMPATH\Commands\Server\rewrite.php(47): require_once('D:\\laragon\\www\\method-oldagehome\\public\\index.php')
CRITICAL - 2024-11-13 07:17:05 --> Trying to access array offset on value of type null
in APPPATH\Views\dashboard\editleftelder.php on line 50.
 1 APPPATH\Views\dashboard\editleftelder.php(50): CodeIgniter\Debug\Exceptions->errorHandler(2, 'Trying to access array offset on value of type null', 'D:\\laragon\\www\\method-oldagehome\\app\\Views\\dashboard\\editleftelder.php', 50)
 2 SYSTEMPATH\View\View.php(226): include('D:\\laragon\\www\\method-oldagehome\\app\\Views\\dashboard\\editleftelder.php')
 3 SYSTEMPATH\View\View.php(229): CodeIgniter\View\View->CodeIgniter\View\{closure}()
 4 SYSTEMPATH\Common.php(1188): CodeIgniter\View\View->render('dashboard/editleftelder', [], true)
 5 APPPATH\Controllers\NewController.php(859): view('dashboard/editleftelder', [...])
 6 SYSTEMPATH\CodeIgniter.php(919): App\Controllers\NewController->ViewEditLeft('js', 'off-canvas.js')
 7 SYSTEMPATH\CodeIgniter.php(494): CodeIgniter\CodeIgniter->runController(Object(App\Controllers\NewController))
 8 SYSTEMPATH\CodeIgniter.php(353): CodeIgniter\CodeIgniter->handleRequest(null, Object(Config\Cache), false)
 9 FCPATH\index.php(79): CodeIgniter\CodeIgniter->run()
10 SYSTEMPATH\Commands\Server\rewrite.php(47): require_once('D:\\laragon\\www\\method-oldagehome\\public\\index.php')
CRITICAL - 2024-11-13 07:17:06 --> Trying to access array offset on value of type null
in APPPATH\Views\dashboard\editleftelder.php on line 50.
 1 APPPATH\Views\dashboard\editleftelder.php(50): CodeIgniter\Debug\Exceptions->errorHandler(2, 'Trying to access array offset on value of type null', 'D:\\laragon\\www\\method-oldagehome\\app\\Views\\dashboard\\editleftelder.php', 50)
 2 SYSTEMPATH\View\View.php(226): include('D:\\laragon\\www\\method-oldagehome\\app\\Views\\dashboard\\editleftelder.php')
 3 SYSTEMPATH\View\View.php(229): CodeIgniter\View\View->CodeIgniter\View\{closure}()
 4 SYSTEMPATH\Common.php(1188): CodeIgniter\View\View->render('dashboard/editleftelder', [], true)
 5 APPPATH\Controllers\NewController.php(859): view('dashboard/editleftelder', [...])
 6 SYSTEMPATH\CodeIgniter.php(919): App\Controllers\NewController->ViewEditLeft('js', 'hoverable-collapse.js')
 7 SYSTEMPATH\CodeIgniter.php(494): CodeIgniter\CodeIgniter->runController(Object(App\Controllers\NewController))
 8 SYSTEMPATH\CodeIgniter.php(353): CodeIgniter\CodeIgniter->handleRequest(null, Object(Config\Cache), false)
 9 FCPATH\index.php(79): CodeIgniter\CodeIgniter->run()
10 SYSTEMPATH\Commands\Server\rewrite.php(47): require_once('D:\\laragon\\www\\method-oldagehome\\public\\index.php')
CRITICAL - 2024-11-13 07:17:06 --> Trying to access array offset on value of type null
in APPPATH\Views\dashboard\editleftelder.php on line 50.
 1 APPPATH\Views\dashboard\editleftelder.php(50): CodeIgniter\Debug\Exceptions->errorHandler(2, 'Trying to access array offset on value of type null', 'D:\\laragon\\www\\method-oldagehome\\app\\Views\\dashboard\\editleftelder.php', 50)
 2 SYSTEMPATH\View\View.php(226): include('D:\\laragon\\www\\method-oldagehome\\app\\Views\\dashboard\\editleftelder.php')
 3 SYSTEMPATH\View\View.php(229): CodeIgniter\View\View->CodeIgniter\View\{closure}()
 4 SYSTEMPATH\Common.php(1188): CodeIgniter\View\View->render('dashboard/editleftelder', [], true)
 5 APPPATH\Controllers\NewController.php(859): view('dashboard/editleftelder', [...])
 6 SYSTEMPATH\CodeIgniter.php(919): App\Controllers\NewController->ViewEditLeft('js', 'template.js')
 7 SYSTEMPATH\CodeIgniter.php(494): CodeIgniter\CodeIgniter->runController(Object(App\Controllers\NewController))
 8 SYSTEMPATH\CodeIgniter.php(353): CodeIgniter\CodeIgniter->handleRequest(null, Object(Config\Cache), false)
 9 FCPATH\index.php(79): CodeIgniter\CodeIgniter->run()
10 SYSTEMPATH\Commands\Server\rewrite.php(47): require_once('D:\\laragon\\www\\method-oldagehome\\public\\index.php')
CRITICAL - 2024-11-13 07:17:07 --> Trying to access array offset on value of type null
in APPPATH\Views\dashboard\editleftelder.php on line 50.
 1 APPPATH\Views\dashboard\editleftelder.php(50): CodeIgniter\Debug\Exceptions->errorHandler(2, 'Trying to access array offset on value of type null', 'D:\\laragon\\www\\method-oldagehome\\app\\Views\\dashboard\\editleftelder.php', 50)
 2 SYSTEMPATH\View\View.php(226): include('D:\\laragon\\www\\method-oldagehome\\app\\Views\\dashboard\\editleftelder.php')
 3 SYSTEMPATH\View\View.php(229): CodeIgniter\View\View->CodeIgniter\View\{closure}()
 4 SYSTEMPATH\Common.php(1188): CodeIgniter\View\View->render('dashboard/editleftelder', [], true)
 5 APPPATH\Controllers\NewController.php(859): view('dashboard/editleftelder', [...])
 6 SYSTEMPATH\CodeIgniter.php(919): App\Controllers\NewController->ViewEditLeft('js', 'settings.js')
 7 SYSTEMPATH\CodeIgniter.php(494): CodeIgniter\CodeIgniter->runController(Object(App\Controllers\NewController))
 8 SYSTEMPATH\CodeIgniter.php(353): CodeIgniter\CodeIgniter->handleRequest(null, Object(Config\Cache), false)
 9 FCPATH\index.php(79): CodeIgniter\CodeIgniter->run()
10 SYSTEMPATH\Commands\Server\rewrite.php(47): require_once('D:\\laragon\\www\\method-oldagehome\\public\\index.php')
CRITICAL - 2024-11-13 07:17:07 --> Trying to access array offset on value of type null
in APPPATH\Views\dashboard\editleftelder.php on line 50.
 1 APPPATH\Views\dashboard\editleftelder.php(50): CodeIgniter\Debug\Exceptions->errorHandler(2, 'Trying to access array offset on value of type null', 'D:\\laragon\\www\\method-oldagehome\\app\\Views\\dashboard\\editleftelder.php', 50)
 2 SYSTEMPATH\View\View.php(226): include('D:\\laragon\\www\\method-oldagehome\\app\\Views\\dashboard\\editleftelder.php')
 3 SYSTEMPATH\View\View.php(229): CodeIgniter\View\View->CodeIgniter\View\{closure}()
 4 SYSTEMPATH\Common.php(1188): CodeIgniter\View\View->render('dashboard/editleftelder', [], true)
 5 APPPATH\Controllers\NewController.php(859): view('dashboard/editleftelder', [...])
 6 SYSTEMPATH\CodeIgniter.php(919): App\Controllers\NewController->ViewEditLeft('js', 'todolist.js')
 7 SYSTEMPATH\CodeIgniter.php(494): CodeIgniter\CodeIgniter->runController(Object(App\Controllers\NewController))
 8 SYSTEMPATH\CodeIgniter.php(353): CodeIgniter\CodeIgniter->handleRequest(null, Object(Config\Cache), false)
 9 FCPATH\index.php(79): CodeIgniter\CodeIgniter->run()
10 SYSTEMPATH\Commands\Server\rewrite.php(47): require_once('D:\\laragon\\www\\method-oldagehome\\public\\index.php')
CRITICAL - 2024-11-13 07:17:08 --> Trying to access array offset on value of type null
in APPPATH\Views\dashboard\editleftelder.php on line 50.
 1 APPPATH\Views\dashboard\editleftelder.php(50): CodeIgniter\Debug\Exceptions->errorHandler(2, 'Trying to access array offset on value of type null', 'D:\\laragon\\www\\method-oldagehome\\app\\Views\\dashboard\\editleftelder.php', 50)
 2 SYSTEMPATH\View\View.php(226): include('D:\\laragon\\www\\method-oldagehome\\app\\Views\\dashboard\\editleftelder.php')
 3 SYSTEMPATH\View\View.php(229): CodeIgniter\View\View->CodeIgniter\View\{closure}()
 4 SYSTEMPATH\Common.php(1188): CodeIgniter\View\View->render('dashboard/editleftelder', [], true)
 5 APPPATH\Controllers\NewController.php(859): view('dashboard/editleftelder', [...])
 6 SYSTEMPATH\CodeIgniter.php(919): App\Controllers\NewController->ViewEditLeft('vendors', 'typeahead.js', 'typeahead.bundle.min.js')
 7 SYSTEMPATH\CodeIgniter.php(494): CodeIgniter\CodeIgniter->runController(Object(App\Controllers\NewController))
 8 SYSTEMPATH\CodeIgniter.php(353): CodeIgniter\CodeIgniter->handleRequest(null, Object(Config\Cache), false)
 9 FCPATH\index.php(79): CodeIgniter\CodeIgniter->run()
10 SYSTEMPATH\Commands\Server\rewrite.php(47): require_once('D:\\laragon\\www\\method-oldagehome\\public\\index.php')
CRITICAL - 2024-11-13 07:17:08 --> Trying to access array offset on value of type null
in APPPATH\Views\dashboard\editleftelder.php on line 50.
 1 APPPATH\Views\dashboard\editleftelder.php(50): CodeIgniter\Debug\Exceptions->errorHandler(2, 'Trying to access array offset on value of type null', 'D:\\laragon\\www\\method-oldagehome\\app\\Views\\dashboard\\editleftelder.php', 50)
 2 SYSTEMPATH\View\View.php(226): include('D:\\laragon\\www\\method-oldagehome\\app\\Views\\dashboard\\editleftelder.php')
 3 SYSTEMPATH\View\View.php(229): CodeIgniter\View\View->CodeIgniter\View\{closure}()
 4 SYSTEMPATH\Common.php(1188): CodeIgniter\View\View->render('dashboard/editleftelder', [], true)
 5 APPPATH\Controllers\NewController.php(859): view('dashboard/editleftelder', [...])
 6 SYSTEMPATH\CodeIgniter.php(919): App\Controllers\NewController->ViewEditLeft('vendors', 'select2', 'select2.min.js')
 7 SYSTEMPATH\CodeIgniter.php(494): CodeIgniter\CodeIgniter->runController(Object(App\Controllers\NewController))
 8 SYSTEMPATH\CodeIgniter.php(353): CodeIgniter\CodeIgniter->handleRequest(null, Object(Config\Cache), false)
 9 FCPATH\index.php(79): CodeIgniter\CodeIgniter->run()
10 SYSTEMPATH\Commands\Server\rewrite.php(47): require_once('D:\\laragon\\www\\method-oldagehome\\public\\index.php')
CRITICAL - 2024-11-13 07:17:08 --> Trying to access array offset on value of type null
in APPPATH\Views\dashboard\editleftelder.php on line 50.
 1 APPPATH\Views\dashboard\editleftelder.php(50): CodeIgniter\Debug\Exceptions->errorHandler(2, 'Trying to access array offset on value of type null', 'D:\\laragon\\www\\method-oldagehome\\app\\Views\\dashboard\\editleftelder.php', 50)
 2 SYSTEMPATH\View\View.php(226): include('D:\\laragon\\www\\method-oldagehome\\app\\Views\\dashboard\\editleftelder.php')
 3 SYSTEMPATH\View\View.php(229): CodeIgniter\View\View->CodeIgniter\View\{closure}()
 4 SYSTEMPATH\Common.php(1188): CodeIgniter\View\View->render('dashboard/editleftelder', [], true)
 5 APPPATH\Controllers\NewController.php(859): view('dashboard/editleftelder', [...])
 6 SYSTEMPATH\CodeIgniter.php(919): App\Controllers\NewController->ViewEditLeft('js', 'file-upload.js')
 7 SYSTEMPATH\CodeIgniter.php(494): CodeIgniter\CodeIgniter->runController(Object(App\Controllers\NewController))
 8 SYSTEMPATH\CodeIgniter.php(353): CodeIgniter\CodeIgniter->handleRequest(null, Object(Config\Cache), false)
 9 FCPATH\index.php(79): CodeIgniter\CodeIgniter->run()
10 SYSTEMPATH\Commands\Server\rewrite.php(47): require_once('D:\\laragon\\www\\method-oldagehome\\public\\index.php')
CRITICAL - 2024-11-13 07:17:09 --> Trying to access array offset on value of type null
in APPPATH\Views\dashboard\editleftelder.php on line 50.
 1 APPPATH\Views\dashboard\editleftelder.php(50): CodeIgniter\Debug\Exceptions->errorHandler(2, 'Trying to access array offset on value of type null', 'D:\\laragon\\www\\method-oldagehome\\app\\Views\\dashboard\\editleftelder.php', 50)
 2 SYSTEMPATH\View\View.php(226): include('D:\\laragon\\www\\method-oldagehome\\app\\Views\\dashboard\\editleftelder.php')
 3 SYSTEMPATH\View\View.php(229): CodeIgniter\View\View->CodeIgniter\View\{closure}()
 4 SYSTEMPATH\Common.php(1188): CodeIgniter\View\View->render('dashboard/editleftelder', [], true)
 5 APPPATH\Controllers\NewController.php(859): view('dashboard/editleftelder', [...])
 6 SYSTEMPATH\CodeIgniter.php(919): App\Controllers\NewController->ViewEditLeft('js', 'typeahead.js')
 7 SYSTEMPATH\CodeIgniter.php(494): CodeIgniter\CodeIgniter->runController(Object(App\Controllers\NewController))
 8 SYSTEMPATH\CodeIgniter.php(353): CodeIgniter\CodeIgniter->handleRequest(null, Object(Config\Cache), false)
 9 FCPATH\index.php(79): CodeIgniter\CodeIgniter->run()
10 SYSTEMPATH\Commands\Server\rewrite.php(47): require_once('D:\\laragon\\www\\method-oldagehome\\public\\index.php')
CRITICAL - 2024-11-13 07:17:09 --> Trying to access array offset on value of type null
in APPPATH\Views\dashboard\editleftelder.php on line 50.
 1 APPPATH\Views\dashboard\editleftelder.php(50): CodeIgniter\Debug\Exceptions->errorHandler(2, 'Trying to access array offset on value of type null', 'D:\\laragon\\www\\method-oldagehome\\app\\Views\\dashboard\\editleftelder.php', 50)
 2 SYSTEMPATH\View\View.php(226): include('D:\\laragon\\www\\method-oldagehome\\app\\Views\\dashboard\\editleftelder.php')
 3 SYSTEMPATH\View\View.php(229): CodeIgniter\View\View->CodeIgniter\View\{closure}()
 4 SYSTEMPATH\Common.php(1188): CodeIgniter\View\View->render('dashboard/editleftelder', [], true)
 5 APPPATH\Controllers\NewController.php(859): view('dashboard/editleftelder', [...])
 6 SYSTEMPATH\CodeIgniter.php(919): App\Controllers\NewController->ViewEditLeft('js', 'select2.js')
 7 SYSTEMPATH\CodeIgniter.php(494): CodeIgniter\CodeIgniter->runController(Object(App\Controllers\NewController))
 8 SYSTEMPATH\CodeIgniter.php(353): CodeIgniter\CodeIgniter->handleRequest(null, Object(Config\Cache), false)
 9 FCPATH\index.php(79): CodeIgniter\CodeIgniter->run()
10 SYSTEMPATH\Commands\Server\rewrite.php(47): require_once('D:\\laragon\\www\\method-oldagehome\\public\\index.php')
CRITICAL - 2024-11-13 07:17:31 --> Trying to access array offset on value of type null
in APPPATH\Views\dashboard\editleftelder.php on line 50.
 1 APPPATH\Views\dashboard\editleftelder.php(50): CodeIgniter\Debug\Exceptions->errorHandler(2, 'Trying to access array offset on value of type null', 'D:\\laragon\\www\\method-oldagehome\\app\\Views\\dashboard\\editleftelder.php', 50)
 2 SYSTEMPATH\View\View.php(226): include('D:\\laragon\\www\\method-oldagehome\\app\\Views\\dashboard\\editleftelder.php')
 3 SYSTEMPATH\View\View.php(229): CodeIgniter\View\View->CodeIgniter\View\{closure}()
 4 SYSTEMPATH\Common.php(1188): CodeIgniter\View\View->render('dashboard/editleftelder', [], true)
 5 APPPATH\Controllers\NewController.php(859): view('dashboard/editleftelder', [...])
 6 SYSTEMPATH\CodeIgniter.php(919): App\Controllers\NewController->ViewEditLeft('login', 'vendors', 'typicons', 'typicons.css')
 7 SYSTEMPATH\CodeIgniter.php(494): CodeIgniter\CodeIgniter->runController(Object(App\Controllers\NewController))
 8 SYSTEMPATH\CodeIgniter.php(353): CodeIgniter\CodeIgniter->handleRequest(null, Object(Config\Cache), false)
 9 FCPATH\index.php(79): CodeIgniter\CodeIgniter->run()
10 SYSTEMPATH\Commands\Server\rewrite.php(47): require_once('D:\\laragon\\www\\method-oldagehome\\public\\index.php')
CRITICAL - 2024-11-13 07:17:31 --> Trying to access array offset on value of type null
in APPPATH\Views\dashboard\editleftelder.php on line 50.
 1 APPPATH\Views\dashboard\editleftelder.php(50): CodeIgniter\Debug\Exceptions->errorHandler(2, 'Trying to access array offset on value of type null', 'D:\\laragon\\www\\method-oldagehome\\app\\Views\\dashboard\\editleftelder.php', 50)
 2 SYSTEMPATH\View\View.php(226): include('D:\\laragon\\www\\method-oldagehome\\app\\Views\\dashboard\\editleftelder.php')
 3 SYSTEMPATH\View\View.php(229): CodeIgniter\View\View->CodeIgniter\View\{closure}()
 4 SYSTEMPATH\Common.php(1188): CodeIgniter\View\View->render('dashboard/editleftelder', [], true)
 5 APPPATH\Controllers\NewController.php(859): view('dashboard/editleftelder', [...])
 6 SYSTEMPATH\CodeIgniter.php(919): App\Controllers\NewController->ViewEditLeft('login', 'vendors', 'css', 'vendor.bundle.base.css')
 7 SYSTEMPATH\CodeIgniter.php(494): CodeIgniter\CodeIgniter->runController(Object(App\Controllers\NewController))
 8 SYSTEMPATH\CodeIgniter.php(353): CodeIgniter\CodeIgniter->handleRequest(null, Object(Config\Cache), false)
 9 FCPATH\index.php(79): CodeIgniter\CodeIgniter->run()
10 SYSTEMPATH\Commands\Server\rewrite.php(47): require_once('D:\\laragon\\www\\method-oldagehome\\public\\index.php')
CRITICAL - 2024-11-13 07:17:32 --> Trying to access array offset on value of type null
in APPPATH\Views\dashboard\editleftelder.php on line 50.
 1 APPPATH\Views\dashboard\editleftelder.php(50): CodeIgniter\Debug\Exceptions->errorHandler(2, 'Trying to access array offset on value of type null', 'D:\\laragon\\www\\method-oldagehome\\app\\Views\\dashboard\\editleftelder.php', 50)
 2 SYSTEMPATH\View\View.php(226): include('D:\\laragon\\www\\method-oldagehome\\app\\Views\\dashboard\\editleftelder.php')
 3 SYSTEMPATH\View\View.php(229): CodeIgniter\View\View->CodeIgniter\View\{closure}()
 4 SYSTEMPATH\Common.php(1188): CodeIgniter\View\View->render('dashboard/editleftelder', [], true)
 5 APPPATH\Controllers\NewController.php(859): view('dashboard/editleftelder', [...])
 6 SYSTEMPATH\CodeIgniter.php(919): App\Controllers\NewController->ViewEditLeft('login', 'vendors', 'select2', 'select2.min.css')
 7 SYSTEMPATH\CodeIgniter.php(494): CodeIgniter\CodeIgniter->runController(Object(App\Controllers\NewController))
 8 SYSTEMPATH\CodeIgniter.php(353): CodeIgniter\CodeIgniter->handleRequest(null, Object(Config\Cache), false)
 9 FCPATH\index.php(79): CodeIgniter\CodeIgniter->run()
10 SYSTEMPATH\Commands\Server\rewrite.php(47): require_once('D:\\laragon\\www\\method-oldagehome\\public\\index.php')
CRITICAL - 2024-11-13 07:17:32 --> Trying to access array offset on value of type null
in APPPATH\Views\dashboard\editleftelder.php on line 50.
 1 APPPATH\Views\dashboard\editleftelder.php(50): CodeIgniter\Debug\Exceptions->errorHandler(2, 'Trying to access array offset on value of type null', 'D:\\laragon\\www\\method-oldagehome\\app\\Views\\dashboard\\editleftelder.php', 50)
 2 SYSTEMPATH\View\View.php(226): include('D:\\laragon\\www\\method-oldagehome\\app\\Views\\dashboard\\editleftelder.php')
 3 SYSTEMPATH\View\View.php(229): CodeIgniter\View\View->CodeIgniter\View\{closure}()
 4 SYSTEMPATH\Common.php(1188): CodeIgniter\View\View->render('dashboard/editleftelder', [], true)
 5 APPPATH\Controllers\NewController.php(859): view('dashboard/editleftelder', [...])
 6 SYSTEMPATH\CodeIgniter.php(919): App\Controllers\NewController->ViewEditLeft('login', 'vendors', 'select2-bootstrap-theme', 'select2-bootstrap.min.css')
 7 SYSTEMPATH\CodeIgniter.php(494): CodeIgniter\CodeIgniter->runController(Object(App\Controllers\NewController))
 8 SYSTEMPATH\CodeIgniter.php(353): CodeIgniter\CodeIgniter->handleRequest(null, Object(Config\Cache), false)
 9 FCPATH\index.php(79): CodeIgniter\CodeIgniter->run()
10 SYSTEMPATH\Commands\Server\rewrite.php(47): require_once('D:\\laragon\\www\\method-oldagehome\\public\\index.php')
CRITICAL - 2024-11-13 07:17:33 --> Trying to access array offset on value of type null
in APPPATH\Views\dashboard\editleftelder.php on line 50.
 1 APPPATH\Views\dashboard\editleftelder.php(50): CodeIgniter\Debug\Exceptions->errorHandler(2, 'Trying to access array offset on value of type null', 'D:\\laragon\\www\\method-oldagehome\\app\\Views\\dashboard\\editleftelder.php', 50)
 2 SYSTEMPATH\View\View.php(226): include('D:\\laragon\\www\\method-oldagehome\\app\\Views\\dashboard\\editleftelder.php')
 3 SYSTEMPATH\View\View.php(229): CodeIgniter\View\View->CodeIgniter\View\{closure}()
 4 SYSTEMPATH\Common.php(1188): CodeIgniter\View\View->render('dashboard/editleftelder', [], true)
 5 APPPATH\Controllers\NewController.php(859): view('dashboard/editleftelder', [...])
 6 SYSTEMPATH\CodeIgniter.php(919): App\Controllers\NewController->ViewEditLeft('login', 'css', 'vertical-layout-light', 'style.css')
 7 SYSTEMPATH\CodeIgniter.php(494): CodeIgniter\CodeIgniter->runController(Object(App\Controllers\NewController))
 8 SYSTEMPATH\CodeIgniter.php(353): CodeIgniter\CodeIgniter->handleRequest(null, Object(Config\Cache), false)
 9 FCPATH\index.php(79): CodeIgniter\CodeIgniter->run()
10 SYSTEMPATH\Commands\Server\rewrite.php(47): require_once('D:\\laragon\\www\\method-oldagehome\\public\\index.php')
CRITICAL - 2024-11-13 07:17:33 --> Trying to access array offset on value of type null
in APPPATH\Views\dashboard\editleftelder.php on line 50.
 1 APPPATH\Views\dashboard\editleftelder.php(50): CodeIgniter\Debug\Exceptions->errorHandler(2, 'Trying to access array offset on value of type null', 'D:\\laragon\\www\\method-oldagehome\\app\\Views\\dashboard\\editleftelder.php', 50)
 2 SYSTEMPATH\View\View.php(226): include('D:\\laragon\\www\\method-oldagehome\\app\\Views\\dashboard\\editleftelder.php')
 3 SYSTEMPATH\View\View.php(229): CodeIgniter\View\View->CodeIgniter\View\{closure}()
 4 SYSTEMPATH\Common.php(1188): CodeIgniter\View\View->render('dashboard/editleftelder', [], true)
 5 APPPATH\Controllers\NewController.php(859): view('dashboard/editleftelder', [...])
 6 SYSTEMPATH\CodeIgniter.php(919): App\Controllers\NewController->ViewEditLeft('vendors', 'js', 'vendor.bundle.base.js')
 7 SYSTEMPATH\CodeIgniter.php(494): CodeIgniter\CodeIgniter->runController(Object(App\Controllers\NewController))
 8 SYSTEMPATH\CodeIgniter.php(353): CodeIgniter\CodeIgniter->handleRequest(null, Object(Config\Cache), false)
 9 FCPATH\index.php(79): CodeIgniter\CodeIgniter->run()
10 SYSTEMPATH\Commands\Server\rewrite.php(47): require_once('D:\\laragon\\www\\method-oldagehome\\public\\index.php')
CRITICAL - 2024-11-13 07:17:34 --> Trying to access array offset on value of type null
in APPPATH\Views\dashboard\editleftelder.php on line 50.
 1 APPPATH\Views\dashboard\editleftelder.php(50): CodeIgniter\Debug\Exceptions->errorHandler(2, 'Trying to access array offset on value of type null', 'D:\\laragon\\www\\method-oldagehome\\app\\Views\\dashboard\\editleftelder.php', 50)
 2 SYSTEMPATH\View\View.php(226): include('D:\\laragon\\www\\method-oldagehome\\app\\Views\\dashboard\\editleftelder.php')
 3 SYSTEMPATH\View\View.php(229): CodeIgniter\View\View->CodeIgniter\View\{closure}()
 4 SYSTEMPATH\Common.php(1188): CodeIgniter\View\View->render('dashboard/editleftelder', [], true)
 5 APPPATH\Controllers\NewController.php(859): view('dashboard/editleftelder', [...])
 6 SYSTEMPATH\CodeIgniter.php(919): App\Controllers\NewController->ViewEditLeft('js', 'off-canvas.js')
 7 SYSTEMPATH\CodeIgniter.php(494): CodeIgniter\CodeIgniter->runController(Object(App\Controllers\NewController))
 8 SYSTEMPATH\CodeIgniter.php(353): CodeIgniter\CodeIgniter->handleRequest(null, Object(Config\Cache), false)
 9 FCPATH\index.php(79): CodeIgniter\CodeIgniter->run()
10 SYSTEMPATH\Commands\Server\rewrite.php(47): require_once('D:\\laragon\\www\\method-oldagehome\\public\\index.php')
CRITICAL - 2024-11-13 07:17:34 --> Trying to access array offset on value of type null
in APPPATH\Views\dashboard\editleftelder.php on line 50.
 1 APPPATH\Views\dashboard\editleftelder.php(50): CodeIgniter\Debug\Exceptions->errorHandler(2, 'Trying to access array offset on value of type null', 'D:\\laragon\\www\\method-oldagehome\\app\\Views\\dashboard\\editleftelder.php', 50)
 2 SYSTEMPATH\View\View.php(226): include('D:\\laragon\\www\\method-oldagehome\\app\\Views\\dashboard\\editleftelder.php')
 3 SYSTEMPATH\View\View.php(229): CodeIgniter\View\View->CodeIgniter\View\{closure}()
 4 SYSTEMPATH\Common.php(1188): CodeIgniter\View\View->render('dashboard/editleftelder', [], true)
 5 APPPATH\Controllers\NewController.php(859): view('dashboard/editleftelder', [...])
 6 SYSTEMPATH\CodeIgniter.php(919): App\Controllers\NewController->ViewEditLeft('js', 'hoverable-collapse.js')
 7 SYSTEMPATH\CodeIgniter.php(494): CodeIgniter\CodeIgniter->runController(Object(App\Controllers\NewController))
 8 SYSTEMPATH\CodeIgniter.php(353): CodeIgniter\CodeIgniter->handleRequest(null, Object(Config\Cache), false)
 9 FCPATH\index.php(79): CodeIgniter\CodeIgniter->run()
10 SYSTEMPATH\Commands\Server\rewrite.php(47): require_once('D:\\laragon\\www\\method-oldagehome\\public\\index.php')
CRITICAL - 2024-11-13 07:17:35 --> Trying to access array offset on value of type null
in APPPATH\Views\dashboard\editleftelder.php on line 50.
 1 APPPATH\Views\dashboard\editleftelder.php(50): CodeIgniter\Debug\Exceptions->errorHandler(2, 'Trying to access array offset on value of type null', 'D:\\laragon\\www\\method-oldagehome\\app\\Views\\dashboard\\editleftelder.php', 50)
 2 SYSTEMPATH\View\View.php(226): include('D:\\laragon\\www\\method-oldagehome\\app\\Views\\dashboard\\editleftelder.php')
 3 SYSTEMPATH\View\View.php(229): CodeIgniter\View\View->CodeIgniter\View\{closure}()
 4 SYSTEMPATH\Common.php(1188): CodeIgniter\View\View->render('dashboard/editleftelder', [], true)
 5 APPPATH\Controllers\NewController.php(859): view('dashboard/editleftelder', [...])
 6 SYSTEMPATH\CodeIgniter.php(919): App\Controllers\NewController->ViewEditLeft('js', 'template.js')
 7 SYSTEMPATH\CodeIgniter.php(494): CodeIgniter\CodeIgniter->runController(Object(App\Controllers\NewController))
 8 SYSTEMPATH\CodeIgniter.php(353): CodeIgniter\CodeIgniter->handleRequest(null, Object(Config\Cache), false)
 9 FCPATH\index.php(79): CodeIgniter\CodeIgniter->run()
10 SYSTEMPATH\Commands\Server\rewrite.php(47): require_once('D:\\laragon\\www\\method-oldagehome\\public\\index.php')
CRITICAL - 2024-11-13 07:17:35 --> Trying to access array offset on value of type null
in APPPATH\Views\dashboard\editleftelder.php on line 50.
 1 APPPATH\Views\dashboard\editleftelder.php(50): CodeIgniter\Debug\Exceptions->errorHandler(2, 'Trying to access array offset on value of type null', 'D:\\laragon\\www\\method-oldagehome\\app\\Views\\dashboard\\editleftelder.php', 50)
 2 SYSTEMPATH\View\View.php(226): include('D:\\laragon\\www\\method-oldagehome\\app\\Views\\dashboard\\editleftelder.php')
 3 SYSTEMPATH\View\View.php(229): CodeIgniter\View\View->CodeIgniter\View\{closure}()
 4 SYSTEMPATH\Common.php(1188): CodeIgniter\View\View->render('dashboard/editleftelder', [], true)
 5 APPPATH\Controllers\NewController.php(859): view('dashboard/editleftelder', [...])
 6 SYSTEMPATH\CodeIgniter.php(919): App\Controllers\NewController->ViewEditLeft('js', 'settings.js')
 7 SYSTEMPATH\CodeIgniter.php(494): CodeIgniter\CodeIgniter->runController(Object(App\Controllers\NewController))
 8 SYSTEMPATH\CodeIgniter.php(353): CodeIgniter\CodeIgniter->handleRequest(null, Object(Config\Cache), false)
 9 FCPATH\index.php(79): CodeIgniter\CodeIgniter->run()
10 SYSTEMPATH\Commands\Server\rewrite.php(47): require_once('D:\\laragon\\www\\method-oldagehome\\public\\index.php')
CRITICAL - 2024-11-13 07:17:36 --> Trying to access array offset on value of type null
in APPPATH\Views\dashboard\editleftelder.php on line 50.
 1 APPPATH\Views\dashboard\editleftelder.php(50): CodeIgniter\Debug\Exceptions->errorHandler(2, 'Trying to access array offset on value of type null', 'D:\\laragon\\www\\method-oldagehome\\app\\Views\\dashboard\\editleftelder.php', 50)
 2 SYSTEMPATH\View\View.php(226): include('D:\\laragon\\www\\method-oldagehome\\app\\Views\\dashboard\\editleftelder.php')
 3 SYSTEMPATH\View\View.php(229): CodeIgniter\View\View->CodeIgniter\View\{closure}()
 4 SYSTEMPATH\Common.php(1188): CodeIgniter\View\View->render('dashboard/editleftelder', [], true)
 5 APPPATH\Controllers\NewController.php(859): view('dashboard/editleftelder', [...])
 6 SYSTEMPATH\CodeIgniter.php(919): App\Controllers\NewController->ViewEditLeft('js', 'todolist.js')
 7 SYSTEMPATH\CodeIgniter.php(494): CodeIgniter\CodeIgniter->runController(Object(App\Controllers\NewController))
 8 SYSTEMPATH\CodeIgniter.php(353): CodeIgniter\CodeIgniter->handleRequest(null, Object(Config\Cache), false)
 9 FCPATH\index.php(79): CodeIgniter\CodeIgniter->run()
10 SYSTEMPATH\Commands\Server\rewrite.php(47): require_once('D:\\laragon\\www\\method-oldagehome\\public\\index.php')
CRITICAL - 2024-11-13 07:17:36 --> Trying to access array offset on value of type null
in APPPATH\Views\dashboard\editleftelder.php on line 50.
 1 APPPATH\Views\dashboard\editleftelder.php(50): CodeIgniter\Debug\Exceptions->errorHandler(2, 'Trying to access array offset on value of type null', 'D:\\laragon\\www\\method-oldagehome\\app\\Views\\dashboard\\editleftelder.php', 50)
 2 SYSTEMPATH\View\View.php(226): include('D:\\laragon\\www\\method-oldagehome\\app\\Views\\dashboard\\editleftelder.php')
 3 SYSTEMPATH\View\View.php(229): CodeIgniter\View\View->CodeIgniter\View\{closure}()
 4 SYSTEMPATH\Common.php(1188): CodeIgniter\View\View->render('dashboard/editleftelder', [], true)
 5 APPPATH\Controllers\NewController.php(859): view('dashboard/editleftelder', [...])
 6 SYSTEMPATH\CodeIgniter.php(919): App\Controllers\NewController->ViewEditLeft('vendors', 'typeahead.js', 'typeahead.bundle.min.js')
 7 SYSTEMPATH\CodeIgniter.php(494): CodeIgniter\CodeIgniter->runController(Object(App\Controllers\NewController))
 8 SYSTEMPATH\CodeIgniter.php(353): CodeIgniter\CodeIgniter->handleRequest(null, Object(Config\Cache), false)
 9 FCPATH\index.php(79): CodeIgniter\CodeIgniter->run()
10 SYSTEMPATH\Commands\Server\rewrite.php(47): require_once('D:\\laragon\\www\\method-oldagehome\\public\\index.php')
CRITICAL - 2024-11-13 07:17:36 --> Trying to access array offset on value of type null
in APPPATH\Views\dashboard\editleftelder.php on line 50.
 1 APPPATH\Views\dashboard\editleftelder.php(50): CodeIgniter\Debug\Exceptions->errorHandler(2, 'Trying to access array offset on value of type null', 'D:\\laragon\\www\\method-oldagehome\\app\\Views\\dashboard\\editleftelder.php', 50)
 2 SYSTEMPATH\View\View.php(226): include('D:\\laragon\\www\\method-oldagehome\\app\\Views\\dashboard\\editleftelder.php')
 3 SYSTEMPATH\View\View.php(229): CodeIgniter\View\View->CodeIgniter\View\{closure}()
 4 SYSTEMPATH\Common.php(1188): CodeIgniter\View\View->render('dashboard/editleftelder', [], true)
 5 APPPATH\Controllers\NewController.php(859): view('dashboard/editleftelder', [...])
 6 SYSTEMPATH\CodeIgniter.php(919): App\Controllers\NewController->ViewEditLeft('vendors', 'select2', 'select2.min.js')
 7 SYSTEMPATH\CodeIgniter.php(494): CodeIgniter\CodeIgniter->runController(Object(App\Controllers\NewController))
 8 SYSTEMPATH\CodeIgniter.php(353): CodeIgniter\CodeIgniter->handleRequest(null, Object(Config\Cache), false)
 9 FCPATH\index.php(79): CodeIgniter\CodeIgniter->run()
10 SYSTEMPATH\Commands\Server\rewrite.php(47): require_once('D:\\laragon\\www\\method-oldagehome\\public\\index.php')
CRITICAL - 2024-11-13 07:17:37 --> Trying to access array offset on value of type null
in APPPATH\Views\dashboard\editleftelder.php on line 50.
 1 APPPATH\Views\dashboard\editleftelder.php(50): CodeIgniter\Debug\Exceptions->errorHandler(2, 'Trying to access array offset on value of type null', 'D:\\laragon\\www\\method-oldagehome\\app\\Views\\dashboard\\editleftelder.php', 50)
 2 SYSTEMPATH\View\View.php(226): include('D:\\laragon\\www\\method-oldagehome\\app\\Views\\dashboard\\editleftelder.php')
 3 SYSTEMPATH\View\View.php(229): CodeIgniter\View\View->CodeIgniter\View\{closure}()
 4 SYSTEMPATH\Common.php(1188): CodeIgniter\View\View->render('dashboard/editleftelder', [], true)
 5 APPPATH\Controllers\NewController.php(859): view('dashboard/editleftelder', [...])
 6 SYSTEMPATH\CodeIgniter.php(919): App\Controllers\NewController->ViewEditLeft('js', 'file-upload.js')
 7 SYSTEMPATH\CodeIgniter.php(494): CodeIgniter\CodeIgniter->runController(Object(App\Controllers\NewController))
 8 SYSTEMPATH\CodeIgniter.php(353): CodeIgniter\CodeIgniter->handleRequest(null, Object(Config\Cache), false)
 9 FCPATH\index.php(79): CodeIgniter\CodeIgniter->run()
10 SYSTEMPATH\Commands\Server\rewrite.php(47): require_once('D:\\laragon\\www\\method-oldagehome\\public\\index.php')
CRITICAL - 2024-11-13 07:17:37 --> Trying to access array offset on value of type null
in APPPATH\Views\dashboard\editleftelder.php on line 50.
 1 APPPATH\Views\dashboard\editleftelder.php(50): CodeIgniter\Debug\Exceptions->errorHandler(2, 'Trying to access array offset on value of type null', 'D:\\laragon\\www\\method-oldagehome\\app\\Views\\dashboard\\editleftelder.php', 50)
 2 SYSTEMPATH\View\View.php(226): include('D:\\laragon\\www\\method-oldagehome\\app\\Views\\dashboard\\editleftelder.php')
 3 SYSTEMPATH\View\View.php(229): CodeIgniter\View\View->CodeIgniter\View\{closure}()
 4 SYSTEMPATH\Common.php(1188): CodeIgniter\View\View->render('dashboard/editleftelder', [], true)
 5 APPPATH\Controllers\NewController.php(859): view('dashboard/editleftelder', [...])
 6 SYSTEMPATH\CodeIgniter.php(919): App\Controllers\NewController->ViewEditLeft('js', 'typeahead.js')
 7 SYSTEMPATH\CodeIgniter.php(494): CodeIgniter\CodeIgniter->runController(Object(App\Controllers\NewController))
 8 SYSTEMPATH\CodeIgniter.php(353): CodeIgniter\CodeIgniter->handleRequest(null, Object(Config\Cache), false)
 9 FCPATH\index.php(79): CodeIgniter\CodeIgniter->run()
10 SYSTEMPATH\Commands\Server\rewrite.php(47): require_once('D:\\laragon\\www\\method-oldagehome\\public\\index.php')
CRITICAL - 2024-11-13 07:17:38 --> Trying to access array offset on value of type null
in APPPATH\Views\dashboard\editleftelder.php on line 50.
 1 APPPATH\Views\dashboard\editleftelder.php(50): CodeIgniter\Debug\Exceptions->errorHandler(2, 'Trying to access array offset on value of type null', 'D:\\laragon\\www\\method-oldagehome\\app\\Views\\dashboard\\editleftelder.php', 50)
 2 SYSTEMPATH\View\View.php(226): include('D:\\laragon\\www\\method-oldagehome\\app\\Views\\dashboard\\editleftelder.php')
 3 SYSTEMPATH\View\View.php(229): CodeIgniter\View\View->CodeIgniter\View\{closure}()
 4 SYSTEMPATH\Common.php(1188): CodeIgniter\View\View->render('dashboard/editleftelder', [], true)
 5 APPPATH\Controllers\NewController.php(859): view('dashboard/editleftelder', [...])
 6 SYSTEMPATH\CodeIgniter.php(919): App\Controllers\NewController->ViewEditLeft('js', 'select2.js')
 7 SYSTEMPATH\CodeIgniter.php(494): CodeIgniter\CodeIgniter->runController(Object(App\Controllers\NewController))
 8 SYSTEMPATH\CodeIgniter.php(353): CodeIgniter\CodeIgniter->handleRequest(null, Object(Config\Cache), false)
 9 FCPATH\index.php(79): CodeIgniter\CodeIgniter->run()
10 SYSTEMPATH\Commands\Server\rewrite.php(47): require_once('D:\\laragon\\www\\method-oldagehome\\public\\index.php')
CRITICAL - 2024-11-13 07:17:46 --> Trying to access array offset on value of type null
in APPPATH\Views\dashboard\editleftelder.php on line 50.
 1 APPPATH\Views\dashboard\editleftelder.php(50): CodeIgniter\Debug\Exceptions->errorHandler(2, 'Trying to access array offset on value of type null', 'D:\\laragon\\www\\method-oldagehome\\app\\Views\\dashboard\\editleftelder.php', 50)
 2 SYSTEMPATH\View\View.php(226): include('D:\\laragon\\www\\method-oldagehome\\app\\Views\\dashboard\\editleftelder.php')
 3 SYSTEMPATH\View\View.php(229): CodeIgniter\View\View->CodeIgniter\View\{closure}()
 4 SYSTEMPATH\Common.php(1188): CodeIgniter\View\View->render('dashboard/editleftelder', [], true)
 5 APPPATH\Controllers\NewController.php(859): view('dashboard/editleftelder', [...])
 6 SYSTEMPATH\CodeIgniter.php(919): App\Controllers\NewController->ViewEditLeft('login', 'vendors', 'typicons', 'typicons.css')
 7 SYSTEMPATH\CodeIgniter.php(494): CodeIgniter\CodeIgniter->runController(Object(App\Controllers\NewController))
 8 SYSTEMPATH\CodeIgniter.php(353): CodeIgniter\CodeIgniter->handleRequest(null, Object(Config\Cache), false)
 9 FCPATH\index.php(79): CodeIgniter\CodeIgniter->run()
10 SYSTEMPATH\Commands\Server\rewrite.php(47): require_once('D:\\laragon\\www\\method-oldagehome\\public\\index.php')
CRITICAL - 2024-11-13 07:17:47 --> Trying to access array offset on value of type null
in APPPATH\Views\dashboard\editleftelder.php on line 50.
 1 APPPATH\Views\dashboard\editleftelder.php(50): CodeIgniter\Debug\Exceptions->errorHandler(2, 'Trying to access array offset on value of type null', 'D:\\laragon\\www\\method-oldagehome\\app\\Views\\dashboard\\editleftelder.php', 50)
 2 SYSTEMPATH\View\View.php(226): include('D:\\laragon\\www\\method-oldagehome\\app\\Views\\dashboard\\editleftelder.php')
 3 SYSTEMPATH\View\View.php(229): CodeIgniter\View\View->CodeIgniter\View\{closure}()
 4 SYSTEMPATH\Common.php(1188): CodeIgniter\View\View->render('dashboard/editleftelder', [], true)
 5 APPPATH\Controllers\NewController.php(859): view('dashboard/editleftelder', [...])
 6 SYSTEMPATH\CodeIgniter.php(919): App\Controllers\NewController->ViewEditLeft('login', 'vendors', 'css', 'vendor.bundle.base.css')
 7 SYSTEMPATH\CodeIgniter.php(494): CodeIgniter\CodeIgniter->runController(Object(App\Controllers\NewController))
 8 SYSTEMPATH\CodeIgniter.php(353): CodeIgniter\CodeIgniter->handleRequest(null, Object(Config\Cache), false)
 9 FCPATH\index.php(79): CodeIgniter\CodeIgniter->run()
10 SYSTEMPATH\Commands\Server\rewrite.php(47): require_once('D:\\laragon\\www\\method-oldagehome\\public\\index.php')
CRITICAL - 2024-11-13 07:17:47 --> Trying to access array offset on value of type null
in APPPATH\Views\dashboard\editleftelder.php on line 50.
 1 APPPATH\Views\dashboard\editleftelder.php(50): CodeIgniter\Debug\Exceptions->errorHandler(2, 'Trying to access array offset on value of type null', 'D:\\laragon\\www\\method-oldagehome\\app\\Views\\dashboard\\editleftelder.php', 50)
 2 SYSTEMPATH\View\View.php(226): include('D:\\laragon\\www\\method-oldagehome\\app\\Views\\dashboard\\editleftelder.php')
 3 SYSTEMPATH\View\View.php(229): CodeIgniter\View\View->CodeIgniter\View\{closure}()
 4 SYSTEMPATH\Common.php(1188): CodeIgniter\View\View->render('dashboard/editleftelder', [], true)
 5 APPPATH\Controllers\NewController.php(859): view('dashboard/editleftelder', [...])
 6 SYSTEMPATH\CodeIgniter.php(919): App\Controllers\NewController->ViewEditLeft('login', 'vendors', 'select2', 'select2.min.css')
 7 SYSTEMPATH\CodeIgniter.php(494): CodeIgniter\CodeIgniter->runController(Object(App\Controllers\NewController))
 8 SYSTEMPATH\CodeIgniter.php(353): CodeIgniter\CodeIgniter->handleRequest(null, Object(Config\Cache), false)
 9 FCPATH\index.php(79): CodeIgniter\CodeIgniter->run()
10 SYSTEMPATH\Commands\Server\rewrite.php(47): require_once('D:\\laragon\\www\\method-oldagehome\\public\\index.php')
CRITICAL - 2024-11-13 07:17:47 --> Trying to access array offset on value of type null
in APPPATH\Views\dashboard\editleftelder.php on line 50.
 1 APPPATH\Views\dashboard\editleftelder.php(50): CodeIgniter\Debug\Exceptions->errorHandler(2, 'Trying to access array offset on value of type null', 'D:\\laragon\\www\\method-oldagehome\\app\\Views\\dashboard\\editleftelder.php', 50)
 2 SYSTEMPATH\View\View.php(226): include('D:\\laragon\\www\\method-oldagehome\\app\\Views\\dashboard\\editleftelder.php')
 3 SYSTEMPATH\View\View.php(229): CodeIgniter\View\View->CodeIgniter\View\{closure}()
 4 SYSTEMPATH\Common.php(1188): CodeIgniter\View\View->render('dashboard/editleftelder', [], true)
 5 APPPATH\Controllers\NewController.php(859): view('dashboard/editleftelder', [...])
 6 SYSTEMPATH\CodeIgniter.php(919): App\Controllers\NewController->ViewEditLeft('login', 'vendors', 'select2-bootstrap-theme', 'select2-bootstrap.min.css')
 7 SYSTEMPATH\CodeIgniter.php(494): CodeIgniter\CodeIgniter->runController(Object(App\Controllers\NewController))
 8 SYSTEMPATH\CodeIgniter.php(353): CodeIgniter\CodeIgniter->handleRequest(null, Object(Config\Cache), false)
 9 FCPATH\index.php(79): CodeIgniter\CodeIgniter->run()
10 SYSTEMPATH\Commands\Server\rewrite.php(47): require_once('D:\\laragon\\www\\method-oldagehome\\public\\index.php')
CRITICAL - 2024-11-13 07:17:48 --> Trying to access array offset on value of type null
in APPPATH\Views\dashboard\editleftelder.php on line 50.
 1 APPPATH\Views\dashboard\editleftelder.php(50): CodeIgniter\Debug\Exceptions->errorHandler(2, 'Trying to access array offset on value of type null', 'D:\\laragon\\www\\method-oldagehome\\app\\Views\\dashboard\\editleftelder.php', 50)
 2 SYSTEMPATH\View\View.php(226): include('D:\\laragon\\www\\method-oldagehome\\app\\Views\\dashboard\\editleftelder.php')
 3 SYSTEMPATH\View\View.php(229): CodeIgniter\View\View->CodeIgniter\View\{closure}()
 4 SYSTEMPATH\Common.php(1188): CodeIgniter\View\View->render('dashboard/editleftelder', [], true)
 5 APPPATH\Controllers\NewController.php(859): view('dashboard/editleftelder', [...])
 6 SYSTEMPATH\CodeIgniter.php(919): App\Controllers\NewController->ViewEditLeft('login', 'css', 'vertical-layout-light', 'style.css')
 7 SYSTEMPATH\CodeIgniter.php(494): CodeIgniter\CodeIgniter->runController(Object(App\Controllers\NewController))
 8 SYSTEMPATH\CodeIgniter.php(353): CodeIgniter\CodeIgniter->handleRequest(null, Object(Config\Cache), false)
 9 FCPATH\index.php(79): CodeIgniter\CodeIgniter->run()
10 SYSTEMPATH\Commands\Server\rewrite.php(47): require_once('D:\\laragon\\www\\method-oldagehome\\public\\index.php')
CRITICAL - 2024-11-13 07:17:48 --> Trying to access array offset on value of type null
in APPPATH\Views\dashboard\editleftelder.php on line 50.
 1 APPPATH\Views\dashboard\editleftelder.php(50): CodeIgniter\Debug\Exceptions->errorHandler(2, 'Trying to access array offset on value of type null', 'D:\\laragon\\www\\method-oldagehome\\app\\Views\\dashboard\\editleftelder.php', 50)
 2 SYSTEMPATH\View\View.php(226): include('D:\\laragon\\www\\method-oldagehome\\app\\Views\\dashboard\\editleftelder.php')
 3 SYSTEMPATH\View\View.php(229): CodeIgniter\View\View->CodeIgniter\View\{closure}()
 4 SYSTEMPATH\Common.php(1188): CodeIgniter\View\View->render('dashboard/editleftelder', [], true)
 5 APPPATH\Controllers\NewController.php(859): view('dashboard/editleftelder', [...])
 6 SYSTEMPATH\CodeIgniter.php(919): App\Controllers\NewController->ViewEditLeft('vendors', 'js', 'vendor.bundle.base.js')
 7 SYSTEMPATH\CodeIgniter.php(494): CodeIgniter\CodeIgniter->runController(Object(App\Controllers\NewController))
 8 SYSTEMPATH\CodeIgniter.php(353): CodeIgniter\CodeIgniter->handleRequest(null, Object(Config\Cache), false)
 9 FCPATH\index.php(79): CodeIgniter\CodeIgniter->run()
10 SYSTEMPATH\Commands\Server\rewrite.php(47): require_once('D:\\laragon\\www\\method-oldagehome\\public\\index.php')
CRITICAL - 2024-11-13 07:17:49 --> Trying to access array offset on value of type null
in APPPATH\Views\dashboard\editleftelder.php on line 50.
 1 APPPATH\Views\dashboard\editleftelder.php(50): CodeIgniter\Debug\Exceptions->errorHandler(2, 'Trying to access array offset on value of type null', 'D:\\laragon\\www\\method-oldagehome\\app\\Views\\dashboard\\editleftelder.php', 50)
 2 SYSTEMPATH\View\View.php(226): include('D:\\laragon\\www\\method-oldagehome\\app\\Views\\dashboard\\editleftelder.php')
 3 SYSTEMPATH\View\View.php(229): CodeIgniter\View\View->CodeIgniter\View\{closure}()
 4 SYSTEMPATH\Common.php(1188): CodeIgniter\View\View->render('dashboard/editleftelder', [], true)
 5 APPPATH\Controllers\NewController.php(859): view('dashboard/editleftelder', [...])
 6 SYSTEMPATH\CodeIgniter.php(919): App\Controllers\NewController->ViewEditLeft('js', 'off-canvas.js')
 7 SYSTEMPATH\CodeIgniter.php(494): CodeIgniter\CodeIgniter->runController(Object(App\Controllers\NewController))
 8 SYSTEMPATH\CodeIgniter.php(353): CodeIgniter\CodeIgniter->handleRequest(null, Object(Config\Cache), false)
 9 FCPATH\index.php(79): CodeIgniter\CodeIgniter->run()
10 SYSTEMPATH\Commands\Server\rewrite.php(47): require_once('D:\\laragon\\www\\method-oldagehome\\public\\index.php')
CRITICAL - 2024-11-13 07:17:49 --> Trying to access array offset on value of type null
in APPPATH\Views\dashboard\editleftelder.php on line 50.
 1 APPPATH\Views\dashboard\editleftelder.php(50): CodeIgniter\Debug\Exceptions->errorHandler(2, 'Trying to access array offset on value of type null', 'D:\\laragon\\www\\method-oldagehome\\app\\Views\\dashboard\\editleftelder.php', 50)
 2 SYSTEMPATH\View\View.php(226): include('D:\\laragon\\www\\method-oldagehome\\app\\Views\\dashboard\\editleftelder.php')
 3 SYSTEMPATH\View\View.php(229): CodeIgniter\View\View->CodeIgniter\View\{closure}()
 4 SYSTEMPATH\Common.php(1188): CodeIgniter\View\View->render('dashboard/editleftelder', [], true)
 5 APPPATH\Controllers\NewController.php(859): view('dashboard/editleftelder', [...])
 6 SYSTEMPATH\CodeIgniter.php(919): App\Controllers\NewController->ViewEditLeft('js', 'hoverable-collapse.js')
 7 SYSTEMPATH\CodeIgniter.php(494): CodeIgniter\CodeIgniter->runController(Object(App\Controllers\NewController))
 8 SYSTEMPATH\CodeIgniter.php(353): CodeIgniter\CodeIgniter->handleRequest(null, Object(Config\Cache), false)
 9 FCPATH\index.php(79): CodeIgniter\CodeIgniter->run()
10 SYSTEMPATH\Commands\Server\rewrite.php(47): require_once('D:\\laragon\\www\\method-oldagehome\\public\\index.php')
CRITICAL - 2024-11-13 07:17:50 --> Trying to access array offset on value of type null
in APPPATH\Views\dashboard\editleftelder.php on line 50.
 1 APPPATH\Views\dashboard\editleftelder.php(50): CodeIgniter\Debug\Exceptions->errorHandler(2, 'Trying to access array offset on value of type null', 'D:\\laragon\\www\\method-oldagehome\\app\\Views\\dashboard\\editleftelder.php', 50)
 2 SYSTEMPATH\View\View.php(226): include('D:\\laragon\\www\\method-oldagehome\\app\\Views\\dashboard\\editleftelder.php')
 3 SYSTEMPATH\View\View.php(229): CodeIgniter\View\View->CodeIgniter\View\{closure}()
 4 SYSTEMPATH\Common.php(1188): CodeIgniter\View\View->render('dashboard/editleftelder', [], true)
 5 APPPATH\Controllers\NewController.php(859): view('dashboard/editleftelder', [...])
 6 SYSTEMPATH\CodeIgniter.php(919): App\Controllers\NewController->ViewEditLeft('js', 'template.js')
 7 SYSTEMPATH\CodeIgniter.php(494): CodeIgniter\CodeIgniter->runController(Object(App\Controllers\NewController))
 8 SYSTEMPATH\CodeIgniter.php(353): CodeIgniter\CodeIgniter->handleRequest(null, Object(Config\Cache), false)
 9 FCPATH\index.php(79): CodeIgniter\CodeIgniter->run()
10 SYSTEMPATH\Commands\Server\rewrite.php(47): require_once('D:\\laragon\\www\\method-oldagehome\\public\\index.php')
CRITICAL - 2024-11-13 07:17:50 --> Trying to access array offset on value of type null
in APPPATH\Views\dashboard\editleftelder.php on line 50.
 1 APPPATH\Views\dashboard\editleftelder.php(50): CodeIgniter\Debug\Exceptions->errorHandler(2, 'Trying to access array offset on value of type null', 'D:\\laragon\\www\\method-oldagehome\\app\\Views\\dashboard\\editleftelder.php', 50)
 2 SYSTEMPATH\View\View.php(226): include('D:\\laragon\\www\\method-oldagehome\\app\\Views\\dashboard\\editleftelder.php')
 3 SYSTEMPATH\View\View.php(229): CodeIgniter\View\View->CodeIgniter\View\{closure}()
 4 SYSTEMPATH\Common.php(1188): CodeIgniter\View\View->render('dashboard/editleftelder', [], true)
 5 APPPATH\Controllers\NewController.php(859): view('dashboard/editleftelder', [...])
 6 SYSTEMPATH\CodeIgniter.php(919): App\Controllers\NewController->ViewEditLeft('js', 'settings.js')
 7 SYSTEMPATH\CodeIgniter.php(494): CodeIgniter\CodeIgniter->runController(Object(App\Controllers\NewController))
 8 SYSTEMPATH\CodeIgniter.php(353): CodeIgniter\CodeIgniter->handleRequest(null, Object(Config\Cache), false)
 9 FCPATH\index.php(79): CodeIgniter\CodeIgniter->run()
10 SYSTEMPATH\Commands\Server\rewrite.php(47): require_once('D:\\laragon\\www\\method-oldagehome\\public\\index.php')
CRITICAL - 2024-11-13 07:17:51 --> Trying to access array offset on value of type null
in APPPATH\Views\dashboard\editleftelder.php on line 50.
 1 APPPATH\Views\dashboard\editleftelder.php(50): CodeIgniter\Debug\Exceptions->errorHandler(2, 'Trying to access array offset on value of type null', 'D:\\laragon\\www\\method-oldagehome\\app\\Views\\dashboard\\editleftelder.php', 50)
 2 SYSTEMPATH\View\View.php(226): include('D:\\laragon\\www\\method-oldagehome\\app\\Views\\dashboard\\editleftelder.php')
 3 SYSTEMPATH\View\View.php(229): CodeIgniter\View\View->CodeIgniter\View\{closure}()
 4 SYSTEMPATH\Common.php(1188): CodeIgniter\View\View->render('dashboard/editleftelder', [], true)
 5 APPPATH\Controllers\NewController.php(859): view('dashboard/editleftelder', [...])
 6 SYSTEMPATH\CodeIgniter.php(919): App\Controllers\NewController->ViewEditLeft('js', 'todolist.js')
 7 SYSTEMPATH\CodeIgniter.php(494): CodeIgniter\CodeIgniter->runController(Object(App\Controllers\NewController))
 8 SYSTEMPATH\CodeIgniter.php(353): CodeIgniter\CodeIgniter->handleRequest(null, Object(Config\Cache), false)
 9 FCPATH\index.php(79): CodeIgniter\CodeIgniter->run()
10 SYSTEMPATH\Commands\Server\rewrite.php(47): require_once('D:\\laragon\\www\\method-oldagehome\\public\\index.php')
CRITICAL - 2024-11-13 07:17:51 --> Trying to access array offset on value of type null
in APPPATH\Views\dashboard\editleftelder.php on line 50.
 1 APPPATH\Views\dashboard\editleftelder.php(50): CodeIgniter\Debug\Exceptions->errorHandler(2, 'Trying to access array offset on value of type null', 'D:\\laragon\\www\\method-oldagehome\\app\\Views\\dashboard\\editleftelder.php', 50)
 2 SYSTEMPATH\View\View.php(226): include('D:\\laragon\\www\\method-oldagehome\\app\\Views\\dashboard\\editleftelder.php')
 3 SYSTEMPATH\View\View.php(229): CodeIgniter\View\View->CodeIgniter\View\{closure}()
 4 SYSTEMPATH\Common.php(1188): CodeIgniter\View\View->render('dashboard/editleftelder', [], true)
 5 APPPATH\Controllers\NewController.php(859): view('dashboard/editleftelder', [...])
 6 SYSTEMPATH\CodeIgniter.php(919): App\Controllers\NewController->ViewEditLeft('vendors', 'typeahead.js', 'typeahead.bundle.min.js')
 7 SYSTEMPATH\CodeIgniter.php(494): CodeIgniter\CodeIgniter->runController(Object(App\Controllers\NewController))
 8 SYSTEMPATH\CodeIgniter.php(353): CodeIgniter\CodeIgniter->handleRequest(null, Object(Config\Cache), false)
 9 FCPATH\index.php(79): CodeIgniter\CodeIgniter->run()
10 SYSTEMPATH\Commands\Server\rewrite.php(47): require_once('D:\\laragon\\www\\method-oldagehome\\public\\index.php')
CRITICAL - 2024-11-13 07:17:52 --> Trying to access array offset on value of type null
in APPPATH\Views\dashboard\editleftelder.php on line 50.
 1 APPPATH\Views\dashboard\editleftelder.php(50): CodeIgniter\Debug\Exceptions->errorHandler(2, 'Trying to access array offset on value of type null', 'D:\\laragon\\www\\method-oldagehome\\app\\Views\\dashboard\\editleftelder.php', 50)
 2 SYSTEMPATH\View\View.php(226): include('D:\\laragon\\www\\method-oldagehome\\app\\Views\\dashboard\\editleftelder.php')
 3 SYSTEMPATH\View\View.php(229): CodeIgniter\View\View->CodeIgniter\View\{closure}()
 4 SYSTEMPATH\Common.php(1188): CodeIgniter\View\View->render('dashboard/editleftelder', [], true)
 5 APPPATH\Controllers\NewController.php(859): view('dashboard/editleftelder', [...])
 6 SYSTEMPATH\CodeIgniter.php(919): App\Controllers\NewController->ViewEditLeft('vendors', 'select2', 'select2.min.js')
 7 SYSTEMPATH\CodeIgniter.php(494): CodeIgniter\CodeIgniter->runController(Object(App\Controllers\NewController))
 8 SYSTEMPATH\CodeIgniter.php(353): CodeIgniter\CodeIgniter->handleRequest(null, Object(Config\Cache), false)
 9 FCPATH\index.php(79): CodeIgniter\CodeIgniter->run()
10 SYSTEMPATH\Commands\Server\rewrite.php(47): require_once('D:\\laragon\\www\\method-oldagehome\\public\\index.php')
CRITICAL - 2024-11-13 07:17:52 --> Trying to access array offset on value of type null
in APPPATH\Views\dashboard\editleftelder.php on line 50.
 1 APPPATH\Views\dashboard\editleftelder.php(50): CodeIgniter\Debug\Exceptions->errorHandler(2, 'Trying to access array offset on value of type null', 'D:\\laragon\\www\\method-oldagehome\\app\\Views\\dashboard\\editleftelder.php', 50)
 2 SYSTEMPATH\View\View.php(226): include('D:\\laragon\\www\\method-oldagehome\\app\\Views\\dashboard\\editleftelder.php')
 3 SYSTEMPATH\View\View.php(229): CodeIgniter\View\View->CodeIgniter\View\{closure}()
 4 SYSTEMPATH\Common.php(1188): CodeIgniter\View\View->render('dashboard/editleftelder', [], true)
 5 APPPATH\Controllers\NewController.php(859): view('dashboard/editleftelder', [...])
 6 SYSTEMPATH\CodeIgniter.php(919): App\Controllers\NewController->ViewEditLeft('js', 'file-upload.js')
 7 SYSTEMPATH\CodeIgniter.php(494): CodeIgniter\CodeIgniter->runController(Object(App\Controllers\NewController))
 8 SYSTEMPATH\CodeIgniter.php(353): CodeIgniter\CodeIgniter->handleRequest(null, Object(Config\Cache), false)
 9 FCPATH\index.php(79): CodeIgniter\CodeIgniter->run()
10 SYSTEMPATH\Commands\Server\rewrite.php(47): require_once('D:\\laragon\\www\\method-oldagehome\\public\\index.php')
CRITICAL - 2024-11-13 07:17:53 --> Trying to access array offset on value of type null
in APPPATH\Views\dashboard\editleftelder.php on line 50.
 1 APPPATH\Views\dashboard\editleftelder.php(50): CodeIgniter\Debug\Exceptions->errorHandler(2, 'Trying to access array offset on value of type null', 'D:\\laragon\\www\\method-oldagehome\\app\\Views\\dashboard\\editleftelder.php', 50)
 2 SYSTEMPATH\View\View.php(226): include('D:\\laragon\\www\\method-oldagehome\\app\\Views\\dashboard\\editleftelder.php')
 3 SYSTEMPATH\View\View.php(229): CodeIgniter\View\View->CodeIgniter\View\{closure}()
 4 SYSTEMPATH\Common.php(1188): CodeIgniter\View\View->render('dashboard/editleftelder', [], true)
 5 APPPATH\Controllers\NewController.php(859): view('dashboard/editleftelder', [...])
 6 SYSTEMPATH\CodeIgniter.php(919): App\Controllers\NewController->ViewEditLeft('js', 'typeahead.js')
 7 SYSTEMPATH\CodeIgniter.php(494): CodeIgniter\CodeIgniter->runController(Object(App\Controllers\NewController))
 8 SYSTEMPATH\CodeIgniter.php(353): CodeIgniter\CodeIgniter->handleRequest(null, Object(Config\Cache), false)
 9 FCPATH\index.php(79): CodeIgniter\CodeIgniter->run()
10 SYSTEMPATH\Commands\Server\rewrite.php(47): require_once('D:\\laragon\\www\\method-oldagehome\\public\\index.php')
CRITICAL - 2024-11-13 07:17:53 --> Trying to access array offset on value of type null
in APPPATH\Views\dashboard\editleftelder.php on line 50.
 1 APPPATH\Views\dashboard\editleftelder.php(50): CodeIgniter\Debug\Exceptions->errorHandler(2, 'Trying to access array offset on value of type null', 'D:\\laragon\\www\\method-oldagehome\\app\\Views\\dashboard\\editleftelder.php', 50)
 2 SYSTEMPATH\View\View.php(226): include('D:\\laragon\\www\\method-oldagehome\\app\\Views\\dashboard\\editleftelder.php')
 3 SYSTEMPATH\View\View.php(229): CodeIgniter\View\View->CodeIgniter\View\{closure}()
 4 SYSTEMPATH\Common.php(1188): CodeIgniter\View\View->render('dashboard/editleftelder', [], true)
 5 APPPATH\Controllers\NewController.php(859): view('dashboard/editleftelder', [...])
 6 SYSTEMPATH\CodeIgniter.php(919): App\Controllers\NewController->ViewEditLeft('js', 'select2.js')
 7 SYSTEMPATH\CodeIgniter.php(494): CodeIgniter\CodeIgniter->runController(Object(App\Controllers\NewController))
 8 SYSTEMPATH\CodeIgniter.php(353): CodeIgniter\CodeIgniter->handleRequest(null, Object(Config\Cache), false)
 9 FCPATH\index.php(79): CodeIgniter\CodeIgniter->run()
10 SYSTEMPATH\Commands\Server\rewrite.php(47): require_once('D:\\laragon\\www\\method-oldagehome\\public\\index.php')
CRITICAL - 2024-11-13 07:18:11 --> Trying to access array offset on value of type null
in APPPATH\Views\dashboard\editleftelder.php on line 50.
 1 APPPATH\Views\dashboard\editleftelder.php(50): CodeIgniter\Debug\Exceptions->errorHandler(2, 'Trying to access array offset on value of type null', 'D:\\laragon\\www\\method-oldagehome\\app\\Views\\dashboard\\editleftelder.php', 50)
 2 SYSTEMPATH\View\View.php(226): include('D:\\laragon\\www\\method-oldagehome\\app\\Views\\dashboard\\editleftelder.php')
 3 SYSTEMPATH\View\View.php(229): CodeIgniter\View\View->CodeIgniter\View\{closure}()
 4 SYSTEMPATH\Common.php(1188): CodeIgniter\View\View->render('dashboard/editleftelder', [], true)
 5 APPPATH\Controllers\NewController.php(859): view('dashboard/editleftelder', [...])
 6 SYSTEMPATH\CodeIgniter.php(919): App\Controllers\NewController->ViewEditLeft('login', 'vendors', 'typicons', 'typicons.css')
 7 SYSTEMPATH\CodeIgniter.php(494): CodeIgniter\CodeIgniter->runController(Object(App\Controllers\NewController))
 8 SYSTEMPATH\CodeIgniter.php(353): CodeIgniter\CodeIgniter->handleRequest(null, Object(Config\Cache), false)
 9 FCPATH\index.php(79): CodeIgniter\CodeIgniter->run()
10 SYSTEMPATH\Commands\Server\rewrite.php(47): require_once('D:\\laragon\\www\\method-oldagehome\\public\\index.php')
CRITICAL - 2024-11-13 07:18:12 --> Trying to access array offset on value of type null
in APPPATH\Views\dashboard\editleftelder.php on line 50.
 1 APPPATH\Views\dashboard\editleftelder.php(50): CodeIgniter\Debug\Exceptions->errorHandler(2, 'Trying to access array offset on value of type null', 'D:\\laragon\\www\\method-oldagehome\\app\\Views\\dashboard\\editleftelder.php', 50)
 2 SYSTEMPATH\View\View.php(226): include('D:\\laragon\\www\\method-oldagehome\\app\\Views\\dashboard\\editleftelder.php')
 3 SYSTEMPATH\View\View.php(229): CodeIgniter\View\View->CodeIgniter\View\{closure}()
 4 SYSTEMPATH\Common.php(1188): CodeIgniter\View\View->render('dashboard/editleftelder', [], true)
 5 APPPATH\Controllers\NewController.php(859): view('dashboard/editleftelder', [...])
 6 SYSTEMPATH\CodeIgniter.php(919): App\Controllers\NewController->ViewEditLeft('login', 'vendors', 'css', 'vendor.bundle.base.css')
 7 SYSTEMPATH\CodeIgniter.php(494): CodeIgniter\CodeIgniter->runController(Object(App\Controllers\NewController))
 8 SYSTEMPATH\CodeIgniter.php(353): CodeIgniter\CodeIgniter->handleRequest(null, Object(Config\Cache), false)
 9 FCPATH\index.php(79): CodeIgniter\CodeIgniter->run()
10 SYSTEMPATH\Commands\Server\rewrite.php(47): require_once('D:\\laragon\\www\\method-oldagehome\\public\\index.php')
CRITICAL - 2024-11-13 07:18:12 --> Trying to access array offset on value of type null
in APPPATH\Views\dashboard\editleftelder.php on line 50.
 1 APPPATH\Views\dashboard\editleftelder.php(50): CodeIgniter\Debug\Exceptions->errorHandler(2, 'Trying to access array offset on value of type null', 'D:\\laragon\\www\\method-oldagehome\\app\\Views\\dashboard\\editleftelder.php', 50)
 2 SYSTEMPATH\View\View.php(226): include('D:\\laragon\\www\\method-oldagehome\\app\\Views\\dashboard\\editleftelder.php')
 3 SYSTEMPATH\View\View.php(229): CodeIgniter\View\View->CodeIgniter\View\{closure}()
 4 SYSTEMPATH\Common.php(1188): CodeIgniter\View\View->render('dashboard/editleftelder', [], true)
 5 APPPATH\Controllers\NewController.php(859): view('dashboard/editleftelder', [...])
 6 SYSTEMPATH\CodeIgniter.php(919): App\Controllers\NewController->ViewEditLeft('login', 'vendors', 'select2', 'select2.min.css')
 7 SYSTEMPATH\CodeIgniter.php(494): CodeIgniter\CodeIgniter->runController(Object(App\Controllers\NewController))
 8 SYSTEMPATH\CodeIgniter.php(353): CodeIgniter\CodeIgniter->handleRequest(null, Object(Config\Cache), false)
 9 FCPATH\index.php(79): CodeIgniter\CodeIgniter->run()
10 SYSTEMPATH\Commands\Server\rewrite.php(47): require_once('D:\\laragon\\www\\method-oldagehome\\public\\index.php')
CRITICAL - 2024-11-13 07:18:13 --> Trying to access array offset on value of type null
in APPPATH\Views\dashboard\editleftelder.php on line 50.
 1 APPPATH\Views\dashboard\editleftelder.php(50): CodeIgniter\Debug\Exceptions->errorHandler(2, 'Trying to access array offset on value of type null', 'D:\\laragon\\www\\method-oldagehome\\app\\Views\\dashboard\\editleftelder.php', 50)
 2 SYSTEMPATH\View\View.php(226): include('D:\\laragon\\www\\method-oldagehome\\app\\Views\\dashboard\\editleftelder.php')
 3 SYSTEMPATH\View\View.php(229): CodeIgniter\View\View->CodeIgniter\View\{closure}()
 4 SYSTEMPATH\Common.php(1188): CodeIgniter\View\View->render('dashboard/editleftelder', [], true)
 5 APPPATH\Controllers\NewController.php(859): view('dashboard/editleftelder', [...])
 6 SYSTEMPATH\CodeIgniter.php(919): App\Controllers\NewController->ViewEditLeft('login', 'vendors', 'select2-bootstrap-theme', 'select2-bootstrap.min.css')
 7 SYSTEMPATH\CodeIgniter.php(494): CodeIgniter\CodeIgniter->runController(Object(App\Controllers\NewController))
 8 SYSTEMPATH\CodeIgniter.php(353): CodeIgniter\CodeIgniter->handleRequest(null, Object(Config\Cache), false)
 9 FCPATH\index.php(79): CodeIgniter\CodeIgniter->run()
10 SYSTEMPATH\Commands\Server\rewrite.php(47): require_once('D:\\laragon\\www\\method-oldagehome\\public\\index.php')
CRITICAL - 2024-11-13 07:18:13 --> Trying to access array offset on value of type null
in APPPATH\Views\dashboard\editleftelder.php on line 50.
 1 APPPATH\Views\dashboard\editleftelder.php(50): CodeIgniter\Debug\Exceptions->errorHandler(2, 'Trying to access array offset on value of type null', 'D:\\laragon\\www\\method-oldagehome\\app\\Views\\dashboard\\editleftelder.php', 50)
 2 SYSTEMPATH\View\View.php(226): include('D:\\laragon\\www\\method-oldagehome\\app\\Views\\dashboard\\editleftelder.php')
 3 SYSTEMPATH\View\View.php(229): CodeIgniter\View\View->CodeIgniter\View\{closure}()
 4 SYSTEMPATH\Common.php(1188): CodeIgniter\View\View->render('dashboard/editleftelder', [], true)
 5 APPPATH\Controllers\NewController.php(859): view('dashboard/editleftelder', [...])
 6 SYSTEMPATH\CodeIgniter.php(919): App\Controllers\NewController->ViewEditLeft('login', 'css', 'vertical-layout-light', 'style.css')
 7 SYSTEMPATH\CodeIgniter.php(494): CodeIgniter\CodeIgniter->runController(Object(App\Controllers\NewController))
 8 SYSTEMPATH\CodeIgniter.php(353): CodeIgniter\CodeIgniter->handleRequest(null, Object(Config\Cache), false)
 9 FCPATH\index.php(79): CodeIgniter\CodeIgniter->run()
10 SYSTEMPATH\Commands\Server\rewrite.php(47): require_once('D:\\laragon\\www\\method-oldagehome\\public\\index.php')
CRITICAL - 2024-11-13 07:18:14 --> Trying to access array offset on value of type null
in APPPATH\Views\dashboard\editleftelder.php on line 50.
 1 APPPATH\Views\dashboard\editleftelder.php(50): CodeIgniter\Debug\Exceptions->errorHandler(2, 'Trying to access array offset on value of type null', 'D:\\laragon\\www\\method-oldagehome\\app\\Views\\dashboard\\editleftelder.php', 50)
 2 SYSTEMPATH\View\View.php(226): include('D:\\laragon\\www\\method-oldagehome\\app\\Views\\dashboard\\editleftelder.php')
 3 SYSTEMPATH\View\View.php(229): CodeIgniter\View\View->CodeIgniter\View\{closure}()
 4 SYSTEMPATH\Common.php(1188): CodeIgniter\View\View->render('dashboard/editleftelder', [], true)
 5 APPPATH\Controllers\NewController.php(859): view('dashboard/editleftelder', [...])
 6 SYSTEMPATH\CodeIgniter.php(919): App\Controllers\NewController->ViewEditLeft('vendors', 'js', 'vendor.bundle.base.js')
 7 SYSTEMPATH\CodeIgniter.php(494): CodeIgniter\CodeIgniter->runController(Object(App\Controllers\NewController))
 8 SYSTEMPATH\CodeIgniter.php(353): CodeIgniter\CodeIgniter->handleRequest(null, Object(Config\Cache), false)
 9 FCPATH\index.php(79): CodeIgniter\CodeIgniter->run()
10 SYSTEMPATH\Commands\Server\rewrite.php(47): require_once('D:\\laragon\\www\\method-oldagehome\\public\\index.php')
CRITICAL - 2024-11-13 07:18:14 --> Trying to access array offset on value of type null
in APPPATH\Views\dashboard\editleftelder.php on line 50.
 1 APPPATH\Views\dashboard\editleftelder.php(50): CodeIgniter\Debug\Exceptions->errorHandler(2, 'Trying to access array offset on value of type null', 'D:\\laragon\\www\\method-oldagehome\\app\\Views\\dashboard\\editleftelder.php', 50)
 2 SYSTEMPATH\View\View.php(226): include('D:\\laragon\\www\\method-oldagehome\\app\\Views\\dashboard\\editleftelder.php')
 3 SYSTEMPATH\View\View.php(229): CodeIgniter\View\View->CodeIgniter\View\{closure}()
 4 SYSTEMPATH\Common.php(1188): CodeIgniter\View\View->render('dashboard/editleftelder', [], true)
 5 APPPATH\Controllers\NewController.php(859): view('dashboard/editleftelder', [...])
 6 SYSTEMPATH\CodeIgniter.php(919): App\Controllers\NewController->ViewEditLeft('js', 'off-canvas.js')
 7 SYSTEMPATH\CodeIgniter.php(494): CodeIgniter\CodeIgniter->runController(Object(App\Controllers\NewController))
 8 SYSTEMPATH\CodeIgniter.php(353): CodeIgniter\CodeIgniter->handleRequest(null, Object(Config\Cache), false)
 9 FCPATH\index.php(79): CodeIgniter\CodeIgniter->run()
10 SYSTEMPATH\Commands\Server\rewrite.php(47): require_once('D:\\laragon\\www\\method-oldagehome\\public\\index.php')
CRITICAL - 2024-11-13 07:18:15 --> Trying to access array offset on value of type null
in APPPATH\Views\dashboard\editleftelder.php on line 50.
 1 APPPATH\Views\dashboard\editleftelder.php(50): CodeIgniter\Debug\Exceptions->errorHandler(2, 'Trying to access array offset on value of type null', 'D:\\laragon\\www\\method-oldagehome\\app\\Views\\dashboard\\editleftelder.php', 50)
 2 SYSTEMPATH\View\View.php(226): include('D:\\laragon\\www\\method-oldagehome\\app\\Views\\dashboard\\editleftelder.php')
 3 SYSTEMPATH\View\View.php(229): CodeIgniter\View\View->CodeIgniter\View\{closure}()
 4 SYSTEMPATH\Common.php(1188): CodeIgniter\View\View->render('dashboard/editleftelder', [], true)
 5 APPPATH\Controllers\NewController.php(859): view('dashboard/editleftelder', [...])
 6 SYSTEMPATH\CodeIgniter.php(919): App\Controllers\NewController->ViewEditLeft('js', 'hoverable-collapse.js')
 7 SYSTEMPATH\CodeIgniter.php(494): CodeIgniter\CodeIgniter->runController(Object(App\Controllers\NewController))
 8 SYSTEMPATH\CodeIgniter.php(353): CodeIgniter\CodeIgniter->handleRequest(null, Object(Config\Cache), false)
 9 FCPATH\index.php(79): CodeIgniter\CodeIgniter->run()
10 SYSTEMPATH\Commands\Server\rewrite.php(47): require_once('D:\\laragon\\www\\method-oldagehome\\public\\index.php')
CRITICAL - 2024-11-13 07:18:15 --> Trying to access array offset on value of type null
in APPPATH\Views\dashboard\editleftelder.php on line 50.
 1 APPPATH\Views\dashboard\editleftelder.php(50): CodeIgniter\Debug\Exceptions->errorHandler(2, 'Trying to access array offset on value of type null', 'D:\\laragon\\www\\method-oldagehome\\app\\Views\\dashboard\\editleftelder.php', 50)
 2 SYSTEMPATH\View\View.php(226): include('D:\\laragon\\www\\method-oldagehome\\app\\Views\\dashboard\\editleftelder.php')
 3 SYSTEMPATH\View\View.php(229): CodeIgniter\View\View->CodeIgniter\View\{closure}()
 4 SYSTEMPATH\Common.php(1188): CodeIgniter\View\View->render('dashboard/editleftelder', [], true)
 5 APPPATH\Controllers\NewController.php(859): view('dashboard/editleftelder', [...])
 6 SYSTEMPATH\CodeIgniter.php(919): App\Controllers\NewController->ViewEditLeft('js', 'template.js')
 7 SYSTEMPATH\CodeIgniter.php(494): CodeIgniter\CodeIgniter->runController(Object(App\Controllers\NewController))
 8 SYSTEMPATH\CodeIgniter.php(353): CodeIgniter\CodeIgniter->handleRequest(null, Object(Config\Cache), false)
 9 FCPATH\index.php(79): CodeIgniter\CodeIgniter->run()
10 SYSTEMPATH\Commands\Server\rewrite.php(47): require_once('D:\\laragon\\www\\method-oldagehome\\public\\index.php')
CRITICAL - 2024-11-13 07:18:16 --> Trying to access array offset on value of type null
in APPPATH\Views\dashboard\editleftelder.php on line 50.
 1 APPPATH\Views\dashboard\editleftelder.php(50): CodeIgniter\Debug\Exceptions->errorHandler(2, 'Trying to access array offset on value of type null', 'D:\\laragon\\www\\method-oldagehome\\app\\Views\\dashboard\\editleftelder.php', 50)
 2 SYSTEMPATH\View\View.php(226): include('D:\\laragon\\www\\method-oldagehome\\app\\Views\\dashboard\\editleftelder.php')
 3 SYSTEMPATH\View\View.php(229): CodeIgniter\View\View->CodeIgniter\View\{closure}()
 4 SYSTEMPATH\Common.php(1188): CodeIgniter\View\View->render('dashboard/editleftelder', [], true)
 5 APPPATH\Controllers\NewController.php(859): view('dashboard/editleftelder', [...])
 6 SYSTEMPATH\CodeIgniter.php(919): App\Controllers\NewController->ViewEditLeft('js', 'settings.js')
 7 SYSTEMPATH\CodeIgniter.php(494): CodeIgniter\CodeIgniter->runController(Object(App\Controllers\NewController))
 8 SYSTEMPATH\CodeIgniter.php(353): CodeIgniter\CodeIgniter->handleRequest(null, Object(Config\Cache), false)
 9 FCPATH\index.php(79): CodeIgniter\CodeIgniter->run()
10 SYSTEMPATH\Commands\Server\rewrite.php(47): require_once('D:\\laragon\\www\\method-oldagehome\\public\\index.php')
CRITICAL - 2024-11-13 07:18:16 --> Trying to access array offset on value of type null
in APPPATH\Views\dashboard\editleftelder.php on line 50.
 1 APPPATH\Views\dashboard\editleftelder.php(50): CodeIgniter\Debug\Exceptions->errorHandler(2, 'Trying to access array offset on value of type null', 'D:\\laragon\\www\\method-oldagehome\\app\\Views\\dashboard\\editleftelder.php', 50)
 2 SYSTEMPATH\View\View.php(226): include('D:\\laragon\\www\\method-oldagehome\\app\\Views\\dashboard\\editleftelder.php')
 3 SYSTEMPATH\View\View.php(229): CodeIgniter\View\View->CodeIgniter\View\{closure}()
 4 SYSTEMPATH\Common.php(1188): CodeIgniter\View\View->render('dashboard/editleftelder', [], true)
 5 APPPATH\Controllers\NewController.php(859): view('dashboard/editleftelder', [...])
 6 SYSTEMPATH\CodeIgniter.php(919): App\Controllers\NewController->ViewEditLeft('js', 'todolist.js')
 7 SYSTEMPATH\CodeIgniter.php(494): CodeIgniter\CodeIgniter->runController(Object(App\Controllers\NewController))
 8 SYSTEMPATH\CodeIgniter.php(353): CodeIgniter\CodeIgniter->handleRequest(null, Object(Config\Cache), false)
 9 FCPATH\index.php(79): CodeIgniter\CodeIgniter->run()
10 SYSTEMPATH\Commands\Server\rewrite.php(47): require_once('D:\\laragon\\www\\method-oldagehome\\public\\index.php')
CRITICAL - 2024-11-13 07:18:16 --> Trying to access array offset on value of type null
in APPPATH\Views\dashboard\editleftelder.php on line 50.
 1 APPPATH\Views\dashboard\editleftelder.php(50): CodeIgniter\Debug\Exceptions->errorHandler(2, 'Trying to access array offset on value of type null', 'D:\\laragon\\www\\method-oldagehome\\app\\Views\\dashboard\\editleftelder.php', 50)
 2 SYSTEMPATH\View\View.php(226): include('D:\\laragon\\www\\method-oldagehome\\app\\Views\\dashboard\\editleftelder.php')
 3 SYSTEMPATH\View\View.php(229): CodeIgniter\View\View->CodeIgniter\View\{closure}()
 4 SYSTEMPATH\Common.php(1188): CodeIgniter\View\View->render('dashboard/editleftelder', [], true)
 5 APPPATH\Controllers\NewController.php(859): view('dashboard/editleftelder', [...])
 6 SYSTEMPATH\CodeIgniter.php(919): App\Controllers\NewController->ViewEditLeft('vendors', 'typeahead.js', 'typeahead.bundle.min.js')
 7 SYSTEMPATH\CodeIgniter.php(494): CodeIgniter\CodeIgniter->runController(Object(App\Controllers\NewController))
 8 SYSTEMPATH\CodeIgniter.php(353): CodeIgniter\CodeIgniter->handleRequest(null, Object(Config\Cache), false)
 9 FCPATH\index.php(79): CodeIgniter\CodeIgniter->run()
10 SYSTEMPATH\Commands\Server\rewrite.php(47): require_once('D:\\laragon\\www\\method-oldagehome\\public\\index.php')
CRITICAL - 2024-11-13 07:18:17 --> Trying to access array offset on value of type null
in APPPATH\Views\dashboard\editleftelder.php on line 50.
 1 APPPATH\Views\dashboard\editleftelder.php(50): CodeIgniter\Debug\Exceptions->errorHandler(2, 'Trying to access array offset on value of type null', 'D:\\laragon\\www\\method-oldagehome\\app\\Views\\dashboard\\editleftelder.php', 50)
 2 SYSTEMPATH\View\View.php(226): include('D:\\laragon\\www\\method-oldagehome\\app\\Views\\dashboard\\editleftelder.php')
 3 SYSTEMPATH\View\View.php(229): CodeIgniter\View\View->CodeIgniter\View\{closure}()
 4 SYSTEMPATH\Common.php(1188): CodeIgniter\View\View->render('dashboard/editleftelder', [], true)
 5 APPPATH\Controllers\NewController.php(859): view('dashboard/editleftelder', [...])
 6 SYSTEMPATH\CodeIgniter.php(919): App\Controllers\NewController->ViewEditLeft('vendors', 'select2', 'select2.min.js')
 7 SYSTEMPATH\CodeIgniter.php(494): CodeIgniter\CodeIgniter->runController(Object(App\Controllers\NewController))
 8 SYSTEMPATH\CodeIgniter.php(353): CodeIgniter\CodeIgniter->handleRequest(null, Object(Config\Cache), false)
 9 FCPATH\index.php(79): CodeIgniter\CodeIgniter->run()
10 SYSTEMPATH\Commands\Server\rewrite.php(47): require_once('D:\\laragon\\www\\method-oldagehome\\public\\index.php')
CRITICAL - 2024-11-13 07:18:17 --> Trying to access array offset on value of type null
in APPPATH\Views\dashboard\editleftelder.php on line 50.
 1 APPPATH\Views\dashboard\editleftelder.php(50): CodeIgniter\Debug\Exceptions->errorHandler(2, 'Trying to access array offset on value of type null', 'D:\\laragon\\www\\method-oldagehome\\app\\Views\\dashboard\\editleftelder.php', 50)
 2 SYSTEMPATH\View\View.php(226): include('D:\\laragon\\www\\method-oldagehome\\app\\Views\\dashboard\\editleftelder.php')
 3 SYSTEMPATH\View\View.php(229): CodeIgniter\View\View->CodeIgniter\View\{closure}()
 4 SYSTEMPATH\Common.php(1188): CodeIgniter\View\View->render('dashboard/editleftelder', [], true)
 5 APPPATH\Controllers\NewController.php(859): view('dashboard/editleftelder', [...])
 6 SYSTEMPATH\CodeIgniter.php(919): App\Controllers\NewController->ViewEditLeft('js', 'file-upload.js')
 7 SYSTEMPATH\CodeIgniter.php(494): CodeIgniter\CodeIgniter->runController(Object(App\Controllers\NewController))
 8 SYSTEMPATH\CodeIgniter.php(353): CodeIgniter\CodeIgniter->handleRequest(null, Object(Config\Cache), false)
 9 FCPATH\index.php(79): CodeIgniter\CodeIgniter->run()
10 SYSTEMPATH\Commands\Server\rewrite.php(47): require_once('D:\\laragon\\www\\method-oldagehome\\public\\index.php')
CRITICAL - 2024-11-13 07:18:18 --> Trying to access array offset on value of type null
in APPPATH\Views\dashboard\editleftelder.php on line 50.
 1 APPPATH\Views\dashboard\editleftelder.php(50): CodeIgniter\Debug\Exceptions->errorHandler(2, 'Trying to access array offset on value of type null', 'D:\\laragon\\www\\method-oldagehome\\app\\Views\\dashboard\\editleftelder.php', 50)
 2 SYSTEMPATH\View\View.php(226): include('D:\\laragon\\www\\method-oldagehome\\app\\Views\\dashboard\\editleftelder.php')
 3 SYSTEMPATH\View\View.php(229): CodeIgniter\View\View->CodeIgniter\View\{closure}()
 4 SYSTEMPATH\Common.php(1188): CodeIgniter\View\View->render('dashboard/editleftelder', [], true)
 5 APPPATH\Controllers\NewController.php(859): view('dashboard/editleftelder', [...])
 6 SYSTEMPATH\CodeIgniter.php(919): App\Controllers\NewController->ViewEditLeft('js', 'typeahead.js')
 7 SYSTEMPATH\CodeIgniter.php(494): CodeIgniter\CodeIgniter->runController(Object(App\Controllers\NewController))
 8 SYSTEMPATH\CodeIgniter.php(353): CodeIgniter\CodeIgniter->handleRequest(null, Object(Config\Cache), false)
 9 FCPATH\index.php(79): CodeIgniter\CodeIgniter->run()
10 SYSTEMPATH\Commands\Server\rewrite.php(47): require_once('D:\\laragon\\www\\method-oldagehome\\public\\index.php')
CRITICAL - 2024-11-13 07:18:18 --> Trying to access array offset on value of type null
in APPPATH\Views\dashboard\editleftelder.php on line 50.
 1 APPPATH\Views\dashboard\editleftelder.php(50): CodeIgniter\Debug\Exceptions->errorHandler(2, 'Trying to access array offset on value of type null', 'D:\\laragon\\www\\method-oldagehome\\app\\Views\\dashboard\\editleftelder.php', 50)
 2 SYSTEMPATH\View\View.php(226): include('D:\\laragon\\www\\method-oldagehome\\app\\Views\\dashboard\\editleftelder.php')
 3 SYSTEMPATH\View\View.php(229): CodeIgniter\View\View->CodeIgniter\View\{closure}()
 4 SYSTEMPATH\Common.php(1188): CodeIgniter\View\View->render('dashboard/editleftelder', [], true)
 5 APPPATH\Controllers\NewController.php(859): view('dashboard/editleftelder', [...])
 6 SYSTEMPATH\CodeIgniter.php(919): App\Controllers\NewController->ViewEditLeft('js', 'select2.js')
 7 SYSTEMPATH\CodeIgniter.php(494): CodeIgniter\CodeIgniter->runController(Object(App\Controllers\NewController))
 8 SYSTEMPATH\CodeIgniter.php(353): CodeIgniter\CodeIgniter->handleRequest(null, Object(Config\Cache), false)
 9 FCPATH\index.php(79): CodeIgniter\CodeIgniter->run()
10 SYSTEMPATH\Commands\Server\rewrite.php(47): require_once('D:\\laragon\\www\\method-oldagehome\\public\\index.php')
CRITICAL - 2024-11-13 07:18:31 --> Trying to access array offset on value of type null
in APPPATH\Views\dashboard\editleftelder.php on line 50.
 1 APPPATH\Views\dashboard\editleftelder.php(50): CodeIgniter\Debug\Exceptions->errorHandler(2, 'Trying to access array offset on value of type null', 'D:\\laragon\\www\\method-oldagehome\\app\\Views\\dashboard\\editleftelder.php', 50)
 2 SYSTEMPATH\View\View.php(226): include('D:\\laragon\\www\\method-oldagehome\\app\\Views\\dashboard\\editleftelder.php')
 3 SYSTEMPATH\View\View.php(229): CodeIgniter\View\View->CodeIgniter\View\{closure}()
 4 SYSTEMPATH\Common.php(1188): CodeIgniter\View\View->render('dashboard/editleftelder', [], true)
 5 APPPATH\Controllers\NewController.php(859): view('dashboard/editleftelder', [...])
 6 SYSTEMPATH\CodeIgniter.php(919): App\Controllers\NewController->ViewEditLeft('login', 'vendors', 'typicons', 'typicons.css')
 7 SYSTEMPATH\CodeIgniter.php(494): CodeIgniter\CodeIgniter->runController(Object(App\Controllers\NewController))
 8 SYSTEMPATH\CodeIgniter.php(353): CodeIgniter\CodeIgniter->handleRequest(null, Object(Config\Cache), false)
 9 FCPATH\index.php(79): CodeIgniter\CodeIgniter->run()
10 SYSTEMPATH\Commands\Server\rewrite.php(47): require_once('D:\\laragon\\www\\method-oldagehome\\public\\index.php')
CRITICAL - 2024-11-13 07:18:31 --> Trying to access array offset on value of type null
in APPPATH\Views\dashboard\editleftelder.php on line 50.
 1 APPPATH\Views\dashboard\editleftelder.php(50): CodeIgniter\Debug\Exceptions->errorHandler(2, 'Trying to access array offset on value of type null', 'D:\\laragon\\www\\method-oldagehome\\app\\Views\\dashboard\\editleftelder.php', 50)
 2 SYSTEMPATH\View\View.php(226): include('D:\\laragon\\www\\method-oldagehome\\app\\Views\\dashboard\\editleftelder.php')
 3 SYSTEMPATH\View\View.php(229): CodeIgniter\View\View->CodeIgniter\View\{closure}()
 4 SYSTEMPATH\Common.php(1188): CodeIgniter\View\View->render('dashboard/editleftelder', [], true)
 5 APPPATH\Controllers\NewController.php(859): view('dashboard/editleftelder', [...])
 6 SYSTEMPATH\CodeIgniter.php(919): App\Controllers\NewController->ViewEditLeft('login', 'vendors', 'css', 'vendor.bundle.base.css')
 7 SYSTEMPATH\CodeIgniter.php(494): CodeIgniter\CodeIgniter->runController(Object(App\Controllers\NewController))
 8 SYSTEMPATH\CodeIgniter.php(353): CodeIgniter\CodeIgniter->handleRequest(null, Object(Config\Cache), false)
 9 FCPATH\index.php(79): CodeIgniter\CodeIgniter->run()
10 SYSTEMPATH\Commands\Server\rewrite.php(47): require_once('D:\\laragon\\www\\method-oldagehome\\public\\index.php')
CRITICAL - 2024-11-13 07:18:32 --> Trying to access array offset on value of type null
in APPPATH\Views\dashboard\editleftelder.php on line 50.
 1 APPPATH\Views\dashboard\editleftelder.php(50): CodeIgniter\Debug\Exceptions->errorHandler(2, 'Trying to access array offset on value of type null', 'D:\\laragon\\www\\method-oldagehome\\app\\Views\\dashboard\\editleftelder.php', 50)
 2 SYSTEMPATH\View\View.php(226): include('D:\\laragon\\www\\method-oldagehome\\app\\Views\\dashboard\\editleftelder.php')
 3 SYSTEMPATH\View\View.php(229): CodeIgniter\View\View->CodeIgniter\View\{closure}()
 4 SYSTEMPATH\Common.php(1188): CodeIgniter\View\View->render('dashboard/editleftelder', [], true)
 5 APPPATH\Controllers\NewController.php(859): view('dashboard/editleftelder', [...])
 6 SYSTEMPATH\CodeIgniter.php(919): App\Controllers\NewController->ViewEditLeft('login', 'vendors', 'select2', 'select2.min.css')
 7 SYSTEMPATH\CodeIgniter.php(494): CodeIgniter\CodeIgniter->runController(Object(App\Controllers\NewController))
 8 SYSTEMPATH\CodeIgniter.php(353): CodeIgniter\CodeIgniter->handleRequest(null, Object(Config\Cache), false)
 9 FCPATH\index.php(79): CodeIgniter\CodeIgniter->run()
10 SYSTEMPATH\Commands\Server\rewrite.php(47): require_once('D:\\laragon\\www\\method-oldagehome\\public\\index.php')
CRITICAL - 2024-11-13 07:18:32 --> Trying to access array offset on value of type null
in APPPATH\Views\dashboard\editleftelder.php on line 50.
 1 APPPATH\Views\dashboard\editleftelder.php(50): CodeIgniter\Debug\Exceptions->errorHandler(2, 'Trying to access array offset on value of type null', 'D:\\laragon\\www\\method-oldagehome\\app\\Views\\dashboard\\editleftelder.php', 50)
 2 SYSTEMPATH\View\View.php(226): include('D:\\laragon\\www\\method-oldagehome\\app\\Views\\dashboard\\editleftelder.php')
 3 SYSTEMPATH\View\View.php(229): CodeIgniter\View\View->CodeIgniter\View\{closure}()
 4 SYSTEMPATH\Common.php(1188): CodeIgniter\View\View->render('dashboard/editleftelder', [], true)
 5 APPPATH\Controllers\NewController.php(859): view('dashboard/editleftelder', [...])
 6 SYSTEMPATH\CodeIgniter.php(919): App\Controllers\NewController->ViewEditLeft('login', 'vendors', 'select2-bootstrap-theme', 'select2-bootstrap.min.css')
 7 SYSTEMPATH\CodeIgniter.php(494): CodeIgniter\CodeIgniter->runController(Object(App\Controllers\NewController))
 8 SYSTEMPATH\CodeIgniter.php(353): CodeIgniter\CodeIgniter->handleRequest(null, Object(Config\Cache), false)
 9 FCPATH\index.php(79): CodeIgniter\CodeIgniter->run()
10 SYSTEMPATH\Commands\Server\rewrite.php(47): require_once('D:\\laragon\\www\\method-oldagehome\\public\\index.php')
CRITICAL - 2024-11-13 07:18:33 --> Trying to access array offset on value of type null
in APPPATH\Views\dashboard\editleftelder.php on line 50.
 1 APPPATH\Views\dashboard\editleftelder.php(50): CodeIgniter\Debug\Exceptions->errorHandler(2, 'Trying to access array offset on value of type null', 'D:\\laragon\\www\\method-oldagehome\\app\\Views\\dashboard\\editleftelder.php', 50)
 2 SYSTEMPATH\View\View.php(226): include('D:\\laragon\\www\\method-oldagehome\\app\\Views\\dashboard\\editleftelder.php')
 3 SYSTEMPATH\View\View.php(229): CodeIgniter\View\View->CodeIgniter\View\{closure}()
 4 SYSTEMPATH\Common.php(1188): CodeIgniter\View\View->render('dashboard/editleftelder', [], true)
 5 APPPATH\Controllers\NewController.php(859): view('dashboard/editleftelder', [...])
 6 SYSTEMPATH\CodeIgniter.php(919): App\Controllers\NewController->ViewEditLeft('login', 'css', 'vertical-layout-light', 'style.css')
 7 SYSTEMPATH\CodeIgniter.php(494): CodeIgniter\CodeIgniter->runController(Object(App\Controllers\NewController))
 8 SYSTEMPATH\CodeIgniter.php(353): CodeIgniter\CodeIgniter->handleRequest(null, Object(Config\Cache), false)
 9 FCPATH\index.php(79): CodeIgniter\CodeIgniter->run()
10 SYSTEMPATH\Commands\Server\rewrite.php(47): require_once('D:\\laragon\\www\\method-oldagehome\\public\\index.php')
CRITICAL - 2024-11-13 07:18:33 --> Trying to access array offset on value of type null
in APPPATH\Views\dashboard\editleftelder.php on line 50.
 1 APPPATH\Views\dashboard\editleftelder.php(50): CodeIgniter\Debug\Exceptions->errorHandler(2, 'Trying to access array offset on value of type null', 'D:\\laragon\\www\\method-oldagehome\\app\\Views\\dashboard\\editleftelder.php', 50)
 2 SYSTEMPATH\View\View.php(226): include('D:\\laragon\\www\\method-oldagehome\\app\\Views\\dashboard\\editleftelder.php')
 3 SYSTEMPATH\View\View.php(229): CodeIgniter\View\View->CodeIgniter\View\{closure}()
 4 SYSTEMPATH\Common.php(1188): CodeIgniter\View\View->render('dashboard/editleftelder', [], true)
 5 APPPATH\Controllers\NewController.php(859): view('dashboard/editleftelder', [...])
 6 SYSTEMPATH\CodeIgniter.php(919): App\Controllers\NewController->ViewEditLeft('vendors', 'js', 'vendor.bundle.base.js')
 7 SYSTEMPATH\CodeIgniter.php(494): CodeIgniter\CodeIgniter->runController(Object(App\Controllers\NewController))
 8 SYSTEMPATH\CodeIgniter.php(353): CodeIgniter\CodeIgniter->handleRequest(null, Object(Config\Cache), false)
 9 FCPATH\index.php(79): CodeIgniter\CodeIgniter->run()
10 SYSTEMPATH\Commands\Server\rewrite.php(47): require_once('D:\\laragon\\www\\method-oldagehome\\public\\index.php')
CRITICAL - 2024-11-13 07:18:33 --> Trying to access array offset on value of type null
in APPPATH\Views\dashboard\editleftelder.php on line 50.
 1 APPPATH\Views\dashboard\editleftelder.php(50): CodeIgniter\Debug\Exceptions->errorHandler(2, 'Trying to access array offset on value of type null', 'D:\\laragon\\www\\method-oldagehome\\app\\Views\\dashboard\\editleftelder.php', 50)
 2 SYSTEMPATH\View\View.php(226): include('D:\\laragon\\www\\method-oldagehome\\app\\Views\\dashboard\\editleftelder.php')
 3 SYSTEMPATH\View\View.php(229): CodeIgniter\View\View->CodeIgniter\View\{closure}()
 4 SYSTEMPATH\Common.php(1188): CodeIgniter\View\View->render('dashboard/editleftelder', [], true)
 5 APPPATH\Controllers\NewController.php(859): view('dashboard/editleftelder', [...])
 6 SYSTEMPATH\CodeIgniter.php(919): App\Controllers\NewController->ViewEditLeft('js', 'off-canvas.js')
 7 SYSTEMPATH\CodeIgniter.php(494): CodeIgniter\CodeIgniter->runController(Object(App\Controllers\NewController))
 8 SYSTEMPATH\CodeIgniter.php(353): CodeIgniter\CodeIgniter->handleRequest(null, Object(Config\Cache), false)
 9 FCPATH\index.php(79): CodeIgniter\CodeIgniter->run()
10 SYSTEMPATH\Commands\Server\rewrite.php(47): require_once('D:\\laragon\\www\\method-oldagehome\\public\\index.php')
CRITICAL - 2024-11-13 07:18:34 --> Trying to access array offset on value of type null
in APPPATH\Views\dashboard\editleftelder.php on line 50.
 1 APPPATH\Views\dashboard\editleftelder.php(50): CodeIgniter\Debug\Exceptions->errorHandler(2, 'Trying to access array offset on value of type null', 'D:\\laragon\\www\\method-oldagehome\\app\\Views\\dashboard\\editleftelder.php', 50)
 2 SYSTEMPATH\View\View.php(226): include('D:\\laragon\\www\\method-oldagehome\\app\\Views\\dashboard\\editleftelder.php')
 3 SYSTEMPATH\View\View.php(229): CodeIgniter\View\View->CodeIgniter\View\{closure}()
 4 SYSTEMPATH\Common.php(1188): CodeIgniter\View\View->render('dashboard/editleftelder', [], true)
 5 APPPATH\Controllers\NewController.php(859): view('dashboard/editleftelder', [...])
 6 SYSTEMPATH\CodeIgniter.php(919): App\Controllers\NewController->ViewEditLeft('js', 'hoverable-collapse.js')
 7 SYSTEMPATH\CodeIgniter.php(494): CodeIgniter\CodeIgniter->runController(Object(App\Controllers\NewController))
 8 SYSTEMPATH\CodeIgniter.php(353): CodeIgniter\CodeIgniter->handleRequest(null, Object(Config\Cache), false)
 9 FCPATH\index.php(79): CodeIgniter\CodeIgniter->run()
10 SYSTEMPATH\Commands\Server\rewrite.php(47): require_once('D:\\laragon\\www\\method-oldagehome\\public\\index.php')
CRITICAL - 2024-11-13 07:18:34 --> Trying to access array offset on value of type null
in APPPATH\Views\dashboard\editleftelder.php on line 50.
 1 APPPATH\Views\dashboard\editleftelder.php(50): CodeIgniter\Debug\Exceptions->errorHandler(2, 'Trying to access array offset on value of type null', 'D:\\laragon\\www\\method-oldagehome\\app\\Views\\dashboard\\editleftelder.php', 50)
 2 SYSTEMPATH\View\View.php(226): include('D:\\laragon\\www\\method-oldagehome\\app\\Views\\dashboard\\editleftelder.php')
 3 SYSTEMPATH\View\View.php(229): CodeIgniter\View\View->CodeIgniter\View\{closure}()
 4 SYSTEMPATH\Common.php(1188): CodeIgniter\View\View->render('dashboard/editleftelder', [], true)
 5 APPPATH\Controllers\NewController.php(859): view('dashboard/editleftelder', [...])
 6 SYSTEMPATH\CodeIgniter.php(919): App\Controllers\NewController->ViewEditLeft('js', 'template.js')
 7 SYSTEMPATH\CodeIgniter.php(494): CodeIgniter\CodeIgniter->runController(Object(App\Controllers\NewController))
 8 SYSTEMPATH\CodeIgniter.php(353): CodeIgniter\CodeIgniter->handleRequest(null, Object(Config\Cache), false)
 9 FCPATH\index.php(79): CodeIgniter\CodeIgniter->run()
10 SYSTEMPATH\Commands\Server\rewrite.php(47): require_once('D:\\laragon\\www\\method-oldagehome\\public\\index.php')
CRITICAL - 2024-11-13 07:18:35 --> Trying to access array offset on value of type null
in APPPATH\Views\dashboard\editleftelder.php on line 50.
 1 APPPATH\Views\dashboard\editleftelder.php(50): CodeIgniter\Debug\Exceptions->errorHandler(2, 'Trying to access array offset on value of type null', 'D:\\laragon\\www\\method-oldagehome\\app\\Views\\dashboard\\editleftelder.php', 50)
 2 SYSTEMPATH\View\View.php(226): include('D:\\laragon\\www\\method-oldagehome\\app\\Views\\dashboard\\editleftelder.php')
 3 SYSTEMPATH\View\View.php(229): CodeIgniter\View\View->CodeIgniter\View\{closure}()
 4 SYSTEMPATH\Common.php(1188): CodeIgniter\View\View->render('dashboard/editleftelder', [], true)
 5 APPPATH\Controllers\NewController.php(859): view('dashboard/editleftelder', [...])
 6 SYSTEMPATH\CodeIgniter.php(919): App\Controllers\NewController->ViewEditLeft('js', 'settings.js')
 7 SYSTEMPATH\CodeIgniter.php(494): CodeIgniter\CodeIgniter->runController(Object(App\Controllers\NewController))
 8 SYSTEMPATH\CodeIgniter.php(353): CodeIgniter\CodeIgniter->handleRequest(null, Object(Config\Cache), false)
 9 FCPATH\index.php(79): CodeIgniter\CodeIgniter->run()
10 SYSTEMPATH\Commands\Server\rewrite.php(47): require_once('D:\\laragon\\www\\method-oldagehome\\public\\index.php')
CRITICAL - 2024-11-13 07:18:35 --> Trying to access array offset on value of type null
in APPPATH\Views\dashboard\editleftelder.php on line 50.
 1 APPPATH\Views\dashboard\editleftelder.php(50): CodeIgniter\Debug\Exceptions->errorHandler(2, 'Trying to access array offset on value of type null', 'D:\\laragon\\www\\method-oldagehome\\app\\Views\\dashboard\\editleftelder.php', 50)
 2 SYSTEMPATH\View\View.php(226): include('D:\\laragon\\www\\method-oldagehome\\app\\Views\\dashboard\\editleftelder.php')
 3 SYSTEMPATH\View\View.php(229): CodeIgniter\View\View->CodeIgniter\View\{closure}()
 4 SYSTEMPATH\Common.php(1188): CodeIgniter\View\View->render('dashboard/editleftelder', [], true)
 5 APPPATH\Controllers\NewController.php(859): view('dashboard/editleftelder', [...])
 6 SYSTEMPATH\CodeIgniter.php(919): App\Controllers\NewController->ViewEditLeft('js', 'todolist.js')
 7 SYSTEMPATH\CodeIgniter.php(494): CodeIgniter\CodeIgniter->runController(Object(App\Controllers\NewController))
 8 SYSTEMPATH\CodeIgniter.php(353): CodeIgniter\CodeIgniter->handleRequest(null, Object(Config\Cache), false)
 9 FCPATH\index.php(79): CodeIgniter\CodeIgniter->run()
10 SYSTEMPATH\Commands\Server\rewrite.php(47): require_once('D:\\laragon\\www\\method-oldagehome\\public\\index.php')
CRITICAL - 2024-11-13 07:18:36 --> Trying to access array offset on value of type null
in APPPATH\Views\dashboard\editleftelder.php on line 50.
 1 APPPATH\Views\dashboard\editleftelder.php(50): CodeIgniter\Debug\Exceptions->errorHandler(2, 'Trying to access array offset on value of type null', 'D:\\laragon\\www\\method-oldagehome\\app\\Views\\dashboard\\editleftelder.php', 50)
 2 SYSTEMPATH\View\View.php(226): include('D:\\laragon\\www\\method-oldagehome\\app\\Views\\dashboard\\editleftelder.php')
 3 SYSTEMPATH\View\View.php(229): CodeIgniter\View\View->CodeIgniter\View\{closure}()
 4 SYSTEMPATH\Common.php(1188): CodeIgniter\View\View->render('dashboard/editleftelder', [], true)
 5 APPPATH\Controllers\NewController.php(859): view('dashboard/editleftelder', [...])
 6 SYSTEMPATH\CodeIgniter.php(919): App\Controllers\NewController->ViewEditLeft('vendors', 'typeahead.js', 'typeahead.bundle.min.js')
 7 SYSTEMPATH\CodeIgniter.php(494): CodeIgniter\CodeIgniter->runController(Object(App\Controllers\NewController))
 8 SYSTEMPATH\CodeIgniter.php(353): CodeIgniter\CodeIgniter->handleRequest(null, Object(Config\Cache), false)
 9 FCPATH\index.php(79): CodeIgniter\CodeIgniter->run()
10 SYSTEMPATH\Commands\Server\rewrite.php(47): require_once('D:\\laragon\\www\\method-oldagehome\\public\\index.php')
CRITICAL - 2024-11-13 07:18:36 --> Trying to access array offset on value of type null
in APPPATH\Views\dashboard\editleftelder.php on line 50.
 1 APPPATH\Views\dashboard\editleftelder.php(50): CodeIgniter\Debug\Exceptions->errorHandler(2, 'Trying to access array offset on value of type null', 'D:\\laragon\\www\\method-oldagehome\\app\\Views\\dashboard\\editleftelder.php', 50)
 2 SYSTEMPATH\View\View.php(226): include('D:\\laragon\\www\\method-oldagehome\\app\\Views\\dashboard\\editleftelder.php')
 3 SYSTEMPATH\View\View.php(229): CodeIgniter\View\View->CodeIgniter\View\{closure}()
 4 SYSTEMPATH\Common.php(1188): CodeIgniter\View\View->render('dashboard/editleftelder', [], true)
 5 APPPATH\Controllers\NewController.php(859): view('dashboard/editleftelder', [...])
 6 SYSTEMPATH\CodeIgniter.php(919): App\Controllers\NewController->ViewEditLeft('vendors', 'select2', 'select2.min.js')
 7 SYSTEMPATH\CodeIgniter.php(494): CodeIgniter\CodeIgniter->runController(Object(App\Controllers\NewController))
 8 SYSTEMPATH\CodeIgniter.php(353): CodeIgniter\CodeIgniter->handleRequest(null, Object(Config\Cache), false)
 9 FCPATH\index.php(79): CodeIgniter\CodeIgniter->run()
10 SYSTEMPATH\Commands\Server\rewrite.php(47): require_once('D:\\laragon\\www\\method-oldagehome\\public\\index.php')
CRITICAL - 2024-11-13 07:18:37 --> Trying to access array offset on value of type null
in APPPATH\Views\dashboard\editleftelder.php on line 50.
 1 APPPATH\Views\dashboard\editleftelder.php(50): CodeIgniter\Debug\Exceptions->errorHandler(2, 'Trying to access array offset on value of type null', 'D:\\laragon\\www\\method-oldagehome\\app\\Views\\dashboard\\editleftelder.php', 50)
 2 SYSTEMPATH\View\View.php(226): include('D:\\laragon\\www\\method-oldagehome\\app\\Views\\dashboard\\editleftelder.php')
 3 SYSTEMPATH\View\View.php(229): CodeIgniter\View\View->CodeIgniter\View\{closure}()
 4 SYSTEMPATH\Common.php(1188): CodeIgniter\View\View->render('dashboard/editleftelder', [], true)
 5 APPPATH\Controllers\NewController.php(859): view('dashboard/editleftelder', [...])
 6 SYSTEMPATH\CodeIgniter.php(919): App\Controllers\NewController->ViewEditLeft('js', 'file-upload.js')
 7 SYSTEMPATH\CodeIgniter.php(494): CodeIgniter\CodeIgniter->runController(Object(App\Controllers\NewController))
 8 SYSTEMPATH\CodeIgniter.php(353): CodeIgniter\CodeIgniter->handleRequest(null, Object(Config\Cache), false)
 9 FCPATH\index.php(79): CodeIgniter\CodeIgniter->run()
10 SYSTEMPATH\Commands\Server\rewrite.php(47): require_once('D:\\laragon\\www\\method-oldagehome\\public\\index.php')
CRITICAL - 2024-11-13 07:18:37 --> Trying to access array offset on value of type null
in APPPATH\Views\dashboard\editleftelder.php on line 50.
 1 APPPATH\Views\dashboard\editleftelder.php(50): CodeIgniter\Debug\Exceptions->errorHandler(2, 'Trying to access array offset on value of type null', 'D:\\laragon\\www\\method-oldagehome\\app\\Views\\dashboard\\editleftelder.php', 50)
 2 SYSTEMPATH\View\View.php(226): include('D:\\laragon\\www\\method-oldagehome\\app\\Views\\dashboard\\editleftelder.php')
 3 SYSTEMPATH\View\View.php(229): CodeIgniter\View\View->CodeIgniter\View\{closure}()
 4 SYSTEMPATH\Common.php(1188): CodeIgniter\View\View->render('dashboard/editleftelder', [], true)
 5 APPPATH\Controllers\NewController.php(859): view('dashboard/editleftelder', [...])
 6 SYSTEMPATH\CodeIgniter.php(919): App\Controllers\NewController->ViewEditLeft('js', 'typeahead.js')
 7 SYSTEMPATH\CodeIgniter.php(494): CodeIgniter\CodeIgniter->runController(Object(App\Controllers\NewController))
 8 SYSTEMPATH\CodeIgniter.php(353): CodeIgniter\CodeIgniter->handleRequest(null, Object(Config\Cache), false)
 9 FCPATH\index.php(79): CodeIgniter\CodeIgniter->run()
10 SYSTEMPATH\Commands\Server\rewrite.php(47): require_once('D:\\laragon\\www\\method-oldagehome\\public\\index.php')
CRITICAL - 2024-11-13 07:18:38 --> Trying to access array offset on value of type null
in APPPATH\Views\dashboard\editleftelder.php on line 50.
 1 APPPATH\Views\dashboard\editleftelder.php(50): CodeIgniter\Debug\Exceptions->errorHandler(2, 'Trying to access array offset on value of type null', 'D:\\laragon\\www\\method-oldagehome\\app\\Views\\dashboard\\editleftelder.php', 50)
 2 SYSTEMPATH\View\View.php(226): include('D:\\laragon\\www\\method-oldagehome\\app\\Views\\dashboard\\editleftelder.php')
 3 SYSTEMPATH\View\View.php(229): CodeIgniter\View\View->CodeIgniter\View\{closure}()
 4 SYSTEMPATH\Common.php(1188): CodeIgniter\View\View->render('dashboard/editleftelder', [], true)
 5 APPPATH\Controllers\NewController.php(859): view('dashboard/editleftelder', [...])
 6 SYSTEMPATH\CodeIgniter.php(919): App\Controllers\NewController->ViewEditLeft('js', 'select2.js')
 7 SYSTEMPATH\CodeIgniter.php(494): CodeIgniter\CodeIgniter->runController(Object(App\Controllers\NewController))
 8 SYSTEMPATH\CodeIgniter.php(353): CodeIgniter\CodeIgniter->handleRequest(null, Object(Config\Cache), false)
 9 FCPATH\index.php(79): CodeIgniter\CodeIgniter->run()
10 SYSTEMPATH\Commands\Server\rewrite.php(47): require_once('D:\\laragon\\www\\method-oldagehome\\public\\index.php')
CRITICAL - 2024-11-13 07:18:50 --> Trying to access array offset on value of type null
in APPPATH\Views\dashboard\editleftelder.php on line 50.
 1 APPPATH\Views\dashboard\editleftelder.php(50): CodeIgniter\Debug\Exceptions->errorHandler(2, 'Trying to access array offset on value of type null', 'D:\\laragon\\www\\method-oldagehome\\app\\Views\\dashboard\\editleftelder.php', 50)
 2 SYSTEMPATH\View\View.php(226): include('D:\\laragon\\www\\method-oldagehome\\app\\Views\\dashboard\\editleftelder.php')
 3 SYSTEMPATH\View\View.php(229): CodeIgniter\View\View->CodeIgniter\View\{closure}()
 4 SYSTEMPATH\Common.php(1188): CodeIgniter\View\View->render('dashboard/editleftelder', [], true)
 5 APPPATH\Controllers\NewController.php(859): view('dashboard/editleftelder', [...])
 6 SYSTEMPATH\CodeIgniter.php(919): App\Controllers\NewController->ViewEditLeft('login', 'vendors', 'typicons', 'typicons.css')
 7 SYSTEMPATH\CodeIgniter.php(494): CodeIgniter\CodeIgniter->runController(Object(App\Controllers\NewController))
 8 SYSTEMPATH\CodeIgniter.php(353): CodeIgniter\CodeIgniter->handleRequest(null, Object(Config\Cache), false)
 9 FCPATH\index.php(79): CodeIgniter\CodeIgniter->run()
10 SYSTEMPATH\Commands\Server\rewrite.php(47): require_once('D:\\laragon\\www\\method-oldagehome\\public\\index.php')
CRITICAL - 2024-11-13 07:18:50 --> Trying to access array offset on value of type null
in APPPATH\Views\dashboard\editleftelder.php on line 50.
 1 APPPATH\Views\dashboard\editleftelder.php(50): CodeIgniter\Debug\Exceptions->errorHandler(2, 'Trying to access array offset on value of type null', 'D:\\laragon\\www\\method-oldagehome\\app\\Views\\dashboard\\editleftelder.php', 50)
 2 SYSTEMPATH\View\View.php(226): include('D:\\laragon\\www\\method-oldagehome\\app\\Views\\dashboard\\editleftelder.php')
 3 SYSTEMPATH\View\View.php(229): CodeIgniter\View\View->CodeIgniter\View\{closure}()
 4 SYSTEMPATH\Common.php(1188): CodeIgniter\View\View->render('dashboard/editleftelder', [], true)
 5 APPPATH\Controllers\NewController.php(859): view('dashboard/editleftelder', [...])
 6 SYSTEMPATH\CodeIgniter.php(919): App\Controllers\NewController->ViewEditLeft('login', 'vendors', 'css', 'vendor.bundle.base.css')
 7 SYSTEMPATH\CodeIgniter.php(494): CodeIgniter\CodeIgniter->runController(Object(App\Controllers\NewController))
 8 SYSTEMPATH\CodeIgniter.php(353): CodeIgniter\CodeIgniter->handleRequest(null, Object(Config\Cache), false)
 9 FCPATH\index.php(79): CodeIgniter\CodeIgniter->run()
10 SYSTEMPATH\Commands\Server\rewrite.php(47): require_once('D:\\laragon\\www\\method-oldagehome\\public\\index.php')
CRITICAL - 2024-11-13 07:18:51 --> Trying to access array offset on value of type null
in APPPATH\Views\dashboard\editleftelder.php on line 50.
 1 APPPATH\Views\dashboard\editleftelder.php(50): CodeIgniter\Debug\Exceptions->errorHandler(2, 'Trying to access array offset on value of type null', 'D:\\laragon\\www\\method-oldagehome\\app\\Views\\dashboard\\editleftelder.php', 50)
 2 SYSTEMPATH\View\View.php(226): include('D:\\laragon\\www\\method-oldagehome\\app\\Views\\dashboard\\editleftelder.php')
 3 SYSTEMPATH\View\View.php(229): CodeIgniter\View\View->CodeIgniter\View\{closure}()
 4 SYSTEMPATH\Common.php(1188): CodeIgniter\View\View->render('dashboard/editleftelder', [], true)
 5 APPPATH\Controllers\NewController.php(859): view('dashboard/editleftelder', [...])
 6 SYSTEMPATH\CodeIgniter.php(919): App\Controllers\NewController->ViewEditLeft('login', 'vendors', 'select2', 'select2.min.css')
 7 SYSTEMPATH\CodeIgniter.php(494): CodeIgniter\CodeIgniter->runController(Object(App\Controllers\NewController))
 8 SYSTEMPATH\CodeIgniter.php(353): CodeIgniter\CodeIgniter->handleRequest(null, Object(Config\Cache), false)
 9 FCPATH\index.php(79): CodeIgniter\CodeIgniter->run()
10 SYSTEMPATH\Commands\Server\rewrite.php(47): require_once('D:\\laragon\\www\\method-oldagehome\\public\\index.php')
CRITICAL - 2024-11-13 07:18:51 --> Trying to access array offset on value of type null
in APPPATH\Views\dashboard\editleftelder.php on line 50.
 1 APPPATH\Views\dashboard\editleftelder.php(50): CodeIgniter\Debug\Exceptions->errorHandler(2, 'Trying to access array offset on value of type null', 'D:\\laragon\\www\\method-oldagehome\\app\\Views\\dashboard\\editleftelder.php', 50)
 2 SYSTEMPATH\View\View.php(226): include('D:\\laragon\\www\\method-oldagehome\\app\\Views\\dashboard\\editleftelder.php')
 3 SYSTEMPATH\View\View.php(229): CodeIgniter\View\View->CodeIgniter\View\{closure}()
 4 SYSTEMPATH\Common.php(1188): CodeIgniter\View\View->render('dashboard/editleftelder', [], true)
 5 APPPATH\Controllers\NewController.php(859): view('dashboard/editleftelder', [...])
 6 SYSTEMPATH\CodeIgniter.php(919): App\Controllers\NewController->ViewEditLeft('login', 'vendors', 'select2-bootstrap-theme', 'select2-bootstrap.min.css')
 7 SYSTEMPATH\CodeIgniter.php(494): CodeIgniter\CodeIgniter->runController(Object(App\Controllers\NewController))
 8 SYSTEMPATH\CodeIgniter.php(353): CodeIgniter\CodeIgniter->handleRequest(null, Object(Config\Cache), false)
 9 FCPATH\index.php(79): CodeIgniter\CodeIgniter->run()
10 SYSTEMPATH\Commands\Server\rewrite.php(47): require_once('D:\\laragon\\www\\method-oldagehome\\public\\index.php')
CRITICAL - 2024-11-13 07:18:52 --> Trying to access array offset on value of type null
in APPPATH\Views\dashboard\editleftelder.php on line 50.
 1 APPPATH\Views\dashboard\editleftelder.php(50): CodeIgniter\Debug\Exceptions->errorHandler(2, 'Trying to access array offset on value of type null', 'D:\\laragon\\www\\method-oldagehome\\app\\Views\\dashboard\\editleftelder.php', 50)
 2 SYSTEMPATH\View\View.php(226): include('D:\\laragon\\www\\method-oldagehome\\app\\Views\\dashboard\\editleftelder.php')
 3 SYSTEMPATH\View\View.php(229): CodeIgniter\View\View->CodeIgniter\View\{closure}()
 4 SYSTEMPATH\Common.php(1188): CodeIgniter\View\View->render('dashboard/editleftelder', [], true)
 5 APPPATH\Controllers\NewController.php(859): view('dashboard/editleftelder', [...])
 6 SYSTEMPATH\CodeIgniter.php(919): App\Controllers\NewController->ViewEditLeft('login', 'css', 'vertical-layout-light', 'style.css')
 7 SYSTEMPATH\CodeIgniter.php(494): CodeIgniter\CodeIgniter->runController(Object(App\Controllers\NewController))
 8 SYSTEMPATH\CodeIgniter.php(353): CodeIgniter\CodeIgniter->handleRequest(null, Object(Config\Cache), false)
 9 FCPATH\index.php(79): CodeIgniter\CodeIgniter->run()
10 SYSTEMPATH\Commands\Server\rewrite.php(47): require_once('D:\\laragon\\www\\method-oldagehome\\public\\index.php')
CRITICAL - 2024-11-13 07:18:52 --> Trying to access array offset on value of type null
in APPPATH\Views\dashboard\editleftelder.php on line 50.
 1 APPPATH\Views\dashboard\editleftelder.php(50): CodeIgniter\Debug\Exceptions->errorHandler(2, 'Trying to access array offset on value of type null', 'D:\\laragon\\www\\method-oldagehome\\app\\Views\\dashboard\\editleftelder.php', 50)
 2 SYSTEMPATH\View\View.php(226): include('D:\\laragon\\www\\method-oldagehome\\app\\Views\\dashboard\\editleftelder.php')
 3 SYSTEMPATH\View\View.php(229): CodeIgniter\View\View->CodeIgniter\View\{closure}()
 4 SYSTEMPATH\Common.php(1188): CodeIgniter\View\View->render('dashboard/editleftelder', [], true)
 5 APPPATH\Controllers\NewController.php(859): view('dashboard/editleftelder', [...])
 6 SYSTEMPATH\CodeIgniter.php(919): App\Controllers\NewController->ViewEditLeft('vendors', 'js', 'vendor.bundle.base.js')
 7 SYSTEMPATH\CodeIgniter.php(494): CodeIgniter\CodeIgniter->runController(Object(App\Controllers\NewController))
 8 SYSTEMPATH\CodeIgniter.php(353): CodeIgniter\CodeIgniter->handleRequest(null, Object(Config\Cache), false)
 9 FCPATH\index.php(79): CodeIgniter\CodeIgniter->run()
10 SYSTEMPATH\Commands\Server\rewrite.php(47): require_once('D:\\laragon\\www\\method-oldagehome\\public\\index.php')
CRITICAL - 2024-11-13 07:18:52 --> Trying to access array offset on value of type null
in APPPATH\Views\dashboard\editleftelder.php on line 50.
 1 APPPATH\Views\dashboard\editleftelder.php(50): CodeIgniter\Debug\Exceptions->errorHandler(2, 'Trying to access array offset on value of type null', 'D:\\laragon\\www\\method-oldagehome\\app\\Views\\dashboard\\editleftelder.php', 50)
 2 SYSTEMPATH\View\View.php(226): include('D:\\laragon\\www\\method-oldagehome\\app\\Views\\dashboard\\editleftelder.php')
 3 SYSTEMPATH\View\View.php(229): CodeIgniter\View\View->CodeIgniter\View\{closure}()
 4 SYSTEMPATH\Common.php(1188): CodeIgniter\View\View->render('dashboard/editleftelder', [], true)
 5 APPPATH\Controllers\NewController.php(859): view('dashboard/editleftelder', [...])
 6 SYSTEMPATH\CodeIgniter.php(919): App\Controllers\NewController->ViewEditLeft('js', 'off-canvas.js')
 7 SYSTEMPATH\CodeIgniter.php(494): CodeIgniter\CodeIgniter->runController(Object(App\Controllers\NewController))
 8 SYSTEMPATH\CodeIgniter.php(353): CodeIgniter\CodeIgniter->handleRequest(null, Object(Config\Cache), false)
 9 FCPATH\index.php(79): CodeIgniter\CodeIgniter->run()
10 SYSTEMPATH\Commands\Server\rewrite.php(47): require_once('D:\\laragon\\www\\method-oldagehome\\public\\index.php')
CRITICAL - 2024-11-13 07:18:53 --> Trying to access array offset on value of type null
in APPPATH\Views\dashboard\editleftelder.php on line 50.
 1 APPPATH\Views\dashboard\editleftelder.php(50): CodeIgniter\Debug\Exceptions->errorHandler(2, 'Trying to access array offset on value of type null', 'D:\\laragon\\www\\method-oldagehome\\app\\Views\\dashboard\\editleftelder.php', 50)
 2 SYSTEMPATH\View\View.php(226): include('D:\\laragon\\www\\method-oldagehome\\app\\Views\\dashboard\\editleftelder.php')
 3 SYSTEMPATH\View\View.php(229): CodeIgniter\View\View->CodeIgniter\View\{closure}()
 4 SYSTEMPATH\Common.php(1188): CodeIgniter\View\View->render('dashboard/editleftelder', [], true)
 5 APPPATH\Controllers\NewController.php(859): view('dashboard/editleftelder', [...])
 6 SYSTEMPATH\CodeIgniter.php(919): App\Controllers\NewController->ViewEditLeft('js', 'hoverable-collapse.js')
 7 SYSTEMPATH\CodeIgniter.php(494): CodeIgniter\CodeIgniter->runController(Object(App\Controllers\NewController))
 8 SYSTEMPATH\CodeIgniter.php(353): CodeIgniter\CodeIgniter->handleRequest(null, Object(Config\Cache), false)
 9 FCPATH\index.php(79): CodeIgniter\CodeIgniter->run()
10 SYSTEMPATH\Commands\Server\rewrite.php(47): require_once('D:\\laragon\\www\\method-oldagehome\\public\\index.php')
CRITICAL - 2024-11-13 07:18:53 --> Trying to access array offset on value of type null
in APPPATH\Views\dashboard\editleftelder.php on line 50.
 1 APPPATH\Views\dashboard\editleftelder.php(50): CodeIgniter\Debug\Exceptions->errorHandler(2, 'Trying to access array offset on value of type null', 'D:\\laragon\\www\\method-oldagehome\\app\\Views\\dashboard\\editleftelder.php', 50)
 2 SYSTEMPATH\View\View.php(226): include('D:\\laragon\\www\\method-oldagehome\\app\\Views\\dashboard\\editleftelder.php')
 3 SYSTEMPATH\View\View.php(229): CodeIgniter\View\View->CodeIgniter\View\{closure}()
 4 SYSTEMPATH\Common.php(1188): CodeIgniter\View\View->render('dashboard/editleftelder', [], true)
 5 APPPATH\Controllers\NewController.php(859): view('dashboard/editleftelder', [...])
 6 SYSTEMPATH\CodeIgniter.php(919): App\Controllers\NewController->ViewEditLeft('js', 'template.js')
 7 SYSTEMPATH\CodeIgniter.php(494): CodeIgniter\CodeIgniter->runController(Object(App\Controllers\NewController))
 8 SYSTEMPATH\CodeIgniter.php(353): CodeIgniter\CodeIgniter->handleRequest(null, Object(Config\Cache), false)
 9 FCPATH\index.php(79): CodeIgniter\CodeIgniter->run()
10 SYSTEMPATH\Commands\Server\rewrite.php(47): require_once('D:\\laragon\\www\\method-oldagehome\\public\\index.php')
CRITICAL - 2024-11-13 07:18:54 --> Trying to access array offset on value of type null
in APPPATH\Views\dashboard\editleftelder.php on line 50.
 1 APPPATH\Views\dashboard\editleftelder.php(50): CodeIgniter\Debug\Exceptions->errorHandler(2, 'Trying to access array offset on value of type null', 'D:\\laragon\\www\\method-oldagehome\\app\\Views\\dashboard\\editleftelder.php', 50)
 2 SYSTEMPATH\View\View.php(226): include('D:\\laragon\\www\\method-oldagehome\\app\\Views\\dashboard\\editleftelder.php')
 3 SYSTEMPATH\View\View.php(229): CodeIgniter\View\View->CodeIgniter\View\{closure}()
 4 SYSTEMPATH\Common.php(1188): CodeIgniter\View\View->render('dashboard/editleftelder', [], true)
 5 APPPATH\Controllers\NewController.php(859): view('dashboard/editleftelder', [...])
 6 SYSTEMPATH\CodeIgniter.php(919): App\Controllers\NewController->ViewEditLeft('js', 'settings.js')
 7 SYSTEMPATH\CodeIgniter.php(494): CodeIgniter\CodeIgniter->runController(Object(App\Controllers\NewController))
 8 SYSTEMPATH\CodeIgniter.php(353): CodeIgniter\CodeIgniter->handleRequest(null, Object(Config\Cache), false)
 9 FCPATH\index.php(79): CodeIgniter\CodeIgniter->run()
10 SYSTEMPATH\Commands\Server\rewrite.php(47): require_once('D:\\laragon\\www\\method-oldagehome\\public\\index.php')
CRITICAL - 2024-11-13 07:18:54 --> Trying to access array offset on value of type null
in APPPATH\Views\dashboard\editleftelder.php on line 50.
 1 APPPATH\Views\dashboard\editleftelder.php(50): CodeIgniter\Debug\Exceptions->errorHandler(2, 'Trying to access array offset on value of type null', 'D:\\laragon\\www\\method-oldagehome\\app\\Views\\dashboard\\editleftelder.php', 50)
 2 SYSTEMPATH\View\View.php(226): include('D:\\laragon\\www\\method-oldagehome\\app\\Views\\dashboard\\editleftelder.php')
 3 SYSTEMPATH\View\View.php(229): CodeIgniter\View\View->CodeIgniter\View\{closure}()
 4 SYSTEMPATH\Common.php(1188): CodeIgniter\View\View->render('dashboard/editleftelder', [], true)
 5 APPPATH\Controllers\NewController.php(859): view('dashboard/editleftelder', [...])
 6 SYSTEMPATH\CodeIgniter.php(919): App\Controllers\NewController->ViewEditLeft('js', 'todolist.js')
 7 SYSTEMPATH\CodeIgniter.php(494): CodeIgniter\CodeIgniter->runController(Object(App\Controllers\NewController))
 8 SYSTEMPATH\CodeIgniter.php(353): CodeIgniter\CodeIgniter->handleRequest(null, Object(Config\Cache), false)
 9 FCPATH\index.php(79): CodeIgniter\CodeIgniter->run()
10 SYSTEMPATH\Commands\Server\rewrite.php(47): require_once('D:\\laragon\\www\\method-oldagehome\\public\\index.php')
CRITICAL - 2024-11-13 07:18:55 --> Trying to access array offset on value of type null
in APPPATH\Views\dashboard\editleftelder.php on line 50.
 1 APPPATH\Views\dashboard\editleftelder.php(50): CodeIgniter\Debug\Exceptions->errorHandler(2, 'Trying to access array offset on value of type null', 'D:\\laragon\\www\\method-oldagehome\\app\\Views\\dashboard\\editleftelder.php', 50)
 2 SYSTEMPATH\View\View.php(226): include('D:\\laragon\\www\\method-oldagehome\\app\\Views\\dashboard\\editleftelder.php')
 3 SYSTEMPATH\View\View.php(229): CodeIgniter\View\View->CodeIgniter\View\{closure}()
 4 SYSTEMPATH\Common.php(1188): CodeIgniter\View\View->render('dashboard/editleftelder', [], true)
 5 APPPATH\Controllers\NewController.php(859): view('dashboard/editleftelder', [...])
 6 SYSTEMPATH\CodeIgniter.php(919): App\Controllers\NewController->ViewEditLeft('vendors', 'typeahead.js', 'typeahead.bundle.min.js')
 7 SYSTEMPATH\CodeIgniter.php(494): CodeIgniter\CodeIgniter->runController(Object(App\Controllers\NewController))
 8 SYSTEMPATH\CodeIgniter.php(353): CodeIgniter\CodeIgniter->handleRequest(null, Object(Config\Cache), false)
 9 FCPATH\index.php(79): CodeIgniter\CodeIgniter->run()
10 SYSTEMPATH\Commands\Server\rewrite.php(47): require_once('D:\\laragon\\www\\method-oldagehome\\public\\index.php')
CRITICAL - 2024-11-13 07:18:55 --> Trying to access array offset on value of type null
in APPPATH\Views\dashboard\editleftelder.php on line 50.
 1 APPPATH\Views\dashboard\editleftelder.php(50): CodeIgniter\Debug\Exceptions->errorHandler(2, 'Trying to access array offset on value of type null', 'D:\\laragon\\www\\method-oldagehome\\app\\Views\\dashboard\\editleftelder.php', 50)
 2 SYSTEMPATH\View\View.php(226): include('D:\\laragon\\www\\method-oldagehome\\app\\Views\\dashboard\\editleftelder.php')
 3 SYSTEMPATH\View\View.php(229): CodeIgniter\View\View->CodeIgniter\View\{closure}()
 4 SYSTEMPATH\Common.php(1188): CodeIgniter\View\View->render('dashboard/editleftelder', [], true)
 5 APPPATH\Controllers\NewController.php(859): view('dashboard/editleftelder', [...])
 6 SYSTEMPATH\CodeIgniter.php(919): App\Controllers\NewController->ViewEditLeft('vendors', 'select2', 'select2.min.js')
 7 SYSTEMPATH\CodeIgniter.php(494): CodeIgniter\CodeIgniter->runController(Object(App\Controllers\NewController))
 8 SYSTEMPATH\CodeIgniter.php(353): CodeIgniter\CodeIgniter->handleRequest(null, Object(Config\Cache), false)
 9 FCPATH\index.php(79): CodeIgniter\CodeIgniter->run()
10 SYSTEMPATH\Commands\Server\rewrite.php(47): require_once('D:\\laragon\\www\\method-oldagehome\\public\\index.php')
CRITICAL - 2024-11-13 07:18:56 --> Trying to access array offset on value of type null
in APPPATH\Views\dashboard\editleftelder.php on line 50.
 1 APPPATH\Views\dashboard\editleftelder.php(50): CodeIgniter\Debug\Exceptions->errorHandler(2, 'Trying to access array offset on value of type null', 'D:\\laragon\\www\\method-oldagehome\\app\\Views\\dashboard\\editleftelder.php', 50)
 2 SYSTEMPATH\View\View.php(226): include('D:\\laragon\\www\\method-oldagehome\\app\\Views\\dashboard\\editleftelder.php')
 3 SYSTEMPATH\View\View.php(229): CodeIgniter\View\View->CodeIgniter\View\{closure}()
 4 SYSTEMPATH\Common.php(1188): CodeIgniter\View\View->render('dashboard/editleftelder', [], true)
 5 APPPATH\Controllers\NewController.php(859): view('dashboard/editleftelder', [...])
 6 SYSTEMPATH\CodeIgniter.php(919): App\Controllers\NewController->ViewEditLeft('js', 'file-upload.js')
 7 SYSTEMPATH\CodeIgniter.php(494): CodeIgniter\CodeIgniter->runController(Object(App\Controllers\NewController))
 8 SYSTEMPATH\CodeIgniter.php(353): CodeIgniter\CodeIgniter->handleRequest(null, Object(Config\Cache), false)
 9 FCPATH\index.php(79): CodeIgniter\CodeIgniter->run()
10 SYSTEMPATH\Commands\Server\rewrite.php(47): require_once('D:\\laragon\\www\\method-oldagehome\\public\\index.php')
CRITICAL - 2024-11-13 07:18:56 --> Trying to access array offset on value of type null
in APPPATH\Views\dashboard\editleftelder.php on line 50.
 1 APPPATH\Views\dashboard\editleftelder.php(50): CodeIgniter\Debug\Exceptions->errorHandler(2, 'Trying to access array offset on value of type null', 'D:\\laragon\\www\\method-oldagehome\\app\\Views\\dashboard\\editleftelder.php', 50)
 2 SYSTEMPATH\View\View.php(226): include('D:\\laragon\\www\\method-oldagehome\\app\\Views\\dashboard\\editleftelder.php')
 3 SYSTEMPATH\View\View.php(229): CodeIgniter\View\View->CodeIgniter\View\{closure}()
 4 SYSTEMPATH\Common.php(1188): CodeIgniter\View\View->render('dashboard/editleftelder', [], true)
 5 APPPATH\Controllers\NewController.php(859): view('dashboard/editleftelder', [...])
 6 SYSTEMPATH\CodeIgniter.php(919): App\Controllers\NewController->ViewEditLeft('js', 'typeahead.js')
 7 SYSTEMPATH\CodeIgniter.php(494): CodeIgniter\CodeIgniter->runController(Object(App\Controllers\NewController))
 8 SYSTEMPATH\CodeIgniter.php(353): CodeIgniter\CodeIgniter->handleRequest(null, Object(Config\Cache), false)
 9 FCPATH\index.php(79): CodeIgniter\CodeIgniter->run()
10 SYSTEMPATH\Commands\Server\rewrite.php(47): require_once('D:\\laragon\\www\\method-oldagehome\\public\\index.php')
CRITICAL - 2024-11-13 07:18:56 --> Trying to access array offset on value of type null
in APPPATH\Views\dashboard\editleftelder.php on line 50.
 1 APPPATH\Views\dashboard\editleftelder.php(50): CodeIgniter\Debug\Exceptions->errorHandler(2, 'Trying to access array offset on value of type null', 'D:\\laragon\\www\\method-oldagehome\\app\\Views\\dashboard\\editleftelder.php', 50)
 2 SYSTEMPATH\View\View.php(226): include('D:\\laragon\\www\\method-oldagehome\\app\\Views\\dashboard\\editleftelder.php')
 3 SYSTEMPATH\View\View.php(229): CodeIgniter\View\View->CodeIgniter\View\{closure}()
 4 SYSTEMPATH\Common.php(1188): CodeIgniter\View\View->render('dashboard/editleftelder', [], true)
 5 APPPATH\Controllers\NewController.php(859): view('dashboard/editleftelder', [...])
 6 SYSTEMPATH\CodeIgniter.php(919): App\Controllers\NewController->ViewEditLeft('js', 'select2.js')
 7 SYSTEMPATH\CodeIgniter.php(494): CodeIgniter\CodeIgniter->runController(Object(App\Controllers\NewController))
 8 SYSTEMPATH\CodeIgniter.php(353): CodeIgniter\CodeIgniter->handleRequest(null, Object(Config\Cache), false)
 9 FCPATH\index.php(79): CodeIgniter\CodeIgniter->run()
10 SYSTEMPATH\Commands\Server\rewrite.php(47): require_once('D:\\laragon\\www\\method-oldagehome\\public\\index.php')
ERROR - 2024-11-13 07:26:12 --> mysqli_sql_exception: You have an error in your SQL syntax; check the manual that corresponds to your MySQL server version for the right syntax to use near 'IS NULL
AND `datedeath` < IS NULL' at line 4 in D:\laragon\www\method-oldagehome\system\Database\MySQLi\Connection.php:306
Stack trace:
#0 D:\laragon\www\method-oldagehome\system\Database\MySQLi\Connection.php(306): mysqli->query('SELECT *\nFROM `...', 0)
#1 D:\laragon\www\method-oldagehome\system\Database\BaseConnection.php(692): CodeIgniter\Database\MySQLi\Connection->execute('SELECT *\nFROM `...')
#2 D:\laragon\www\method-oldagehome\system\Database\BaseConnection.php(606): CodeIgniter\Database\BaseConnection->simpleQuery('SELECT *\nFROM `...')
#3 D:\laragon\www\method-oldagehome\system\Database\BaseBuilder.php(1615): CodeIgniter\Database\BaseConnection->query('SELECT *\nFROM `...', Array, false)
#4 D:\laragon\www\method-oldagehome\system\Model.php(237): CodeIgniter\Database\BaseBuilder->get()
#5 D:\laragon\www\method-oldagehome\system\BaseModel.php(624): CodeIgniter\Model->doFindAll(0, 0)
#6 D:\laragon\www\method-oldagehome\app\Controllers\NewController.php(1189): CodeIgniter\BaseModel->findAll()
#7 D:\laragon\www\method-oldagehome\system\CodeIgniter.php(919): App\Controllers\NewController->viewSearchDeath()
#8 D:\laragon\www\method-oldagehome\system\CodeIgniter.php(494): CodeIgniter\CodeIgniter->runController(Object(App\Controllers\NewController))
#9 D:\laragon\www\method-oldagehome\system\CodeIgniter.php(353): CodeIgniter\CodeIgniter->handleRequest(NULL, Object(Config\Cache), false)
#10 D:\laragon\www\method-oldagehome\public\index.php(79): CodeIgniter\CodeIgniter->run()
#11 D:\laragon\www\method-oldagehome\system\Commands\Server\rewrite.php(47): require_once('D:\\laragon\\www\\...')
#12 {main}
CRITICAL - 2024-11-13 07:26:12 --> You have an error in your SQL syntax; check the manual that corresponds to your MySQL server version for the right syntax to use near 'IS NULL
AND `datedeath` < IS NULL' at line 4
in SYSTEMPATH\Database\BaseConnection.php on line 646.
 1 SYSTEMPATH\Database\BaseBuilder.php(1615): CodeIgniter\Database\BaseConnection->query('SELECT *
FROM `tblscdetails`
WHERE `scstatus` = :scstatus:
AND `datedeath` > IS NULL
AND `datedeath` < IS NULL', [...], false)
 2 SYSTEMPATH\Model.php(237): CodeIgniter\Database\BaseBuilder->get()
 3 SYSTEMPATH\BaseModel.php(624): CodeIgniter\Model->doFindAll(0, 0)
 4 APPPATH\Controllers\NewController.php(1189): CodeIgniter\BaseModel->findAll()
 5 SYSTEMPATH\CodeIgniter.php(919): App\Controllers\NewController->viewSearchDeath()
 6 SYSTEMPATH\CodeIgniter.php(494): CodeIgniter\CodeIgniter->runController(Object(App\Controllers\NewController))
 7 SYSTEMPATH\CodeIgniter.php(353): CodeIgniter\CodeIgniter->handleRequest(null, Object(Config\Cache), false)
 8 FCPATH\index.php(79): CodeIgniter\CodeIgniter->run()
 9 SYSTEMPATH\Commands\Server\rewrite.php(47): require_once('D:\\laragon\\www\\method-oldagehome\\public\\index.php')
ERROR - 2024-11-13 07:26:23 --> mysqli_sql_exception: You have an error in your SQL syntax; check the manual that corresponds to your MySQL server version for the right syntax to use near 'IS NULL
AND `datedeath` < IS NULL' at line 4 in D:\laragon\www\method-oldagehome\system\Database\MySQLi\Connection.php:306
Stack trace:
#0 D:\laragon\www\method-oldagehome\system\Database\MySQLi\Connection.php(306): mysqli->query('SELECT *\nFROM `...', 0)
#1 D:\laragon\www\method-oldagehome\system\Database\BaseConnection.php(692): CodeIgniter\Database\MySQLi\Connection->execute('SELECT *\nFROM `...')
#2 D:\laragon\www\method-oldagehome\system\Database\BaseConnection.php(606): CodeIgniter\Database\BaseConnection->simpleQuery('SELECT *\nFROM `...')
#3 D:\laragon\www\method-oldagehome\system\Database\BaseBuilder.php(1615): CodeIgniter\Database\BaseConnection->query('SELECT *\nFROM `...', Array, false)
#4 D:\laragon\www\method-oldagehome\system\Model.php(237): CodeIgniter\Database\BaseBuilder->get()
#5 D:\laragon\www\method-oldagehome\system\BaseModel.php(624): CodeIgniter\Model->doFindAll(0, 0)
#6 D:\laragon\www\method-oldagehome\app\Controllers\NewController.php(1189): CodeIgniter\BaseModel->findAll()
#7 D:\laragon\www\method-oldagehome\system\CodeIgniter.php(919): App\Controllers\NewController->viewSearchDeath()
#8 D:\laragon\www\method-oldagehome\system\CodeIgniter.php(494): CodeIgniter\CodeIgniter->runController(Object(App\Controllers\NewController))
#9 D:\laragon\www\method-oldagehome\system\CodeIgniter.php(353): CodeIgniter\CodeIgniter->handleRequest(NULL, Object(Config\Cache), false)
#10 D:\laragon\www\method-oldagehome\public\index.php(79): CodeIgniter\CodeIgniter->run()
#11 D:\laragon\www\method-oldagehome\system\Commands\Server\rewrite.php(47): require_once('D:\\laragon\\www\\...')
#12 {main}
CRITICAL - 2024-11-13 07:26:23 --> You have an error in your SQL syntax; check the manual that corresponds to your MySQL server version for the right syntax to use near 'IS NULL
AND `datedeath` < IS NULL' at line 4
in SYSTEMPATH\Database\BaseConnection.php on line 646.
 1 SYSTEMPATH\Database\BaseBuilder.php(1615): CodeIgniter\Database\BaseConnection->query('SELECT *
FROM `tblscdetails`
WHERE `scstatus` = :scstatus:
AND `datedeath` > IS NULL
AND `datedeath` < IS NULL', [...], false)
 2 SYSTEMPATH\Model.php(237): CodeIgniter\Database\BaseBuilder->get()
 3 SYSTEMPATH\BaseModel.php(624): CodeIgniter\Model->doFindAll(0, 0)
 4 APPPATH\Controllers\NewController.php(1189): CodeIgniter\BaseModel->findAll()
 5 SYSTEMPATH\CodeIgniter.php(919): App\Controllers\NewController->viewSearchDeath()
 6 SYSTEMPATH\CodeIgniter.php(494): CodeIgniter\CodeIgniter->runController(Object(App\Controllers\NewController))
 7 SYSTEMPATH\CodeIgniter.php(353): CodeIgniter\CodeIgniter->handleRequest(null, Object(Config\Cache), false)
 8 FCPATH\index.php(79): CodeIgniter\CodeIgniter->run()
 9 SYSTEMPATH\Commands\Server\rewrite.php(47): require_once('D:\\laragon\\www\\method-oldagehome\\public\\index.php')
ERROR - 2024-11-13 07:28:59 --> mysqli_sql_exception: You have an error in your SQL syntax; check the manual that corresponds to your MySQL server version for the right syntax to use near 'IS NULL
AND `datedeath` < IS NULL' at line 4 in D:\laragon\www\method-oldagehome\system\Database\MySQLi\Connection.php:306
Stack trace:
#0 D:\laragon\www\method-oldagehome\system\Database\MySQLi\Connection.php(306): mysqli->query('SELECT *\nFROM `...', 0)
#1 D:\laragon\www\method-oldagehome\system\Database\BaseConnection.php(692): CodeIgniter\Database\MySQLi\Connection->execute('SELECT *\nFROM `...')
#2 D:\laragon\www\method-oldagehome\system\Database\BaseConnection.php(606): CodeIgniter\Database\BaseConnection->simpleQuery('SELECT *\nFROM `...')
#3 D:\laragon\www\method-oldagehome\system\Database\BaseBuilder.php(1615): CodeIgniter\Database\BaseConnection->query('SELECT *\nFROM `...', Array, false)
#4 D:\laragon\www\method-oldagehome\system\Model.php(237): CodeIgniter\Database\BaseBuilder->get()
#5 D:\laragon\www\method-oldagehome\system\BaseModel.php(624): CodeIgniter\Model->doFindAll(0, 0)
#6 D:\laragon\www\method-oldagehome\app\Controllers\NewController.php(1189): CodeIgniter\BaseModel->findAll()
#7 D:\laragon\www\method-oldagehome\system\CodeIgniter.php(919): App\Controllers\NewController->viewSearchDeath()
#8 D:\laragon\www\method-oldagehome\system\CodeIgniter.php(494): CodeIgniter\CodeIgniter->runController(Object(App\Controllers\NewController))
#9 D:\laragon\www\method-oldagehome\system\CodeIgniter.php(353): CodeIgniter\CodeIgniter->handleRequest(NULL, Object(Config\Cache), false)
#10 D:\laragon\www\method-oldagehome\public\index.php(79): CodeIgniter\CodeIgniter->run()
#11 D:\laragon\www\method-oldagehome\system\Commands\Server\rewrite.php(47): require_once('D:\\laragon\\www\\...')
#12 {main}
CRITICAL - 2024-11-13 07:28:59 --> You have an error in your SQL syntax; check the manual that corresponds to your MySQL server version for the right syntax to use near 'IS NULL
AND `datedeath` < IS NULL' at line 4
in SYSTEMPATH\Database\BaseConnection.php on line 646.
 1 SYSTEMPATH\Database\BaseBuilder.php(1615): CodeIgniter\Database\BaseConnection->query('SELECT *
FROM `tblscdetails`
WHERE `scstatus` = :scstatus:
AND `datedeath` > IS NULL
AND `datedeath` < IS NULL', [...], false)
 2 SYSTEMPATH\Model.php(237): CodeIgniter\Database\BaseBuilder->get()
 3 SYSTEMPATH\BaseModel.php(624): CodeIgniter\Model->doFindAll(0, 0)
 4 APPPATH\Controllers\NewController.php(1189): CodeIgniter\BaseModel->findAll()
 5 SYSTEMPATH\CodeIgniter.php(919): App\Controllers\NewController->viewSearchDeath()
 6 SYSTEMPATH\CodeIgniter.php(494): CodeIgniter\CodeIgniter->runController(Object(App\Controllers\NewController))
 7 SYSTEMPATH\CodeIgniter.php(353): CodeIgniter\CodeIgniter->handleRequest(null, Object(Config\Cache), false)
 8 FCPATH\index.php(79): CodeIgniter\CodeIgniter->run()
 9 SYSTEMPATH\Commands\Server\rewrite.php(47): require_once('D:\\laragon\\www\\method-oldagehome\\public\\index.php')
ERROR - 2024-11-13 07:29:06 --> mysqli_sql_exception: You have an error in your SQL syntax; check the manual that corresponds to your MySQL server version for the right syntax to use near 'IS NULL
AND `datedeath` < IS NULL' at line 4 in D:\laragon\www\method-oldagehome\system\Database\MySQLi\Connection.php:306
Stack trace:
#0 D:\laragon\www\method-oldagehome\system\Database\MySQLi\Connection.php(306): mysqli->query('SELECT *\nFROM `...', 0)
#1 D:\laragon\www\method-oldagehome\system\Database\BaseConnection.php(692): CodeIgniter\Database\MySQLi\Connection->execute('SELECT *\nFROM `...')
#2 D:\laragon\www\method-oldagehome\system\Database\BaseConnection.php(606): CodeIgniter\Database\BaseConnection->simpleQuery('SELECT *\nFROM `...')
#3 D:\laragon\www\method-oldagehome\system\Database\BaseBuilder.php(1615): CodeIgniter\Database\BaseConnection->query('SELECT *\nFROM `...', Array, false)
#4 D:\laragon\www\method-oldagehome\system\Model.php(237): CodeIgniter\Database\BaseBuilder->get()
#5 D:\laragon\www\method-oldagehome\system\BaseModel.php(624): CodeIgniter\Model->doFindAll(0, 0)
#6 D:\laragon\www\method-oldagehome\app\Controllers\NewController.php(1189): CodeIgniter\BaseModel->findAll()
#7 D:\laragon\www\method-oldagehome\system\CodeIgniter.php(919): App\Controllers\NewController->viewSearchDeath()
#8 D:\laragon\www\method-oldagehome\system\CodeIgniter.php(494): CodeIgniter\CodeIgniter->runController(Object(App\Controllers\NewController))
#9 D:\laragon\www\method-oldagehome\system\CodeIgniter.php(353): CodeIgniter\CodeIgniter->handleRequest(NULL, Object(Config\Cache), false)
#10 D:\laragon\www\method-oldagehome\public\index.php(79): CodeIgniter\CodeIgniter->run()
#11 D:\laragon\www\method-oldagehome\system\Commands\Server\rewrite.php(47): require_once('D:\\laragon\\www\\...')
#12 {main}
CRITICAL - 2024-11-13 07:29:06 --> You have an error in your SQL syntax; check the manual that corresponds to your MySQL server version for the right syntax to use near 'IS NULL
AND `datedeath` < IS NULL' at line 4
in SYSTEMPATH\Database\BaseConnection.php on line 646.
 1 SYSTEMPATH\Database\BaseBuilder.php(1615): CodeIgniter\Database\BaseConnection->query('SELECT *
FROM `tblscdetails`
WHERE `scstatus` = :scstatus:
AND `datedeath` > IS NULL
AND `datedeath` < IS NULL', [...], false)
 2 SYSTEMPATH\Model.php(237): CodeIgniter\Database\BaseBuilder->get()
 3 SYSTEMPATH\BaseModel.php(624): CodeIgniter\Model->doFindAll(0, 0)
 4 APPPATH\Controllers\NewController.php(1189): CodeIgniter\BaseModel->findAll()
 5 SYSTEMPATH\CodeIgniter.php(919): App\Controllers\NewController->viewSearchDeath()
 6 SYSTEMPATH\CodeIgniter.php(494): CodeIgniter\CodeIgniter->runController(Object(App\Controllers\NewController))
 7 SYSTEMPATH\CodeIgniter.php(353): CodeIgniter\CodeIgniter->handleRequest(null, Object(Config\Cache), false)
 8 FCPATH\index.php(79): CodeIgniter\CodeIgniter->run()
 9 SYSTEMPATH\Commands\Server\rewrite.php(47): require_once('D:\\laragon\\www\\method-oldagehome\\public\\index.php')
ERROR - 2024-11-13 07:29:25 --> mysqli_sql_exception: You have an error in your SQL syntax; check the manual that corresponds to your MySQL server version for the right syntax to use near 'IS NULL
AND `datedeath` < IS NULL' at line 4 in D:\laragon\www\method-oldagehome\system\Database\MySQLi\Connection.php:306
Stack trace:
#0 D:\laragon\www\method-oldagehome\system\Database\MySQLi\Connection.php(306): mysqli->query('SELECT *\nFROM `...', 0)
#1 D:\laragon\www\method-oldagehome\system\Database\BaseConnection.php(692): CodeIgniter\Database\MySQLi\Connection->execute('SELECT *\nFROM `...')
#2 D:\laragon\www\method-oldagehome\system\Database\BaseConnection.php(606): CodeIgniter\Database\BaseConnection->simpleQuery('SELECT *\nFROM `...')
#3 D:\laragon\www\method-oldagehome\system\Database\BaseBuilder.php(1615): CodeIgniter\Database\BaseConnection->query('SELECT *\nFROM `...', Array, false)
#4 D:\laragon\www\method-oldagehome\system\Model.php(237): CodeIgniter\Database\BaseBuilder->get()
#5 D:\laragon\www\method-oldagehome\system\BaseModel.php(624): CodeIgniter\Model->doFindAll(0, 0)
#6 D:\laragon\www\method-oldagehome\app\Controllers\NewController.php(1189): CodeIgniter\BaseModel->findAll()
#7 D:\laragon\www\method-oldagehome\system\CodeIgniter.php(919): App\Controllers\NewController->viewSearchDeath()
#8 D:\laragon\www\method-oldagehome\system\CodeIgniter.php(494): CodeIgniter\CodeIgniter->runController(Object(App\Controllers\NewController))
#9 D:\laragon\www\method-oldagehome\system\CodeIgniter.php(353): CodeIgniter\CodeIgniter->handleRequest(NULL, Object(Config\Cache), false)
#10 D:\laragon\www\method-oldagehome\public\index.php(79): CodeIgniter\CodeIgniter->run()
#11 D:\laragon\www\method-oldagehome\system\Commands\Server\rewrite.php(47): require_once('D:\\laragon\\www\\...')
#12 {main}
CRITICAL - 2024-11-13 07:29:25 --> You have an error in your SQL syntax; check the manual that corresponds to your MySQL server version for the right syntax to use near 'IS NULL
AND `datedeath` < IS NULL' at line 4
in SYSTEMPATH\Database\BaseConnection.php on line 646.
 1 SYSTEMPATH\Database\BaseBuilder.php(1615): CodeIgniter\Database\BaseConnection->query('SELECT *
FROM `tblscdetails`
WHERE `scstatus` = :scstatus:
AND `datedeath` > IS NULL
AND `datedeath` < IS NULL', [...], false)
 2 SYSTEMPATH\Model.php(237): CodeIgniter\Database\BaseBuilder->get()
 3 SYSTEMPATH\BaseModel.php(624): CodeIgniter\Model->doFindAll(0, 0)
 4 APPPATH\Controllers\NewController.php(1189): CodeIgniter\BaseModel->findAll()
 5 SYSTEMPATH\CodeIgniter.php(919): App\Controllers\NewController->viewSearchDeath()
 6 SYSTEMPATH\CodeIgniter.php(494): CodeIgniter\CodeIgniter->runController(Object(App\Controllers\NewController))
 7 SYSTEMPATH\CodeIgniter.php(353): CodeIgniter\CodeIgniter->handleRequest(null, Object(Config\Cache), false)
 8 FCPATH\index.php(79): CodeIgniter\CodeIgniter->run()
 9 SYSTEMPATH\Commands\Server\rewrite.php(47): require_once('D:\\laragon\\www\\method-oldagehome\\public\\index.php')
ERROR - 2024-11-13 07:32:45 --> mysqli_sql_exception: You have an error in your SQL syntax; check the manual that corresponds to your MySQL server version for the right syntax to use near 'IS NULL
AND `datedeath` < IS NULL' at line 4 in D:\laragon\www\method-oldagehome\system\Database\MySQLi\Connection.php:306
Stack trace:
#0 D:\laragon\www\method-oldagehome\system\Database\MySQLi\Connection.php(306): mysqli->query('SELECT *\nFROM `...', 0)
#1 D:\laragon\www\method-oldagehome\system\Database\BaseConnection.php(692): CodeIgniter\Database\MySQLi\Connection->execute('SELECT *\nFROM `...')
#2 D:\laragon\www\method-oldagehome\system\Database\BaseConnection.php(606): CodeIgniter\Database\BaseConnection->simpleQuery('SELECT *\nFROM `...')
#3 D:\laragon\www\method-oldagehome\system\Database\BaseBuilder.php(1615): CodeIgniter\Database\BaseConnection->query('SELECT *\nFROM `...', Array, false)
#4 D:\laragon\www\method-oldagehome\system\Model.php(237): CodeIgniter\Database\BaseBuilder->get()
#5 D:\laragon\www\method-oldagehome\system\BaseModel.php(624): CodeIgniter\Model->doFindAll(0, 0)
#6 D:\laragon\www\method-oldagehome\app\Controllers\NewController.php(1189): CodeIgniter\BaseModel->findAll()
#7 D:\laragon\www\method-oldagehome\system\CodeIgniter.php(919): App\Controllers\NewController->viewSearchDeath()
#8 D:\laragon\www\method-oldagehome\system\CodeIgniter.php(494): CodeIgniter\CodeIgniter->runController(Object(App\Controllers\NewController))
#9 D:\laragon\www\method-oldagehome\system\CodeIgniter.php(353): CodeIgniter\CodeIgniter->handleRequest(NULL, Object(Config\Cache), false)
#10 D:\laragon\www\method-oldagehome\public\index.php(79): CodeIgniter\CodeIgniter->run()
#11 D:\laragon\www\method-oldagehome\system\Commands\Server\rewrite.php(47): require_once('D:\\laragon\\www\\...')
#12 {main}
CRITICAL - 2024-11-13 07:32:45 --> You have an error in your SQL syntax; check the manual that corresponds to your MySQL server version for the right syntax to use near 'IS NULL
AND `datedeath` < IS NULL' at line 4
in SYSTEMPATH\Database\BaseConnection.php on line 646.
 1 SYSTEMPATH\Database\BaseBuilder.php(1615): CodeIgniter\Database\BaseConnection->query('SELECT *
FROM `tblscdetails`
WHERE `scstatus` = :scstatus:
AND `datedeath` > IS NULL
AND `datedeath` < IS NULL', [...], false)
 2 SYSTEMPATH\Model.php(237): CodeIgniter\Database\BaseBuilder->get()
 3 SYSTEMPATH\BaseModel.php(624): CodeIgniter\Model->doFindAll(0, 0)
 4 APPPATH\Controllers\NewController.php(1189): CodeIgniter\BaseModel->findAll()
 5 SYSTEMPATH\CodeIgniter.php(919): App\Controllers\NewController->viewSearchDeath()
 6 SYSTEMPATH\CodeIgniter.php(494): CodeIgniter\CodeIgniter->runController(Object(App\Controllers\NewController))
 7 SYSTEMPATH\CodeIgniter.php(353): CodeIgniter\CodeIgniter->handleRequest(null, Object(Config\Cache), false)
 8 FCPATH\index.php(79): CodeIgniter\CodeIgniter->run()
 9 SYSTEMPATH\Commands\Server\rewrite.php(47): require_once('D:\\laragon\\www\\method-oldagehome\\public\\index.php')
ERROR - 2024-11-13 07:36:09 --> mysqli_sql_exception: You have an error in your SQL syntax; check the manual that corresponds to your MySQL server version for the right syntax to use near 'IS NULL
AND `datedeath` < IS NULL' at line 4 in D:\laragon\www\method-oldagehome\system\Database\MySQLi\Connection.php:306
Stack trace:
#0 D:\laragon\www\method-oldagehome\system\Database\MySQLi\Connection.php(306): mysqli->query('SELECT *\nFROM `...', 0)
#1 D:\laragon\www\method-oldagehome\system\Database\BaseConnection.php(692): CodeIgniter\Database\MySQLi\Connection->execute('SELECT *\nFROM `...')
#2 D:\laragon\www\method-oldagehome\system\Database\BaseConnection.php(606): CodeIgniter\Database\BaseConnection->simpleQuery('SELECT *\nFROM `...')
#3 D:\laragon\www\method-oldagehome\system\Database\BaseBuilder.php(1615): CodeIgniter\Database\BaseConnection->query('SELECT *\nFROM `...', Array, false)
#4 D:\laragon\www\method-oldagehome\system\Model.php(237): CodeIgniter\Database\BaseBuilder->get()
#5 D:\laragon\www\method-oldagehome\system\BaseModel.php(624): CodeIgniter\Model->doFindAll(0, 0)
#6 D:\laragon\www\method-oldagehome\app\Controllers\NewController.php(1189): CodeIgniter\BaseModel->findAll()
#7 D:\laragon\www\method-oldagehome\system\CodeIgniter.php(919): App\Controllers\NewController->viewSearchDeath()
#8 D:\laragon\www\method-oldagehome\system\CodeIgniter.php(494): CodeIgniter\CodeIgniter->runController(Object(App\Controllers\NewController))
#9 D:\laragon\www\method-oldagehome\system\CodeIgniter.php(353): CodeIgniter\CodeIgniter->handleRequest(NULL, Object(Config\Cache), false)
#10 D:\laragon\www\method-oldagehome\public\index.php(79): CodeIgniter\CodeIgniter->run()
#11 D:\laragon\www\method-oldagehome\system\Commands\Server\rewrite.php(47): require_once('D:\\laragon\\www\\...')
#12 {main}
CRITICAL - 2024-11-13 07:36:09 --> You have an error in your SQL syntax; check the manual that corresponds to your MySQL server version for the right syntax to use near 'IS NULL
AND `datedeath` < IS NULL' at line 4
in SYSTEMPATH\Database\BaseConnection.php on line 646.
 1 SYSTEMPATH\Database\BaseBuilder.php(1615): CodeIgniter\Database\BaseConnection->query('SELECT *
FROM `tblscdetails`
WHERE `scstatus` = :scstatus:
AND `datedeath` > IS NULL
AND `datedeath` < IS NULL', [...], false)
 2 SYSTEMPATH\Model.php(237): CodeIgniter\Database\BaseBuilder->get()
 3 SYSTEMPATH\BaseModel.php(624): CodeIgniter\Model->doFindAll(0, 0)
 4 APPPATH\Controllers\NewController.php(1189): CodeIgniter\BaseModel->findAll()
 5 SYSTEMPATH\CodeIgniter.php(919): App\Controllers\NewController->viewSearchDeath()
 6 SYSTEMPATH\CodeIgniter.php(494): CodeIgniter\CodeIgniter->runController(Object(App\Controllers\NewController))
 7 SYSTEMPATH\CodeIgniter.php(353): CodeIgniter\CodeIgniter->handleRequest(null, Object(Config\Cache), false)
 8 FCPATH\index.php(79): CodeIgniter\CodeIgniter->run()
 9 SYSTEMPATH\Commands\Server\rewrite.php(47): require_once('D:\\laragon\\www\\method-oldagehome\\public\\index.php')
CRITICAL - 2024-11-13 07:42:18 --> Uncaught ErrorException: Cannot modify header information - headers already sent in D:\laragon\www\method-oldagehome\system\HTTP\ResponseTrait.php:774
Stack trace:
#0 [internal function]: CodeIgniter\Debug\Exceptions->errorHandler(2, 'Cannot modify h...', 'D:\\laragon\\www\\...', 774)
#1 D:\laragon\www\method-oldagehome\system\HTTP\ResponseTrait.php(774): setcookie('ci_session', 'ut71bjergsi7udj...', Array)
#2 D:\laragon\www\method-oldagehome\system\HTTP\ResponseTrait.php(750): CodeIgniter\HTTP\Response->doSetCookie('ci_session', 'ut71bjergsi7udj...', Array)
#3 D:\laragon\www\method-oldagehome\system\HTTP\ResponseTrait.php(730): CodeIgniter\HTTP\Response->dispatchCookies()
#4 D:\laragon\www\method-oldagehome\system\HTTP\ResponseTrait.php(447): CodeIgniter\HTTP\Response->sendCookies()
#5 D:\laragon\www\method-oldagehome\system\Debug\ExceptionHandler.php(78): CodeIgniter\HTTP\Response->send()
#6 D:\laragon\www\method-oldagehome\system\Debug\Exceptions.php(147): CodeIgniter\Debug\ExceptionHandler->handle(Object(CodeIgniter\Exceptions\PageNotFoundException), Object(CodeIgniter\HTTP\IncomingRequest), Object(CodeIgniter\HTTP\Response), 404, 1)
#7 [internal function]: CodeIgniter\Debug\Exceptions->exceptionHandler(Object(CodeIgniter\Exceptions\PageNotFoundException))
#8 {main}
  thrown
【Previous Exception】
CodeIgniter\Exceptions\PageNotFoundException
Page Not Found
#0 D:\laragon\www\method-oldagehome\system\CodeIgniter.php(967): CodeIgniter\Exceptions\PageNotFoundException::forPageNotFound(NULL)
#1 D:\laragon\www\method-oldagehome\system\CodeIgniter.php(362): CodeIgniter\CodeIgniter->display404errors(Object(CodeIgniter\Exceptions\PageNotFoundException))
#2 D:\laragon\www\method-oldagehome\public\index.php(79): CodeIgniter\CodeIgniter->run()
#3 D:\laragon\www\method-oldagehome\system\Commands\Server\rewrite.php(47): require_once('D:\\laragon\\www\\...')
#4 {main}
in SYSTEMPATH\HTTP\ResponseTrait.php on line 774.
 1 [internal function]: CodeIgniter\Debug\Exceptions->shutdownHandler()
CRITICAL - 2024-11-13 07:42:19 --> Uncaught ErrorException: Cannot modify header information - headers already sent in D:\laragon\www\method-oldagehome\system\HTTP\ResponseTrait.php:774
Stack trace:
#0 [internal function]: CodeIgniter\Debug\Exceptions->errorHandler(2, 'Cannot modify h...', 'D:\\laragon\\www\\...', 774)
#1 D:\laragon\www\method-oldagehome\system\HTTP\ResponseTrait.php(774): setcookie('ci_session', 'ut71bjergsi7udj...', Array)
#2 D:\laragon\www\method-oldagehome\system\HTTP\ResponseTrait.php(750): CodeIgniter\HTTP\Response->doSetCookie('ci_session', 'ut71bjergsi7udj...', Array)
#3 D:\laragon\www\method-oldagehome\system\HTTP\ResponseTrait.php(730): CodeIgniter\HTTP\Response->dispatchCookies()
#4 D:\laragon\www\method-oldagehome\system\HTTP\ResponseTrait.php(447): CodeIgniter\HTTP\Response->sendCookies()
#5 D:\laragon\www\method-oldagehome\system\Debug\ExceptionHandler.php(78): CodeIgniter\HTTP\Response->send()
#6 D:\laragon\www\method-oldagehome\system\Debug\Exceptions.php(147): CodeIgniter\Debug\ExceptionHandler->handle(Object(CodeIgniter\Exceptions\PageNotFoundException), Object(CodeIgniter\HTTP\IncomingRequest), Object(CodeIgniter\HTTP\Response), 404, 1)
#7 [internal function]: CodeIgniter\Debug\Exceptions->exceptionHandler(Object(CodeIgniter\Exceptions\PageNotFoundException))
#8 {main}
  thrown
【Previous Exception】
CodeIgniter\Exceptions\PageNotFoundException
Page Not Found
#0 D:\laragon\www\method-oldagehome\system\CodeIgniter.php(967): CodeIgniter\Exceptions\PageNotFoundException::forPageNotFound(NULL)
#1 D:\laragon\www\method-oldagehome\system\CodeIgniter.php(362): CodeIgniter\CodeIgniter->display404errors(Object(CodeIgniter\Exceptions\PageNotFoundException))
#2 D:\laragon\www\method-oldagehome\public\index.php(79): CodeIgniter\CodeIgniter->run()
#3 D:\laragon\www\method-oldagehome\system\Commands\Server\rewrite.php(47): require_once('D:\\laragon\\www\\...')
#4 {main}
in SYSTEMPATH\HTTP\ResponseTrait.php on line 774.
 1 [internal function]: CodeIgniter\Debug\Exceptions->shutdownHandler()
CRITICAL - 2024-11-13 07:42:20 --> Uncaught ErrorException: Cannot modify header information - headers already sent in D:\laragon\www\method-oldagehome\system\HTTP\ResponseTrait.php:774
Stack trace:
#0 [internal function]: CodeIgniter\Debug\Exceptions->errorHandler(2, 'Cannot modify h...', 'D:\\laragon\\www\\...', 774)
#1 D:\laragon\www\method-oldagehome\system\HTTP\ResponseTrait.php(774): setcookie('ci_session', 'ut71bjergsi7udj...', Array)
#2 D:\laragon\www\method-oldagehome\system\HTTP\ResponseTrait.php(750): CodeIgniter\HTTP\Response->doSetCookie('ci_session', 'ut71bjergsi7udj...', Array)
#3 D:\laragon\www\method-oldagehome\system\HTTP\ResponseTrait.php(730): CodeIgniter\HTTP\Response->dispatchCookies()
#4 D:\laragon\www\method-oldagehome\system\HTTP\ResponseTrait.php(447): CodeIgniter\HTTP\Response->sendCookies()
#5 D:\laragon\www\method-oldagehome\system\Debug\ExceptionHandler.php(78): CodeIgniter\HTTP\Response->send()
#6 D:\laragon\www\method-oldagehome\system\Debug\Exceptions.php(147): CodeIgniter\Debug\ExceptionHandler->handle(Object(CodeIgniter\Exceptions\PageNotFoundException), Object(CodeIgniter\HTTP\IncomingRequest), Object(CodeIgniter\HTTP\Response), 404, 1)
#7 [internal function]: CodeIgniter\Debug\Exceptions->exceptionHandler(Object(CodeIgniter\Exceptions\PageNotFoundException))
#8 {main}
  thrown
【Previous Exception】
CodeIgniter\Exceptions\PageNotFoundException
Page Not Found
#0 D:\laragon\www\method-oldagehome\system\CodeIgniter.php(967): CodeIgniter\Exceptions\PageNotFoundException::forPageNotFound(NULL)
#1 D:\laragon\www\method-oldagehome\system\CodeIgniter.php(362): CodeIgniter\CodeIgniter->display404errors(Object(CodeIgniter\Exceptions\PageNotFoundException))
#2 D:\laragon\www\method-oldagehome\public\index.php(79): CodeIgniter\CodeIgniter->run()
#3 D:\laragon\www\method-oldagehome\system\Commands\Server\rewrite.php(47): require_once('D:\\laragon\\www\\...')
#4 {main}
in SYSTEMPATH\HTTP\ResponseTrait.php on line 774.
 1 [internal function]: CodeIgniter\Debug\Exceptions->shutdownHandler()
CRITICAL - 2024-11-13 07:42:21 --> Uncaught ErrorException: Cannot modify header information - headers already sent in D:\laragon\www\method-oldagehome\system\HTTP\ResponseTrait.php:774
Stack trace:
#0 [internal function]: CodeIgniter\Debug\Exceptions->errorHandler(2, 'Cannot modify h...', 'D:\\laragon\\www\\...', 774)
#1 D:\laragon\www\method-oldagehome\system\HTTP\ResponseTrait.php(774): setcookie('ci_session', 'ut71bjergsi7udj...', Array)
#2 D:\laragon\www\method-oldagehome\system\HTTP\ResponseTrait.php(750): CodeIgniter\HTTP\Response->doSetCookie('ci_session', 'ut71bjergsi7udj...', Array)
#3 D:\laragon\www\method-oldagehome\system\HTTP\ResponseTrait.php(730): CodeIgniter\HTTP\Response->dispatchCookies()
#4 D:\laragon\www\method-oldagehome\system\HTTP\ResponseTrait.php(447): CodeIgniter\HTTP\Response->sendCookies()
#5 D:\laragon\www\method-oldagehome\system\Debug\ExceptionHandler.php(78): CodeIgniter\HTTP\Response->send()
#6 D:\laragon\www\method-oldagehome\system\Debug\Exceptions.php(147): CodeIgniter\Debug\ExceptionHandler->handle(Object(CodeIgniter\Exceptions\PageNotFoundException), Object(CodeIgniter\HTTP\IncomingRequest), Object(CodeIgniter\HTTP\Response), 404, 1)
#7 [internal function]: CodeIgniter\Debug\Exceptions->exceptionHandler(Object(CodeIgniter\Exceptions\PageNotFoundException))
#8 {main}
  thrown
【Previous Exception】
CodeIgniter\Exceptions\PageNotFoundException
Page Not Found
#0 D:\laragon\www\method-oldagehome\system\CodeIgniter.php(967): CodeIgniter\Exceptions\PageNotFoundException::forPageNotFound(NULL)
#1 D:\laragon\www\method-oldagehome\system\CodeIgniter.php(362): CodeIgniter\CodeIgniter->display404errors(Object(CodeIgniter\Exceptions\PageNotFoundException))
#2 D:\laragon\www\method-oldagehome\public\index.php(79): CodeIgniter\CodeIgniter->run()
#3 D:\laragon\www\method-oldagehome\system\Commands\Server\rewrite.php(47): require_once('D:\\laragon\\www\\...')
#4 {main}
in SYSTEMPATH\HTTP\ResponseTrait.php on line 774.
 1 [internal function]: CodeIgniter\Debug\Exceptions->shutdownHandler()
CRITICAL - 2024-11-13 07:42:22 --> Uncaught ErrorException: Cannot modify header information - headers already sent in D:\laragon\www\method-oldagehome\system\HTTP\ResponseTrait.php:774
Stack trace:
#0 [internal function]: CodeIgniter\Debug\Exceptions->errorHandler(2, 'Cannot modify h...', 'D:\\laragon\\www\\...', 774)
#1 D:\laragon\www\method-oldagehome\system\HTTP\ResponseTrait.php(774): setcookie('ci_session', 'ut71bjergsi7udj...', Array)
#2 D:\laragon\www\method-oldagehome\system\HTTP\ResponseTrait.php(750): CodeIgniter\HTTP\Response->doSetCookie('ci_session', 'ut71bjergsi7udj...', Array)
#3 D:\laragon\www\method-oldagehome\system\HTTP\ResponseTrait.php(730): CodeIgniter\HTTP\Response->dispatchCookies()
#4 D:\laragon\www\method-oldagehome\system\HTTP\ResponseTrait.php(447): CodeIgniter\HTTP\Response->sendCookies()
#5 D:\laragon\www\method-oldagehome\system\Debug\ExceptionHandler.php(78): CodeIgniter\HTTP\Response->send()
#6 D:\laragon\www\method-oldagehome\system\Debug\Exceptions.php(147): CodeIgniter\Debug\ExceptionHandler->handle(Object(CodeIgniter\Exceptions\PageNotFoundException), Object(CodeIgniter\HTTP\IncomingRequest), Object(CodeIgniter\HTTP\Response), 404, 1)
#7 [internal function]: CodeIgniter\Debug\Exceptions->exceptionHandler(Object(CodeIgniter\Exceptions\PageNotFoundException))
#8 {main}
  thrown
【Previous Exception】
CodeIgniter\Exceptions\PageNotFoundException
Page Not Found
#0 D:\laragon\www\method-oldagehome\system\CodeIgniter.php(967): CodeIgniter\Exceptions\PageNotFoundException::forPageNotFound(NULL)
#1 D:\laragon\www\method-oldagehome\system\CodeIgniter.php(362): CodeIgniter\CodeIgniter->display404errors(Object(CodeIgniter\Exceptions\PageNotFoundException))
#2 D:\laragon\www\method-oldagehome\public\index.php(79): CodeIgniter\CodeIgniter->run()
#3 D:\laragon\www\method-oldagehome\system\Commands\Server\rewrite.php(47): require_once('D:\\laragon\\www\\...')
#4 {main}
in SYSTEMPATH\HTTP\ResponseTrait.php on line 774.
 1 [internal function]: CodeIgniter\Debug\Exceptions->shutdownHandler()
CRITICAL - 2024-11-13 07:42:23 --> Uncaught ErrorException: Cannot modify header information - headers already sent in D:\laragon\www\method-oldagehome\system\HTTP\ResponseTrait.php:774
Stack trace:
#0 [internal function]: CodeIgniter\Debug\Exceptions->errorHandler(2, 'Cannot modify h...', 'D:\\laragon\\www\\...', 774)
#1 D:\laragon\www\method-oldagehome\system\HTTP\ResponseTrait.php(774): setcookie('ci_session', 'ut71bjergsi7udj...', Array)
#2 D:\laragon\www\method-oldagehome\system\HTTP\ResponseTrait.php(750): CodeIgniter\HTTP\Response->doSetCookie('ci_session', 'ut71bjergsi7udj...', Array)
#3 D:\laragon\www\method-oldagehome\system\HTTP\ResponseTrait.php(730): CodeIgniter\HTTP\Response->dispatchCookies()
#4 D:\laragon\www\method-oldagehome\system\HTTP\ResponseTrait.php(447): CodeIgniter\HTTP\Response->sendCookies()
#5 D:\laragon\www\method-oldagehome\system\Debug\ExceptionHandler.php(78): CodeIgniter\HTTP\Response->send()
#6 D:\laragon\www\method-oldagehome\system\Debug\Exceptions.php(147): CodeIgniter\Debug\ExceptionHandler->handle(Object(CodeIgniter\Exceptions\PageNotFoundException), Object(CodeIgniter\HTTP\IncomingRequest), Object(CodeIgniter\HTTP\Response), 404, 1)
#7 [internal function]: CodeIgniter\Debug\Exceptions->exceptionHandler(Object(CodeIgniter\Exceptions\PageNotFoundException))
#8 {main}
  thrown
【Previous Exception】
CodeIgniter\Exceptions\PageNotFoundException
Page Not Found
#0 D:\laragon\www\method-oldagehome\system\CodeIgniter.php(967): CodeIgniter\Exceptions\PageNotFoundException::forPageNotFound(NULL)
#1 D:\laragon\www\method-oldagehome\system\CodeIgniter.php(362): CodeIgniter\CodeIgniter->display404errors(Object(CodeIgniter\Exceptions\PageNotFoundException))
#2 D:\laragon\www\method-oldagehome\public\index.php(79): CodeIgniter\CodeIgniter->run()
#3 D:\laragon\www\method-oldagehome\system\Commands\Server\rewrite.php(47): require_once('D:\\laragon\\www\\...')
#4 {main}
in SYSTEMPATH\HTTP\ResponseTrait.php on line 774.
 1 [internal function]: CodeIgniter\Debug\Exceptions->shutdownHandler()
CRITICAL - 2024-11-13 07:42:24 --> Uncaught ErrorException: Cannot modify header information - headers already sent in D:\laragon\www\method-oldagehome\system\HTTP\ResponseTrait.php:774
Stack trace:
#0 [internal function]: CodeIgniter\Debug\Exceptions->errorHandler(2, 'Cannot modify h...', 'D:\\laragon\\www\\...', 774)
#1 D:\laragon\www\method-oldagehome\system\HTTP\ResponseTrait.php(774): setcookie('ci_session', 'ut71bjergsi7udj...', Array)
#2 D:\laragon\www\method-oldagehome\system\HTTP\ResponseTrait.php(750): CodeIgniter\HTTP\Response->doSetCookie('ci_session', 'ut71bjergsi7udj...', Array)
#3 D:\laragon\www\method-oldagehome\system\HTTP\ResponseTrait.php(730): CodeIgniter\HTTP\Response->dispatchCookies()
#4 D:\laragon\www\method-oldagehome\system\HTTP\ResponseTrait.php(447): CodeIgniter\HTTP\Response->sendCookies()
#5 D:\laragon\www\method-oldagehome\system\Debug\ExceptionHandler.php(78): CodeIgniter\HTTP\Response->send()
#6 D:\laragon\www\method-oldagehome\system\Debug\Exceptions.php(147): CodeIgniter\Debug\ExceptionHandler->handle(Object(CodeIgniter\Exceptions\PageNotFoundException), Object(CodeIgniter\HTTP\IncomingRequest), Object(CodeIgniter\HTTP\Response), 404, 1)
#7 [internal function]: CodeIgniter\Debug\Exceptions->exceptionHandler(Object(CodeIgniter\Exceptions\PageNotFoundException))
#8 {main}
  thrown
【Previous Exception】
CodeIgniter\Exceptions\PageNotFoundException
Page Not Found
#0 D:\laragon\www\method-oldagehome\system\CodeIgniter.php(967): CodeIgniter\Exceptions\PageNotFoundException::forPageNotFound(NULL)
#1 D:\laragon\www\method-oldagehome\system\CodeIgniter.php(362): CodeIgniter\CodeIgniter->display404errors(Object(CodeIgniter\Exceptions\PageNotFoundException))
#2 D:\laragon\www\method-oldagehome\public\index.php(79): CodeIgniter\CodeIgniter->run()
#3 D:\laragon\www\method-oldagehome\system\Commands\Server\rewrite.php(47): require_once('D:\\laragon\\www\\...')
#4 {main}
in SYSTEMPATH\HTTP\ResponseTrait.php on line 774.
 1 [internal function]: CodeIgniter\Debug\Exceptions->shutdownHandler()
CRITICAL - 2024-11-13 07:42:25 --> Uncaught ErrorException: Cannot modify header information - headers already sent in D:\laragon\www\method-oldagehome\system\HTTP\ResponseTrait.php:774
Stack trace:
#0 [internal function]: CodeIgniter\Debug\Exceptions->errorHandler(2, 'Cannot modify h...', 'D:\\laragon\\www\\...', 774)
#1 D:\laragon\www\method-oldagehome\system\HTTP\ResponseTrait.php(774): setcookie('ci_session', 'ut71bjergsi7udj...', Array)
#2 D:\laragon\www\method-oldagehome\system\HTTP\ResponseTrait.php(750): CodeIgniter\HTTP\Response->doSetCookie('ci_session', 'ut71bjergsi7udj...', Array)
#3 D:\laragon\www\method-oldagehome\system\HTTP\ResponseTrait.php(730): CodeIgniter\HTTP\Response->dispatchCookies()
#4 D:\laragon\www\method-oldagehome\system\HTTP\ResponseTrait.php(447): CodeIgniter\HTTP\Response->sendCookies()
#5 D:\laragon\www\method-oldagehome\system\Debug\ExceptionHandler.php(78): CodeIgniter\HTTP\Response->send()
#6 D:\laragon\www\method-oldagehome\system\Debug\Exceptions.php(147): CodeIgniter\Debug\ExceptionHandler->handle(Object(CodeIgniter\Exceptions\PageNotFoundException), Object(CodeIgniter\HTTP\IncomingRequest), Object(CodeIgniter\HTTP\Response), 404, 1)
#7 [internal function]: CodeIgniter\Debug\Exceptions->exceptionHandler(Object(CodeIgniter\Exceptions\PageNotFoundException))
#8 {main}
  thrown
【Previous Exception】
CodeIgniter\Exceptions\PageNotFoundException
Page Not Found
#0 D:\laragon\www\method-oldagehome\system\CodeIgniter.php(967): CodeIgniter\Exceptions\PageNotFoundException::forPageNotFound(NULL)
#1 D:\laragon\www\method-oldagehome\system\CodeIgniter.php(362): CodeIgniter\CodeIgniter->display404errors(Object(CodeIgniter\Exceptions\PageNotFoundException))
#2 D:\laragon\www\method-oldagehome\public\index.php(79): CodeIgniter\CodeIgniter->run()
#3 D:\laragon\www\method-oldagehome\system\Commands\Server\rewrite.php(47): require_once('D:\\laragon\\www\\...')
#4 {main}
in SYSTEMPATH\HTTP\ResponseTrait.php on line 774.
 1 [internal function]: CodeIgniter\Debug\Exceptions->shutdownHandler()
CRITICAL - 2024-11-13 07:42:26 --> Uncaught ErrorException: Cannot modify header information - headers already sent in D:\laragon\www\method-oldagehome\system\HTTP\ResponseTrait.php:774
Stack trace:
#0 [internal function]: CodeIgniter\Debug\Exceptions->errorHandler(2, 'Cannot modify h...', 'D:\\laragon\\www\\...', 774)
#1 D:\laragon\www\method-oldagehome\system\HTTP\ResponseTrait.php(774): setcookie('ci_session', 'ut71bjergsi7udj...', Array)
#2 D:\laragon\www\method-oldagehome\system\HTTP\ResponseTrait.php(750): CodeIgniter\HTTP\Response->doSetCookie('ci_session', 'ut71bjergsi7udj...', Array)
#3 D:\laragon\www\method-oldagehome\system\HTTP\ResponseTrait.php(730): CodeIgniter\HTTP\Response->dispatchCookies()
#4 D:\laragon\www\method-oldagehome\system\HTTP\ResponseTrait.php(447): CodeIgniter\HTTP\Response->sendCookies()
#5 D:\laragon\www\method-oldagehome\system\Debug\ExceptionHandler.php(78): CodeIgniter\HTTP\Response->send()
#6 D:\laragon\www\method-oldagehome\system\Debug\Exceptions.php(147): CodeIgniter\Debug\ExceptionHandler->handle(Object(CodeIgniter\Exceptions\PageNotFoundException), Object(CodeIgniter\HTTP\IncomingRequest), Object(CodeIgniter\HTTP\Response), 404, 1)
#7 [internal function]: CodeIgniter\Debug\Exceptions->exceptionHandler(Object(CodeIgniter\Exceptions\PageNotFoundException))
#8 {main}
  thrown
【Previous Exception】
CodeIgniter\Exceptions\PageNotFoundException
Page Not Found
#0 D:\laragon\www\method-oldagehome\system\CodeIgniter.php(967): CodeIgniter\Exceptions\PageNotFoundException::forPageNotFound(NULL)
#1 D:\laragon\www\method-oldagehome\system\CodeIgniter.php(362): CodeIgniter\CodeIgniter->display404errors(Object(CodeIgniter\Exceptions\PageNotFoundException))
#2 D:\laragon\www\method-oldagehome\public\index.php(79): CodeIgniter\CodeIgniter->run()
#3 D:\laragon\www\method-oldagehome\system\Commands\Server\rewrite.php(47): require_once('D:\\laragon\\www\\...')
#4 {main}
in SYSTEMPATH\HTTP\ResponseTrait.php on line 774.
 1 [internal function]: CodeIgniter\Debug\Exceptions->shutdownHandler()
CRITICAL - 2024-11-13 07:42:27 --> Uncaught ErrorException: Cannot modify header information - headers already sent in D:\laragon\www\method-oldagehome\system\HTTP\ResponseTrait.php:774
Stack trace:
#0 [internal function]: CodeIgniter\Debug\Exceptions->errorHandler(2, 'Cannot modify h...', 'D:\\laragon\\www\\...', 774)
#1 D:\laragon\www\method-oldagehome\system\HTTP\ResponseTrait.php(774): setcookie('ci_session', 'ut71bjergsi7udj...', Array)
#2 D:\laragon\www\method-oldagehome\system\HTTP\ResponseTrait.php(750): CodeIgniter\HTTP\Response->doSetCookie('ci_session', 'ut71bjergsi7udj...', Array)
#3 D:\laragon\www\method-oldagehome\system\HTTP\ResponseTrait.php(730): CodeIgniter\HTTP\Response->dispatchCookies()
#4 D:\laragon\www\method-oldagehome\system\HTTP\ResponseTrait.php(447): CodeIgniter\HTTP\Response->sendCookies()
#5 D:\laragon\www\method-oldagehome\system\Debug\ExceptionHandler.php(78): CodeIgniter\HTTP\Response->send()
#6 D:\laragon\www\method-oldagehome\system\Debug\Exceptions.php(147): CodeIgniter\Debug\ExceptionHandler->handle(Object(CodeIgniter\Exceptions\PageNotFoundException), Object(CodeIgniter\HTTP\IncomingRequest), Object(CodeIgniter\HTTP\Response), 404, 1)
#7 [internal function]: CodeIgniter\Debug\Exceptions->exceptionHandler(Object(CodeIgniter\Exceptions\PageNotFoundException))
#8 {main}
  thrown
【Previous Exception】
CodeIgniter\Exceptions\PageNotFoundException
Page Not Found
#0 D:\laragon\www\method-oldagehome\system\CodeIgniter.php(967): CodeIgniter\Exceptions\PageNotFoundException::forPageNotFound(NULL)
#1 D:\laragon\www\method-oldagehome\system\CodeIgniter.php(362): CodeIgniter\CodeIgniter->display404errors(Object(CodeIgniter\Exceptions\PageNotFoundException))
#2 D:\laragon\www\method-oldagehome\public\index.php(79): CodeIgniter\CodeIgniter->run()
#3 D:\laragon\www\method-oldagehome\system\Commands\Server\rewrite.php(47): require_once('D:\\laragon\\www\\...')
#4 {main}
in SYSTEMPATH\HTTP\ResponseTrait.php on line 774.
 1 [internal function]: CodeIgniter\Debug\Exceptions->shutdownHandler()
CRITICAL - 2024-11-13 07:42:28 --> Uncaught ErrorException: Cannot modify header information - headers already sent in D:\laragon\www\method-oldagehome\system\HTTP\ResponseTrait.php:774
Stack trace:
#0 [internal function]: CodeIgniter\Debug\Exceptions->errorHandler(2, 'Cannot modify h...', 'D:\\laragon\\www\\...', 774)
#1 D:\laragon\www\method-oldagehome\system\HTTP\ResponseTrait.php(774): setcookie('ci_session', 'ut71bjergsi7udj...', Array)
#2 D:\laragon\www\method-oldagehome\system\HTTP\ResponseTrait.php(750): CodeIgniter\HTTP\Response->doSetCookie('ci_session', 'ut71bjergsi7udj...', Array)
#3 D:\laragon\www\method-oldagehome\system\HTTP\ResponseTrait.php(730): CodeIgniter\HTTP\Response->dispatchCookies()
#4 D:\laragon\www\method-oldagehome\system\HTTP\ResponseTrait.php(447): CodeIgniter\HTTP\Response->sendCookies()
#5 D:\laragon\www\method-oldagehome\system\Debug\ExceptionHandler.php(78): CodeIgniter\HTTP\Response->send()
#6 D:\laragon\www\method-oldagehome\system\Debug\Exceptions.php(147): CodeIgniter\Debug\ExceptionHandler->handle(Object(CodeIgniter\Exceptions\PageNotFoundException), Object(CodeIgniter\HTTP\IncomingRequest), Object(CodeIgniter\HTTP\Response), 404, 1)
#7 [internal function]: CodeIgniter\Debug\Exceptions->exceptionHandler(Object(CodeIgniter\Exceptions\PageNotFoundException))
#8 {main}
  thrown
【Previous Exception】
CodeIgniter\Exceptions\PageNotFoundException
Page Not Found
#0 D:\laragon\www\method-oldagehome\system\CodeIgniter.php(967): CodeIgniter\Exceptions\PageNotFoundException::forPageNotFound(NULL)
#1 D:\laragon\www\method-oldagehome\system\CodeIgniter.php(362): CodeIgniter\CodeIgniter->display404errors(Object(CodeIgniter\Exceptions\PageNotFoundException))
#2 D:\laragon\www\method-oldagehome\public\index.php(79): CodeIgniter\CodeIgniter->run()
#3 D:\laragon\www\method-oldagehome\system\Commands\Server\rewrite.php(47): require_once('D:\\laragon\\www\\...')
#4 {main}
in SYSTEMPATH\HTTP\ResponseTrait.php on line 774.
 1 [internal function]: CodeIgniter\Debug\Exceptions->shutdownHandler()
CRITICAL - 2024-11-13 07:42:29 --> Uncaught ErrorException: Cannot modify header information - headers already sent in D:\laragon\www\method-oldagehome\system\HTTP\ResponseTrait.php:774
Stack trace:
#0 [internal function]: CodeIgniter\Debug\Exceptions->errorHandler(2, 'Cannot modify h...', 'D:\\laragon\\www\\...', 774)
#1 D:\laragon\www\method-oldagehome\system\HTTP\ResponseTrait.php(774): setcookie('ci_session', 'ut71bjergsi7udj...', Array)
#2 D:\laragon\www\method-oldagehome\system\HTTP\ResponseTrait.php(750): CodeIgniter\HTTP\Response->doSetCookie('ci_session', 'ut71bjergsi7udj...', Array)
#3 D:\laragon\www\method-oldagehome\system\HTTP\ResponseTrait.php(730): CodeIgniter\HTTP\Response->dispatchCookies()
#4 D:\laragon\www\method-oldagehome\system\HTTP\ResponseTrait.php(447): CodeIgniter\HTTP\Response->sendCookies()
#5 D:\laragon\www\method-oldagehome\system\Debug\ExceptionHandler.php(78): CodeIgniter\HTTP\Response->send()
#6 D:\laragon\www\method-oldagehome\system\Debug\Exceptions.php(147): CodeIgniter\Debug\ExceptionHandler->handle(Object(CodeIgniter\Exceptions\PageNotFoundException), Object(CodeIgniter\HTTP\IncomingRequest), Object(CodeIgniter\HTTP\Response), 404, 1)
#7 [internal function]: CodeIgniter\Debug\Exceptions->exceptionHandler(Object(CodeIgniter\Exceptions\PageNotFoundException))
#8 {main}
  thrown
【Previous Exception】
CodeIgniter\Exceptions\PageNotFoundException
Page Not Found
#0 D:\laragon\www\method-oldagehome\system\CodeIgniter.php(967): CodeIgniter\Exceptions\PageNotFoundException::forPageNotFound(NULL)
#1 D:\laragon\www\method-oldagehome\system\CodeIgniter.php(362): CodeIgniter\CodeIgniter->display404errors(Object(CodeIgniter\Exceptions\PageNotFoundException))
#2 D:\laragon\www\method-oldagehome\public\index.php(79): CodeIgniter\CodeIgniter->run()
#3 D:\laragon\www\method-oldagehome\system\Commands\Server\rewrite.php(47): require_once('D:\\laragon\\www\\...')
#4 {main}
in SYSTEMPATH\HTTP\ResponseTrait.php on line 774.
 1 [internal function]: CodeIgniter\Debug\Exceptions->shutdownHandler()
CRITICAL - 2024-11-13 07:42:30 --> Uncaught ErrorException: Cannot modify header information - headers already sent in D:\laragon\www\method-oldagehome\system\HTTP\ResponseTrait.php:774
Stack trace:
#0 [internal function]: CodeIgniter\Debug\Exceptions->errorHandler(2, 'Cannot modify h...', 'D:\\laragon\\www\\...', 774)
#1 D:\laragon\www\method-oldagehome\system\HTTP\ResponseTrait.php(774): setcookie('ci_session', 'ut71bjergsi7udj...', Array)
#2 D:\laragon\www\method-oldagehome\system\HTTP\ResponseTrait.php(750): CodeIgniter\HTTP\Response->doSetCookie('ci_session', 'ut71bjergsi7udj...', Array)
#3 D:\laragon\www\method-oldagehome\system\HTTP\ResponseTrait.php(730): CodeIgniter\HTTP\Response->dispatchCookies()
#4 D:\laragon\www\method-oldagehome\system\HTTP\ResponseTrait.php(447): CodeIgniter\HTTP\Response->sendCookies()
#5 D:\laragon\www\method-oldagehome\system\Debug\ExceptionHandler.php(78): CodeIgniter\HTTP\Response->send()
#6 D:\laragon\www\method-oldagehome\system\Debug\Exceptions.php(147): CodeIgniter\Debug\ExceptionHandler->handle(Object(CodeIgniter\Exceptions\PageNotFoundException), Object(CodeIgniter\HTTP\IncomingRequest), Object(CodeIgniter\HTTP\Response), 404, 1)
#7 [internal function]: CodeIgniter\Debug\Exceptions->exceptionHandler(Object(CodeIgniter\Exceptions\PageNotFoundException))
#8 {main}
  thrown
【Previous Exception】
CodeIgniter\Exceptions\PageNotFoundException
Page Not Found
#0 D:\laragon\www\method-oldagehome\system\CodeIgniter.php(967): CodeIgniter\Exceptions\PageNotFoundException::forPageNotFound(NULL)
#1 D:\laragon\www\method-oldagehome\system\CodeIgniter.php(362): CodeIgniter\CodeIgniter->display404errors(Object(CodeIgniter\Exceptions\PageNotFoundException))
#2 D:\laragon\www\method-oldagehome\public\index.php(79): CodeIgniter\CodeIgniter->run()
#3 D:\laragon\www\method-oldagehome\system\Commands\Server\rewrite.php(47): require_once('D:\\laragon\\www\\...')
#4 {main}
in SYSTEMPATH\HTTP\ResponseTrait.php on line 774.
 1 [internal function]: CodeIgniter\Debug\Exceptions->shutdownHandler()
CRITICAL - 2024-11-13 07:42:31 --> Uncaught ErrorException: Cannot modify header information - headers already sent in D:\laragon\www\method-oldagehome\system\HTTP\ResponseTrait.php:774
Stack trace:
#0 [internal function]: CodeIgniter\Debug\Exceptions->errorHandler(2, 'Cannot modify h...', 'D:\\laragon\\www\\...', 774)
#1 D:\laragon\www\method-oldagehome\system\HTTP\ResponseTrait.php(774): setcookie('ci_session', 'ut71bjergsi7udj...', Array)
#2 D:\laragon\www\method-oldagehome\system\HTTP\ResponseTrait.php(750): CodeIgniter\HTTP\Response->doSetCookie('ci_session', 'ut71bjergsi7udj...', Array)
#3 D:\laragon\www\method-oldagehome\system\HTTP\ResponseTrait.php(730): CodeIgniter\HTTP\Response->dispatchCookies()
#4 D:\laragon\www\method-oldagehome\system\HTTP\ResponseTrait.php(447): CodeIgniter\HTTP\Response->sendCookies()
#5 D:\laragon\www\method-oldagehome\system\Debug\ExceptionHandler.php(78): CodeIgniter\HTTP\Response->send()
#6 D:\laragon\www\method-oldagehome\system\Debug\Exceptions.php(147): CodeIgniter\Debug\ExceptionHandler->handle(Object(CodeIgniter\Exceptions\PageNotFoundException), Object(CodeIgniter\HTTP\IncomingRequest), Object(CodeIgniter\HTTP\Response), 404, 1)
#7 [internal function]: CodeIgniter\Debug\Exceptions->exceptionHandler(Object(CodeIgniter\Exceptions\PageNotFoundException))
#8 {main}
  thrown
【Previous Exception】
CodeIgniter\Exceptions\PageNotFoundException
Page Not Found
#0 D:\laragon\www\method-oldagehome\system\CodeIgniter.php(967): CodeIgniter\Exceptions\PageNotFoundException::forPageNotFound(NULL)
#1 D:\laragon\www\method-oldagehome\system\CodeIgniter.php(362): CodeIgniter\CodeIgniter->display404errors(Object(CodeIgniter\Exceptions\PageNotFoundException))
#2 D:\laragon\www\method-oldagehome\public\index.php(79): CodeIgniter\CodeIgniter->run()
#3 D:\laragon\www\method-oldagehome\system\Commands\Server\rewrite.php(47): require_once('D:\\laragon\\www\\...')
#4 {main}
in SYSTEMPATH\HTTP\ResponseTrait.php on line 774.
 1 [internal function]: CodeIgniter\Debug\Exceptions->shutdownHandler()
CRITICAL - 2024-11-13 07:42:32 --> Uncaught ErrorException: Cannot modify header information - headers already sent in D:\laragon\www\method-oldagehome\system\HTTP\ResponseTrait.php:774
Stack trace:
#0 [internal function]: CodeIgniter\Debug\Exceptions->errorHandler(2, 'Cannot modify h...', 'D:\\laragon\\www\\...', 774)
#1 D:\laragon\www\method-oldagehome\system\HTTP\ResponseTrait.php(774): setcookie('ci_session', 'ut71bjergsi7udj...', Array)
#2 D:\laragon\www\method-oldagehome\system\HTTP\ResponseTrait.php(750): CodeIgniter\HTTP\Response->doSetCookie('ci_session', 'ut71bjergsi7udj...', Array)
#3 D:\laragon\www\method-oldagehome\system\HTTP\ResponseTrait.php(730): CodeIgniter\HTTP\Response->dispatchCookies()
#4 D:\laragon\www\method-oldagehome\system\HTTP\ResponseTrait.php(447): CodeIgniter\HTTP\Response->sendCookies()
#5 D:\laragon\www\method-oldagehome\system\Debug\ExceptionHandler.php(78): CodeIgniter\HTTP\Response->send()
#6 D:\laragon\www\method-oldagehome\system\Debug\Exceptions.php(147): CodeIgniter\Debug\ExceptionHandler->handle(Object(CodeIgniter\Exceptions\PageNotFoundException), Object(CodeIgniter\HTTP\IncomingRequest), Object(CodeIgniter\HTTP\Response), 404, 1)
#7 [internal function]: CodeIgniter\Debug\Exceptions->exceptionHandler(Object(CodeIgniter\Exceptions\PageNotFoundException))
#8 {main}
  thrown
【Previous Exception】
CodeIgniter\Exceptions\PageNotFoundException
Page Not Found
#0 D:\laragon\www\method-oldagehome\system\CodeIgniter.php(967): CodeIgniter\Exceptions\PageNotFoundException::forPageNotFound(NULL)
#1 D:\laragon\www\method-oldagehome\system\CodeIgniter.php(362): CodeIgniter\CodeIgniter->display404errors(Object(CodeIgniter\Exceptions\PageNotFoundException))
#2 D:\laragon\www\method-oldagehome\public\index.php(79): CodeIgniter\CodeIgniter->run()
#3 D:\laragon\www\method-oldagehome\system\Commands\Server\rewrite.php(47): require_once('D:\\laragon\\www\\...')
#4 {main}
in SYSTEMPATH\HTTP\ResponseTrait.php on line 774.
 1 [internal function]: CodeIgniter\Debug\Exceptions->shutdownHandler()
CRITICAL - 2024-11-13 07:42:33 --> Uncaught ErrorException: Cannot modify header information - headers already sent in D:\laragon\www\method-oldagehome\system\HTTP\ResponseTrait.php:774
Stack trace:
#0 [internal function]: CodeIgniter\Debug\Exceptions->errorHandler(2, 'Cannot modify h...', 'D:\\laragon\\www\\...', 774)
#1 D:\laragon\www\method-oldagehome\system\HTTP\ResponseTrait.php(774): setcookie('ci_session', 'ut71bjergsi7udj...', Array)
#2 D:\laragon\www\method-oldagehome\system\HTTP\ResponseTrait.php(750): CodeIgniter\HTTP\Response->doSetCookie('ci_session', 'ut71bjergsi7udj...', Array)
#3 D:\laragon\www\method-oldagehome\system\HTTP\ResponseTrait.php(730): CodeIgniter\HTTP\Response->dispatchCookies()
#4 D:\laragon\www\method-oldagehome\system\HTTP\ResponseTrait.php(447): CodeIgniter\HTTP\Response->sendCookies()
#5 D:\laragon\www\method-oldagehome\system\Debug\ExceptionHandler.php(78): CodeIgniter\HTTP\Response->send()
#6 D:\laragon\www\method-oldagehome\system\Debug\Exceptions.php(147): CodeIgniter\Debug\ExceptionHandler->handle(Object(CodeIgniter\Exceptions\PageNotFoundException), Object(CodeIgniter\HTTP\IncomingRequest), Object(CodeIgniter\HTTP\Response), 404, 1)
#7 [internal function]: CodeIgniter\Debug\Exceptions->exceptionHandler(Object(CodeIgniter\Exceptions\PageNotFoundException))
#8 {main}
  thrown
【Previous Exception】
CodeIgniter\Exceptions\PageNotFoundException
Page Not Found
#0 D:\laragon\www\method-oldagehome\system\CodeIgniter.php(967): CodeIgniter\Exceptions\PageNotFoundException::forPageNotFound(NULL)
#1 D:\laragon\www\method-oldagehome\system\CodeIgniter.php(362): CodeIgniter\CodeIgniter->display404errors(Object(CodeIgniter\Exceptions\PageNotFoundException))
#2 D:\laragon\www\method-oldagehome\public\index.php(79): CodeIgniter\CodeIgniter->run()
#3 D:\laragon\www\method-oldagehome\system\Commands\Server\rewrite.php(47): require_once('D:\\laragon\\www\\...')
#4 {main}
in SYSTEMPATH\HTTP\ResponseTrait.php on line 774.
 1 [internal function]: CodeIgniter\Debug\Exceptions->shutdownHandler()
CRITICAL - 2024-11-13 07:42:34 --> Uncaught ErrorException: Cannot modify header information - headers already sent in D:\laragon\www\method-oldagehome\system\HTTP\ResponseTrait.php:774
Stack trace:
#0 [internal function]: CodeIgniter\Debug\Exceptions->errorHandler(2, 'Cannot modify h...', 'D:\\laragon\\www\\...', 774)
#1 D:\laragon\www\method-oldagehome\system\HTTP\ResponseTrait.php(774): setcookie('ci_session', 'ut71bjergsi7udj...', Array)
#2 D:\laragon\www\method-oldagehome\system\HTTP\ResponseTrait.php(750): CodeIgniter\HTTP\Response->doSetCookie('ci_session', 'ut71bjergsi7udj...', Array)
#3 D:\laragon\www\method-oldagehome\system\HTTP\ResponseTrait.php(730): CodeIgniter\HTTP\Response->dispatchCookies()
#4 D:\laragon\www\method-oldagehome\system\HTTP\ResponseTrait.php(447): CodeIgniter\HTTP\Response->sendCookies()
#5 D:\laragon\www\method-oldagehome\system\Debug\ExceptionHandler.php(78): CodeIgniter\HTTP\Response->send()
#6 D:\laragon\www\method-oldagehome\system\Debug\Exceptions.php(147): CodeIgniter\Debug\ExceptionHandler->handle(Object(CodeIgniter\Exceptions\PageNotFoundException), Object(CodeIgniter\HTTP\IncomingRequest), Object(CodeIgniter\HTTP\Response), 404, 1)
#7 [internal function]: CodeIgniter\Debug\Exceptions->exceptionHandler(Object(CodeIgniter\Exceptions\PageNotFoundException))
#8 {main}
  thrown
【Previous Exception】
CodeIgniter\Exceptions\PageNotFoundException
Page Not Found
#0 D:\laragon\www\method-oldagehome\system\CodeIgniter.php(967): CodeIgniter\Exceptions\PageNotFoundException::forPageNotFound(NULL)
#1 D:\laragon\www\method-oldagehome\system\CodeIgniter.php(362): CodeIgniter\CodeIgniter->display404errors(Object(CodeIgniter\Exceptions\PageNotFoundException))
#2 D:\laragon\www\method-oldagehome\public\index.php(79): CodeIgniter\CodeIgniter->run()
#3 D:\laragon\www\method-oldagehome\system\Commands\Server\rewrite.php(47): require_once('D:\\laragon\\www\\...')
#4 {main}
in SYSTEMPATH\HTTP\ResponseTrait.php on line 774.
 1 [internal function]: CodeIgniter\Debug\Exceptions->shutdownHandler()
CRITICAL - 2024-11-13 07:42:35 --> Uncaught ErrorException: Cannot modify header information - headers already sent in D:\laragon\www\method-oldagehome\system\HTTP\ResponseTrait.php:774
Stack trace:
#0 [internal function]: CodeIgniter\Debug\Exceptions->errorHandler(2, 'Cannot modify h...', 'D:\\laragon\\www\\...', 774)
#1 D:\laragon\www\method-oldagehome\system\HTTP\ResponseTrait.php(774): setcookie('ci_session', 'ut71bjergsi7udj...', Array)
#2 D:\laragon\www\method-oldagehome\system\HTTP\ResponseTrait.php(750): CodeIgniter\HTTP\Response->doSetCookie('ci_session', 'ut71bjergsi7udj...', Array)
#3 D:\laragon\www\method-oldagehome\system\HTTP\ResponseTrait.php(730): CodeIgniter\HTTP\Response->dispatchCookies()
#4 D:\laragon\www\method-oldagehome\system\HTTP\ResponseTrait.php(447): CodeIgniter\HTTP\Response->sendCookies()
#5 D:\laragon\www\method-oldagehome\system\Debug\ExceptionHandler.php(78): CodeIgniter\HTTP\Response->send()
#6 D:\laragon\www\method-oldagehome\system\Debug\Exceptions.php(147): CodeIgniter\Debug\ExceptionHandler->handle(Object(CodeIgniter\Exceptions\PageNotFoundException), Object(CodeIgniter\HTTP\IncomingRequest), Object(CodeIgniter\HTTP\Response), 404, 1)
#7 [internal function]: CodeIgniter\Debug\Exceptions->exceptionHandler(Object(CodeIgniter\Exceptions\PageNotFoundException))
#8 {main}
  thrown
【Previous Exception】
CodeIgniter\Exceptions\PageNotFoundException
Page Not Found
#0 D:\laragon\www\method-oldagehome\system\CodeIgniter.php(967): CodeIgniter\Exceptions\PageNotFoundException::forPageNotFound(NULL)
#1 D:\laragon\www\method-oldagehome\system\CodeIgniter.php(362): CodeIgniter\CodeIgniter->display404errors(Object(CodeIgniter\Exceptions\PageNotFoundException))
#2 D:\laragon\www\method-oldagehome\public\index.php(79): CodeIgniter\CodeIgniter->run()
#3 D:\laragon\www\method-oldagehome\system\Commands\Server\rewrite.php(47): require_once('D:\\laragon\\www\\...')
#4 {main}
in SYSTEMPATH\HTTP\ResponseTrait.php on line 774.
 1 [internal function]: CodeIgniter\Debug\Exceptions->shutdownHandler()
CRITICAL - 2024-11-13 07:42:36 --> Uncaught ErrorException: Cannot modify header information - headers already sent in D:\laragon\www\method-oldagehome\system\HTTP\ResponseTrait.php:774
Stack trace:
#0 [internal function]: CodeIgniter\Debug\Exceptions->errorHandler(2, 'Cannot modify h...', 'D:\\laragon\\www\\...', 774)
#1 D:\laragon\www\method-oldagehome\system\HTTP\ResponseTrait.php(774): setcookie('ci_session', 'ut71bjergsi7udj...', Array)
#2 D:\laragon\www\method-oldagehome\system\HTTP\ResponseTrait.php(750): CodeIgniter\HTTP\Response->doSetCookie('ci_session', 'ut71bjergsi7udj...', Array)
#3 D:\laragon\www\method-oldagehome\system\HTTP\ResponseTrait.php(730): CodeIgniter\HTTP\Response->dispatchCookies()
#4 D:\laragon\www\method-oldagehome\system\HTTP\ResponseTrait.php(447): CodeIgniter\HTTP\Response->sendCookies()
#5 D:\laragon\www\method-oldagehome\system\Debug\ExceptionHandler.php(78): CodeIgniter\HTTP\Response->send()
#6 D:\laragon\www\method-oldagehome\system\Debug\Exceptions.php(147): CodeIgniter\Debug\ExceptionHandler->handle(Object(CodeIgniter\Exceptions\PageNotFoundException), Object(CodeIgniter\HTTP\IncomingRequest), Object(CodeIgniter\HTTP\Response), 404, 1)
#7 [internal function]: CodeIgniter\Debug\Exceptions->exceptionHandler(Object(CodeIgniter\Exceptions\PageNotFoundException))
#8 {main}
  thrown
【Previous Exception】
CodeIgniter\Exceptions\PageNotFoundException
Page Not Found
#0 D:\laragon\www\method-oldagehome\system\CodeIgniter.php(967): CodeIgniter\Exceptions\PageNotFoundException::forPageNotFound(NULL)
#1 D:\laragon\www\method-oldagehome\system\CodeIgniter.php(362): CodeIgniter\CodeIgniter->display404errors(Object(CodeIgniter\Exceptions\PageNotFoundException))
#2 D:\laragon\www\method-oldagehome\public\index.php(79): CodeIgniter\CodeIgniter->run()
#3 D:\laragon\www\method-oldagehome\system\Commands\Server\rewrite.php(47): require_once('D:\\laragon\\www\\...')
#4 {main}
in SYSTEMPATH\HTTP\ResponseTrait.php on line 774.
 1 [internal function]: CodeIgniter\Debug\Exceptions->shutdownHandler()
CRITICAL - 2024-11-13 07:42:37 --> Uncaught ErrorException: Cannot modify header information - headers already sent in D:\laragon\www\method-oldagehome\system\HTTP\ResponseTrait.php:774
Stack trace:
#0 [internal function]: CodeIgniter\Debug\Exceptions->errorHandler(2, 'Cannot modify h...', 'D:\\laragon\\www\\...', 774)
#1 D:\laragon\www\method-oldagehome\system\HTTP\ResponseTrait.php(774): setcookie('ci_session', 'ut71bjergsi7udj...', Array)
#2 D:\laragon\www\method-oldagehome\system\HTTP\ResponseTrait.php(750): CodeIgniter\HTTP\Response->doSetCookie('ci_session', 'ut71bjergsi7udj...', Array)
#3 D:\laragon\www\method-oldagehome\system\HTTP\ResponseTrait.php(730): CodeIgniter\HTTP\Response->dispatchCookies()
#4 D:\laragon\www\method-oldagehome\system\HTTP\ResponseTrait.php(447): CodeIgniter\HTTP\Response->sendCookies()
#5 D:\laragon\www\method-oldagehome\system\Debug\ExceptionHandler.php(78): CodeIgniter\HTTP\Response->send()
#6 D:\laragon\www\method-oldagehome\system\Debug\Exceptions.php(147): CodeIgniter\Debug\ExceptionHandler->handle(Object(CodeIgniter\Exceptions\PageNotFoundException), Object(CodeIgniter\HTTP\IncomingRequest), Object(CodeIgniter\HTTP\Response), 404, 1)
#7 [internal function]: CodeIgniter\Debug\Exceptions->exceptionHandler(Object(CodeIgniter\Exceptions\PageNotFoundException))
#8 {main}
  thrown
【Previous Exception】
CodeIgniter\Exceptions\PageNotFoundException
Page Not Found
#0 D:\laragon\www\method-oldagehome\system\CodeIgniter.php(967): CodeIgniter\Exceptions\PageNotFoundException::forPageNotFound(NULL)
#1 D:\laragon\www\method-oldagehome\system\CodeIgniter.php(362): CodeIgniter\CodeIgniter->display404errors(Object(CodeIgniter\Exceptions\PageNotFoundException))
#2 D:\laragon\www\method-oldagehome\public\index.php(79): CodeIgniter\CodeIgniter->run()
#3 D:\laragon\www\method-oldagehome\system\Commands\Server\rewrite.php(47): require_once('D:\\laragon\\www\\...')
#4 {main}
in SYSTEMPATH\HTTP\ResponseTrait.php on line 774.
 1 [internal function]: CodeIgniter\Debug\Exceptions->shutdownHandler()
CRITICAL - 2024-11-13 07:42:38 --> Uncaught ErrorException: Cannot modify header information - headers already sent in D:\laragon\www\method-oldagehome\system\HTTP\ResponseTrait.php:774
Stack trace:
#0 [internal function]: CodeIgniter\Debug\Exceptions->errorHandler(2, 'Cannot modify h...', 'D:\\laragon\\www\\...', 774)
#1 D:\laragon\www\method-oldagehome\system\HTTP\ResponseTrait.php(774): setcookie('ci_session', 'ut71bjergsi7udj...', Array)
#2 D:\laragon\www\method-oldagehome\system\HTTP\ResponseTrait.php(750): CodeIgniter\HTTP\Response->doSetCookie('ci_session', 'ut71bjergsi7udj...', Array)
#3 D:\laragon\www\method-oldagehome\system\HTTP\ResponseTrait.php(730): CodeIgniter\HTTP\Response->dispatchCookies()
#4 D:\laragon\www\method-oldagehome\system\HTTP\ResponseTrait.php(447): CodeIgniter\HTTP\Response->sendCookies()
#5 D:\laragon\www\method-oldagehome\system\Debug\ExceptionHandler.php(78): CodeIgniter\HTTP\Response->send()
#6 D:\laragon\www\method-oldagehome\system\Debug\Exceptions.php(147): CodeIgniter\Debug\ExceptionHandler->handle(Object(CodeIgniter\Exceptions\PageNotFoundException), Object(CodeIgniter\HTTP\IncomingRequest), Object(CodeIgniter\HTTP\Response), 404, 1)
#7 [internal function]: CodeIgniter\Debug\Exceptions->exceptionHandler(Object(CodeIgniter\Exceptions\PageNotFoundException))
#8 {main}
  thrown
【Previous Exception】
CodeIgniter\Exceptions\PageNotFoundException
Page Not Found
#0 D:\laragon\www\method-oldagehome\system\CodeIgniter.php(967): CodeIgniter\Exceptions\PageNotFoundException::forPageNotFound(NULL)
#1 D:\laragon\www\method-oldagehome\system\CodeIgniter.php(362): CodeIgniter\CodeIgniter->display404errors(Object(CodeIgniter\Exceptions\PageNotFoundException))
#2 D:\laragon\www\method-oldagehome\public\index.php(79): CodeIgniter\CodeIgniter->run()
#3 D:\laragon\www\method-oldagehome\system\Commands\Server\rewrite.php(47): require_once('D:\\laragon\\www\\...')
#4 {main}
in SYSTEMPATH\HTTP\ResponseTrait.php on line 774.
 1 [internal function]: CodeIgniter\Debug\Exceptions->shutdownHandler()
CRITICAL - 2024-11-13 07:42:39 --> Uncaught ErrorException: Cannot modify header information - headers already sent in D:\laragon\www\method-oldagehome\system\HTTP\ResponseTrait.php:774
Stack trace:
#0 [internal function]: CodeIgniter\Debug\Exceptions->errorHandler(2, 'Cannot modify h...', 'D:\\laragon\\www\\...', 774)
#1 D:\laragon\www\method-oldagehome\system\HTTP\ResponseTrait.php(774): setcookie('ci_session', 'ut71bjergsi7udj...', Array)
#2 D:\laragon\www\method-oldagehome\system\HTTP\ResponseTrait.php(750): CodeIgniter\HTTP\Response->doSetCookie('ci_session', 'ut71bjergsi7udj...', Array)
#3 D:\laragon\www\method-oldagehome\system\HTTP\ResponseTrait.php(730): CodeIgniter\HTTP\Response->dispatchCookies()
#4 D:\laragon\www\method-oldagehome\system\HTTP\ResponseTrait.php(447): CodeIgniter\HTTP\Response->sendCookies()
#5 D:\laragon\www\method-oldagehome\system\Debug\ExceptionHandler.php(78): CodeIgniter\HTTP\Response->send()
#6 D:\laragon\www\method-oldagehome\system\Debug\Exceptions.php(147): CodeIgniter\Debug\ExceptionHandler->handle(Object(CodeIgniter\Exceptions\PageNotFoundException), Object(CodeIgniter\HTTP\IncomingRequest), Object(CodeIgniter\HTTP\Response), 404, 1)
#7 [internal function]: CodeIgniter\Debug\Exceptions->exceptionHandler(Object(CodeIgniter\Exceptions\PageNotFoundException))
#8 {main}
  thrown
【Previous Exception】
CodeIgniter\Exceptions\PageNotFoundException
Page Not Found
#0 D:\laragon\www\method-oldagehome\system\CodeIgniter.php(967): CodeIgniter\Exceptions\PageNotFoundException::forPageNotFound(NULL)
#1 D:\laragon\www\method-oldagehome\system\CodeIgniter.php(362): CodeIgniter\CodeIgniter->display404errors(Object(CodeIgniter\Exceptions\PageNotFoundException))
#2 D:\laragon\www\method-oldagehome\public\index.php(79): CodeIgniter\CodeIgniter->run()
#3 D:\laragon\www\method-oldagehome\system\Commands\Server\rewrite.php(47): require_once('D:\\laragon\\www\\...')
#4 {main}
in SYSTEMPATH\HTTP\ResponseTrait.php on line 774.
 1 [internal function]: CodeIgniter\Debug\Exceptions->shutdownHandler()
CRITICAL - 2024-11-13 07:42:40 --> Uncaught ErrorException: Cannot modify header information - headers already sent in D:\laragon\www\method-oldagehome\system\HTTP\ResponseTrait.php:774
Stack trace:
#0 [internal function]: CodeIgniter\Debug\Exceptions->errorHandler(2, 'Cannot modify h...', 'D:\\laragon\\www\\...', 774)
#1 D:\laragon\www\method-oldagehome\system\HTTP\ResponseTrait.php(774): setcookie('ci_session', 'ut71bjergsi7udj...', Array)
#2 D:\laragon\www\method-oldagehome\system\HTTP\ResponseTrait.php(750): CodeIgniter\HTTP\Response->doSetCookie('ci_session', 'ut71bjergsi7udj...', Array)
#3 D:\laragon\www\method-oldagehome\system\HTTP\ResponseTrait.php(730): CodeIgniter\HTTP\Response->dispatchCookies()
#4 D:\laragon\www\method-oldagehome\system\HTTP\ResponseTrait.php(447): CodeIgniter\HTTP\Response->sendCookies()
#5 D:\laragon\www\method-oldagehome\system\Debug\ExceptionHandler.php(78): CodeIgniter\HTTP\Response->send()
#6 D:\laragon\www\method-oldagehome\system\Debug\Exceptions.php(147): CodeIgniter\Debug\ExceptionHandler->handle(Object(CodeIgniter\Exceptions\PageNotFoundException), Object(CodeIgniter\HTTP\IncomingRequest), Object(CodeIgniter\HTTP\Response), 404, 1)
#7 [internal function]: CodeIgniter\Debug\Exceptions->exceptionHandler(Object(CodeIgniter\Exceptions\PageNotFoundException))
#8 {main}
  thrown
【Previous Exception】
CodeIgniter\Exceptions\PageNotFoundException
Page Not Found
#0 D:\laragon\www\method-oldagehome\system\CodeIgniter.php(967): CodeIgniter\Exceptions\PageNotFoundException::forPageNotFound(NULL)
#1 D:\laragon\www\method-oldagehome\system\CodeIgniter.php(362): CodeIgniter\CodeIgniter->display404errors(Object(CodeIgniter\Exceptions\PageNotFoundException))
#2 D:\laragon\www\method-oldagehome\public\index.php(79): CodeIgniter\CodeIgniter->run()
#3 D:\laragon\www\method-oldagehome\system\Commands\Server\rewrite.php(47): require_once('D:\\laragon\\www\\...')
#4 {main}
in SYSTEMPATH\HTTP\ResponseTrait.php on line 774.
 1 [internal function]: CodeIgniter\Debug\Exceptions->shutdownHandler()
CRITICAL - 2024-11-13 07:42:41 --> Uncaught ErrorException: Cannot modify header information - headers already sent in D:\laragon\www\method-oldagehome\system\HTTP\ResponseTrait.php:774
Stack trace:
#0 [internal function]: CodeIgniter\Debug\Exceptions->errorHandler(2, 'Cannot modify h...', 'D:\\laragon\\www\\...', 774)
#1 D:\laragon\www\method-oldagehome\system\HTTP\ResponseTrait.php(774): setcookie('ci_session', 'ut71bjergsi7udj...', Array)
#2 D:\laragon\www\method-oldagehome\system\HTTP\ResponseTrait.php(750): CodeIgniter\HTTP\Response->doSetCookie('ci_session', 'ut71bjergsi7udj...', Array)
#3 D:\laragon\www\method-oldagehome\system\HTTP\ResponseTrait.php(730): CodeIgniter\HTTP\Response->dispatchCookies()
#4 D:\laragon\www\method-oldagehome\system\HTTP\ResponseTrait.php(447): CodeIgniter\HTTP\Response->sendCookies()
#5 D:\laragon\www\method-oldagehome\system\Debug\ExceptionHandler.php(78): CodeIgniter\HTTP\Response->send()
#6 D:\laragon\www\method-oldagehome\system\Debug\Exceptions.php(147): CodeIgniter\Debug\ExceptionHandler->handle(Object(CodeIgniter\Exceptions\PageNotFoundException), Object(CodeIgniter\HTTP\IncomingRequest), Object(CodeIgniter\HTTP\Response), 404, 1)
#7 [internal function]: CodeIgniter\Debug\Exceptions->exceptionHandler(Object(CodeIgniter\Exceptions\PageNotFoundException))
#8 {main}
  thrown
【Previous Exception】
CodeIgniter\Exceptions\PageNotFoundException
Page Not Found
#0 D:\laragon\www\method-oldagehome\system\CodeIgniter.php(967): CodeIgniter\Exceptions\PageNotFoundException::forPageNotFound(NULL)
#1 D:\laragon\www\method-oldagehome\system\CodeIgniter.php(362): CodeIgniter\CodeIgniter->display404errors(Object(CodeIgniter\Exceptions\PageNotFoundException))
#2 D:\laragon\www\method-oldagehome\public\index.php(79): CodeIgniter\CodeIgniter->run()
#3 D:\laragon\www\method-oldagehome\system\Commands\Server\rewrite.php(47): require_once('D:\\laragon\\www\\...')
#4 {main}
in SYSTEMPATH\HTTP\ResponseTrait.php on line 774.
 1 [internal function]: CodeIgniter\Debug\Exceptions->shutdownHandler()
CRITICAL - 2024-11-13 07:42:42 --> Uncaught ErrorException: Cannot modify header information - headers already sent in D:\laragon\www\method-oldagehome\system\HTTP\ResponseTrait.php:774
Stack trace:
#0 [internal function]: CodeIgniter\Debug\Exceptions->errorHandler(2, 'Cannot modify h...', 'D:\\laragon\\www\\...', 774)
#1 D:\laragon\www\method-oldagehome\system\HTTP\ResponseTrait.php(774): setcookie('ci_session', 'ut71bjergsi7udj...', Array)
#2 D:\laragon\www\method-oldagehome\system\HTTP\ResponseTrait.php(750): CodeIgniter\HTTP\Response->doSetCookie('ci_session', 'ut71bjergsi7udj...', Array)
#3 D:\laragon\www\method-oldagehome\system\HTTP\ResponseTrait.php(730): CodeIgniter\HTTP\Response->dispatchCookies()
#4 D:\laragon\www\method-oldagehome\system\HTTP\ResponseTrait.php(447): CodeIgniter\HTTP\Response->sendCookies()
#5 D:\laragon\www\method-oldagehome\system\Debug\ExceptionHandler.php(78): CodeIgniter\HTTP\Response->send()
#6 D:\laragon\www\method-oldagehome\system\Debug\Exceptions.php(147): CodeIgniter\Debug\ExceptionHandler->handle(Object(CodeIgniter\Exceptions\PageNotFoundException), Object(CodeIgniter\HTTP\IncomingRequest), Object(CodeIgniter\HTTP\Response), 404, 1)
#7 [internal function]: CodeIgniter\Debug\Exceptions->exceptionHandler(Object(CodeIgniter\Exceptions\PageNotFoundException))
#8 {main}
  thrown
【Previous Exception】
CodeIgniter\Exceptions\PageNotFoundException
Page Not Found
#0 D:\laragon\www\method-oldagehome\system\CodeIgniter.php(967): CodeIgniter\Exceptions\PageNotFoundException::forPageNotFound(NULL)
#1 D:\laragon\www\method-oldagehome\system\CodeIgniter.php(362): CodeIgniter\CodeIgniter->display404errors(Object(CodeIgniter\Exceptions\PageNotFoundException))
#2 D:\laragon\www\method-oldagehome\public\index.php(79): CodeIgniter\CodeIgniter->run()
#3 D:\laragon\www\method-oldagehome\system\Commands\Server\rewrite.php(47): require_once('D:\\laragon\\www\\...')
#4 {main}
in SYSTEMPATH\HTTP\ResponseTrait.php on line 774.
 1 [internal function]: CodeIgniter\Debug\Exceptions->shutdownHandler()
CRITICAL - 2024-11-13 07:42:43 --> Uncaught ErrorException: Cannot modify header information - headers already sent in D:\laragon\www\method-oldagehome\system\HTTP\ResponseTrait.php:774
Stack trace:
#0 [internal function]: CodeIgniter\Debug\Exceptions->errorHandler(2, 'Cannot modify h...', 'D:\\laragon\\www\\...', 774)
#1 D:\laragon\www\method-oldagehome\system\HTTP\ResponseTrait.php(774): setcookie('ci_session', 'ut71bjergsi7udj...', Array)
#2 D:\laragon\www\method-oldagehome\system\HTTP\ResponseTrait.php(750): CodeIgniter\HTTP\Response->doSetCookie('ci_session', 'ut71bjergsi7udj...', Array)
#3 D:\laragon\www\method-oldagehome\system\HTTP\ResponseTrait.php(730): CodeIgniter\HTTP\Response->dispatchCookies()
#4 D:\laragon\www\method-oldagehome\system\HTTP\ResponseTrait.php(447): CodeIgniter\HTTP\Response->sendCookies()
#5 D:\laragon\www\method-oldagehome\system\Debug\ExceptionHandler.php(78): CodeIgniter\HTTP\Response->send()
#6 D:\laragon\www\method-oldagehome\system\Debug\Exceptions.php(147): CodeIgniter\Debug\ExceptionHandler->handle(Object(CodeIgniter\Exceptions\PageNotFoundException), Object(CodeIgniter\HTTP\IncomingRequest), Object(CodeIgniter\HTTP\Response), 404, 1)
#7 [internal function]: CodeIgniter\Debug\Exceptions->exceptionHandler(Object(CodeIgniter\Exceptions\PageNotFoundException))
#8 {main}
  thrown
【Previous Exception】
CodeIgniter\Exceptions\PageNotFoundException
Page Not Found
#0 D:\laragon\www\method-oldagehome\system\CodeIgniter.php(967): CodeIgniter\Exceptions\PageNotFoundException::forPageNotFound(NULL)
#1 D:\laragon\www\method-oldagehome\system\CodeIgniter.php(362): CodeIgniter\CodeIgniter->display404errors(Object(CodeIgniter\Exceptions\PageNotFoundException))
#2 D:\laragon\www\method-oldagehome\public\index.php(79): CodeIgniter\CodeIgniter->run()
#3 D:\laragon\www\method-oldagehome\system\Commands\Server\rewrite.php(47): require_once('D:\\laragon\\www\\...')
#4 {main}
in SYSTEMPATH\HTTP\ResponseTrait.php on line 774.
 1 [internal function]: CodeIgniter\Debug\Exceptions->shutdownHandler()
CRITICAL - 2024-11-13 07:42:44 --> Uncaught ErrorException: Cannot modify header information - headers already sent in D:\laragon\www\method-oldagehome\system\HTTP\ResponseTrait.php:774
Stack trace:
#0 [internal function]: CodeIgniter\Debug\Exceptions->errorHandler(2, 'Cannot modify h...', 'D:\\laragon\\www\\...', 774)
#1 D:\laragon\www\method-oldagehome\system\HTTP\ResponseTrait.php(774): setcookie('ci_session', 'ut71bjergsi7udj...', Array)
#2 D:\laragon\www\method-oldagehome\system\HTTP\ResponseTrait.php(750): CodeIgniter\HTTP\Response->doSetCookie('ci_session', 'ut71bjergsi7udj...', Array)
#3 D:\laragon\www\method-oldagehome\system\HTTP\ResponseTrait.php(730): CodeIgniter\HTTP\Response->dispatchCookies()
#4 D:\laragon\www\method-oldagehome\system\HTTP\ResponseTrait.php(447): CodeIgniter\HTTP\Response->sendCookies()
#5 D:\laragon\www\method-oldagehome\system\Debug\ExceptionHandler.php(78): CodeIgniter\HTTP\Response->send()
#6 D:\laragon\www\method-oldagehome\system\Debug\Exceptions.php(147): CodeIgniter\Debug\ExceptionHandler->handle(Object(CodeIgniter\Exceptions\PageNotFoundException), Object(CodeIgniter\HTTP\IncomingRequest), Object(CodeIgniter\HTTP\Response), 404, 1)
#7 [internal function]: CodeIgniter\Debug\Exceptions->exceptionHandler(Object(CodeIgniter\Exceptions\PageNotFoundException))
#8 {main}
  thrown
【Previous Exception】
CodeIgniter\Exceptions\PageNotFoundException
Page Not Found
#0 D:\laragon\www\method-oldagehome\system\CodeIgniter.php(967): CodeIgniter\Exceptions\PageNotFoundException::forPageNotFound(NULL)
#1 D:\laragon\www\method-oldagehome\system\CodeIgniter.php(362): CodeIgniter\CodeIgniter->display404errors(Object(CodeIgniter\Exceptions\PageNotFoundException))
#2 D:\laragon\www\method-oldagehome\public\index.php(79): CodeIgniter\CodeIgniter->run()
#3 D:\laragon\www\method-oldagehome\system\Commands\Server\rewrite.php(47): require_once('D:\\laragon\\www\\...')
#4 {main}
in SYSTEMPATH\HTTP\ResponseTrait.php on line 774.
 1 [internal function]: CodeIgniter\Debug\Exceptions->shutdownHandler()
CRITICAL - 2024-11-13 07:42:45 --> Uncaught ErrorException: Cannot modify header information - headers already sent in D:\laragon\www\method-oldagehome\system\HTTP\ResponseTrait.php:774
Stack trace:
#0 [internal function]: CodeIgniter\Debug\Exceptions->errorHandler(2, 'Cannot modify h...', 'D:\\laragon\\www\\...', 774)
#1 D:\laragon\www\method-oldagehome\system\HTTP\ResponseTrait.php(774): setcookie('ci_session', 'ut71bjergsi7udj...', Array)
#2 D:\laragon\www\method-oldagehome\system\HTTP\ResponseTrait.php(750): CodeIgniter\HTTP\Response->doSetCookie('ci_session', 'ut71bjergsi7udj...', Array)
#3 D:\laragon\www\method-oldagehome\system\HTTP\ResponseTrait.php(730): CodeIgniter\HTTP\Response->dispatchCookies()
#4 D:\laragon\www\method-oldagehome\system\HTTP\ResponseTrait.php(447): CodeIgniter\HTTP\Response->sendCookies()
#5 D:\laragon\www\method-oldagehome\system\Debug\ExceptionHandler.php(78): CodeIgniter\HTTP\Response->send()
#6 D:\laragon\www\method-oldagehome\system\Debug\Exceptions.php(147): CodeIgniter\Debug\ExceptionHandler->handle(Object(CodeIgniter\Exceptions\PageNotFoundException), Object(CodeIgniter\HTTP\IncomingRequest), Object(CodeIgniter\HTTP\Response), 404, 1)
#7 [internal function]: CodeIgniter\Debug\Exceptions->exceptionHandler(Object(CodeIgniter\Exceptions\PageNotFoundException))
#8 {main}
  thrown
【Previous Exception】
CodeIgniter\Exceptions\PageNotFoundException
Page Not Found
#0 D:\laragon\www\method-oldagehome\system\CodeIgniter.php(967): CodeIgniter\Exceptions\PageNotFoundException::forPageNotFound(NULL)
#1 D:\laragon\www\method-oldagehome\system\CodeIgniter.php(362): CodeIgniter\CodeIgniter->display404errors(Object(CodeIgniter\Exceptions\PageNotFoundException))
#2 D:\laragon\www\method-oldagehome\public\index.php(79): CodeIgniter\CodeIgniter->run()
#3 D:\laragon\www\method-oldagehome\system\Commands\Server\rewrite.php(47): require_once('D:\\laragon\\www\\...')
#4 {main}
in SYSTEMPATH\HTTP\ResponseTrait.php on line 774.
 1 [internal function]: CodeIgniter\Debug\Exceptions->shutdownHandler()
CRITICAL - 2024-11-13 07:42:46 --> Uncaught ErrorException: Cannot modify header information - headers already sent in D:\laragon\www\method-oldagehome\system\HTTP\ResponseTrait.php:774
Stack trace:
#0 [internal function]: CodeIgniter\Debug\Exceptions->errorHandler(2, 'Cannot modify h...', 'D:\\laragon\\www\\...', 774)
#1 D:\laragon\www\method-oldagehome\system\HTTP\ResponseTrait.php(774): setcookie('ci_session', 'ut71bjergsi7udj...', Array)
#2 D:\laragon\www\method-oldagehome\system\HTTP\ResponseTrait.php(750): CodeIgniter\HTTP\Response->doSetCookie('ci_session', 'ut71bjergsi7udj...', Array)
#3 D:\laragon\www\method-oldagehome\system\HTTP\ResponseTrait.php(730): CodeIgniter\HTTP\Response->dispatchCookies()
#4 D:\laragon\www\method-oldagehome\system\HTTP\ResponseTrait.php(447): CodeIgniter\HTTP\Response->sendCookies()
#5 D:\laragon\www\method-oldagehome\system\Debug\ExceptionHandler.php(78): CodeIgniter\HTTP\Response->send()
#6 D:\laragon\www\method-oldagehome\system\Debug\Exceptions.php(147): CodeIgniter\Debug\ExceptionHandler->handle(Object(CodeIgniter\Exceptions\PageNotFoundException), Object(CodeIgniter\HTTP\IncomingRequest), Object(CodeIgniter\HTTP\Response), 404, 1)
#7 [internal function]: CodeIgniter\Debug\Exceptions->exceptionHandler(Object(CodeIgniter\Exceptions\PageNotFoundException))
#8 {main}
  thrown
【Previous Exception】
CodeIgniter\Exceptions\PageNotFoundException
Page Not Found
#0 D:\laragon\www\method-oldagehome\system\CodeIgniter.php(967): CodeIgniter\Exceptions\PageNotFoundException::forPageNotFound(NULL)
#1 D:\laragon\www\method-oldagehome\system\CodeIgniter.php(362): CodeIgniter\CodeIgniter->display404errors(Object(CodeIgniter\Exceptions\PageNotFoundException))
#2 D:\laragon\www\method-oldagehome\public\index.php(79): CodeIgniter\CodeIgniter->run()
#3 D:\laragon\www\method-oldagehome\system\Commands\Server\rewrite.php(47): require_once('D:\\laragon\\www\\...')
#4 {main}
in SYSTEMPATH\HTTP\ResponseTrait.php on line 774.
 1 [internal function]: CodeIgniter\Debug\Exceptions->shutdownHandler()
CRITICAL - 2024-11-13 07:42:47 --> Uncaught ErrorException: Cannot modify header information - headers already sent in D:\laragon\www\method-oldagehome\system\HTTP\ResponseTrait.php:774
Stack trace:
#0 [internal function]: CodeIgniter\Debug\Exceptions->errorHandler(2, 'Cannot modify h...', 'D:\\laragon\\www\\...', 774)
#1 D:\laragon\www\method-oldagehome\system\HTTP\ResponseTrait.php(774): setcookie('ci_session', 'ut71bjergsi7udj...', Array)
#2 D:\laragon\www\method-oldagehome\system\HTTP\ResponseTrait.php(750): CodeIgniter\HTTP\Response->doSetCookie('ci_session', 'ut71bjergsi7udj...', Array)
#3 D:\laragon\www\method-oldagehome\system\HTTP\ResponseTrait.php(730): CodeIgniter\HTTP\Response->dispatchCookies()
#4 D:\laragon\www\method-oldagehome\system\HTTP\ResponseTrait.php(447): CodeIgniter\HTTP\Response->sendCookies()
#5 D:\laragon\www\method-oldagehome\system\Debug\ExceptionHandler.php(78): CodeIgniter\HTTP\Response->send()
#6 D:\laragon\www\method-oldagehome\system\Debug\Exceptions.php(147): CodeIgniter\Debug\ExceptionHandler->handle(Object(CodeIgniter\Exceptions\PageNotFoundException), Object(CodeIgniter\HTTP\IncomingRequest), Object(CodeIgniter\HTTP\Response), 404, 1)
#7 [internal function]: CodeIgniter\Debug\Exceptions->exceptionHandler(Object(CodeIgniter\Exceptions\PageNotFoundException))
#8 {main}
  thrown
【Previous Exception】
CodeIgniter\Exceptions\PageNotFoundException
Page Not Found
#0 D:\laragon\www\method-oldagehome\system\CodeIgniter.php(967): CodeIgniter\Exceptions\PageNotFoundException::forPageNotFound(NULL)
#1 D:\laragon\www\method-oldagehome\system\CodeIgniter.php(362): CodeIgniter\CodeIgniter->display404errors(Object(CodeIgniter\Exceptions\PageNotFoundException))
#2 D:\laragon\www\method-oldagehome\public\index.php(79): CodeIgniter\CodeIgniter->run()
#3 D:\laragon\www\method-oldagehome\system\Commands\Server\rewrite.php(47): require_once('D:\\laragon\\www\\...')
#4 {main}
in SYSTEMPATH\HTTP\ResponseTrait.php on line 774.
 1 [internal function]: CodeIgniter\Debug\Exceptions->shutdownHandler()
CRITICAL - 2024-11-13 07:42:48 --> Uncaught ErrorException: Cannot modify header information - headers already sent in D:\laragon\www\method-oldagehome\system\HTTP\ResponseTrait.php:774
Stack trace:
#0 [internal function]: CodeIgniter\Debug\Exceptions->errorHandler(2, 'Cannot modify h...', 'D:\\laragon\\www\\...', 774)
#1 D:\laragon\www\method-oldagehome\system\HTTP\ResponseTrait.php(774): setcookie('ci_session', 'ut71bjergsi7udj...', Array)
#2 D:\laragon\www\method-oldagehome\system\HTTP\ResponseTrait.php(750): CodeIgniter\HTTP\Response->doSetCookie('ci_session', 'ut71bjergsi7udj...', Array)
#3 D:\laragon\www\method-oldagehome\system\HTTP\ResponseTrait.php(730): CodeIgniter\HTTP\Response->dispatchCookies()
#4 D:\laragon\www\method-oldagehome\system\HTTP\ResponseTrait.php(447): CodeIgniter\HTTP\Response->sendCookies()
#5 D:\laragon\www\method-oldagehome\system\Debug\ExceptionHandler.php(78): CodeIgniter\HTTP\Response->send()
#6 D:\laragon\www\method-oldagehome\system\Debug\Exceptions.php(147): CodeIgniter\Debug\ExceptionHandler->handle(Object(CodeIgniter\Exceptions\PageNotFoundException), Object(CodeIgniter\HTTP\IncomingRequest), Object(CodeIgniter\HTTP\Response), 404, 1)
#7 [internal function]: CodeIgniter\Debug\Exceptions->exceptionHandler(Object(CodeIgniter\Exceptions\PageNotFoundException))
#8 {main}
  thrown
【Previous Exception】
CodeIgniter\Exceptions\PageNotFoundException
Page Not Found
#0 D:\laragon\www\method-oldagehome\system\CodeIgniter.php(967): CodeIgniter\Exceptions\PageNotFoundException::forPageNotFound(NULL)
#1 D:\laragon\www\method-oldagehome\system\CodeIgniter.php(362): CodeIgniter\CodeIgniter->display404errors(Object(CodeIgniter\Exceptions\PageNotFoundException))
#2 D:\laragon\www\method-oldagehome\public\index.php(79): CodeIgniter\CodeIgniter->run()
#3 D:\laragon\www\method-oldagehome\system\Commands\Server\rewrite.php(47): require_once('D:\\laragon\\www\\...')
#4 {main}
in SYSTEMPATH\HTTP\ResponseTrait.php on line 774.
 1 [internal function]: CodeIgniter\Debug\Exceptions->shutdownHandler()
CRITICAL - 2024-11-13 07:42:49 --> Uncaught ErrorException: Cannot modify header information - headers already sent in D:\laragon\www\method-oldagehome\system\HTTP\ResponseTrait.php:774
Stack trace:
#0 [internal function]: CodeIgniter\Debug\Exceptions->errorHandler(2, 'Cannot modify h...', 'D:\\laragon\\www\\...', 774)
#1 D:\laragon\www\method-oldagehome\system\HTTP\ResponseTrait.php(774): setcookie('ci_session', 'ut71bjergsi7udj...', Array)
#2 D:\laragon\www\method-oldagehome\system\HTTP\ResponseTrait.php(750): CodeIgniter\HTTP\Response->doSetCookie('ci_session', 'ut71bjergsi7udj...', Array)
#3 D:\laragon\www\method-oldagehome\system\HTTP\ResponseTrait.php(730): CodeIgniter\HTTP\Response->dispatchCookies()
#4 D:\laragon\www\method-oldagehome\system\HTTP\ResponseTrait.php(447): CodeIgniter\HTTP\Response->sendCookies()
#5 D:\laragon\www\method-oldagehome\system\Debug\ExceptionHandler.php(78): CodeIgniter\HTTP\Response->send()
#6 D:\laragon\www\method-oldagehome\system\Debug\Exceptions.php(147): CodeIgniter\Debug\ExceptionHandler->handle(Object(CodeIgniter\Exceptions\PageNotFoundException), Object(CodeIgniter\HTTP\IncomingRequest), Object(CodeIgniter\HTTP\Response), 404, 1)
#7 [internal function]: CodeIgniter\Debug\Exceptions->exceptionHandler(Object(CodeIgniter\Exceptions\PageNotFoundException))
#8 {main}
  thrown
【Previous Exception】
CodeIgniter\Exceptions\PageNotFoundException
Page Not Found
#0 D:\laragon\www\method-oldagehome\system\CodeIgniter.php(967): CodeIgniter\Exceptions\PageNotFoundException::forPageNotFound(NULL)
#1 D:\laragon\www\method-oldagehome\system\CodeIgniter.php(362): CodeIgniter\CodeIgniter->display404errors(Object(CodeIgniter\Exceptions\PageNotFoundException))
#2 D:\laragon\www\method-oldagehome\public\index.php(79): CodeIgniter\CodeIgniter->run()
#3 D:\laragon\www\method-oldagehome\system\Commands\Server\rewrite.php(47): require_once('D:\\laragon\\www\\...')
#4 {main}
in SYSTEMPATH\HTTP\ResponseTrait.php on line 774.
 1 [internal function]: CodeIgniter\Debug\Exceptions->shutdownHandler()
CRITICAL - 2024-11-13 07:42:50 --> Uncaught ErrorException: Cannot modify header information - headers already sent in D:\laragon\www\method-oldagehome\system\HTTP\ResponseTrait.php:774
Stack trace:
#0 [internal function]: CodeIgniter\Debug\Exceptions->errorHandler(2, 'Cannot modify h...', 'D:\\laragon\\www\\...', 774)
#1 D:\laragon\www\method-oldagehome\system\HTTP\ResponseTrait.php(774): setcookie('ci_session', 'ut71bjergsi7udj...', Array)
#2 D:\laragon\www\method-oldagehome\system\HTTP\ResponseTrait.php(750): CodeIgniter\HTTP\Response->doSetCookie('ci_session', 'ut71bjergsi7udj...', Array)
#3 D:\laragon\www\method-oldagehome\system\HTTP\ResponseTrait.php(730): CodeIgniter\HTTP\Response->dispatchCookies()
#4 D:\laragon\www\method-oldagehome\system\HTTP\ResponseTrait.php(447): CodeIgniter\HTTP\Response->sendCookies()
#5 D:\laragon\www\method-oldagehome\system\Debug\ExceptionHandler.php(78): CodeIgniter\HTTP\Response->send()
#6 D:\laragon\www\method-oldagehome\system\Debug\Exceptions.php(147): CodeIgniter\Debug\ExceptionHandler->handle(Object(CodeIgniter\Exceptions\PageNotFoundException), Object(CodeIgniter\HTTP\IncomingRequest), Object(CodeIgniter\HTTP\Response), 404, 1)
#7 [internal function]: CodeIgniter\Debug\Exceptions->exceptionHandler(Object(CodeIgniter\Exceptions\PageNotFoundException))
#8 {main}
  thrown
【Previous Exception】
CodeIgniter\Exceptions\PageNotFoundException
Page Not Found
#0 D:\laragon\www\method-oldagehome\system\CodeIgniter.php(967): CodeIgniter\Exceptions\PageNotFoundException::forPageNotFound(NULL)
#1 D:\laragon\www\method-oldagehome\system\CodeIgniter.php(362): CodeIgniter\CodeIgniter->display404errors(Object(CodeIgniter\Exceptions\PageNotFoundException))
#2 D:\laragon\www\method-oldagehome\public\index.php(79): CodeIgniter\CodeIgniter->run()
#3 D:\laragon\www\method-oldagehome\system\Commands\Server\rewrite.php(47): require_once('D:\\laragon\\www\\...')
#4 {main}
in SYSTEMPATH\HTTP\ResponseTrait.php on line 774.
 1 [internal function]: CodeIgniter\Debug\Exceptions->shutdownHandler()
CRITICAL - 2024-11-13 07:42:51 --> Uncaught ErrorException: Cannot modify header information - headers already sent in D:\laragon\www\method-oldagehome\system\HTTP\ResponseTrait.php:774
Stack trace:
#0 [internal function]: CodeIgniter\Debug\Exceptions->errorHandler(2, 'Cannot modify h...', 'D:\\laragon\\www\\...', 774)
#1 D:\laragon\www\method-oldagehome\system\HTTP\ResponseTrait.php(774): setcookie('ci_session', 'ut71bjergsi7udj...', Array)
#2 D:\laragon\www\method-oldagehome\system\HTTP\ResponseTrait.php(750): CodeIgniter\HTTP\Response->doSetCookie('ci_session', 'ut71bjergsi7udj...', Array)
#3 D:\laragon\www\method-oldagehome\system\HTTP\ResponseTrait.php(730): CodeIgniter\HTTP\Response->dispatchCookies()
#4 D:\laragon\www\method-oldagehome\system\HTTP\ResponseTrait.php(447): CodeIgniter\HTTP\Response->sendCookies()
#5 D:\laragon\www\method-oldagehome\system\Debug\ExceptionHandler.php(78): CodeIgniter\HTTP\Response->send()
#6 D:\laragon\www\method-oldagehome\system\Debug\Exceptions.php(147): CodeIgniter\Debug\ExceptionHandler->handle(Object(CodeIgniter\Exceptions\PageNotFoundException), Object(CodeIgniter\HTTP\IncomingRequest), Object(CodeIgniter\HTTP\Response), 404, 1)
#7 [internal function]: CodeIgniter\Debug\Exceptions->exceptionHandler(Object(CodeIgniter\Exceptions\PageNotFoundException))
#8 {main}
  thrown
【Previous Exception】
CodeIgniter\Exceptions\PageNotFoundException
Page Not Found
#0 D:\laragon\www\method-oldagehome\system\CodeIgniter.php(967): CodeIgniter\Exceptions\PageNotFoundException::forPageNotFound(NULL)
#1 D:\laragon\www\method-oldagehome\system\CodeIgniter.php(362): CodeIgniter\CodeIgniter->display404errors(Object(CodeIgniter\Exceptions\PageNotFoundException))
#2 D:\laragon\www\method-oldagehome\public\index.php(79): CodeIgniter\CodeIgniter->run()
#3 D:\laragon\www\method-oldagehome\system\Commands\Server\rewrite.php(47): require_once('D:\\laragon\\www\\...')
#4 {main}
in SYSTEMPATH\HTTP\ResponseTrait.php on line 774.
 1 [internal function]: CodeIgniter\Debug\Exceptions->shutdownHandler()
CRITICAL - 2024-11-13 07:42:52 --> Uncaught ErrorException: Cannot modify header information - headers already sent in D:\laragon\www\method-oldagehome\system\HTTP\ResponseTrait.php:774
Stack trace:
#0 [internal function]: CodeIgniter\Debug\Exceptions->errorHandler(2, 'Cannot modify h...', 'D:\\laragon\\www\\...', 774)
#1 D:\laragon\www\method-oldagehome\system\HTTP\ResponseTrait.php(774): setcookie('ci_session', 'ut71bjergsi7udj...', Array)
#2 D:\laragon\www\method-oldagehome\system\HTTP\ResponseTrait.php(750): CodeIgniter\HTTP\Response->doSetCookie('ci_session', 'ut71bjergsi7udj...', Array)
#3 D:\laragon\www\method-oldagehome\system\HTTP\ResponseTrait.php(730): CodeIgniter\HTTP\Response->dispatchCookies()
#4 D:\laragon\www\method-oldagehome\system\HTTP\ResponseTrait.php(447): CodeIgniter\HTTP\Response->sendCookies()
#5 D:\laragon\www\method-oldagehome\system\Debug\ExceptionHandler.php(78): CodeIgniter\HTTP\Response->send()
#6 D:\laragon\www\method-oldagehome\system\Debug\Exceptions.php(147): CodeIgniter\Debug\ExceptionHandler->handle(Object(CodeIgniter\Exceptions\PageNotFoundException), Object(CodeIgniter\HTTP\IncomingRequest), Object(CodeIgniter\HTTP\Response), 404, 1)
#7 [internal function]: CodeIgniter\Debug\Exceptions->exceptionHandler(Object(CodeIgniter\Exceptions\PageNotFoundException))
#8 {main}
  thrown
【Previous Exception】
CodeIgniter\Exceptions\PageNotFoundException
Page Not Found
#0 D:\laragon\www\method-oldagehome\system\CodeIgniter.php(967): CodeIgniter\Exceptions\PageNotFoundException::forPageNotFound(NULL)
#1 D:\laragon\www\method-oldagehome\system\CodeIgniter.php(362): CodeIgniter\CodeIgniter->display404errors(Object(CodeIgniter\Exceptions\PageNotFoundException))
#2 D:\laragon\www\method-oldagehome\public\index.php(79): CodeIgniter\CodeIgniter->run()
#3 D:\laragon\www\method-oldagehome\system\Commands\Server\rewrite.php(47): require_once('D:\\laragon\\www\\...')
#4 {main}
in SYSTEMPATH\HTTP\ResponseTrait.php on line 774.
 1 [internal function]: CodeIgniter\Debug\Exceptions->shutdownHandler()
CRITICAL - 2024-11-13 07:42:53 --> Uncaught ErrorException: Cannot modify header information - headers already sent in D:\laragon\www\method-oldagehome\system\HTTP\ResponseTrait.php:774
Stack trace:
#0 [internal function]: CodeIgniter\Debug\Exceptions->errorHandler(2, 'Cannot modify h...', 'D:\\laragon\\www\\...', 774)
#1 D:\laragon\www\method-oldagehome\system\HTTP\ResponseTrait.php(774): setcookie('ci_session', 'ut71bjergsi7udj...', Array)
#2 D:\laragon\www\method-oldagehome\system\HTTP\ResponseTrait.php(750): CodeIgniter\HTTP\Response->doSetCookie('ci_session', 'ut71bjergsi7udj...', Array)
#3 D:\laragon\www\method-oldagehome\system\HTTP\ResponseTrait.php(730): CodeIgniter\HTTP\Response->dispatchCookies()
#4 D:\laragon\www\method-oldagehome\system\HTTP\ResponseTrait.php(447): CodeIgniter\HTTP\Response->sendCookies()
#5 D:\laragon\www\method-oldagehome\system\Debug\ExceptionHandler.php(78): CodeIgniter\HTTP\Response->send()
#6 D:\laragon\www\method-oldagehome\system\Debug\Exceptions.php(147): CodeIgniter\Debug\ExceptionHandler->handle(Object(CodeIgniter\Exceptions\PageNotFoundException), Object(CodeIgniter\HTTP\IncomingRequest), Object(CodeIgniter\HTTP\Response), 404, 1)
#7 [internal function]: CodeIgniter\Debug\Exceptions->exceptionHandler(Object(CodeIgniter\Exceptions\PageNotFoundException))
#8 {main}
  thrown
【Previous Exception】
CodeIgniter\Exceptions\PageNotFoundException
Page Not Found
#0 D:\laragon\www\method-oldagehome\system\CodeIgniter.php(967): CodeIgniter\Exceptions\PageNotFoundException::forPageNotFound(NULL)
#1 D:\laragon\www\method-oldagehome\system\CodeIgniter.php(362): CodeIgniter\CodeIgniter->display404errors(Object(CodeIgniter\Exceptions\PageNotFoundException))
#2 D:\laragon\www\method-oldagehome\public\index.php(79): CodeIgniter\CodeIgniter->run()
#3 D:\laragon\www\method-oldagehome\system\Commands\Server\rewrite.php(47): require_once('D:\\laragon\\www\\...')
#4 {main}
in SYSTEMPATH\HTTP\ResponseTrait.php on line 774.
 1 [internal function]: CodeIgniter\Debug\Exceptions->shutdownHandler()
CRITICAL - 2024-11-13 07:42:54 --> Uncaught ErrorException: Cannot modify header information - headers already sent in D:\laragon\www\method-oldagehome\system\HTTP\ResponseTrait.php:774
Stack trace:
#0 [internal function]: CodeIgniter\Debug\Exceptions->errorHandler(2, 'Cannot modify h...', 'D:\\laragon\\www\\...', 774)
#1 D:\laragon\www\method-oldagehome\system\HTTP\ResponseTrait.php(774): setcookie('ci_session', 'ut71bjergsi7udj...', Array)
#2 D:\laragon\www\method-oldagehome\system\HTTP\ResponseTrait.php(750): CodeIgniter\HTTP\Response->doSetCookie('ci_session', 'ut71bjergsi7udj...', Array)
#3 D:\laragon\www\method-oldagehome\system\HTTP\ResponseTrait.php(730): CodeIgniter\HTTP\Response->dispatchCookies()
#4 D:\laragon\www\method-oldagehome\system\HTTP\ResponseTrait.php(447): CodeIgniter\HTTP\Response->sendCookies()
#5 D:\laragon\www\method-oldagehome\system\Debug\ExceptionHandler.php(78): CodeIgniter\HTTP\Response->send()
#6 D:\laragon\www\method-oldagehome\system\Debug\Exceptions.php(147): CodeIgniter\Debug\ExceptionHandler->handle(Object(CodeIgniter\Exceptions\PageNotFoundException), Object(CodeIgniter\HTTP\IncomingRequest), Object(CodeIgniter\HTTP\Response), 404, 1)
#7 [internal function]: CodeIgniter\Debug\Exceptions->exceptionHandler(Object(CodeIgniter\Exceptions\PageNotFoundException))
#8 {main}
  thrown
【Previous Exception】
CodeIgniter\Exceptions\PageNotFoundException
Page Not Found
#0 D:\laragon\www\method-oldagehome\system\CodeIgniter.php(967): CodeIgniter\Exceptions\PageNotFoundException::forPageNotFound(NULL)
#1 D:\laragon\www\method-oldagehome\system\CodeIgniter.php(362): CodeIgniter\CodeIgniter->display404errors(Object(CodeIgniter\Exceptions\PageNotFoundException))
#2 D:\laragon\www\method-oldagehome\public\index.php(79): CodeIgniter\CodeIgniter->run()
#3 D:\laragon\www\method-oldagehome\system\Commands\Server\rewrite.php(47): require_once('D:\\laragon\\www\\...')
#4 {main}
in SYSTEMPATH\HTTP\ResponseTrait.php on line 774.
 1 [internal function]: CodeIgniter\Debug\Exceptions->shutdownHandler()
CRITICAL - 2024-11-13 07:42:55 --> Uncaught ErrorException: Cannot modify header information - headers already sent in D:\laragon\www\method-oldagehome\system\HTTP\ResponseTrait.php:774
Stack trace:
#0 [internal function]: CodeIgniter\Debug\Exceptions->errorHandler(2, 'Cannot modify h...', 'D:\\laragon\\www\\...', 774)
#1 D:\laragon\www\method-oldagehome\system\HTTP\ResponseTrait.php(774): setcookie('ci_session', 'ut71bjergsi7udj...', Array)
#2 D:\laragon\www\method-oldagehome\system\HTTP\ResponseTrait.php(750): CodeIgniter\HTTP\Response->doSetCookie('ci_session', 'ut71bjergsi7udj...', Array)
#3 D:\laragon\www\method-oldagehome\system\HTTP\ResponseTrait.php(730): CodeIgniter\HTTP\Response->dispatchCookies()
#4 D:\laragon\www\method-oldagehome\system\HTTP\ResponseTrait.php(447): CodeIgniter\HTTP\Response->sendCookies()
#5 D:\laragon\www\method-oldagehome\system\Debug\ExceptionHandler.php(78): CodeIgniter\HTTP\Response->send()
#6 D:\laragon\www\method-oldagehome\system\Debug\Exceptions.php(147): CodeIgniter\Debug\ExceptionHandler->handle(Object(CodeIgniter\Exceptions\PageNotFoundException), Object(CodeIgniter\HTTP\IncomingRequest), Object(CodeIgniter\HTTP\Response), 404, 1)
#7 [internal function]: CodeIgniter\Debug\Exceptions->exceptionHandler(Object(CodeIgniter\Exceptions\PageNotFoundException))
#8 {main}
  thrown
【Previous Exception】
CodeIgniter\Exceptions\PageNotFoundException
Page Not Found
#0 D:\laragon\www\method-oldagehome\system\CodeIgniter.php(967): CodeIgniter\Exceptions\PageNotFoundException::forPageNotFound(NULL)
#1 D:\laragon\www\method-oldagehome\system\CodeIgniter.php(362): CodeIgniter\CodeIgniter->display404errors(Object(CodeIgniter\Exceptions\PageNotFoundException))
#2 D:\laragon\www\method-oldagehome\public\index.php(79): CodeIgniter\CodeIgniter->run()
#3 D:\laragon\www\method-oldagehome\system\Commands\Server\rewrite.php(47): require_once('D:\\laragon\\www\\...')
#4 {main}
in SYSTEMPATH\HTTP\ResponseTrait.php on line 774.
 1 [internal function]: CodeIgniter\Debug\Exceptions->shutdownHandler()
CRITICAL - 2024-11-13 07:42:56 --> Uncaught ErrorException: Cannot modify header information - headers already sent in D:\laragon\www\method-oldagehome\system\HTTP\ResponseTrait.php:774
Stack trace:
#0 [internal function]: CodeIgniter\Debug\Exceptions->errorHandler(2, 'Cannot modify h...', 'D:\\laragon\\www\\...', 774)
#1 D:\laragon\www\method-oldagehome\system\HTTP\ResponseTrait.php(774): setcookie('ci_session', 'ut71bjergsi7udj...', Array)
#2 D:\laragon\www\method-oldagehome\system\HTTP\ResponseTrait.php(750): CodeIgniter\HTTP\Response->doSetCookie('ci_session', 'ut71bjergsi7udj...', Array)
#3 D:\laragon\www\method-oldagehome\system\HTTP\ResponseTrait.php(730): CodeIgniter\HTTP\Response->dispatchCookies()
#4 D:\laragon\www\method-oldagehome\system\HTTP\ResponseTrait.php(447): CodeIgniter\HTTP\Response->sendCookies()
#5 D:\laragon\www\method-oldagehome\system\Debug\ExceptionHandler.php(78): CodeIgniter\HTTP\Response->send()
#6 D:\laragon\www\method-oldagehome\system\Debug\Exceptions.php(147): CodeIgniter\Debug\ExceptionHandler->handle(Object(CodeIgniter\Exceptions\PageNotFoundException), Object(CodeIgniter\HTTP\IncomingRequest), Object(CodeIgniter\HTTP\Response), 404, 1)
#7 [internal function]: CodeIgniter\Debug\Exceptions->exceptionHandler(Object(CodeIgniter\Exceptions\PageNotFoundException))
#8 {main}
  thrown
【Previous Exception】
CodeIgniter\Exceptions\PageNotFoundException
Page Not Found
#0 D:\laragon\www\method-oldagehome\system\CodeIgniter.php(967): CodeIgniter\Exceptions\PageNotFoundException::forPageNotFound(NULL)
#1 D:\laragon\www\method-oldagehome\system\CodeIgniter.php(362): CodeIgniter\CodeIgniter->display404errors(Object(CodeIgniter\Exceptions\PageNotFoundException))
#2 D:\laragon\www\method-oldagehome\public\index.php(79): CodeIgniter\CodeIgniter->run()
#3 D:\laragon\www\method-oldagehome\system\Commands\Server\rewrite.php(47): require_once('D:\\laragon\\www\\...')
#4 {main}
in SYSTEMPATH\HTTP\ResponseTrait.php on line 774.
 1 [internal function]: CodeIgniter\Debug\Exceptions->shutdownHandler()
CRITICAL - 2024-11-13 07:42:57 --> Uncaught ErrorException: Cannot modify header information - headers already sent in D:\laragon\www\method-oldagehome\system\HTTP\ResponseTrait.php:774
Stack trace:
#0 [internal function]: CodeIgniter\Debug\Exceptions->errorHandler(2, 'Cannot modify h...', 'D:\\laragon\\www\\...', 774)
#1 D:\laragon\www\method-oldagehome\system\HTTP\ResponseTrait.php(774): setcookie('ci_session', 'ut71bjergsi7udj...', Array)
#2 D:\laragon\www\method-oldagehome\system\HTTP\ResponseTrait.php(750): CodeIgniter\HTTP\Response->doSetCookie('ci_session', 'ut71bjergsi7udj...', Array)
#3 D:\laragon\www\method-oldagehome\system\HTTP\ResponseTrait.php(730): CodeIgniter\HTTP\Response->dispatchCookies()
#4 D:\laragon\www\method-oldagehome\system\HTTP\ResponseTrait.php(447): CodeIgniter\HTTP\Response->sendCookies()
#5 D:\laragon\www\method-oldagehome\system\Debug\ExceptionHandler.php(78): CodeIgniter\HTTP\Response->send()
#6 D:\laragon\www\method-oldagehome\system\Debug\Exceptions.php(147): CodeIgniter\Debug\ExceptionHandler->handle(Object(CodeIgniter\Exceptions\PageNotFoundException), Object(CodeIgniter\HTTP\IncomingRequest), Object(CodeIgniter\HTTP\Response), 404, 1)
#7 [internal function]: CodeIgniter\Debug\Exceptions->exceptionHandler(Object(CodeIgniter\Exceptions\PageNotFoundException))
#8 {main}
  thrown
【Previous Exception】
CodeIgniter\Exceptions\PageNotFoundException
Page Not Found
#0 D:\laragon\www\method-oldagehome\system\CodeIgniter.php(967): CodeIgniter\Exceptions\PageNotFoundException::forPageNotFound(NULL)
#1 D:\laragon\www\method-oldagehome\system\CodeIgniter.php(362): CodeIgniter\CodeIgniter->display404errors(Object(CodeIgniter\Exceptions\PageNotFoundException))
#2 D:\laragon\www\method-oldagehome\public\index.php(79): CodeIgniter\CodeIgniter->run()
#3 D:\laragon\www\method-oldagehome\system\Commands\Server\rewrite.php(47): require_once('D:\\laragon\\www\\...')
#4 {main}
in SYSTEMPATH\HTTP\ResponseTrait.php on line 774.
 1 [internal function]: CodeIgniter\Debug\Exceptions->shutdownHandler()
CRITICAL - 2024-11-13 07:42:58 --> Uncaught ErrorException: Cannot modify header information - headers already sent in D:\laragon\www\method-oldagehome\system\HTTP\ResponseTrait.php:774
Stack trace:
#0 [internal function]: CodeIgniter\Debug\Exceptions->errorHandler(2, 'Cannot modify h...', 'D:\\laragon\\www\\...', 774)
#1 D:\laragon\www\method-oldagehome\system\HTTP\ResponseTrait.php(774): setcookie('ci_session', 'ut71bjergsi7udj...', Array)
#2 D:\laragon\www\method-oldagehome\system\HTTP\ResponseTrait.php(750): CodeIgniter\HTTP\Response->doSetCookie('ci_session', 'ut71bjergsi7udj...', Array)
#3 D:\laragon\www\method-oldagehome\system\HTTP\ResponseTrait.php(730): CodeIgniter\HTTP\Response->dispatchCookies()
#4 D:\laragon\www\method-oldagehome\system\HTTP\ResponseTrait.php(447): CodeIgniter\HTTP\Response->sendCookies()
#5 D:\laragon\www\method-oldagehome\system\Debug\ExceptionHandler.php(78): CodeIgniter\HTTP\Response->send()
#6 D:\laragon\www\method-oldagehome\system\Debug\Exceptions.php(147): CodeIgniter\Debug\ExceptionHandler->handle(Object(CodeIgniter\Exceptions\PageNotFoundException), Object(CodeIgniter\HTTP\IncomingRequest), Object(CodeIgniter\HTTP\Response), 404, 1)
#7 [internal function]: CodeIgniter\Debug\Exceptions->exceptionHandler(Object(CodeIgniter\Exceptions\PageNotFoundException))
#8 {main}
  thrown
【Previous Exception】
CodeIgniter\Exceptions\PageNotFoundException
Page Not Found
#0 D:\laragon\www\method-oldagehome\system\CodeIgniter.php(967): CodeIgniter\Exceptions\PageNotFoundException::forPageNotFound(NULL)
#1 D:\laragon\www\method-oldagehome\system\CodeIgniter.php(362): CodeIgniter\CodeIgniter->display404errors(Object(CodeIgniter\Exceptions\PageNotFoundException))
#2 D:\laragon\www\method-oldagehome\public\index.php(79): CodeIgniter\CodeIgniter->run()
#3 D:\laragon\www\method-oldagehome\system\Commands\Server\rewrite.php(47): require_once('D:\\laragon\\www\\...')
#4 {main}
in SYSTEMPATH\HTTP\ResponseTrait.php on line 774.
 1 [internal function]: CodeIgniter\Debug\Exceptions->shutdownHandler()
CRITICAL - 2024-11-13 07:42:59 --> Uncaught ErrorException: Cannot modify header information - headers already sent in D:\laragon\www\method-oldagehome\system\HTTP\ResponseTrait.php:774
Stack trace:
#0 [internal function]: CodeIgniter\Debug\Exceptions->errorHandler(2, 'Cannot modify h...', 'D:\\laragon\\www\\...', 774)
#1 D:\laragon\www\method-oldagehome\system\HTTP\ResponseTrait.php(774): setcookie('ci_session', 'ut71bjergsi7udj...', Array)
#2 D:\laragon\www\method-oldagehome\system\HTTP\ResponseTrait.php(750): CodeIgniter\HTTP\Response->doSetCookie('ci_session', 'ut71bjergsi7udj...', Array)
#3 D:\laragon\www\method-oldagehome\system\HTTP\ResponseTrait.php(730): CodeIgniter\HTTP\Response->dispatchCookies()
#4 D:\laragon\www\method-oldagehome\system\HTTP\ResponseTrait.php(447): CodeIgniter\HTTP\Response->sendCookies()
#5 D:\laragon\www\method-oldagehome\system\Debug\ExceptionHandler.php(78): CodeIgniter\HTTP\Response->send()
#6 D:\laragon\www\method-oldagehome\system\Debug\Exceptions.php(147): CodeIgniter\Debug\ExceptionHandler->handle(Object(CodeIgniter\Exceptions\PageNotFoundException), Object(CodeIgniter\HTTP\IncomingRequest), Object(CodeIgniter\HTTP\Response), 404, 1)
#7 [internal function]: CodeIgniter\Debug\Exceptions->exceptionHandler(Object(CodeIgniter\Exceptions\PageNotFoundException))
#8 {main}
  thrown
【Previous Exception】
CodeIgniter\Exceptions\PageNotFoundException
Page Not Found
#0 D:\laragon\www\method-oldagehome\system\CodeIgniter.php(967): CodeIgniter\Exceptions\PageNotFoundException::forPageNotFound(NULL)
#1 D:\laragon\www\method-oldagehome\system\CodeIgniter.php(362): CodeIgniter\CodeIgniter->display404errors(Object(CodeIgniter\Exceptions\PageNotFoundException))
#2 D:\laragon\www\method-oldagehome\public\index.php(79): CodeIgniter\CodeIgniter->run()
#3 D:\laragon\www\method-oldagehome\system\Commands\Server\rewrite.php(47): require_once('D:\\laragon\\www\\...')
#4 {main}
in SYSTEMPATH\HTTP\ResponseTrait.php on line 774.
 1 [internal function]: CodeIgniter\Debug\Exceptions->shutdownHandler()
CRITICAL - 2024-11-13 07:43:00 --> Uncaught ErrorException: Cannot modify header information - headers already sent in D:\laragon\www\method-oldagehome\system\HTTP\ResponseTrait.php:774
Stack trace:
#0 [internal function]: CodeIgniter\Debug\Exceptions->errorHandler(2, 'Cannot modify h...', 'D:\\laragon\\www\\...', 774)
#1 D:\laragon\www\method-oldagehome\system\HTTP\ResponseTrait.php(774): setcookie('ci_session', 'ut71bjergsi7udj...', Array)
#2 D:\laragon\www\method-oldagehome\system\HTTP\ResponseTrait.php(750): CodeIgniter\HTTP\Response->doSetCookie('ci_session', 'ut71bjergsi7udj...', Array)
#3 D:\laragon\www\method-oldagehome\system\HTTP\ResponseTrait.php(730): CodeIgniter\HTTP\Response->dispatchCookies()
#4 D:\laragon\www\method-oldagehome\system\HTTP\ResponseTrait.php(447): CodeIgniter\HTTP\Response->sendCookies()
#5 D:\laragon\www\method-oldagehome\system\Debug\ExceptionHandler.php(78): CodeIgniter\HTTP\Response->send()
#6 D:\laragon\www\method-oldagehome\system\Debug\Exceptions.php(147): CodeIgniter\Debug\ExceptionHandler->handle(Object(CodeIgniter\Exceptions\PageNotFoundException), Object(CodeIgniter\HTTP\IncomingRequest), Object(CodeIgniter\HTTP\Response), 404, 1)
#7 [internal function]: CodeIgniter\Debug\Exceptions->exceptionHandler(Object(CodeIgniter\Exceptions\PageNotFoundException))
#8 {main}
  thrown
【Previous Exception】
CodeIgniter\Exceptions\PageNotFoundException
Page Not Found
#0 D:\laragon\www\method-oldagehome\system\CodeIgniter.php(967): CodeIgniter\Exceptions\PageNotFoundException::forPageNotFound(NULL)
#1 D:\laragon\www\method-oldagehome\system\CodeIgniter.php(362): CodeIgniter\CodeIgniter->display404errors(Object(CodeIgniter\Exceptions\PageNotFoundException))
#2 D:\laragon\www\method-oldagehome\public\index.php(79): CodeIgniter\CodeIgniter->run()
#3 D:\laragon\www\method-oldagehome\system\Commands\Server\rewrite.php(47): require_once('D:\\laragon\\www\\...')
#4 {main}
in SYSTEMPATH\HTTP\ResponseTrait.php on line 774.
 1 [internal function]: CodeIgniter\Debug\Exceptions->shutdownHandler()
CRITICAL - 2024-11-13 07:43:01 --> Uncaught ErrorException: Cannot modify header information - headers already sent in D:\laragon\www\method-oldagehome\system\HTTP\ResponseTrait.php:774
Stack trace:
#0 [internal function]: CodeIgniter\Debug\Exceptions->errorHandler(2, 'Cannot modify h...', 'D:\\laragon\\www\\...', 774)
#1 D:\laragon\www\method-oldagehome\system\HTTP\ResponseTrait.php(774): setcookie('ci_session', 'ut71bjergsi7udj...', Array)
#2 D:\laragon\www\method-oldagehome\system\HTTP\ResponseTrait.php(750): CodeIgniter\HTTP\Response->doSetCookie('ci_session', 'ut71bjergsi7udj...', Array)
#3 D:\laragon\www\method-oldagehome\system\HTTP\ResponseTrait.php(730): CodeIgniter\HTTP\Response->dispatchCookies()
#4 D:\laragon\www\method-oldagehome\system\HTTP\ResponseTrait.php(447): CodeIgniter\HTTP\Response->sendCookies()
#5 D:\laragon\www\method-oldagehome\system\Debug\ExceptionHandler.php(78): CodeIgniter\HTTP\Response->send()
#6 D:\laragon\www\method-oldagehome\system\Debug\Exceptions.php(147): CodeIgniter\Debug\ExceptionHandler->handle(Object(CodeIgniter\Exceptions\PageNotFoundException), Object(CodeIgniter\HTTP\IncomingRequest), Object(CodeIgniter\HTTP\Response), 404, 1)
#7 [internal function]: CodeIgniter\Debug\Exceptions->exceptionHandler(Object(CodeIgniter\Exceptions\PageNotFoundException))
#8 {main}
  thrown
【Previous Exception】
CodeIgniter\Exceptions\PageNotFoundException
Page Not Found
#0 D:\laragon\www\method-oldagehome\system\CodeIgniter.php(967): CodeIgniter\Exceptions\PageNotFoundException::forPageNotFound(NULL)
#1 D:\laragon\www\method-oldagehome\system\CodeIgniter.php(362): CodeIgniter\CodeIgniter->display404errors(Object(CodeIgniter\Exceptions\PageNotFoundException))
#2 D:\laragon\www\method-oldagehome\public\index.php(79): CodeIgniter\CodeIgniter->run()
#3 D:\laragon\www\method-oldagehome\system\Commands\Server\rewrite.php(47): require_once('D:\\laragon\\www\\...')
#4 {main}
in SYSTEMPATH\HTTP\ResponseTrait.php on line 774.
 1 [internal function]: CodeIgniter\Debug\Exceptions->shutdownHandler()
CRITICAL - 2024-11-13 07:43:02 --> Uncaught ErrorException: Cannot modify header information - headers already sent in D:\laragon\www\method-oldagehome\system\HTTP\ResponseTrait.php:774
Stack trace:
#0 [internal function]: CodeIgniter\Debug\Exceptions->errorHandler(2, 'Cannot modify h...', 'D:\\laragon\\www\\...', 774)
#1 D:\laragon\www\method-oldagehome\system\HTTP\ResponseTrait.php(774): setcookie('ci_session', 'ut71bjergsi7udj...', Array)
#2 D:\laragon\www\method-oldagehome\system\HTTP\ResponseTrait.php(750): CodeIgniter\HTTP\Response->doSetCookie('ci_session', 'ut71bjergsi7udj...', Array)
#3 D:\laragon\www\method-oldagehome\system\HTTP\ResponseTrait.php(730): CodeIgniter\HTTP\Response->dispatchCookies()
#4 D:\laragon\www\method-oldagehome\system\HTTP\ResponseTrait.php(447): CodeIgniter\HTTP\Response->sendCookies()
#5 D:\laragon\www\method-oldagehome\system\Debug\ExceptionHandler.php(78): CodeIgniter\HTTP\Response->send()
#6 D:\laragon\www\method-oldagehome\system\Debug\Exceptions.php(147): CodeIgniter\Debug\ExceptionHandler->handle(Object(CodeIgniter\Exceptions\PageNotFoundException), Object(CodeIgniter\HTTP\IncomingRequest), Object(CodeIgniter\HTTP\Response), 404, 1)
#7 [internal function]: CodeIgniter\Debug\Exceptions->exceptionHandler(Object(CodeIgniter\Exceptions\PageNotFoundException))
#8 {main}
  thrown
【Previous Exception】
CodeIgniter\Exceptions\PageNotFoundException
Page Not Found
#0 D:\laragon\www\method-oldagehome\system\CodeIgniter.php(967): CodeIgniter\Exceptions\PageNotFoundException::forPageNotFound(NULL)
#1 D:\laragon\www\method-oldagehome\system\CodeIgniter.php(362): CodeIgniter\CodeIgniter->display404errors(Object(CodeIgniter\Exceptions\PageNotFoundException))
#2 D:\laragon\www\method-oldagehome\public\index.php(79): CodeIgniter\CodeIgniter->run()
#3 D:\laragon\www\method-oldagehome\system\Commands\Server\rewrite.php(47): require_once('D:\\laragon\\www\\...')
#4 {main}
in SYSTEMPATH\HTTP\ResponseTrait.php on line 774.
 1 [internal function]: CodeIgniter\Debug\Exceptions->shutdownHandler()
CRITICAL - 2024-11-13 07:43:03 --> Uncaught ErrorException: Cannot modify header information - headers already sent in D:\laragon\www\method-oldagehome\system\HTTP\ResponseTrait.php:774
Stack trace:
#0 [internal function]: CodeIgniter\Debug\Exceptions->errorHandler(2, 'Cannot modify h...', 'D:\\laragon\\www\\...', 774)
#1 D:\laragon\www\method-oldagehome\system\HTTP\ResponseTrait.php(774): setcookie('ci_session', 'ut71bjergsi7udj...', Array)
#2 D:\laragon\www\method-oldagehome\system\HTTP\ResponseTrait.php(750): CodeIgniter\HTTP\Response->doSetCookie('ci_session', 'ut71bjergsi7udj...', Array)
#3 D:\laragon\www\method-oldagehome\system\HTTP\ResponseTrait.php(730): CodeIgniter\HTTP\Response->dispatchCookies()
#4 D:\laragon\www\method-oldagehome\system\HTTP\ResponseTrait.php(447): CodeIgniter\HTTP\Response->sendCookies()
#5 D:\laragon\www\method-oldagehome\system\Debug\ExceptionHandler.php(78): CodeIgniter\HTTP\Response->send()
#6 D:\laragon\www\method-oldagehome\system\Debug\Exceptions.php(147): CodeIgniter\Debug\ExceptionHandler->handle(Object(CodeIgniter\Exceptions\PageNotFoundException), Object(CodeIgniter\HTTP\IncomingRequest), Object(CodeIgniter\HTTP\Response), 404, 1)
#7 [internal function]: CodeIgniter\Debug\Exceptions->exceptionHandler(Object(CodeIgniter\Exceptions\PageNotFoundException))
#8 {main}
  thrown
【Previous Exception】
CodeIgniter\Exceptions\PageNotFoundException
Page Not Found
#0 D:\laragon\www\method-oldagehome\system\CodeIgniter.php(967): CodeIgniter\Exceptions\PageNotFoundException::forPageNotFound(NULL)
#1 D:\laragon\www\method-oldagehome\system\CodeIgniter.php(362): CodeIgniter\CodeIgniter->display404errors(Object(CodeIgniter\Exceptions\PageNotFoundException))
#2 D:\laragon\www\method-oldagehome\public\index.php(79): CodeIgniter\CodeIgniter->run()
#3 D:\laragon\www\method-oldagehome\system\Commands\Server\rewrite.php(47): require_once('D:\\laragon\\www\\...')
#4 {main}
in SYSTEMPATH\HTTP\ResponseTrait.php on line 774.
 1 [internal function]: CodeIgniter\Debug\Exceptions->shutdownHandler()
CRITICAL - 2024-11-13 07:43:04 --> Uncaught ErrorException: Cannot modify header information - headers already sent in D:\laragon\www\method-oldagehome\system\HTTP\ResponseTrait.php:774
Stack trace:
#0 [internal function]: CodeIgniter\Debug\Exceptions->errorHandler(2, 'Cannot modify h...', 'D:\\laragon\\www\\...', 774)
#1 D:\laragon\www\method-oldagehome\system\HTTP\ResponseTrait.php(774): setcookie('ci_session', 'ut71bjergsi7udj...', Array)
#2 D:\laragon\www\method-oldagehome\system\HTTP\ResponseTrait.php(750): CodeIgniter\HTTP\Response->doSetCookie('ci_session', 'ut71bjergsi7udj...', Array)
#3 D:\laragon\www\method-oldagehome\system\HTTP\ResponseTrait.php(730): CodeIgniter\HTTP\Response->dispatchCookies()
#4 D:\laragon\www\method-oldagehome\system\HTTP\ResponseTrait.php(447): CodeIgniter\HTTP\Response->sendCookies()
#5 D:\laragon\www\method-oldagehome\system\Debug\ExceptionHandler.php(78): CodeIgniter\HTTP\Response->send()
#6 D:\laragon\www\method-oldagehome\system\Debug\Exceptions.php(147): CodeIgniter\Debug\ExceptionHandler->handle(Object(CodeIgniter\Exceptions\PageNotFoundException), Object(CodeIgniter\HTTP\IncomingRequest), Object(CodeIgniter\HTTP\Response), 404, 1)
#7 [internal function]: CodeIgniter\Debug\Exceptions->exceptionHandler(Object(CodeIgniter\Exceptions\PageNotFoundException))
#8 {main}
  thrown
【Previous Exception】
CodeIgniter\Exceptions\PageNotFoundException
Page Not Found
#0 D:\laragon\www\method-oldagehome\system\CodeIgniter.php(967): CodeIgniter\Exceptions\PageNotFoundException::forPageNotFound(NULL)
#1 D:\laragon\www\method-oldagehome\system\CodeIgniter.php(362): CodeIgniter\CodeIgniter->display404errors(Object(CodeIgniter\Exceptions\PageNotFoundException))
#2 D:\laragon\www\method-oldagehome\public\index.php(79): CodeIgniter\CodeIgniter->run()
#3 D:\laragon\www\method-oldagehome\system\Commands\Server\rewrite.php(47): require_once('D:\\laragon\\www\\...')
#4 {main}
in SYSTEMPATH\HTTP\ResponseTrait.php on line 774.
 1 [internal function]: CodeIgniter\Debug\Exceptions->shutdownHandler()
CRITICAL - 2024-11-13 07:43:05 --> Uncaught ErrorException: Cannot modify header information - headers already sent in D:\laragon\www\method-oldagehome\system\HTTP\ResponseTrait.php:774
Stack trace:
#0 [internal function]: CodeIgniter\Debug\Exceptions->errorHandler(2, 'Cannot modify h...', 'D:\\laragon\\www\\...', 774)
#1 D:\laragon\www\method-oldagehome\system\HTTP\ResponseTrait.php(774): setcookie('ci_session', 'ut71bjergsi7udj...', Array)
#2 D:\laragon\www\method-oldagehome\system\HTTP\ResponseTrait.php(750): CodeIgniter\HTTP\Response->doSetCookie('ci_session', 'ut71bjergsi7udj...', Array)
#3 D:\laragon\www\method-oldagehome\system\HTTP\ResponseTrait.php(730): CodeIgniter\HTTP\Response->dispatchCookies()
#4 D:\laragon\www\method-oldagehome\system\HTTP\ResponseTrait.php(447): CodeIgniter\HTTP\Response->sendCookies()
#5 D:\laragon\www\method-oldagehome\system\Debug\ExceptionHandler.php(78): CodeIgniter\HTTP\Response->send()
#6 D:\laragon\www\method-oldagehome\system\Debug\Exceptions.php(147): CodeIgniter\Debug\ExceptionHandler->handle(Object(CodeIgniter\Exceptions\PageNotFoundException), Object(CodeIgniter\HTTP\IncomingRequest), Object(CodeIgniter\HTTP\Response), 404, 1)
#7 [internal function]: CodeIgniter\Debug\Exceptions->exceptionHandler(Object(CodeIgniter\Exceptions\PageNotFoundException))
#8 {main}
  thrown
【Previous Exception】
CodeIgniter\Exceptions\PageNotFoundException
Page Not Found
#0 D:\laragon\www\method-oldagehome\system\CodeIgniter.php(967): CodeIgniter\Exceptions\PageNotFoundException::forPageNotFound(NULL)
#1 D:\laragon\www\method-oldagehome\system\CodeIgniter.php(362): CodeIgniter\CodeIgniter->display404errors(Object(CodeIgniter\Exceptions\PageNotFoundException))
#2 D:\laragon\www\method-oldagehome\public\index.php(79): CodeIgniter\CodeIgniter->run()
#3 D:\laragon\www\method-oldagehome\system\Commands\Server\rewrite.php(47): require_once('D:\\laragon\\www\\...')
#4 {main}
in SYSTEMPATH\HTTP\ResponseTrait.php on line 774.
 1 [internal function]: CodeIgniter\Debug\Exceptions->shutdownHandler()
CRITICAL - 2024-11-13 07:43:06 --> Uncaught ErrorException: Cannot modify header information - headers already sent in D:\laragon\www\method-oldagehome\system\HTTP\ResponseTrait.php:774
Stack trace:
#0 [internal function]: CodeIgniter\Debug\Exceptions->errorHandler(2, 'Cannot modify h...', 'D:\\laragon\\www\\...', 774)
#1 D:\laragon\www\method-oldagehome\system\HTTP\ResponseTrait.php(774): setcookie('ci_session', 'ut71bjergsi7udj...', Array)
#2 D:\laragon\www\method-oldagehome\system\HTTP\ResponseTrait.php(750): CodeIgniter\HTTP\Response->doSetCookie('ci_session', 'ut71bjergsi7udj...', Array)
#3 D:\laragon\www\method-oldagehome\system\HTTP\ResponseTrait.php(730): CodeIgniter\HTTP\Response->dispatchCookies()
#4 D:\laragon\www\method-oldagehome\system\HTTP\ResponseTrait.php(447): CodeIgniter\HTTP\Response->sendCookies()
#5 D:\laragon\www\method-oldagehome\system\Debug\ExceptionHandler.php(78): CodeIgniter\HTTP\Response->send()
#6 D:\laragon\www\method-oldagehome\system\Debug\Exceptions.php(147): CodeIgniter\Debug\ExceptionHandler->handle(Object(CodeIgniter\Exceptions\PageNotFoundException), Object(CodeIgniter\HTTP\IncomingRequest), Object(CodeIgniter\HTTP\Response), 404, 1)
#7 [internal function]: CodeIgniter\Debug\Exceptions->exceptionHandler(Object(CodeIgniter\Exceptions\PageNotFoundException))
#8 {main}
  thrown
【Previous Exception】
CodeIgniter\Exceptions\PageNotFoundException
Page Not Found
#0 D:\laragon\www\method-oldagehome\system\CodeIgniter.php(967): CodeIgniter\Exceptions\PageNotFoundException::forPageNotFound(NULL)
#1 D:\laragon\www\method-oldagehome\system\CodeIgniter.php(362): CodeIgniter\CodeIgniter->display404errors(Object(CodeIgniter\Exceptions\PageNotFoundException))
#2 D:\laragon\www\method-oldagehome\public\index.php(79): CodeIgniter\CodeIgniter->run()
#3 D:\laragon\www\method-oldagehome\system\Commands\Server\rewrite.php(47): require_once('D:\\laragon\\www\\...')
#4 {main}
in SYSTEMPATH\HTTP\ResponseTrait.php on line 774.
 1 [internal function]: CodeIgniter\Debug\Exceptions->shutdownHandler()
CRITICAL - 2024-11-13 07:43:07 --> Uncaught ErrorException: Cannot modify header information - headers already sent in D:\laragon\www\method-oldagehome\system\HTTP\ResponseTrait.php:774
Stack trace:
#0 [internal function]: CodeIgniter\Debug\Exceptions->errorHandler(2, 'Cannot modify h...', 'D:\\laragon\\www\\...', 774)
#1 D:\laragon\www\method-oldagehome\system\HTTP\ResponseTrait.php(774): setcookie('ci_session', 'ut71bjergsi7udj...', Array)
#2 D:\laragon\www\method-oldagehome\system\HTTP\ResponseTrait.php(750): CodeIgniter\HTTP\Response->doSetCookie('ci_session', 'ut71bjergsi7udj...', Array)
#3 D:\laragon\www\method-oldagehome\system\HTTP\ResponseTrait.php(730): CodeIgniter\HTTP\Response->dispatchCookies()
#4 D:\laragon\www\method-oldagehome\system\HTTP\ResponseTrait.php(447): CodeIgniter\HTTP\Response->sendCookies()
#5 D:\laragon\www\method-oldagehome\system\Debug\ExceptionHandler.php(78): CodeIgniter\HTTP\Response->send()
#6 D:\laragon\www\method-oldagehome\system\Debug\Exceptions.php(147): CodeIgniter\Debug\ExceptionHandler->handle(Object(CodeIgniter\Exceptions\PageNotFoundException), Object(CodeIgniter\HTTP\IncomingRequest), Object(CodeIgniter\HTTP\Response), 404, 1)
#7 [internal function]: CodeIgniter\Debug\Exceptions->exceptionHandler(Object(CodeIgniter\Exceptions\PageNotFoundException))
#8 {main}
  thrown
【Previous Exception】
CodeIgniter\Exceptions\PageNotFoundException
Page Not Found
#0 D:\laragon\www\method-oldagehome\system\CodeIgniter.php(967): CodeIgniter\Exceptions\PageNotFoundException::forPageNotFound(NULL)
#1 D:\laragon\www\method-oldagehome\system\CodeIgniter.php(362): CodeIgniter\CodeIgniter->display404errors(Object(CodeIgniter\Exceptions\PageNotFoundException))
#2 D:\laragon\www\method-oldagehome\public\index.php(79): CodeIgniter\CodeIgniter->run()
#3 D:\laragon\www\method-oldagehome\system\Commands\Server\rewrite.php(47): require_once('D:\\laragon\\www\\...')
#4 {main}
in SYSTEMPATH\HTTP\ResponseTrait.php on line 774.
 1 [internal function]: CodeIgniter\Debug\Exceptions->shutdownHandler()
CRITICAL - 2024-11-13 07:43:08 --> Uncaught ErrorException: Cannot modify header information - headers already sent in D:\laragon\www\method-oldagehome\system\HTTP\ResponseTrait.php:774
Stack trace:
#0 [internal function]: CodeIgniter\Debug\Exceptions->errorHandler(2, 'Cannot modify h...', 'D:\\laragon\\www\\...', 774)
#1 D:\laragon\www\method-oldagehome\system\HTTP\ResponseTrait.php(774): setcookie('ci_session', 'ut71bjergsi7udj...', Array)
#2 D:\laragon\www\method-oldagehome\system\HTTP\ResponseTrait.php(750): CodeIgniter\HTTP\Response->doSetCookie('ci_session', 'ut71bjergsi7udj...', Array)
#3 D:\laragon\www\method-oldagehome\system\HTTP\ResponseTrait.php(730): CodeIgniter\HTTP\Response->dispatchCookies()
#4 D:\laragon\www\method-oldagehome\system\HTTP\ResponseTrait.php(447): CodeIgniter\HTTP\Response->sendCookies()
#5 D:\laragon\www\method-oldagehome\system\Debug\ExceptionHandler.php(78): CodeIgniter\HTTP\Response->send()
#6 D:\laragon\www\method-oldagehome\system\Debug\Exceptions.php(147): CodeIgniter\Debug\ExceptionHandler->handle(Object(CodeIgniter\Exceptions\PageNotFoundException), Object(CodeIgniter\HTTP\IncomingRequest), Object(CodeIgniter\HTTP\Response), 404, 1)
#7 [internal function]: CodeIgniter\Debug\Exceptions->exceptionHandler(Object(CodeIgniter\Exceptions\PageNotFoundException))
#8 {main}
  thrown
【Previous Exception】
CodeIgniter\Exceptions\PageNotFoundException
Page Not Found
#0 D:\laragon\www\method-oldagehome\system\CodeIgniter.php(967): CodeIgniter\Exceptions\PageNotFoundException::forPageNotFound(NULL)
#1 D:\laragon\www\method-oldagehome\system\CodeIgniter.php(362): CodeIgniter\CodeIgniter->display404errors(Object(CodeIgniter\Exceptions\PageNotFoundException))
#2 D:\laragon\www\method-oldagehome\public\index.php(79): CodeIgniter\CodeIgniter->run()
#3 D:\laragon\www\method-oldagehome\system\Commands\Server\rewrite.php(47): require_once('D:\\laragon\\www\\...')
#4 {main}
in SYSTEMPATH\HTTP\ResponseTrait.php on line 774.
 1 [internal function]: CodeIgniter\Debug\Exceptions->shutdownHandler()
CRITICAL - 2024-11-13 07:43:09 --> Uncaught ErrorException: Cannot modify header information - headers already sent in D:\laragon\www\method-oldagehome\system\HTTP\ResponseTrait.php:774
Stack trace:
#0 [internal function]: CodeIgniter\Debug\Exceptions->errorHandler(2, 'Cannot modify h...', 'D:\\laragon\\www\\...', 774)
#1 D:\laragon\www\method-oldagehome\system\HTTP\ResponseTrait.php(774): setcookie('ci_session', 'ut71bjergsi7udj...', Array)
#2 D:\laragon\www\method-oldagehome\system\HTTP\ResponseTrait.php(750): CodeIgniter\HTTP\Response->doSetCookie('ci_session', 'ut71bjergsi7udj...', Array)
#3 D:\laragon\www\method-oldagehome\system\HTTP\ResponseTrait.php(730): CodeIgniter\HTTP\Response->dispatchCookies()
#4 D:\laragon\www\method-oldagehome\system\HTTP\ResponseTrait.php(447): CodeIgniter\HTTP\Response->sendCookies()
#5 D:\laragon\www\method-oldagehome\system\Debug\ExceptionHandler.php(78): CodeIgniter\HTTP\Response->send()
#6 D:\laragon\www\method-oldagehome\system\Debug\Exceptions.php(147): CodeIgniter\Debug\ExceptionHandler->handle(Object(CodeIgniter\Exceptions\PageNotFoundException), Object(CodeIgniter\HTTP\IncomingRequest), Object(CodeIgniter\HTTP\Response), 404, 1)
#7 [internal function]: CodeIgniter\Debug\Exceptions->exceptionHandler(Object(CodeIgniter\Exceptions\PageNotFoundException))
#8 {main}
  thrown
【Previous Exception】
CodeIgniter\Exceptions\PageNotFoundException
Page Not Found
#0 D:\laragon\www\method-oldagehome\system\CodeIgniter.php(967): CodeIgniter\Exceptions\PageNotFoundException::forPageNotFound(NULL)
#1 D:\laragon\www\method-oldagehome\system\CodeIgniter.php(362): CodeIgniter\CodeIgniter->display404errors(Object(CodeIgniter\Exceptions\PageNotFoundException))
#2 D:\laragon\www\method-oldagehome\public\index.php(79): CodeIgniter\CodeIgniter->run()
#3 D:\laragon\www\method-oldagehome\system\Commands\Server\rewrite.php(47): require_once('D:\\laragon\\www\\...')
#4 {main}
in SYSTEMPATH\HTTP\ResponseTrait.php on line 774.
 1 [internal function]: CodeIgniter\Debug\Exceptions->shutdownHandler()
CRITICAL - 2024-11-13 07:43:10 --> Uncaught ErrorException: Cannot modify header information - headers already sent in D:\laragon\www\method-oldagehome\system\HTTP\ResponseTrait.php:774
Stack trace:
#0 [internal function]: CodeIgniter\Debug\Exceptions->errorHandler(2, 'Cannot modify h...', 'D:\\laragon\\www\\...', 774)
#1 D:\laragon\www\method-oldagehome\system\HTTP\ResponseTrait.php(774): setcookie('ci_session', 'ut71bjergsi7udj...', Array)
#2 D:\laragon\www\method-oldagehome\system\HTTP\ResponseTrait.php(750): CodeIgniter\HTTP\Response->doSetCookie('ci_session', 'ut71bjergsi7udj...', Array)
#3 D:\laragon\www\method-oldagehome\system\HTTP\ResponseTrait.php(730): CodeIgniter\HTTP\Response->dispatchCookies()
#4 D:\laragon\www\method-oldagehome\system\HTTP\ResponseTrait.php(447): CodeIgniter\HTTP\Response->sendCookies()
#5 D:\laragon\www\method-oldagehome\system\Debug\ExceptionHandler.php(78): CodeIgniter\HTTP\Response->send()
#6 D:\laragon\www\method-oldagehome\system\Debug\Exceptions.php(147): CodeIgniter\Debug\ExceptionHandler->handle(Object(CodeIgniter\Exceptions\PageNotFoundException), Object(CodeIgniter\HTTP\IncomingRequest), Object(CodeIgniter\HTTP\Response), 404, 1)
#7 [internal function]: CodeIgniter\Debug\Exceptions->exceptionHandler(Object(CodeIgniter\Exceptions\PageNotFoundException))
#8 {main}
  thrown
【Previous Exception】
CodeIgniter\Exceptions\PageNotFoundException
Page Not Found
#0 D:\laragon\www\method-oldagehome\system\CodeIgniter.php(967): CodeIgniter\Exceptions\PageNotFoundException::forPageNotFound(NULL)
#1 D:\laragon\www\method-oldagehome\system\CodeIgniter.php(362): CodeIgniter\CodeIgniter->display404errors(Object(CodeIgniter\Exceptions\PageNotFoundException))
#2 D:\laragon\www\method-oldagehome\public\index.php(79): CodeIgniter\CodeIgniter->run()
#3 D:\laragon\www\method-oldagehome\system\Commands\Server\rewrite.php(47): require_once('D:\\laragon\\www\\...')
#4 {main}
in SYSTEMPATH\HTTP\ResponseTrait.php on line 774.
 1 [internal function]: CodeIgniter\Debug\Exceptions->shutdownHandler()
CRITICAL - 2024-11-13 07:43:11 --> Uncaught ErrorException: Cannot modify header information - headers already sent in D:\laragon\www\method-oldagehome\system\HTTP\ResponseTrait.php:774
Stack trace:
#0 [internal function]: CodeIgniter\Debug\Exceptions->errorHandler(2, 'Cannot modify h...', 'D:\\laragon\\www\\...', 774)
#1 D:\laragon\www\method-oldagehome\system\HTTP\ResponseTrait.php(774): setcookie('ci_session', 'ut71bjergsi7udj...', Array)
#2 D:\laragon\www\method-oldagehome\system\HTTP\ResponseTrait.php(750): CodeIgniter\HTTP\Response->doSetCookie('ci_session', 'ut71bjergsi7udj...', Array)
#3 D:\laragon\www\method-oldagehome\system\HTTP\ResponseTrait.php(730): CodeIgniter\HTTP\Response->dispatchCookies()
#4 D:\laragon\www\method-oldagehome\system\HTTP\ResponseTrait.php(447): CodeIgniter\HTTP\Response->sendCookies()
#5 D:\laragon\www\method-oldagehome\system\Debug\ExceptionHandler.php(78): CodeIgniter\HTTP\Response->send()
#6 D:\laragon\www\method-oldagehome\system\Debug\Exceptions.php(147): CodeIgniter\Debug\ExceptionHandler->handle(Object(CodeIgniter\Exceptions\PageNotFoundException), Object(CodeIgniter\HTTP\IncomingRequest), Object(CodeIgniter\HTTP\Response), 404, 1)
#7 [internal function]: CodeIgniter\Debug\Exceptions->exceptionHandler(Object(CodeIgniter\Exceptions\PageNotFoundException))
#8 {main}
  thrown
【Previous Exception】
CodeIgniter\Exceptions\PageNotFoundException
Page Not Found
#0 D:\laragon\www\method-oldagehome\system\CodeIgniter.php(967): CodeIgniter\Exceptions\PageNotFoundException::forPageNotFound(NULL)
#1 D:\laragon\www\method-oldagehome\system\CodeIgniter.php(362): CodeIgniter\CodeIgniter->display404errors(Object(CodeIgniter\Exceptions\PageNotFoundException))
#2 D:\laragon\www\method-oldagehome\public\index.php(79): CodeIgniter\CodeIgniter->run()
#3 D:\laragon\www\method-oldagehome\system\Commands\Server\rewrite.php(47): require_once('D:\\laragon\\www\\...')
#4 {main}
in SYSTEMPATH\HTTP\ResponseTrait.php on line 774.
 1 [internal function]: CodeIgniter\Debug\Exceptions->shutdownHandler()
CRITICAL - 2024-11-13 07:43:12 --> Uncaught ErrorException: Cannot modify header information - headers already sent in D:\laragon\www\method-oldagehome\system\HTTP\ResponseTrait.php:774
Stack trace:
#0 [internal function]: CodeIgniter\Debug\Exceptions->errorHandler(2, 'Cannot modify h...', 'D:\\laragon\\www\\...', 774)
#1 D:\laragon\www\method-oldagehome\system\HTTP\ResponseTrait.php(774): setcookie('ci_session', 'ut71bjergsi7udj...', Array)
#2 D:\laragon\www\method-oldagehome\system\HTTP\ResponseTrait.php(750): CodeIgniter\HTTP\Response->doSetCookie('ci_session', 'ut71bjergsi7udj...', Array)
#3 D:\laragon\www\method-oldagehome\system\HTTP\ResponseTrait.php(730): CodeIgniter\HTTP\Response->dispatchCookies()
#4 D:\laragon\www\method-oldagehome\system\HTTP\ResponseTrait.php(447): CodeIgniter\HTTP\Response->sendCookies()
#5 D:\laragon\www\method-oldagehome\system\Debug\ExceptionHandler.php(78): CodeIgniter\HTTP\Response->send()
#6 D:\laragon\www\method-oldagehome\system\Debug\Exceptions.php(147): CodeIgniter\Debug\ExceptionHandler->handle(Object(CodeIgniter\Exceptions\PageNotFoundException), Object(CodeIgniter\HTTP\IncomingRequest), Object(CodeIgniter\HTTP\Response), 404, 1)
#7 [internal function]: CodeIgniter\Debug\Exceptions->exceptionHandler(Object(CodeIgniter\Exceptions\PageNotFoundException))
#8 {main}
  thrown
【Previous Exception】
CodeIgniter\Exceptions\PageNotFoundException
Page Not Found
#0 D:\laragon\www\method-oldagehome\system\CodeIgniter.php(967): CodeIgniter\Exceptions\PageNotFoundException::forPageNotFound(NULL)
#1 D:\laragon\www\method-oldagehome\system\CodeIgniter.php(362): CodeIgniter\CodeIgniter->display404errors(Object(CodeIgniter\Exceptions\PageNotFoundException))
#2 D:\laragon\www\method-oldagehome\public\index.php(79): CodeIgniter\CodeIgniter->run()
#3 D:\laragon\www\method-oldagehome\system\Commands\Server\rewrite.php(47): require_once('D:\\laragon\\www\\...')
#4 {main}
in SYSTEMPATH\HTTP\ResponseTrait.php on line 774.
 1 [internal function]: CodeIgniter\Debug\Exceptions->shutdownHandler()
CRITICAL - 2024-11-13 07:43:13 --> Uncaught ErrorException: Cannot modify header information - headers already sent in D:\laragon\www\method-oldagehome\system\HTTP\ResponseTrait.php:774
Stack trace:
#0 [internal function]: CodeIgniter\Debug\Exceptions->errorHandler(2, 'Cannot modify h...', 'D:\\laragon\\www\\...', 774)
#1 D:\laragon\www\method-oldagehome\system\HTTP\ResponseTrait.php(774): setcookie('ci_session', 'ut71bjergsi7udj...', Array)
#2 D:\laragon\www\method-oldagehome\system\HTTP\ResponseTrait.php(750): CodeIgniter\HTTP\Response->doSetCookie('ci_session', 'ut71bjergsi7udj...', Array)
#3 D:\laragon\www\method-oldagehome\system\HTTP\ResponseTrait.php(730): CodeIgniter\HTTP\Response->dispatchCookies()
#4 D:\laragon\www\method-oldagehome\system\HTTP\ResponseTrait.php(447): CodeIgniter\HTTP\Response->sendCookies()
#5 D:\laragon\www\method-oldagehome\system\Debug\ExceptionHandler.php(78): CodeIgniter\HTTP\Response->send()
#6 D:\laragon\www\method-oldagehome\system\Debug\Exceptions.php(147): CodeIgniter\Debug\ExceptionHandler->handle(Object(CodeIgniter\Exceptions\PageNotFoundException), Object(CodeIgniter\HTTP\IncomingRequest), Object(CodeIgniter\HTTP\Response), 404, 1)
#7 [internal function]: CodeIgniter\Debug\Exceptions->exceptionHandler(Object(CodeIgniter\Exceptions\PageNotFoundException))
#8 {main}
  thrown
【Previous Exception】
CodeIgniter\Exceptions\PageNotFoundException
Page Not Found
#0 D:\laragon\www\method-oldagehome\system\CodeIgniter.php(967): CodeIgniter\Exceptions\PageNotFoundException::forPageNotFound(NULL)
#1 D:\laragon\www\method-oldagehome\system\CodeIgniter.php(362): CodeIgniter\CodeIgniter->display404errors(Object(CodeIgniter\Exceptions\PageNotFoundException))
#2 D:\laragon\www\method-oldagehome\public\index.php(79): CodeIgniter\CodeIgniter->run()
#3 D:\laragon\www\method-oldagehome\system\Commands\Server\rewrite.php(47): require_once('D:\\laragon\\www\\...')
#4 {main}
in SYSTEMPATH\HTTP\ResponseTrait.php on line 774.
 1 [internal function]: CodeIgniter\Debug\Exceptions->shutdownHandler()
CRITICAL - 2024-11-13 07:43:14 --> Uncaught ErrorException: Cannot modify header information - headers already sent in D:\laragon\www\method-oldagehome\system\HTTP\ResponseTrait.php:774
Stack trace:
#0 [internal function]: CodeIgniter\Debug\Exceptions->errorHandler(2, 'Cannot modify h...', 'D:\\laragon\\www\\...', 774)
#1 D:\laragon\www\method-oldagehome\system\HTTP\ResponseTrait.php(774): setcookie('ci_session', 'ut71bjergsi7udj...', Array)
#2 D:\laragon\www\method-oldagehome\system\HTTP\ResponseTrait.php(750): CodeIgniter\HTTP\Response->doSetCookie('ci_session', 'ut71bjergsi7udj...', Array)
#3 D:\laragon\www\method-oldagehome\system\HTTP\ResponseTrait.php(730): CodeIgniter\HTTP\Response->dispatchCookies()
#4 D:\laragon\www\method-oldagehome\system\HTTP\ResponseTrait.php(447): CodeIgniter\HTTP\Response->sendCookies()
#5 D:\laragon\www\method-oldagehome\system\Debug\ExceptionHandler.php(78): CodeIgniter\HTTP\Response->send()
#6 D:\laragon\www\method-oldagehome\system\Debug\Exceptions.php(147): CodeIgniter\Debug\ExceptionHandler->handle(Object(CodeIgniter\Exceptions\PageNotFoundException), Object(CodeIgniter\HTTP\IncomingRequest), Object(CodeIgniter\HTTP\Response), 404, 1)
#7 [internal function]: CodeIgniter\Debug\Exceptions->exceptionHandler(Object(CodeIgniter\Exceptions\PageNotFoundException))
#8 {main}
  thrown
【Previous Exception】
CodeIgniter\Exceptions\PageNotFoundException
Page Not Found
#0 D:\laragon\www\method-oldagehome\system\CodeIgniter.php(967): CodeIgniter\Exceptions\PageNotFoundException::forPageNotFound(NULL)
#1 D:\laragon\www\method-oldagehome\system\CodeIgniter.php(362): CodeIgniter\CodeIgniter->display404errors(Object(CodeIgniter\Exceptions\PageNotFoundException))
#2 D:\laragon\www\method-oldagehome\public\index.php(79): CodeIgniter\CodeIgniter->run()
#3 D:\laragon\www\method-oldagehome\system\Commands\Server\rewrite.php(47): require_once('D:\\laragon\\www\\...')
#4 {main}
in SYSTEMPATH\HTTP\ResponseTrait.php on line 774.
 1 [internal function]: CodeIgniter\Debug\Exceptions->shutdownHandler()
CRITICAL - 2024-11-13 07:43:15 --> Uncaught ErrorException: Cannot modify header information - headers already sent in D:\laragon\www\method-oldagehome\system\HTTP\ResponseTrait.php:774
Stack trace:
#0 [internal function]: CodeIgniter\Debug\Exceptions->errorHandler(2, 'Cannot modify h...', 'D:\\laragon\\www\\...', 774)
#1 D:\laragon\www\method-oldagehome\system\HTTP\ResponseTrait.php(774): setcookie('ci_session', 'ut71bjergsi7udj...', Array)
#2 D:\laragon\www\method-oldagehome\system\HTTP\ResponseTrait.php(750): CodeIgniter\HTTP\Response->doSetCookie('ci_session', 'ut71bjergsi7udj...', Array)
#3 D:\laragon\www\method-oldagehome\system\HTTP\ResponseTrait.php(730): CodeIgniter\HTTP\Response->dispatchCookies()
#4 D:\laragon\www\method-oldagehome\system\HTTP\ResponseTrait.php(447): CodeIgniter\HTTP\Response->sendCookies()
#5 D:\laragon\www\method-oldagehome\system\Debug\ExceptionHandler.php(78): CodeIgniter\HTTP\Response->send()
#6 D:\laragon\www\method-oldagehome\system\Debug\Exceptions.php(147): CodeIgniter\Debug\ExceptionHandler->handle(Object(CodeIgniter\Exceptions\PageNotFoundException), Object(CodeIgniter\HTTP\IncomingRequest), Object(CodeIgniter\HTTP\Response), 404, 1)
#7 [internal function]: CodeIgniter\Debug\Exceptions->exceptionHandler(Object(CodeIgniter\Exceptions\PageNotFoundException))
#8 {main}
  thrown
【Previous Exception】
CodeIgniter\Exceptions\PageNotFoundException
Page Not Found
#0 D:\laragon\www\method-oldagehome\system\CodeIgniter.php(967): CodeIgniter\Exceptions\PageNotFoundException::forPageNotFound(NULL)
#1 D:\laragon\www\method-oldagehome\system\CodeIgniter.php(362): CodeIgniter\CodeIgniter->display404errors(Object(CodeIgniter\Exceptions\PageNotFoundException))
#2 D:\laragon\www\method-oldagehome\public\index.php(79): CodeIgniter\CodeIgniter->run()
#3 D:\laragon\www\method-oldagehome\system\Commands\Server\rewrite.php(47): require_once('D:\\laragon\\www\\...')
#4 {main}
in SYSTEMPATH\HTTP\ResponseTrait.php on line 774.
 1 [internal function]: CodeIgniter\Debug\Exceptions->shutdownHandler()
CRITICAL - 2024-11-13 07:43:16 --> Uncaught ErrorException: Cannot modify header information - headers already sent in D:\laragon\www\method-oldagehome\system\HTTP\ResponseTrait.php:774
Stack trace:
#0 [internal function]: CodeIgniter\Debug\Exceptions->errorHandler(2, 'Cannot modify h...', 'D:\\laragon\\www\\...', 774)
#1 D:\laragon\www\method-oldagehome\system\HTTP\ResponseTrait.php(774): setcookie('ci_session', 'ut71bjergsi7udj...', Array)
#2 D:\laragon\www\method-oldagehome\system\HTTP\ResponseTrait.php(750): CodeIgniter\HTTP\Response->doSetCookie('ci_session', 'ut71bjergsi7udj...', Array)
#3 D:\laragon\www\method-oldagehome\system\HTTP\ResponseTrait.php(730): CodeIgniter\HTTP\Response->dispatchCookies()
#4 D:\laragon\www\method-oldagehome\system\HTTP\ResponseTrait.php(447): CodeIgniter\HTTP\Response->sendCookies()
#5 D:\laragon\www\method-oldagehome\system\Debug\ExceptionHandler.php(78): CodeIgniter\HTTP\Response->send()
#6 D:\laragon\www\method-oldagehome\system\Debug\Exceptions.php(147): CodeIgniter\Debug\ExceptionHandler->handle(Object(CodeIgniter\Exceptions\PageNotFoundException), Object(CodeIgniter\HTTP\IncomingRequest), Object(CodeIgniter\HTTP\Response), 404, 1)
#7 [internal function]: CodeIgniter\Debug\Exceptions->exceptionHandler(Object(CodeIgniter\Exceptions\PageNotFoundException))
#8 {main}
  thrown
【Previous Exception】
CodeIgniter\Exceptions\PageNotFoundException
Page Not Found
#0 D:\laragon\www\method-oldagehome\system\CodeIgniter.php(967): CodeIgniter\Exceptions\PageNotFoundException::forPageNotFound(NULL)
#1 D:\laragon\www\method-oldagehome\system\CodeIgniter.php(362): CodeIgniter\CodeIgniter->display404errors(Object(CodeIgniter\Exceptions\PageNotFoundException))
#2 D:\laragon\www\method-oldagehome\public\index.php(79): CodeIgniter\CodeIgniter->run()
#3 D:\laragon\www\method-oldagehome\system\Commands\Server\rewrite.php(47): require_once('D:\\laragon\\www\\...')
#4 {main}
in SYSTEMPATH\HTTP\ResponseTrait.php on line 774.
 1 [internal function]: CodeIgniter\Debug\Exceptions->shutdownHandler()
CRITICAL - 2024-11-13 07:43:17 --> Uncaught ErrorException: Cannot modify header information - headers already sent in D:\laragon\www\method-oldagehome\system\HTTP\ResponseTrait.php:774
Stack trace:
#0 [internal function]: CodeIgniter\Debug\Exceptions->errorHandler(2, 'Cannot modify h...', 'D:\\laragon\\www\\...', 774)
#1 D:\laragon\www\method-oldagehome\system\HTTP\ResponseTrait.php(774): setcookie('ci_session', 'ut71bjergsi7udj...', Array)
#2 D:\laragon\www\method-oldagehome\system\HTTP\ResponseTrait.php(750): CodeIgniter\HTTP\Response->doSetCookie('ci_session', 'ut71bjergsi7udj...', Array)
#3 D:\laragon\www\method-oldagehome\system\HTTP\ResponseTrait.php(730): CodeIgniter\HTTP\Response->dispatchCookies()
#4 D:\laragon\www\method-oldagehome\system\HTTP\ResponseTrait.php(447): CodeIgniter\HTTP\Response->sendCookies()
#5 D:\laragon\www\method-oldagehome\system\Debug\ExceptionHandler.php(78): CodeIgniter\HTTP\Response->send()
#6 D:\laragon\www\method-oldagehome\system\Debug\Exceptions.php(147): CodeIgniter\Debug\ExceptionHandler->handle(Object(CodeIgniter\Exceptions\PageNotFoundException), Object(CodeIgniter\HTTP\IncomingRequest), Object(CodeIgniter\HTTP\Response), 404, 1)
#7 [internal function]: CodeIgniter\Debug\Exceptions->exceptionHandler(Object(CodeIgniter\Exceptions\PageNotFoundException))
#8 {main}
  thrown
【Previous Exception】
CodeIgniter\Exceptions\PageNotFoundException
Page Not Found
#0 D:\laragon\www\method-oldagehome\system\CodeIgniter.php(967): CodeIgniter\Exceptions\PageNotFoundException::forPageNotFound(NULL)
#1 D:\laragon\www\method-oldagehome\system\CodeIgniter.php(362): CodeIgniter\CodeIgniter->display404errors(Object(CodeIgniter\Exceptions\PageNotFoundException))
#2 D:\laragon\www\method-oldagehome\public\index.php(79): CodeIgniter\CodeIgniter->run()
#3 D:\laragon\www\method-oldagehome\system\Commands\Server\rewrite.php(47): require_once('D:\\laragon\\www\\...')
#4 {main}
in SYSTEMPATH\HTTP\ResponseTrait.php on line 774.
 1 [internal function]: CodeIgniter\Debug\Exceptions->shutdownHandler()
CRITICAL - 2024-11-13 07:43:18 --> Uncaught ErrorException: Cannot modify header information - headers already sent in D:\laragon\www\method-oldagehome\system\HTTP\ResponseTrait.php:774
Stack trace:
#0 [internal function]: CodeIgniter\Debug\Exceptions->errorHandler(2, 'Cannot modify h...', 'D:\\laragon\\www\\...', 774)
#1 D:\laragon\www\method-oldagehome\system\HTTP\ResponseTrait.php(774): setcookie('ci_session', 'ut71bjergsi7udj...', Array)
#2 D:\laragon\www\method-oldagehome\system\HTTP\ResponseTrait.php(750): CodeIgniter\HTTP\Response->doSetCookie('ci_session', 'ut71bjergsi7udj...', Array)
#3 D:\laragon\www\method-oldagehome\system\HTTP\ResponseTrait.php(730): CodeIgniter\HTTP\Response->dispatchCookies()
#4 D:\laragon\www\method-oldagehome\system\HTTP\ResponseTrait.php(447): CodeIgniter\HTTP\Response->sendCookies()
#5 D:\laragon\www\method-oldagehome\system\Debug\ExceptionHandler.php(78): CodeIgniter\HTTP\Response->send()
#6 D:\laragon\www\method-oldagehome\system\Debug\Exceptions.php(147): CodeIgniter\Debug\ExceptionHandler->handle(Object(CodeIgniter\Exceptions\PageNotFoundException), Object(CodeIgniter\HTTP\IncomingRequest), Object(CodeIgniter\HTTP\Response), 404, 1)
#7 [internal function]: CodeIgniter\Debug\Exceptions->exceptionHandler(Object(CodeIgniter\Exceptions\PageNotFoundException))
#8 {main}
  thrown
【Previous Exception】
CodeIgniter\Exceptions\PageNotFoundException
Page Not Found
#0 D:\laragon\www\method-oldagehome\system\CodeIgniter.php(967): CodeIgniter\Exceptions\PageNotFoundException::forPageNotFound(NULL)
#1 D:\laragon\www\method-oldagehome\system\CodeIgniter.php(362): CodeIgniter\CodeIgniter->display404errors(Object(CodeIgniter\Exceptions\PageNotFoundException))
#2 D:\laragon\www\method-oldagehome\public\index.php(79): CodeIgniter\CodeIgniter->run()
#3 D:\laragon\www\method-oldagehome\system\Commands\Server\rewrite.php(47): require_once('D:\\laragon\\www\\...')
#4 {main}
in SYSTEMPATH\HTTP\ResponseTrait.php on line 774.
 1 [internal function]: CodeIgniter\Debug\Exceptions->shutdownHandler()
CRITICAL - 2024-11-13 07:43:19 --> Uncaught ErrorException: Cannot modify header information - headers already sent in D:\laragon\www\method-oldagehome\system\HTTP\ResponseTrait.php:774
Stack trace:
#0 [internal function]: CodeIgniter\Debug\Exceptions->errorHandler(2, 'Cannot modify h...', 'D:\\laragon\\www\\...', 774)
#1 D:\laragon\www\method-oldagehome\system\HTTP\ResponseTrait.php(774): setcookie('ci_session', 'ut71bjergsi7udj...', Array)
#2 D:\laragon\www\method-oldagehome\system\HTTP\ResponseTrait.php(750): CodeIgniter\HTTP\Response->doSetCookie('ci_session', 'ut71bjergsi7udj...', Array)
#3 D:\laragon\www\method-oldagehome\system\HTTP\ResponseTrait.php(730): CodeIgniter\HTTP\Response->dispatchCookies()
#4 D:\laragon\www\method-oldagehome\system\HTTP\ResponseTrait.php(447): CodeIgniter\HTTP\Response->sendCookies()
#5 D:\laragon\www\method-oldagehome\system\Debug\ExceptionHandler.php(78): CodeIgniter\HTTP\Response->send()
#6 D:\laragon\www\method-oldagehome\system\Debug\Exceptions.php(147): CodeIgniter\Debug\ExceptionHandler->handle(Object(CodeIgniter\Exceptions\PageNotFoundException), Object(CodeIgniter\HTTP\IncomingRequest), Object(CodeIgniter\HTTP\Response), 404, 1)
#7 [internal function]: CodeIgniter\Debug\Exceptions->exceptionHandler(Object(CodeIgniter\Exceptions\PageNotFoundException))
#8 {main}
  thrown
【Previous Exception】
CodeIgniter\Exceptions\PageNotFoundException
Page Not Found
#0 D:\laragon\www\method-oldagehome\system\CodeIgniter.php(967): CodeIgniter\Exceptions\PageNotFoundException::forPageNotFound(NULL)
#1 D:\laragon\www\method-oldagehome\system\CodeIgniter.php(362): CodeIgniter\CodeIgniter->display404errors(Object(CodeIgniter\Exceptions\PageNotFoundException))
#2 D:\laragon\www\method-oldagehome\public\index.php(79): CodeIgniter\CodeIgniter->run()
#3 D:\laragon\www\method-oldagehome\system\Commands\Server\rewrite.php(47): require_once('D:\\laragon\\www\\...')
#4 {main}
in SYSTEMPATH\HTTP\ResponseTrait.php on line 774.
 1 [internal function]: CodeIgniter\Debug\Exceptions->shutdownHandler()
CRITICAL - 2024-11-13 07:43:20 --> Uncaught ErrorException: Cannot modify header information - headers already sent in D:\laragon\www\method-oldagehome\system\HTTP\ResponseTrait.php:774
Stack trace:
#0 [internal function]: CodeIgniter\Debug\Exceptions->errorHandler(2, 'Cannot modify h...', 'D:\\laragon\\www\\...', 774)
#1 D:\laragon\www\method-oldagehome\system\HTTP\ResponseTrait.php(774): setcookie('ci_session', 'ut71bjergsi7udj...', Array)
#2 D:\laragon\www\method-oldagehome\system\HTTP\ResponseTrait.php(750): CodeIgniter\HTTP\Response->doSetCookie('ci_session', 'ut71bjergsi7udj...', Array)
#3 D:\laragon\www\method-oldagehome\system\HTTP\ResponseTrait.php(730): CodeIgniter\HTTP\Response->dispatchCookies()
#4 D:\laragon\www\method-oldagehome\system\HTTP\ResponseTrait.php(447): CodeIgniter\HTTP\Response->sendCookies()
#5 D:\laragon\www\method-oldagehome\system\Debug\ExceptionHandler.php(78): CodeIgniter\HTTP\Response->send()
#6 D:\laragon\www\method-oldagehome\system\Debug\Exceptions.php(147): CodeIgniter\Debug\ExceptionHandler->handle(Object(CodeIgniter\Exceptions\PageNotFoundException), Object(CodeIgniter\HTTP\IncomingRequest), Object(CodeIgniter\HTTP\Response), 404, 1)
#7 [internal function]: CodeIgniter\Debug\Exceptions->exceptionHandler(Object(CodeIgniter\Exceptions\PageNotFoundException))
#8 {main}
  thrown
【Previous Exception】
CodeIgniter\Exceptions\PageNotFoundException
Page Not Found
#0 D:\laragon\www\method-oldagehome\system\CodeIgniter.php(967): CodeIgniter\Exceptions\PageNotFoundException::forPageNotFound(NULL)
#1 D:\laragon\www\method-oldagehome\system\CodeIgniter.php(362): CodeIgniter\CodeIgniter->display404errors(Object(CodeIgniter\Exceptions\PageNotFoundException))
#2 D:\laragon\www\method-oldagehome\public\index.php(79): CodeIgniter\CodeIgniter->run()
#3 D:\laragon\www\method-oldagehome\system\Commands\Server\rewrite.php(47): require_once('D:\\laragon\\www\\...')
#4 {main}
in SYSTEMPATH\HTTP\ResponseTrait.php on line 774.
 1 [internal function]: CodeIgniter\Debug\Exceptions->shutdownHandler()
CRITICAL - 2024-11-13 07:43:21 --> Uncaught ErrorException: Cannot modify header information - headers already sent in D:\laragon\www\method-oldagehome\system\HTTP\ResponseTrait.php:774
Stack trace:
#0 [internal function]: CodeIgniter\Debug\Exceptions->errorHandler(2, 'Cannot modify h...', 'D:\\laragon\\www\\...', 774)
#1 D:\laragon\www\method-oldagehome\system\HTTP\ResponseTrait.php(774): setcookie('ci_session', 'ut71bjergsi7udj...', Array)
#2 D:\laragon\www\method-oldagehome\system\HTTP\ResponseTrait.php(750): CodeIgniter\HTTP\Response->doSetCookie('ci_session', 'ut71bjergsi7udj...', Array)
#3 D:\laragon\www\method-oldagehome\system\HTTP\ResponseTrait.php(730): CodeIgniter\HTTP\Response->dispatchCookies()
#4 D:\laragon\www\method-oldagehome\system\HTTP\ResponseTrait.php(447): CodeIgniter\HTTP\Response->sendCookies()
#5 D:\laragon\www\method-oldagehome\system\Debug\ExceptionHandler.php(78): CodeIgniter\HTTP\Response->send()
#6 D:\laragon\www\method-oldagehome\system\Debug\Exceptions.php(147): CodeIgniter\Debug\ExceptionHandler->handle(Object(CodeIgniter\Exceptions\PageNotFoundException), Object(CodeIgniter\HTTP\IncomingRequest), Object(CodeIgniter\HTTP\Response), 404, 1)
#7 [internal function]: CodeIgniter\Debug\Exceptions->exceptionHandler(Object(CodeIgniter\Exceptions\PageNotFoundException))
#8 {main}
  thrown
【Previous Exception】
CodeIgniter\Exceptions\PageNotFoundException
Page Not Found
#0 D:\laragon\www\method-oldagehome\system\CodeIgniter.php(967): CodeIgniter\Exceptions\PageNotFoundException::forPageNotFound(NULL)
#1 D:\laragon\www\method-oldagehome\system\CodeIgniter.php(362): CodeIgniter\CodeIgniter->display404errors(Object(CodeIgniter\Exceptions\PageNotFoundException))
#2 D:\laragon\www\method-oldagehome\public\index.php(79): CodeIgniter\CodeIgniter->run()
#3 D:\laragon\www\method-oldagehome\system\Commands\Server\rewrite.php(47): require_once('D:\\laragon\\www\\...')
#4 {main}
in SYSTEMPATH\HTTP\ResponseTrait.php on line 774.
 1 [internal function]: CodeIgniter\Debug\Exceptions->shutdownHandler()
CRITICAL - 2024-11-13 07:43:22 --> Uncaught ErrorException: Cannot modify header information - headers already sent in D:\laragon\www\method-oldagehome\system\HTTP\ResponseTrait.php:774
Stack trace:
#0 [internal function]: CodeIgniter\Debug\Exceptions->errorHandler(2, 'Cannot modify h...', 'D:\\laragon\\www\\...', 774)
#1 D:\laragon\www\method-oldagehome\system\HTTP\ResponseTrait.php(774): setcookie('ci_session', 'ut71bjergsi7udj...', Array)
#2 D:\laragon\www\method-oldagehome\system\HTTP\ResponseTrait.php(750): CodeIgniter\HTTP\Response->doSetCookie('ci_session', 'ut71bjergsi7udj...', Array)
#3 D:\laragon\www\method-oldagehome\system\HTTP\ResponseTrait.php(730): CodeIgniter\HTTP\Response->dispatchCookies()
#4 D:\laragon\www\method-oldagehome\system\HTTP\ResponseTrait.php(447): CodeIgniter\HTTP\Response->sendCookies()
#5 D:\laragon\www\method-oldagehome\system\Debug\ExceptionHandler.php(78): CodeIgniter\HTTP\Response->send()
#6 D:\laragon\www\method-oldagehome\system\Debug\Exceptions.php(147): CodeIgniter\Debug\ExceptionHandler->handle(Object(CodeIgniter\Exceptions\PageNotFoundException), Object(CodeIgniter\HTTP\IncomingRequest), Object(CodeIgniter\HTTP\Response), 404, 1)
#7 [internal function]: CodeIgniter\Debug\Exceptions->exceptionHandler(Object(CodeIgniter\Exceptions\PageNotFoundException))
#8 {main}
  thrown
【Previous Exception】
CodeIgniter\Exceptions\PageNotFoundException
Page Not Found
#0 D:\laragon\www\method-oldagehome\system\CodeIgniter.php(967): CodeIgniter\Exceptions\PageNotFoundException::forPageNotFound(NULL)
#1 D:\laragon\www\method-oldagehome\system\CodeIgniter.php(362): CodeIgniter\CodeIgniter->display404errors(Object(CodeIgniter\Exceptions\PageNotFoundException))
#2 D:\laragon\www\method-oldagehome\public\index.php(79): CodeIgniter\CodeIgniter->run()
#3 D:\laragon\www\method-oldagehome\system\Commands\Server\rewrite.php(47): require_once('D:\\laragon\\www\\...')
#4 {main}
in SYSTEMPATH\HTTP\ResponseTrait.php on line 774.
 1 [internal function]: CodeIgniter\Debug\Exceptions->shutdownHandler()
CRITICAL - 2024-11-13 07:43:23 --> Uncaught ErrorException: Cannot modify header information - headers already sent in D:\laragon\www\method-oldagehome\system\HTTP\ResponseTrait.php:774
Stack trace:
#0 [internal function]: CodeIgniter\Debug\Exceptions->errorHandler(2, 'Cannot modify h...', 'D:\\laragon\\www\\...', 774)
#1 D:\laragon\www\method-oldagehome\system\HTTP\ResponseTrait.php(774): setcookie('ci_session', 'ut71bjergsi7udj...', Array)
#2 D:\laragon\www\method-oldagehome\system\HTTP\ResponseTrait.php(750): CodeIgniter\HTTP\Response->doSetCookie('ci_session', 'ut71bjergsi7udj...', Array)
#3 D:\laragon\www\method-oldagehome\system\HTTP\ResponseTrait.php(730): CodeIgniter\HTTP\Response->dispatchCookies()
#4 D:\laragon\www\method-oldagehome\system\HTTP\ResponseTrait.php(447): CodeIgniter\HTTP\Response->sendCookies()
#5 D:\laragon\www\method-oldagehome\system\Debug\ExceptionHandler.php(78): CodeIgniter\HTTP\Response->send()
#6 D:\laragon\www\method-oldagehome\system\Debug\Exceptions.php(147): CodeIgniter\Debug\ExceptionHandler->handle(Object(CodeIgniter\Exceptions\PageNotFoundException), Object(CodeIgniter\HTTP\IncomingRequest), Object(CodeIgniter\HTTP\Response), 404, 1)
#7 [internal function]: CodeIgniter\Debug\Exceptions->exceptionHandler(Object(CodeIgniter\Exceptions\PageNotFoundException))
#8 {main}
  thrown
【Previous Exception】
CodeIgniter\Exceptions\PageNotFoundException
Page Not Found
#0 D:\laragon\www\method-oldagehome\system\CodeIgniter.php(967): CodeIgniter\Exceptions\PageNotFoundException::forPageNotFound(NULL)
#1 D:\laragon\www\method-oldagehome\system\CodeIgniter.php(362): CodeIgniter\CodeIgniter->display404errors(Object(CodeIgniter\Exceptions\PageNotFoundException))
#2 D:\laragon\www\method-oldagehome\public\index.php(79): CodeIgniter\CodeIgniter->run()
#3 D:\laragon\www\method-oldagehome\system\Commands\Server\rewrite.php(47): require_once('D:\\laragon\\www\\...')
#4 {main}
in SYSTEMPATH\HTTP\ResponseTrait.php on line 774.
 1 [internal function]: CodeIgniter\Debug\Exceptions->shutdownHandler()
CRITICAL - 2024-11-13 07:43:24 --> Uncaught ErrorException: Cannot modify header information - headers already sent in D:\laragon\www\method-oldagehome\system\HTTP\ResponseTrait.php:774
Stack trace:
#0 [internal function]: CodeIgniter\Debug\Exceptions->errorHandler(2, 'Cannot modify h...', 'D:\\laragon\\www\\...', 774)
#1 D:\laragon\www\method-oldagehome\system\HTTP\ResponseTrait.php(774): setcookie('ci_session', 'ut71bjergsi7udj...', Array)
#2 D:\laragon\www\method-oldagehome\system\HTTP\ResponseTrait.php(750): CodeIgniter\HTTP\Response->doSetCookie('ci_session', 'ut71bjergsi7udj...', Array)
#3 D:\laragon\www\method-oldagehome\system\HTTP\ResponseTrait.php(730): CodeIgniter\HTTP\Response->dispatchCookies()
#4 D:\laragon\www\method-oldagehome\system\HTTP\ResponseTrait.php(447): CodeIgniter\HTTP\Response->sendCookies()
#5 D:\laragon\www\method-oldagehome\system\Debug\ExceptionHandler.php(78): CodeIgniter\HTTP\Response->send()
#6 D:\laragon\www\method-oldagehome\system\Debug\Exceptions.php(147): CodeIgniter\Debug\ExceptionHandler->handle(Object(CodeIgniter\Exceptions\PageNotFoundException), Object(CodeIgniter\HTTP\IncomingRequest), Object(CodeIgniter\HTTP\Response), 404, 1)
#7 [internal function]: CodeIgniter\Debug\Exceptions->exceptionHandler(Object(CodeIgniter\Exceptions\PageNotFoundException))
#8 {main}
  thrown
【Previous Exception】
CodeIgniter\Exceptions\PageNotFoundException
Page Not Found
#0 D:\laragon\www\method-oldagehome\system\CodeIgniter.php(967): CodeIgniter\Exceptions\PageNotFoundException::forPageNotFound(NULL)
#1 D:\laragon\www\method-oldagehome\system\CodeIgniter.php(362): CodeIgniter\CodeIgniter->display404errors(Object(CodeIgniter\Exceptions\PageNotFoundException))
#2 D:\laragon\www\method-oldagehome\public\index.php(79): CodeIgniter\CodeIgniter->run()
#3 D:\laragon\www\method-oldagehome\system\Commands\Server\rewrite.php(47): require_once('D:\\laragon\\www\\...')
#4 {main}
in SYSTEMPATH\HTTP\ResponseTrait.php on line 774.
 1 [internal function]: CodeIgniter\Debug\Exceptions->shutdownHandler()
CRITICAL - 2024-11-13 07:43:25 --> Uncaught ErrorException: Cannot modify header information - headers already sent in D:\laragon\www\method-oldagehome\system\HTTP\ResponseTrait.php:774
Stack trace:
#0 [internal function]: CodeIgniter\Debug\Exceptions->errorHandler(2, 'Cannot modify h...', 'D:\\laragon\\www\\...', 774)
#1 D:\laragon\www\method-oldagehome\system\HTTP\ResponseTrait.php(774): setcookie('ci_session', 'ut71bjergsi7udj...', Array)
#2 D:\laragon\www\method-oldagehome\system\HTTP\ResponseTrait.php(750): CodeIgniter\HTTP\Response->doSetCookie('ci_session', 'ut71bjergsi7udj...', Array)
#3 D:\laragon\www\method-oldagehome\system\HTTP\ResponseTrait.php(730): CodeIgniter\HTTP\Response->dispatchCookies()
#4 D:\laragon\www\method-oldagehome\system\HTTP\ResponseTrait.php(447): CodeIgniter\HTTP\Response->sendCookies()
#5 D:\laragon\www\method-oldagehome\system\Debug\ExceptionHandler.php(78): CodeIgniter\HTTP\Response->send()
#6 D:\laragon\www\method-oldagehome\system\Debug\Exceptions.php(147): CodeIgniter\Debug\ExceptionHandler->handle(Object(CodeIgniter\Exceptions\PageNotFoundException), Object(CodeIgniter\HTTP\IncomingRequest), Object(CodeIgniter\HTTP\Response), 404, 1)
#7 [internal function]: CodeIgniter\Debug\Exceptions->exceptionHandler(Object(CodeIgniter\Exceptions\PageNotFoundException))
#8 {main}
  thrown
【Previous Exception】
CodeIgniter\Exceptions\PageNotFoundException
Page Not Found
#0 D:\laragon\www\method-oldagehome\system\CodeIgniter.php(967): CodeIgniter\Exceptions\PageNotFoundException::forPageNotFound(NULL)
#1 D:\laragon\www\method-oldagehome\system\CodeIgniter.php(362): CodeIgniter\CodeIgniter->display404errors(Object(CodeIgniter\Exceptions\PageNotFoundException))
#2 D:\laragon\www\method-oldagehome\public\index.php(79): CodeIgniter\CodeIgniter->run()
#3 D:\laragon\www\method-oldagehome\system\Commands\Server\rewrite.php(47): require_once('D:\\laragon\\www\\...')
#4 {main}
in SYSTEMPATH\HTTP\ResponseTrait.php on line 774.
 1 [internal function]: CodeIgniter\Debug\Exceptions->shutdownHandler()
CRITICAL - 2024-11-13 07:43:26 --> Uncaught ErrorException: Cannot modify header information - headers already sent in D:\laragon\www\method-oldagehome\system\HTTP\ResponseTrait.php:774
Stack trace:
#0 [internal function]: CodeIgniter\Debug\Exceptions->errorHandler(2, 'Cannot modify h...', 'D:\\laragon\\www\\...', 774)
#1 D:\laragon\www\method-oldagehome\system\HTTP\ResponseTrait.php(774): setcookie('ci_session', 'ut71bjergsi7udj...', Array)
#2 D:\laragon\www\method-oldagehome\system\HTTP\ResponseTrait.php(750): CodeIgniter\HTTP\Response->doSetCookie('ci_session', 'ut71bjergsi7udj...', Array)
#3 D:\laragon\www\method-oldagehome\system\HTTP\ResponseTrait.php(730): CodeIgniter\HTTP\Response->dispatchCookies()
#4 D:\laragon\www\method-oldagehome\system\HTTP\ResponseTrait.php(447): CodeIgniter\HTTP\Response->sendCookies()
#5 D:\laragon\www\method-oldagehome\system\Debug\ExceptionHandler.php(78): CodeIgniter\HTTP\Response->send()
#6 D:\laragon\www\method-oldagehome\system\Debug\Exceptions.php(147): CodeIgniter\Debug\ExceptionHandler->handle(Object(CodeIgniter\Exceptions\PageNotFoundException), Object(CodeIgniter\HTTP\IncomingRequest), Object(CodeIgniter\HTTP\Response), 404, 1)
#7 [internal function]: CodeIgniter\Debug\Exceptions->exceptionHandler(Object(CodeIgniter\Exceptions\PageNotFoundException))
#8 {main}
  thrown
【Previous Exception】
CodeIgniter\Exceptions\PageNotFoundException
Page Not Found
#0 D:\laragon\www\method-oldagehome\system\CodeIgniter.php(967): CodeIgniter\Exceptions\PageNotFoundException::forPageNotFound(NULL)
#1 D:\laragon\www\method-oldagehome\system\CodeIgniter.php(362): CodeIgniter\CodeIgniter->display404errors(Object(CodeIgniter\Exceptions\PageNotFoundException))
#2 D:\laragon\www\method-oldagehome\public\index.php(79): CodeIgniter\CodeIgniter->run()
#3 D:\laragon\www\method-oldagehome\system\Commands\Server\rewrite.php(47): require_once('D:\\laragon\\www\\...')
#4 {main}
in SYSTEMPATH\HTTP\ResponseTrait.php on line 774.
 1 [internal function]: CodeIgniter\Debug\Exceptions->shutdownHandler()
CRITICAL - 2024-11-13 07:43:27 --> Uncaught ErrorException: Cannot modify header information - headers already sent in D:\laragon\www\method-oldagehome\system\HTTP\ResponseTrait.php:774
Stack trace:
#0 [internal function]: CodeIgniter\Debug\Exceptions->errorHandler(2, 'Cannot modify h...', 'D:\\laragon\\www\\...', 774)
#1 D:\laragon\www\method-oldagehome\system\HTTP\ResponseTrait.php(774): setcookie('ci_session', 'ut71bjergsi7udj...', Array)
#2 D:\laragon\www\method-oldagehome\system\HTTP\ResponseTrait.php(750): CodeIgniter\HTTP\Response->doSetCookie('ci_session', 'ut71bjergsi7udj...', Array)
#3 D:\laragon\www\method-oldagehome\system\HTTP\ResponseTrait.php(730): CodeIgniter\HTTP\Response->dispatchCookies()
#4 D:\laragon\www\method-oldagehome\system\HTTP\ResponseTrait.php(447): CodeIgniter\HTTP\Response->sendCookies()
#5 D:\laragon\www\method-oldagehome\system\Debug\ExceptionHandler.php(78): CodeIgniter\HTTP\Response->send()
#6 D:\laragon\www\method-oldagehome\system\Debug\Exceptions.php(147): CodeIgniter\Debug\ExceptionHandler->handle(Object(CodeIgniter\Exceptions\PageNotFoundException), Object(CodeIgniter\HTTP\IncomingRequest), Object(CodeIgniter\HTTP\Response), 404, 1)
#7 [internal function]: CodeIgniter\Debug\Exceptions->exceptionHandler(Object(CodeIgniter\Exceptions\PageNotFoundException))
#8 {main}
  thrown
【Previous Exception】
CodeIgniter\Exceptions\PageNotFoundException
Page Not Found
#0 D:\laragon\www\method-oldagehome\system\CodeIgniter.php(967): CodeIgniter\Exceptions\PageNotFoundException::forPageNotFound(NULL)
#1 D:\laragon\www\method-oldagehome\system\CodeIgniter.php(362): CodeIgniter\CodeIgniter->display404errors(Object(CodeIgniter\Exceptions\PageNotFoundException))
#2 D:\laragon\www\method-oldagehome\public\index.php(79): CodeIgniter\CodeIgniter->run()
#3 D:\laragon\www\method-oldagehome\system\Commands\Server\rewrite.php(47): require_once('D:\\laragon\\www\\...')
#4 {main}
in SYSTEMPATH\HTTP\ResponseTrait.php on line 774.
 1 [internal function]: CodeIgniter\Debug\Exceptions->shutdownHandler()
CRITICAL - 2024-11-13 07:43:28 --> Uncaught ErrorException: Cannot modify header information - headers already sent in D:\laragon\www\method-oldagehome\system\HTTP\ResponseTrait.php:774
Stack trace:
#0 [internal function]: CodeIgniter\Debug\Exceptions->errorHandler(2, 'Cannot modify h...', 'D:\\laragon\\www\\...', 774)
#1 D:\laragon\www\method-oldagehome\system\HTTP\ResponseTrait.php(774): setcookie('ci_session', 'ut71bjergsi7udj...', Array)
#2 D:\laragon\www\method-oldagehome\system\HTTP\ResponseTrait.php(750): CodeIgniter\HTTP\Response->doSetCookie('ci_session', 'ut71bjergsi7udj...', Array)
#3 D:\laragon\www\method-oldagehome\system\HTTP\ResponseTrait.php(730): CodeIgniter\HTTP\Response->dispatchCookies()
#4 D:\laragon\www\method-oldagehome\system\HTTP\ResponseTrait.php(447): CodeIgniter\HTTP\Response->sendCookies()
#5 D:\laragon\www\method-oldagehome\system\Debug\ExceptionHandler.php(78): CodeIgniter\HTTP\Response->send()
#6 D:\laragon\www\method-oldagehome\system\Debug\Exceptions.php(147): CodeIgniter\Debug\ExceptionHandler->handle(Object(CodeIgniter\Exceptions\PageNotFoundException), Object(CodeIgniter\HTTP\IncomingRequest), Object(CodeIgniter\HTTP\Response), 404, 1)
#7 [internal function]: CodeIgniter\Debug\Exceptions->exceptionHandler(Object(CodeIgniter\Exceptions\PageNotFoundException))
#8 {main}
  thrown
【Previous Exception】
CodeIgniter\Exceptions\PageNotFoundException
Page Not Found
#0 D:\laragon\www\method-oldagehome\system\CodeIgniter.php(967): CodeIgniter\Exceptions\PageNotFoundException::forPageNotFound(NULL)
#1 D:\laragon\www\method-oldagehome\system\CodeIgniter.php(362): CodeIgniter\CodeIgniter->display404errors(Object(CodeIgniter\Exceptions\PageNotFoundException))
#2 D:\laragon\www\method-oldagehome\public\index.php(79): CodeIgniter\CodeIgniter->run()
#3 D:\laragon\www\method-oldagehome\system\Commands\Server\rewrite.php(47): require_once('D:\\laragon\\www\\...')
#4 {main}
in SYSTEMPATH\HTTP\ResponseTrait.php on line 774.
 1 [internal function]: CodeIgniter\Debug\Exceptions->shutdownHandler()
CRITICAL - 2024-11-13 07:43:29 --> Uncaught ErrorException: Cannot modify header information - headers already sent in D:\laragon\www\method-oldagehome\system\HTTP\ResponseTrait.php:774
Stack trace:
#0 [internal function]: CodeIgniter\Debug\Exceptions->errorHandler(2, 'Cannot modify h...', 'D:\\laragon\\www\\...', 774)
#1 D:\laragon\www\method-oldagehome\system\HTTP\ResponseTrait.php(774): setcookie('ci_session', 'ut71bjergsi7udj...', Array)
#2 D:\laragon\www\method-oldagehome\system\HTTP\ResponseTrait.php(750): CodeIgniter\HTTP\Response->doSetCookie('ci_session', 'ut71bjergsi7udj...', Array)
#3 D:\laragon\www\method-oldagehome\system\HTTP\ResponseTrait.php(730): CodeIgniter\HTTP\Response->dispatchCookies()
#4 D:\laragon\www\method-oldagehome\system\HTTP\ResponseTrait.php(447): CodeIgniter\HTTP\Response->sendCookies()
#5 D:\laragon\www\method-oldagehome\system\Debug\ExceptionHandler.php(78): CodeIgniter\HTTP\Response->send()
#6 D:\laragon\www\method-oldagehome\system\Debug\Exceptions.php(147): CodeIgniter\Debug\ExceptionHandler->handle(Object(CodeIgniter\Exceptions\PageNotFoundException), Object(CodeIgniter\HTTP\IncomingRequest), Object(CodeIgniter\HTTP\Response), 404, 1)
#7 [internal function]: CodeIgniter\Debug\Exceptions->exceptionHandler(Object(CodeIgniter\Exceptions\PageNotFoundException))
#8 {main}
  thrown
【Previous Exception】
CodeIgniter\Exceptions\PageNotFoundException
Page Not Found
#0 D:\laragon\www\method-oldagehome\system\CodeIgniter.php(967): CodeIgniter\Exceptions\PageNotFoundException::forPageNotFound(NULL)
#1 D:\laragon\www\method-oldagehome\system\CodeIgniter.php(362): CodeIgniter\CodeIgniter->display404errors(Object(CodeIgniter\Exceptions\PageNotFoundException))
#2 D:\laragon\www\method-oldagehome\public\index.php(79): CodeIgniter\CodeIgniter->run()
#3 D:\laragon\www\method-oldagehome\system\Commands\Server\rewrite.php(47): require_once('D:\\laragon\\www\\...')
#4 {main}
in SYSTEMPATH\HTTP\ResponseTrait.php on line 774.
 1 [internal function]: CodeIgniter\Debug\Exceptions->shutdownHandler()
CRITICAL - 2024-11-13 07:43:30 --> Uncaught ErrorException: Cannot modify header information - headers already sent in D:\laragon\www\method-oldagehome\system\HTTP\ResponseTrait.php:774
Stack trace:
#0 [internal function]: CodeIgniter\Debug\Exceptions->errorHandler(2, 'Cannot modify h...', 'D:\\laragon\\www\\...', 774)
#1 D:\laragon\www\method-oldagehome\system\HTTP\ResponseTrait.php(774): setcookie('ci_session', 'ut71bjergsi7udj...', Array)
#2 D:\laragon\www\method-oldagehome\system\HTTP\ResponseTrait.php(750): CodeIgniter\HTTP\Response->doSetCookie('ci_session', 'ut71bjergsi7udj...', Array)
#3 D:\laragon\www\method-oldagehome\system\HTTP\ResponseTrait.php(730): CodeIgniter\HTTP\Response->dispatchCookies()
#4 D:\laragon\www\method-oldagehome\system\HTTP\ResponseTrait.php(447): CodeIgniter\HTTP\Response->sendCookies()
#5 D:\laragon\www\method-oldagehome\system\Debug\ExceptionHandler.php(78): CodeIgniter\HTTP\Response->send()
#6 D:\laragon\www\method-oldagehome\system\Debug\Exceptions.php(147): CodeIgniter\Debug\ExceptionHandler->handle(Object(CodeIgniter\Exceptions\PageNotFoundException), Object(CodeIgniter\HTTP\IncomingRequest), Object(CodeIgniter\HTTP\Response), 404, 1)
#7 [internal function]: CodeIgniter\Debug\Exceptions->exceptionHandler(Object(CodeIgniter\Exceptions\PageNotFoundException))
#8 {main}
  thrown
【Previous Exception】
CodeIgniter\Exceptions\PageNotFoundException
Page Not Found
#0 D:\laragon\www\method-oldagehome\system\CodeIgniter.php(967): CodeIgniter\Exceptions\PageNotFoundException::forPageNotFound(NULL)
#1 D:\laragon\www\method-oldagehome\system\CodeIgniter.php(362): CodeIgniter\CodeIgniter->display404errors(Object(CodeIgniter\Exceptions\PageNotFoundException))
#2 D:\laragon\www\method-oldagehome\public\index.php(79): CodeIgniter\CodeIgniter->run()
#3 D:\laragon\www\method-oldagehome\system\Commands\Server\rewrite.php(47): require_once('D:\\laragon\\www\\...')
#4 {main}
in SYSTEMPATH\HTTP\ResponseTrait.php on line 774.
 1 [internal function]: CodeIgniter\Debug\Exceptions->shutdownHandler()
CRITICAL - 2024-11-13 07:43:31 --> Uncaught ErrorException: Cannot modify header information - headers already sent in D:\laragon\www\method-oldagehome\system\HTTP\ResponseTrait.php:774
Stack trace:
#0 [internal function]: CodeIgniter\Debug\Exceptions->errorHandler(2, 'Cannot modify h...', 'D:\\laragon\\www\\...', 774)
#1 D:\laragon\www\method-oldagehome\system\HTTP\ResponseTrait.php(774): setcookie('ci_session', 'ut71bjergsi7udj...', Array)
#2 D:\laragon\www\method-oldagehome\system\HTTP\ResponseTrait.php(750): CodeIgniter\HTTP\Response->doSetCookie('ci_session', 'ut71bjergsi7udj...', Array)
#3 D:\laragon\www\method-oldagehome\system\HTTP\ResponseTrait.php(730): CodeIgniter\HTTP\Response->dispatchCookies()
#4 D:\laragon\www\method-oldagehome\system\HTTP\ResponseTrait.php(447): CodeIgniter\HTTP\Response->sendCookies()
#5 D:\laragon\www\method-oldagehome\system\Debug\ExceptionHandler.php(78): CodeIgniter\HTTP\Response->send()
#6 D:\laragon\www\method-oldagehome\system\Debug\Exceptions.php(147): CodeIgniter\Debug\ExceptionHandler->handle(Object(CodeIgniter\Exceptions\PageNotFoundException), Object(CodeIgniter\HTTP\IncomingRequest), Object(CodeIgniter\HTTP\Response), 404, 1)
#7 [internal function]: CodeIgniter\Debug\Exceptions->exceptionHandler(Object(CodeIgniter\Exceptions\PageNotFoundException))
#8 {main}
  thrown
【Previous Exception】
CodeIgniter\Exceptions\PageNotFoundException
Page Not Found
#0 D:\laragon\www\method-oldagehome\system\CodeIgniter.php(967): CodeIgniter\Exceptions\PageNotFoundException::forPageNotFound(NULL)
#1 D:\laragon\www\method-oldagehome\system\CodeIgniter.php(362): CodeIgniter\CodeIgniter->display404errors(Object(CodeIgniter\Exceptions\PageNotFoundException))
#2 D:\laragon\www\method-oldagehome\public\index.php(79): CodeIgniter\CodeIgniter->run()
#3 D:\laragon\www\method-oldagehome\system\Commands\Server\rewrite.php(47): require_once('D:\\laragon\\www\\...')
#4 {main}
in SYSTEMPATH\HTTP\ResponseTrait.php on line 774.
 1 [internal function]: CodeIgniter\Debug\Exceptions->shutdownHandler()
CRITICAL - 2024-11-13 07:43:32 --> Uncaught ErrorException: Cannot modify header information - headers already sent in D:\laragon\www\method-oldagehome\system\HTTP\ResponseTrait.php:774
Stack trace:
#0 [internal function]: CodeIgniter\Debug\Exceptions->errorHandler(2, 'Cannot modify h...', 'D:\\laragon\\www\\...', 774)
#1 D:\laragon\www\method-oldagehome\system\HTTP\ResponseTrait.php(774): setcookie('ci_session', 'ut71bjergsi7udj...', Array)
#2 D:\laragon\www\method-oldagehome\system\HTTP\ResponseTrait.php(750): CodeIgniter\HTTP\Response->doSetCookie('ci_session', 'ut71bjergsi7udj...', Array)
#3 D:\laragon\www\method-oldagehome\system\HTTP\ResponseTrait.php(730): CodeIgniter\HTTP\Response->dispatchCookies()
#4 D:\laragon\www\method-oldagehome\system\HTTP\ResponseTrait.php(447): CodeIgniter\HTTP\Response->sendCookies()
#5 D:\laragon\www\method-oldagehome\system\Debug\ExceptionHandler.php(78): CodeIgniter\HTTP\Response->send()
#6 D:\laragon\www\method-oldagehome\system\Debug\Exceptions.php(147): CodeIgniter\Debug\ExceptionHandler->handle(Object(CodeIgniter\Exceptions\PageNotFoundException), Object(CodeIgniter\HTTP\IncomingRequest), Object(CodeIgniter\HTTP\Response), 404, 1)
#7 [internal function]: CodeIgniter\Debug\Exceptions->exceptionHandler(Object(CodeIgniter\Exceptions\PageNotFoundException))
#8 {main}
  thrown
【Previous Exception】
CodeIgniter\Exceptions\PageNotFoundException
Page Not Found
#0 D:\laragon\www\method-oldagehome\system\CodeIgniter.php(967): CodeIgniter\Exceptions\PageNotFoundException::forPageNotFound(NULL)
#1 D:\laragon\www\method-oldagehome\system\CodeIgniter.php(362): CodeIgniter\CodeIgniter->display404errors(Object(CodeIgniter\Exceptions\PageNotFoundException))
#2 D:\laragon\www\method-oldagehome\public\index.php(79): CodeIgniter\CodeIgniter->run()
#3 D:\laragon\www\method-oldagehome\system\Commands\Server\rewrite.php(47): require_once('D:\\laragon\\www\\...')
#4 {main}
in SYSTEMPATH\HTTP\ResponseTrait.php on line 774.
 1 [internal function]: CodeIgniter\Debug\Exceptions->shutdownHandler()
CRITICAL - 2024-11-13 07:43:33 --> Uncaught ErrorException: Cannot modify header information - headers already sent in D:\laragon\www\method-oldagehome\system\HTTP\ResponseTrait.php:774
Stack trace:
#0 [internal function]: CodeIgniter\Debug\Exceptions->errorHandler(2, 'Cannot modify h...', 'D:\\laragon\\www\\...', 774)
#1 D:\laragon\www\method-oldagehome\system\HTTP\ResponseTrait.php(774): setcookie('ci_session', 'ut71bjergsi7udj...', Array)
#2 D:\laragon\www\method-oldagehome\system\HTTP\ResponseTrait.php(750): CodeIgniter\HTTP\Response->doSetCookie('ci_session', 'ut71bjergsi7udj...', Array)
#3 D:\laragon\www\method-oldagehome\system\HTTP\ResponseTrait.php(730): CodeIgniter\HTTP\Response->dispatchCookies()
#4 D:\laragon\www\method-oldagehome\system\HTTP\ResponseTrait.php(447): CodeIgniter\HTTP\Response->sendCookies()
#5 D:\laragon\www\method-oldagehome\system\Debug\ExceptionHandler.php(78): CodeIgniter\HTTP\Response->send()
#6 D:\laragon\www\method-oldagehome\system\Debug\Exceptions.php(147): CodeIgniter\Debug\ExceptionHandler->handle(Object(CodeIgniter\Exceptions\PageNotFoundException), Object(CodeIgniter\HTTP\IncomingRequest), Object(CodeIgniter\HTTP\Response), 404, 1)
#7 [internal function]: CodeIgniter\Debug\Exceptions->exceptionHandler(Object(CodeIgniter\Exceptions\PageNotFoundException))
#8 {main}
  thrown
【Previous Exception】
CodeIgniter\Exceptions\PageNotFoundException
Page Not Found
#0 D:\laragon\www\method-oldagehome\system\CodeIgniter.php(967): CodeIgniter\Exceptions\PageNotFoundException::forPageNotFound(NULL)
#1 D:\laragon\www\method-oldagehome\system\CodeIgniter.php(362): CodeIgniter\CodeIgniter->display404errors(Object(CodeIgniter\Exceptions\PageNotFoundException))
#2 D:\laragon\www\method-oldagehome\public\index.php(79): CodeIgniter\CodeIgniter->run()
#3 D:\laragon\www\method-oldagehome\system\Commands\Server\rewrite.php(47): require_once('D:\\laragon\\www\\...')
#4 {main}
in SYSTEMPATH\HTTP\ResponseTrait.php on line 774.
 1 [internal function]: CodeIgniter\Debug\Exceptions->shutdownHandler()
CRITICAL - 2024-11-13 07:43:34 --> Uncaught ErrorException: Cannot modify header information - headers already sent in D:\laragon\www\method-oldagehome\system\HTTP\ResponseTrait.php:774
Stack trace:
#0 [internal function]: CodeIgniter\Debug\Exceptions->errorHandler(2, 'Cannot modify h...', 'D:\\laragon\\www\\...', 774)
#1 D:\laragon\www\method-oldagehome\system\HTTP\ResponseTrait.php(774): setcookie('ci_session', 'ut71bjergsi7udj...', Array)
#2 D:\laragon\www\method-oldagehome\system\HTTP\ResponseTrait.php(750): CodeIgniter\HTTP\Response->doSetCookie('ci_session', 'ut71bjergsi7udj...', Array)
#3 D:\laragon\www\method-oldagehome\system\HTTP\ResponseTrait.php(730): CodeIgniter\HTTP\Response->dispatchCookies()
#4 D:\laragon\www\method-oldagehome\system\HTTP\ResponseTrait.php(447): CodeIgniter\HTTP\Response->sendCookies()
#5 D:\laragon\www\method-oldagehome\system\Debug\ExceptionHandler.php(78): CodeIgniter\HTTP\Response->send()
#6 D:\laragon\www\method-oldagehome\system\Debug\Exceptions.php(147): CodeIgniter\Debug\ExceptionHandler->handle(Object(CodeIgniter\Exceptions\PageNotFoundException), Object(CodeIgniter\HTTP\IncomingRequest), Object(CodeIgniter\HTTP\Response), 404, 1)
#7 [internal function]: CodeIgniter\Debug\Exceptions->exceptionHandler(Object(CodeIgniter\Exceptions\PageNotFoundException))
#8 {main}
  thrown
【Previous Exception】
CodeIgniter\Exceptions\PageNotFoundException
Page Not Found
#0 D:\laragon\www\method-oldagehome\system\CodeIgniter.php(967): CodeIgniter\Exceptions\PageNotFoundException::forPageNotFound(NULL)
#1 D:\laragon\www\method-oldagehome\system\CodeIgniter.php(362): CodeIgniter\CodeIgniter->display404errors(Object(CodeIgniter\Exceptions\PageNotFoundException))
#2 D:\laragon\www\method-oldagehome\public\index.php(79): CodeIgniter\CodeIgniter->run()
#3 D:\laragon\www\method-oldagehome\system\Commands\Server\rewrite.php(47): require_once('D:\\laragon\\www\\...')
#4 {main}
in SYSTEMPATH\HTTP\ResponseTrait.php on line 774.
 1 [internal function]: CodeIgniter\Debug\Exceptions->shutdownHandler()
CRITICAL - 2024-11-13 07:43:35 --> Uncaught ErrorException: Cannot modify header information - headers already sent in D:\laragon\www\method-oldagehome\system\HTTP\ResponseTrait.php:774
Stack trace:
#0 [internal function]: CodeIgniter\Debug\Exceptions->errorHandler(2, 'Cannot modify h...', 'D:\\laragon\\www\\...', 774)
#1 D:\laragon\www\method-oldagehome\system\HTTP\ResponseTrait.php(774): setcookie('ci_session', 'ut71bjergsi7udj...', Array)
#2 D:\laragon\www\method-oldagehome\system\HTTP\ResponseTrait.php(750): CodeIgniter\HTTP\Response->doSetCookie('ci_session', 'ut71bjergsi7udj...', Array)
#3 D:\laragon\www\method-oldagehome\system\HTTP\ResponseTrait.php(730): CodeIgniter\HTTP\Response->dispatchCookies()
#4 D:\laragon\www\method-oldagehome\system\HTTP\ResponseTrait.php(447): CodeIgniter\HTTP\Response->sendCookies()
#5 D:\laragon\www\method-oldagehome\system\Debug\ExceptionHandler.php(78): CodeIgniter\HTTP\Response->send()
#6 D:\laragon\www\method-oldagehome\system\Debug\Exceptions.php(147): CodeIgniter\Debug\ExceptionHandler->handle(Object(CodeIgniter\Exceptions\PageNotFoundException), Object(CodeIgniter\HTTP\IncomingRequest), Object(CodeIgniter\HTTP\Response), 404, 1)
#7 [internal function]: CodeIgniter\Debug\Exceptions->exceptionHandler(Object(CodeIgniter\Exceptions\PageNotFoundException))
#8 {main}
  thrown
【Previous Exception】
CodeIgniter\Exceptions\PageNotFoundException
Page Not Found
#0 D:\laragon\www\method-oldagehome\system\CodeIgniter.php(967): CodeIgniter\Exceptions\PageNotFoundException::forPageNotFound(NULL)
#1 D:\laragon\www\method-oldagehome\system\CodeIgniter.php(362): CodeIgniter\CodeIgniter->display404errors(Object(CodeIgniter\Exceptions\PageNotFoundException))
#2 D:\laragon\www\method-oldagehome\public\index.php(79): CodeIgniter\CodeIgniter->run()
#3 D:\laragon\www\method-oldagehome\system\Commands\Server\rewrite.php(47): require_once('D:\\laragon\\www\\...')
#4 {main}
in SYSTEMPATH\HTTP\ResponseTrait.php on line 774.
 1 [internal function]: CodeIgniter\Debug\Exceptions->shutdownHandler()
CRITICAL - 2024-11-13 07:43:36 --> Uncaught ErrorException: Cannot modify header information - headers already sent in D:\laragon\www\method-oldagehome\system\HTTP\ResponseTrait.php:774
Stack trace:
#0 [internal function]: CodeIgniter\Debug\Exceptions->errorHandler(2, 'Cannot modify h...', 'D:\\laragon\\www\\...', 774)
#1 D:\laragon\www\method-oldagehome\system\HTTP\ResponseTrait.php(774): setcookie('ci_session', 'ut71bjergsi7udj...', Array)
#2 D:\laragon\www\method-oldagehome\system\HTTP\ResponseTrait.php(750): CodeIgniter\HTTP\Response->doSetCookie('ci_session', 'ut71bjergsi7udj...', Array)
#3 D:\laragon\www\method-oldagehome\system\HTTP\ResponseTrait.php(730): CodeIgniter\HTTP\Response->dispatchCookies()
#4 D:\laragon\www\method-oldagehome\system\HTTP\ResponseTrait.php(447): CodeIgniter\HTTP\Response->sendCookies()
#5 D:\laragon\www\method-oldagehome\system\Debug\ExceptionHandler.php(78): CodeIgniter\HTTP\Response->send()
#6 D:\laragon\www\method-oldagehome\system\Debug\Exceptions.php(147): CodeIgniter\Debug\ExceptionHandler->handle(Object(CodeIgniter\Exceptions\PageNotFoundException), Object(CodeIgniter\HTTP\IncomingRequest), Object(CodeIgniter\HTTP\Response), 404, 1)
#7 [internal function]: CodeIgniter\Debug\Exceptions->exceptionHandler(Object(CodeIgniter\Exceptions\PageNotFoundException))
#8 {main}
  thrown
【Previous Exception】
CodeIgniter\Exceptions\PageNotFoundException
Page Not Found
#0 D:\laragon\www\method-oldagehome\system\CodeIgniter.php(967): CodeIgniter\Exceptions\PageNotFoundException::forPageNotFound(NULL)
#1 D:\laragon\www\method-oldagehome\system\CodeIgniter.php(362): CodeIgniter\CodeIgniter->display404errors(Object(CodeIgniter\Exceptions\PageNotFoundException))
#2 D:\laragon\www\method-oldagehome\public\index.php(79): CodeIgniter\CodeIgniter->run()
#3 D:\laragon\www\method-oldagehome\system\Commands\Server\rewrite.php(47): require_once('D:\\laragon\\www\\...')
#4 {main}
in SYSTEMPATH\HTTP\ResponseTrait.php on line 774.
 1 [internal function]: CodeIgniter\Debug\Exceptions->shutdownHandler()
CRITICAL - 2024-11-13 07:43:37 --> Uncaught ErrorException: Cannot modify header information - headers already sent in D:\laragon\www\method-oldagehome\system\HTTP\ResponseTrait.php:774
Stack trace:
#0 [internal function]: CodeIgniter\Debug\Exceptions->errorHandler(2, 'Cannot modify h...', 'D:\\laragon\\www\\...', 774)
#1 D:\laragon\www\method-oldagehome\system\HTTP\ResponseTrait.php(774): setcookie('ci_session', 'ut71bjergsi7udj...', Array)
#2 D:\laragon\www\method-oldagehome\system\HTTP\ResponseTrait.php(750): CodeIgniter\HTTP\Response->doSetCookie('ci_session', 'ut71bjergsi7udj...', Array)
#3 D:\laragon\www\method-oldagehome\system\HTTP\ResponseTrait.php(730): CodeIgniter\HTTP\Response->dispatchCookies()
#4 D:\laragon\www\method-oldagehome\system\HTTP\ResponseTrait.php(447): CodeIgniter\HTTP\Response->sendCookies()
#5 D:\laragon\www\method-oldagehome\system\Debug\ExceptionHandler.php(78): CodeIgniter\HTTP\Response->send()
#6 D:\laragon\www\method-oldagehome\system\Debug\Exceptions.php(147): CodeIgniter\Debug\ExceptionHandler->handle(Object(CodeIgniter\Exceptions\PageNotFoundException), Object(CodeIgniter\HTTP\IncomingRequest), Object(CodeIgniter\HTTP\Response), 404, 1)
#7 [internal function]: CodeIgniter\Debug\Exceptions->exceptionHandler(Object(CodeIgniter\Exceptions\PageNotFoundException))
#8 {main}
  thrown
【Previous Exception】
CodeIgniter\Exceptions\PageNotFoundException
Page Not Found
#0 D:\laragon\www\method-oldagehome\system\CodeIgniter.php(967): CodeIgniter\Exceptions\PageNotFoundException::forPageNotFound(NULL)
#1 D:\laragon\www\method-oldagehome\system\CodeIgniter.php(362): CodeIgniter\CodeIgniter->display404errors(Object(CodeIgniter\Exceptions\PageNotFoundException))
#2 D:\laragon\www\method-oldagehome\public\index.php(79): CodeIgniter\CodeIgniter->run()
#3 D:\laragon\www\method-oldagehome\system\Commands\Server\rewrite.php(47): require_once('D:\\laragon\\www\\...')
#4 {main}
in SYSTEMPATH\HTTP\ResponseTrait.php on line 774.
 1 [internal function]: CodeIgniter\Debug\Exceptions->shutdownHandler()
CRITICAL - 2024-11-13 07:43:38 --> Uncaught ErrorException: Cannot modify header information - headers already sent in D:\laragon\www\method-oldagehome\system\HTTP\ResponseTrait.php:774
Stack trace:
#0 [internal function]: CodeIgniter\Debug\Exceptions->errorHandler(2, 'Cannot modify h...', 'D:\\laragon\\www\\...', 774)
#1 D:\laragon\www\method-oldagehome\system\HTTP\ResponseTrait.php(774): setcookie('ci_session', 'ut71bjergsi7udj...', Array)
#2 D:\laragon\www\method-oldagehome\system\HTTP\ResponseTrait.php(750): CodeIgniter\HTTP\Response->doSetCookie('ci_session', 'ut71bjergsi7udj...', Array)
#3 D:\laragon\www\method-oldagehome\system\HTTP\ResponseTrait.php(730): CodeIgniter\HTTP\Response->dispatchCookies()
#4 D:\laragon\www\method-oldagehome\system\HTTP\ResponseTrait.php(447): CodeIgniter\HTTP\Response->sendCookies()
#5 D:\laragon\www\method-oldagehome\system\Debug\ExceptionHandler.php(78): CodeIgniter\HTTP\Response->send()
#6 D:\laragon\www\method-oldagehome\system\Debug\Exceptions.php(147): CodeIgniter\Debug\ExceptionHandler->handle(Object(CodeIgniter\Exceptions\PageNotFoundException), Object(CodeIgniter\HTTP\IncomingRequest), Object(CodeIgniter\HTTP\Response), 404, 1)
#7 [internal function]: CodeIgniter\Debug\Exceptions->exceptionHandler(Object(CodeIgniter\Exceptions\PageNotFoundException))
#8 {main}
  thrown
【Previous Exception】
CodeIgniter\Exceptions\PageNotFoundException
Page Not Found
#0 D:\laragon\www\method-oldagehome\system\CodeIgniter.php(967): CodeIgniter\Exceptions\PageNotFoundException::forPageNotFound(NULL)
#1 D:\laragon\www\method-oldagehome\system\CodeIgniter.php(362): CodeIgniter\CodeIgniter->display404errors(Object(CodeIgniter\Exceptions\PageNotFoundException))
#2 D:\laragon\www\method-oldagehome\public\index.php(79): CodeIgniter\CodeIgniter->run()
#3 D:\laragon\www\method-oldagehome\system\Commands\Server\rewrite.php(47): require_once('D:\\laragon\\www\\...')
#4 {main}
in SYSTEMPATH\HTTP\ResponseTrait.php on line 774.
 1 [internal function]: CodeIgniter\Debug\Exceptions->shutdownHandler()
CRITICAL - 2024-11-13 07:43:39 --> Uncaught ErrorException: Cannot modify header information - headers already sent in D:\laragon\www\method-oldagehome\system\HTTP\ResponseTrait.php:774
Stack trace:
#0 [internal function]: CodeIgniter\Debug\Exceptions->errorHandler(2, 'Cannot modify h...', 'D:\\laragon\\www\\...', 774)
#1 D:\laragon\www\method-oldagehome\system\HTTP\ResponseTrait.php(774): setcookie('ci_session', 'ut71bjergsi7udj...', Array)
#2 D:\laragon\www\method-oldagehome\system\HTTP\ResponseTrait.php(750): CodeIgniter\HTTP\Response->doSetCookie('ci_session', 'ut71bjergsi7udj...', Array)
#3 D:\laragon\www\method-oldagehome\system\HTTP\ResponseTrait.php(730): CodeIgniter\HTTP\Response->dispatchCookies()
#4 D:\laragon\www\method-oldagehome\system\HTTP\ResponseTrait.php(447): CodeIgniter\HTTP\Response->sendCookies()
#5 D:\laragon\www\method-oldagehome\system\Debug\ExceptionHandler.php(78): CodeIgniter\HTTP\Response->send()
#6 D:\laragon\www\method-oldagehome\system\Debug\Exceptions.php(147): CodeIgniter\Debug\ExceptionHandler->handle(Object(CodeIgniter\Exceptions\PageNotFoundException), Object(CodeIgniter\HTTP\IncomingRequest), Object(CodeIgniter\HTTP\Response), 404, 1)
#7 [internal function]: CodeIgniter\Debug\Exceptions->exceptionHandler(Object(CodeIgniter\Exceptions\PageNotFoundException))
#8 {main}
  thrown
【Previous Exception】
CodeIgniter\Exceptions\PageNotFoundException
Page Not Found
#0 D:\laragon\www\method-oldagehome\system\CodeIgniter.php(967): CodeIgniter\Exceptions\PageNotFoundException::forPageNotFound(NULL)
#1 D:\laragon\www\method-oldagehome\system\CodeIgniter.php(362): CodeIgniter\CodeIgniter->display404errors(Object(CodeIgniter\Exceptions\PageNotFoundException))
#2 D:\laragon\www\method-oldagehome\public\index.php(79): CodeIgniter\CodeIgniter->run()
#3 D:\laragon\www\method-oldagehome\system\Commands\Server\rewrite.php(47): require_once('D:\\laragon\\www\\...')
#4 {main}
in SYSTEMPATH\HTTP\ResponseTrait.php on line 774.
 1 [internal function]: CodeIgniter\Debug\Exceptions->shutdownHandler()
CRITICAL - 2024-11-13 07:43:40 --> Uncaught ErrorException: Cannot modify header information - headers already sent in D:\laragon\www\method-oldagehome\system\HTTP\ResponseTrait.php:774
Stack trace:
#0 [internal function]: CodeIgniter\Debug\Exceptions->errorHandler(2, 'Cannot modify h...', 'D:\\laragon\\www\\...', 774)
#1 D:\laragon\www\method-oldagehome\system\HTTP\ResponseTrait.php(774): setcookie('ci_session', 'ut71bjergsi7udj...', Array)
#2 D:\laragon\www\method-oldagehome\system\HTTP\ResponseTrait.php(750): CodeIgniter\HTTP\Response->doSetCookie('ci_session', 'ut71bjergsi7udj...', Array)
#3 D:\laragon\www\method-oldagehome\system\HTTP\ResponseTrait.php(730): CodeIgniter\HTTP\Response->dispatchCookies()
#4 D:\laragon\www\method-oldagehome\system\HTTP\ResponseTrait.php(447): CodeIgniter\HTTP\Response->sendCookies()
#5 D:\laragon\www\method-oldagehome\system\Debug\ExceptionHandler.php(78): CodeIgniter\HTTP\Response->send()
#6 D:\laragon\www\method-oldagehome\system\Debug\Exceptions.php(147): CodeIgniter\Debug\ExceptionHandler->handle(Object(CodeIgniter\Exceptions\PageNotFoundException), Object(CodeIgniter\HTTP\IncomingRequest), Object(CodeIgniter\HTTP\Response), 404, 1)
#7 [internal function]: CodeIgniter\Debug\Exceptions->exceptionHandler(Object(CodeIgniter\Exceptions\PageNotFoundException))
#8 {main}
  thrown
【Previous Exception】
CodeIgniter\Exceptions\PageNotFoundException
Page Not Found
#0 D:\laragon\www\method-oldagehome\system\CodeIgniter.php(967): CodeIgniter\Exceptions\PageNotFoundException::forPageNotFound(NULL)
#1 D:\laragon\www\method-oldagehome\system\CodeIgniter.php(362): CodeIgniter\CodeIgniter->display404errors(Object(CodeIgniter\Exceptions\PageNotFoundException))
#2 D:\laragon\www\method-oldagehome\public\index.php(79): CodeIgniter\CodeIgniter->run()
#3 D:\laragon\www\method-oldagehome\system\Commands\Server\rewrite.php(47): require_once('D:\\laragon\\www\\...')
#4 {main}
in SYSTEMPATH\HTTP\ResponseTrait.php on line 774.
 1 [internal function]: CodeIgniter\Debug\Exceptions->shutdownHandler()
CRITICAL - 2024-11-13 07:43:41 --> Uncaught ErrorException: Cannot modify header information - headers already sent in D:\laragon\www\method-oldagehome\system\HTTP\ResponseTrait.php:774
Stack trace:
#0 [internal function]: CodeIgniter\Debug\Exceptions->errorHandler(2, 'Cannot modify h...', 'D:\\laragon\\www\\...', 774)
#1 D:\laragon\www\method-oldagehome\system\HTTP\ResponseTrait.php(774): setcookie('ci_session', 'ut71bjergsi7udj...', Array)
#2 D:\laragon\www\method-oldagehome\system\HTTP\ResponseTrait.php(750): CodeIgniter\HTTP\Response->doSetCookie('ci_session', 'ut71bjergsi7udj...', Array)
#3 D:\laragon\www\method-oldagehome\system\HTTP\ResponseTrait.php(730): CodeIgniter\HTTP\Response->dispatchCookies()
#4 D:\laragon\www\method-oldagehome\system\HTTP\ResponseTrait.php(447): CodeIgniter\HTTP\Response->sendCookies()
#5 D:\laragon\www\method-oldagehome\system\Debug\ExceptionHandler.php(78): CodeIgniter\HTTP\Response->send()
#6 D:\laragon\www\method-oldagehome\system\Debug\Exceptions.php(147): CodeIgniter\Debug\ExceptionHandler->handle(Object(CodeIgniter\Exceptions\PageNotFoundException), Object(CodeIgniter\HTTP\IncomingRequest), Object(CodeIgniter\HTTP\Response), 404, 1)
#7 [internal function]: CodeIgniter\Debug\Exceptions->exceptionHandler(Object(CodeIgniter\Exceptions\PageNotFoundException))
#8 {main}
  thrown
【Previous Exception】
CodeIgniter\Exceptions\PageNotFoundException
Page Not Found
#0 D:\laragon\www\method-oldagehome\system\CodeIgniter.php(967): CodeIgniter\Exceptions\PageNotFoundException::forPageNotFound(NULL)
#1 D:\laragon\www\method-oldagehome\system\CodeIgniter.php(362): CodeIgniter\CodeIgniter->display404errors(Object(CodeIgniter\Exceptions\PageNotFoundException))
#2 D:\laragon\www\method-oldagehome\public\index.php(79): CodeIgniter\CodeIgniter->run()
#3 D:\laragon\www\method-oldagehome\system\Commands\Server\rewrite.php(47): require_once('D:\\laragon\\www\\...')
#4 {main}
in SYSTEMPATH\HTTP\ResponseTrait.php on line 774.
 1 [internal function]: CodeIgniter\Debug\Exceptions->shutdownHandler()
CRITICAL - 2024-11-13 07:43:42 --> Uncaught ErrorException: Cannot modify header information - headers already sent in D:\laragon\www\method-oldagehome\system\HTTP\ResponseTrait.php:774
Stack trace:
#0 [internal function]: CodeIgniter\Debug\Exceptions->errorHandler(2, 'Cannot modify h...', 'D:\\laragon\\www\\...', 774)
#1 D:\laragon\www\method-oldagehome\system\HTTP\ResponseTrait.php(774): setcookie('ci_session', 'ut71bjergsi7udj...', Array)
#2 D:\laragon\www\method-oldagehome\system\HTTP\ResponseTrait.php(750): CodeIgniter\HTTP\Response->doSetCookie('ci_session', 'ut71bjergsi7udj...', Array)
#3 D:\laragon\www\method-oldagehome\system\HTTP\ResponseTrait.php(730): CodeIgniter\HTTP\Response->dispatchCookies()
#4 D:\laragon\www\method-oldagehome\system\HTTP\ResponseTrait.php(447): CodeIgniter\HTTP\Response->sendCookies()
#5 D:\laragon\www\method-oldagehome\system\Debug\ExceptionHandler.php(78): CodeIgniter\HTTP\Response->send()
#6 D:\laragon\www\method-oldagehome\system\Debug\Exceptions.php(147): CodeIgniter\Debug\ExceptionHandler->handle(Object(CodeIgniter\Exceptions\PageNotFoundException), Object(CodeIgniter\HTTP\IncomingRequest), Object(CodeIgniter\HTTP\Response), 404, 1)
#7 [internal function]: CodeIgniter\Debug\Exceptions->exceptionHandler(Object(CodeIgniter\Exceptions\PageNotFoundException))
#8 {main}
  thrown
【Previous Exception】
CodeIgniter\Exceptions\PageNotFoundException
Page Not Found
#0 D:\laragon\www\method-oldagehome\system\CodeIgniter.php(967): CodeIgniter\Exceptions\PageNotFoundException::forPageNotFound(NULL)
#1 D:\laragon\www\method-oldagehome\system\CodeIgniter.php(362): CodeIgniter\CodeIgniter->display404errors(Object(CodeIgniter\Exceptions\PageNotFoundException))
#2 D:\laragon\www\method-oldagehome\public\index.php(79): CodeIgniter\CodeIgniter->run()
#3 D:\laragon\www\method-oldagehome\system\Commands\Server\rewrite.php(47): require_once('D:\\laragon\\www\\...')
#4 {main}
in SYSTEMPATH\HTTP\ResponseTrait.php on line 774.
 1 [internal function]: CodeIgniter\Debug\Exceptions->shutdownHandler()
CRITICAL - 2024-11-13 07:43:43 --> Uncaught ErrorException: Cannot modify header information - headers already sent in D:\laragon\www\method-oldagehome\system\HTTP\ResponseTrait.php:774
Stack trace:
#0 [internal function]: CodeIgniter\Debug\Exceptions->errorHandler(2, 'Cannot modify h...', 'D:\\laragon\\www\\...', 774)
#1 D:\laragon\www\method-oldagehome\system\HTTP\ResponseTrait.php(774): setcookie('ci_session', 'ut71bjergsi7udj...', Array)
#2 D:\laragon\www\method-oldagehome\system\HTTP\ResponseTrait.php(750): CodeIgniter\HTTP\Response->doSetCookie('ci_session', 'ut71bjergsi7udj...', Array)
#3 D:\laragon\www\method-oldagehome\system\HTTP\ResponseTrait.php(730): CodeIgniter\HTTP\Response->dispatchCookies()
#4 D:\laragon\www\method-oldagehome\system\HTTP\ResponseTrait.php(447): CodeIgniter\HTTP\Response->sendCookies()
#5 D:\laragon\www\method-oldagehome\system\Debug\ExceptionHandler.php(78): CodeIgniter\HTTP\Response->send()
#6 D:\laragon\www\method-oldagehome\system\Debug\Exceptions.php(147): CodeIgniter\Debug\ExceptionHandler->handle(Object(CodeIgniter\Exceptions\PageNotFoundException), Object(CodeIgniter\HTTP\IncomingRequest), Object(CodeIgniter\HTTP\Response), 404, 1)
#7 [internal function]: CodeIgniter\Debug\Exceptions->exceptionHandler(Object(CodeIgniter\Exceptions\PageNotFoundException))
#8 {main}
  thrown
【Previous Exception】
CodeIgniter\Exceptions\PageNotFoundException
Page Not Found
#0 D:\laragon\www\method-oldagehome\system\CodeIgniter.php(967): CodeIgniter\Exceptions\PageNotFoundException::forPageNotFound(NULL)
#1 D:\laragon\www\method-oldagehome\system\CodeIgniter.php(362): CodeIgniter\CodeIgniter->display404errors(Object(CodeIgniter\Exceptions\PageNotFoundException))
#2 D:\laragon\www\method-oldagehome\public\index.php(79): CodeIgniter\CodeIgniter->run()
#3 D:\laragon\www\method-oldagehome\system\Commands\Server\rewrite.php(47): require_once('D:\\laragon\\www\\...')
#4 {main}
in SYSTEMPATH\HTTP\ResponseTrait.php on line 774.
 1 [internal function]: CodeIgniter\Debug\Exceptions->shutdownHandler()
CRITICAL - 2024-11-13 07:43:44 --> Uncaught ErrorException: Cannot modify header information - headers already sent in D:\laragon\www\method-oldagehome\system\HTTP\ResponseTrait.php:774
Stack trace:
#0 [internal function]: CodeIgniter\Debug\Exceptions->errorHandler(2, 'Cannot modify h...', 'D:\\laragon\\www\\...', 774)
#1 D:\laragon\www\method-oldagehome\system\HTTP\ResponseTrait.php(774): setcookie('ci_session', 'ut71bjergsi7udj...', Array)
#2 D:\laragon\www\method-oldagehome\system\HTTP\ResponseTrait.php(750): CodeIgniter\HTTP\Response->doSetCookie('ci_session', 'ut71bjergsi7udj...', Array)
#3 D:\laragon\www\method-oldagehome\system\HTTP\ResponseTrait.php(730): CodeIgniter\HTTP\Response->dispatchCookies()
#4 D:\laragon\www\method-oldagehome\system\HTTP\ResponseTrait.php(447): CodeIgniter\HTTP\Response->sendCookies()
#5 D:\laragon\www\method-oldagehome\system\Debug\ExceptionHandler.php(78): CodeIgniter\HTTP\Response->send()
#6 D:\laragon\www\method-oldagehome\system\Debug\Exceptions.php(147): CodeIgniter\Debug\ExceptionHandler->handle(Object(CodeIgniter\Exceptions\PageNotFoundException), Object(CodeIgniter\HTTP\IncomingRequest), Object(CodeIgniter\HTTP\Response), 404, 1)
#7 [internal function]: CodeIgniter\Debug\Exceptions->exceptionHandler(Object(CodeIgniter\Exceptions\PageNotFoundException))
#8 {main}
  thrown
【Previous Exception】
CodeIgniter\Exceptions\PageNotFoundException
Page Not Found
#0 D:\laragon\www\method-oldagehome\system\CodeIgniter.php(967): CodeIgniter\Exceptions\PageNotFoundException::forPageNotFound(NULL)
#1 D:\laragon\www\method-oldagehome\system\CodeIgniter.php(362): CodeIgniter\CodeIgniter->display404errors(Object(CodeIgniter\Exceptions\PageNotFoundException))
#2 D:\laragon\www\method-oldagehome\public\index.php(79): CodeIgniter\CodeIgniter->run()
#3 D:\laragon\www\method-oldagehome\system\Commands\Server\rewrite.php(47): require_once('D:\\laragon\\www\\...')
#4 {main}
in SYSTEMPATH\HTTP\ResponseTrait.php on line 774.
 1 [internal function]: CodeIgniter\Debug\Exceptions->shutdownHandler()
CRITICAL - 2024-11-13 07:43:46 --> Uncaught ErrorException: Cannot modify header information - headers already sent in D:\laragon\www\method-oldagehome\system\HTTP\ResponseTrait.php:774
Stack trace:
#0 [internal function]: CodeIgniter\Debug\Exceptions->errorHandler(2, 'Cannot modify h...', 'D:\\laragon\\www\\...', 774)
#1 D:\laragon\www\method-oldagehome\system\HTTP\ResponseTrait.php(774): setcookie('ci_session', 'ut71bjergsi7udj...', Array)
#2 D:\laragon\www\method-oldagehome\system\HTTP\ResponseTrait.php(750): CodeIgniter\HTTP\Response->doSetCookie('ci_session', 'ut71bjergsi7udj...', Array)
#3 D:\laragon\www\method-oldagehome\system\HTTP\ResponseTrait.php(730): CodeIgniter\HTTP\Response->dispatchCookies()
#4 D:\laragon\www\method-oldagehome\system\HTTP\ResponseTrait.php(447): CodeIgniter\HTTP\Response->sendCookies()
#5 D:\laragon\www\method-oldagehome\system\Debug\ExceptionHandler.php(78): CodeIgniter\HTTP\Response->send()
#6 D:\laragon\www\method-oldagehome\system\Debug\Exceptions.php(147): CodeIgniter\Debug\ExceptionHandler->handle(Object(CodeIgniter\Exceptions\PageNotFoundException), Object(CodeIgniter\HTTP\IncomingRequest), Object(CodeIgniter\HTTP\Response), 404, 1)
#7 [internal function]: CodeIgniter\Debug\Exceptions->exceptionHandler(Object(CodeIgniter\Exceptions\PageNotFoundException))
#8 {main}
  thrown
【Previous Exception】
CodeIgniter\Exceptions\PageNotFoundException
Page Not Found
#0 D:\laragon\www\method-oldagehome\system\CodeIgniter.php(967): CodeIgniter\Exceptions\PageNotFoundException::forPageNotFound(NULL)
#1 D:\laragon\www\method-oldagehome\system\CodeIgniter.php(362): CodeIgniter\CodeIgniter->display404errors(Object(CodeIgniter\Exceptions\PageNotFoundException))
#2 D:\laragon\www\method-oldagehome\public\index.php(79): CodeIgniter\CodeIgniter->run()
#3 D:\laragon\www\method-oldagehome\system\Commands\Server\rewrite.php(47): require_once('D:\\laragon\\www\\...')
#4 {main}
in SYSTEMPATH\HTTP\ResponseTrait.php on line 774.
 1 [internal function]: CodeIgniter\Debug\Exceptions->shutdownHandler()
CRITICAL - 2024-11-13 07:43:47 --> Uncaught ErrorException: Cannot modify header information - headers already sent in D:\laragon\www\method-oldagehome\system\HTTP\ResponseTrait.php:774
Stack trace:
#0 [internal function]: CodeIgniter\Debug\Exceptions->errorHandler(2, 'Cannot modify h...', 'D:\\laragon\\www\\...', 774)
#1 D:\laragon\www\method-oldagehome\system\HTTP\ResponseTrait.php(774): setcookie('ci_session', 'ut71bjergsi7udj...', Array)
#2 D:\laragon\www\method-oldagehome\system\HTTP\ResponseTrait.php(750): CodeIgniter\HTTP\Response->doSetCookie('ci_session', 'ut71bjergsi7udj...', Array)
#3 D:\laragon\www\method-oldagehome\system\HTTP\ResponseTrait.php(730): CodeIgniter\HTTP\Response->dispatchCookies()
#4 D:\laragon\www\method-oldagehome\system\HTTP\ResponseTrait.php(447): CodeIgniter\HTTP\Response->sendCookies()
#5 D:\laragon\www\method-oldagehome\system\Debug\ExceptionHandler.php(78): CodeIgniter\HTTP\Response->send()
#6 D:\laragon\www\method-oldagehome\system\Debug\Exceptions.php(147): CodeIgniter\Debug\ExceptionHandler->handle(Object(CodeIgniter\Exceptions\PageNotFoundException), Object(CodeIgniter\HTTP\IncomingRequest), Object(CodeIgniter\HTTP\Response), 404, 1)
#7 [internal function]: CodeIgniter\Debug\Exceptions->exceptionHandler(Object(CodeIgniter\Exceptions\PageNotFoundException))
#8 {main}
  thrown
【Previous Exception】
CodeIgniter\Exceptions\PageNotFoundException
Page Not Found
#0 D:\laragon\www\method-oldagehome\system\CodeIgniter.php(967): CodeIgniter\Exceptions\PageNotFoundException::forPageNotFound(NULL)
#1 D:\laragon\www\method-oldagehome\system\CodeIgniter.php(362): CodeIgniter\CodeIgniter->display404errors(Object(CodeIgniter\Exceptions\PageNotFoundException))
#2 D:\laragon\www\method-oldagehome\public\index.php(79): CodeIgniter\CodeIgniter->run()
#3 D:\laragon\www\method-oldagehome\system\Commands\Server\rewrite.php(47): require_once('D:\\laragon\\www\\...')
#4 {main}
in SYSTEMPATH\HTTP\ResponseTrait.php on line 774.
 1 [internal function]: CodeIgniter\Debug\Exceptions->shutdownHandler()
CRITICAL - 2024-11-13 07:43:48 --> Uncaught ErrorException: Cannot modify header information - headers already sent in D:\laragon\www\method-oldagehome\system\HTTP\ResponseTrait.php:774
Stack trace:
#0 [internal function]: CodeIgniter\Debug\Exceptions->errorHandler(2, 'Cannot modify h...', 'D:\\laragon\\www\\...', 774)
#1 D:\laragon\www\method-oldagehome\system\HTTP\ResponseTrait.php(774): setcookie('ci_session', 'ut71bjergsi7udj...', Array)
#2 D:\laragon\www\method-oldagehome\system\HTTP\ResponseTrait.php(750): CodeIgniter\HTTP\Response->doSetCookie('ci_session', 'ut71bjergsi7udj...', Array)
#3 D:\laragon\www\method-oldagehome\system\HTTP\ResponseTrait.php(730): CodeIgniter\HTTP\Response->dispatchCookies()
#4 D:\laragon\www\method-oldagehome\system\HTTP\ResponseTrait.php(447): CodeIgniter\HTTP\Response->sendCookies()
#5 D:\laragon\www\method-oldagehome\system\Debug\ExceptionHandler.php(78): CodeIgniter\HTTP\Response->send()
#6 D:\laragon\www\method-oldagehome\system\Debug\Exceptions.php(147): CodeIgniter\Debug\ExceptionHandler->handle(Object(CodeIgniter\Exceptions\PageNotFoundException), Object(CodeIgniter\HTTP\IncomingRequest), Object(CodeIgniter\HTTP\Response), 404, 1)
#7 [internal function]: CodeIgniter\Debug\Exceptions->exceptionHandler(Object(CodeIgniter\Exceptions\PageNotFoundException))
#8 {main}
  thrown
【Previous Exception】
CodeIgniter\Exceptions\PageNotFoundException
Page Not Found
#0 D:\laragon\www\method-oldagehome\system\CodeIgniter.php(967): CodeIgniter\Exceptions\PageNotFoundException::forPageNotFound(NULL)
#1 D:\laragon\www\method-oldagehome\system\CodeIgniter.php(362): CodeIgniter\CodeIgniter->display404errors(Object(CodeIgniter\Exceptions\PageNotFoundException))
#2 D:\laragon\www\method-oldagehome\public\index.php(79): CodeIgniter\CodeIgniter->run()
#3 D:\laragon\www\method-oldagehome\system\Commands\Server\rewrite.php(47): require_once('D:\\laragon\\www\\...')
#4 {main}
in SYSTEMPATH\HTTP\ResponseTrait.php on line 774.
 1 [internal function]: CodeIgniter\Debug\Exceptions->shutdownHandler()
CRITICAL - 2024-11-13 07:43:49 --> Uncaught ErrorException: Cannot modify header information - headers already sent in D:\laragon\www\method-oldagehome\system\HTTP\ResponseTrait.php:774
Stack trace:
#0 [internal function]: CodeIgniter\Debug\Exceptions->errorHandler(2, 'Cannot modify h...', 'D:\\laragon\\www\\...', 774)
#1 D:\laragon\www\method-oldagehome\system\HTTP\ResponseTrait.php(774): setcookie('ci_session', 'ut71bjergsi7udj...', Array)
#2 D:\laragon\www\method-oldagehome\system\HTTP\ResponseTrait.php(750): CodeIgniter\HTTP\Response->doSetCookie('ci_session', 'ut71bjergsi7udj...', Array)
#3 D:\laragon\www\method-oldagehome\system\HTTP\ResponseTrait.php(730): CodeIgniter\HTTP\Response->dispatchCookies()
#4 D:\laragon\www\method-oldagehome\system\HTTP\ResponseTrait.php(447): CodeIgniter\HTTP\Response->sendCookies()
#5 D:\laragon\www\method-oldagehome\system\Debug\ExceptionHandler.php(78): CodeIgniter\HTTP\Response->send()
#6 D:\laragon\www\method-oldagehome\system\Debug\Exceptions.php(147): CodeIgniter\Debug\ExceptionHandler->handle(Object(CodeIgniter\Exceptions\PageNotFoundException), Object(CodeIgniter\HTTP\IncomingRequest), Object(CodeIgniter\HTTP\Response), 404, 1)
#7 [internal function]: CodeIgniter\Debug\Exceptions->exceptionHandler(Object(CodeIgniter\Exceptions\PageNotFoundException))
#8 {main}
  thrown
【Previous Exception】
CodeIgniter\Exceptions\PageNotFoundException
Page Not Found
#0 D:\laragon\www\method-oldagehome\system\CodeIgniter.php(967): CodeIgniter\Exceptions\PageNotFoundException::forPageNotFound(NULL)
#1 D:\laragon\www\method-oldagehome\system\CodeIgniter.php(362): CodeIgniter\CodeIgniter->display404errors(Object(CodeIgniter\Exceptions\PageNotFoundException))
#2 D:\laragon\www\method-oldagehome\public\index.php(79): CodeIgniter\CodeIgniter->run()
#3 D:\laragon\www\method-oldagehome\system\Commands\Server\rewrite.php(47): require_once('D:\\laragon\\www\\...')
#4 {main}
in SYSTEMPATH\HTTP\ResponseTrait.php on line 774.
 1 [internal function]: CodeIgniter\Debug\Exceptions->shutdownHandler()
CRITICAL - 2024-11-13 07:43:50 --> Uncaught ErrorException: Cannot modify header information - headers already sent in D:\laragon\www\method-oldagehome\system\HTTP\ResponseTrait.php:774
Stack trace:
#0 [internal function]: CodeIgniter\Debug\Exceptions->errorHandler(2, 'Cannot modify h...', 'D:\\laragon\\www\\...', 774)
#1 D:\laragon\www\method-oldagehome\system\HTTP\ResponseTrait.php(774): setcookie('ci_session', 'ut71bjergsi7udj...', Array)
#2 D:\laragon\www\method-oldagehome\system\HTTP\ResponseTrait.php(750): CodeIgniter\HTTP\Response->doSetCookie('ci_session', 'ut71bjergsi7udj...', Array)
#3 D:\laragon\www\method-oldagehome\system\HTTP\ResponseTrait.php(730): CodeIgniter\HTTP\Response->dispatchCookies()
#4 D:\laragon\www\method-oldagehome\system\HTTP\ResponseTrait.php(447): CodeIgniter\HTTP\Response->sendCookies()
#5 D:\laragon\www\method-oldagehome\system\Debug\ExceptionHandler.php(78): CodeIgniter\HTTP\Response->send()
#6 D:\laragon\www\method-oldagehome\system\Debug\Exceptions.php(147): CodeIgniter\Debug\ExceptionHandler->handle(Object(CodeIgniter\Exceptions\PageNotFoundException), Object(CodeIgniter\HTTP\IncomingRequest), Object(CodeIgniter\HTTP\Response), 404, 1)
#7 [internal function]: CodeIgniter\Debug\Exceptions->exceptionHandler(Object(CodeIgniter\Exceptions\PageNotFoundException))
#8 {main}
  thrown
【Previous Exception】
CodeIgniter\Exceptions\PageNotFoundException
Page Not Found
#0 D:\laragon\www\method-oldagehome\system\CodeIgniter.php(967): CodeIgniter\Exceptions\PageNotFoundException::forPageNotFound(NULL)
#1 D:\laragon\www\method-oldagehome\system\CodeIgniter.php(362): CodeIgniter\CodeIgniter->display404errors(Object(CodeIgniter\Exceptions\PageNotFoundException))
#2 D:\laragon\www\method-oldagehome\public\index.php(79): CodeIgniter\CodeIgniter->run()
#3 D:\laragon\www\method-oldagehome\system\Commands\Server\rewrite.php(47): require_once('D:\\laragon\\www\\...')
#4 {main}
in SYSTEMPATH\HTTP\ResponseTrait.php on line 774.
 1 [internal function]: CodeIgniter\Debug\Exceptions->shutdownHandler()
CRITICAL - 2024-11-13 07:43:51 --> Uncaught ErrorException: Cannot modify header information - headers already sent in D:\laragon\www\method-oldagehome\system\HTTP\ResponseTrait.php:774
Stack trace:
#0 [internal function]: CodeIgniter\Debug\Exceptions->errorHandler(2, 'Cannot modify h...', 'D:\\laragon\\www\\...', 774)
#1 D:\laragon\www\method-oldagehome\system\HTTP\ResponseTrait.php(774): setcookie('ci_session', 'ut71bjergsi7udj...', Array)
#2 D:\laragon\www\method-oldagehome\system\HTTP\ResponseTrait.php(750): CodeIgniter\HTTP\Response->doSetCookie('ci_session', 'ut71bjergsi7udj...', Array)
#3 D:\laragon\www\method-oldagehome\system\HTTP\ResponseTrait.php(730): CodeIgniter\HTTP\Response->dispatchCookies()
#4 D:\laragon\www\method-oldagehome\system\HTTP\ResponseTrait.php(447): CodeIgniter\HTTP\Response->sendCookies()
#5 D:\laragon\www\method-oldagehome\system\Debug\ExceptionHandler.php(78): CodeIgniter\HTTP\Response->send()
#6 D:\laragon\www\method-oldagehome\system\Debug\Exceptions.php(147): CodeIgniter\Debug\ExceptionHandler->handle(Object(CodeIgniter\Exceptions\PageNotFoundException), Object(CodeIgniter\HTTP\IncomingRequest), Object(CodeIgniter\HTTP\Response), 404, 1)
#7 [internal function]: CodeIgniter\Debug\Exceptions->exceptionHandler(Object(CodeIgniter\Exceptions\PageNotFoundException))
#8 {main}
  thrown
【Previous Exception】
CodeIgniter\Exceptions\PageNotFoundException
Page Not Found
#0 D:\laragon\www\method-oldagehome\system\CodeIgniter.php(967): CodeIgniter\Exceptions\PageNotFoundException::forPageNotFound(NULL)
#1 D:\laragon\www\method-oldagehome\system\CodeIgniter.php(362): CodeIgniter\CodeIgniter->display404errors(Object(CodeIgniter\Exceptions\PageNotFoundException))
#2 D:\laragon\www\method-oldagehome\public\index.php(79): CodeIgniter\CodeIgniter->run()
#3 D:\laragon\www\method-oldagehome\system\Commands\Server\rewrite.php(47): require_once('D:\\laragon\\www\\...')
#4 {main}
in SYSTEMPATH\HTTP\ResponseTrait.php on line 774.
 1 [internal function]: CodeIgniter\Debug\Exceptions->shutdownHandler()
CRITICAL - 2024-11-13 07:43:52 --> Uncaught ErrorException: Cannot modify header information - headers already sent in D:\laragon\www\method-oldagehome\system\HTTP\ResponseTrait.php:774
Stack trace:
#0 [internal function]: CodeIgniter\Debug\Exceptions->errorHandler(2, 'Cannot modify h...', 'D:\\laragon\\www\\...', 774)
#1 D:\laragon\www\method-oldagehome\system\HTTP\ResponseTrait.php(774): setcookie('ci_session', 'ut71bjergsi7udj...', Array)
#2 D:\laragon\www\method-oldagehome\system\HTTP\ResponseTrait.php(750): CodeIgniter\HTTP\Response->doSetCookie('ci_session', 'ut71bjergsi7udj...', Array)
#3 D:\laragon\www\method-oldagehome\system\HTTP\ResponseTrait.php(730): CodeIgniter\HTTP\Response->dispatchCookies()
#4 D:\laragon\www\method-oldagehome\system\HTTP\ResponseTrait.php(447): CodeIgniter\HTTP\Response->sendCookies()
#5 D:\laragon\www\method-oldagehome\system\Debug\ExceptionHandler.php(78): CodeIgniter\HTTP\Response->send()
#6 D:\laragon\www\method-oldagehome\system\Debug\Exceptions.php(147): CodeIgniter\Debug\ExceptionHandler->handle(Object(CodeIgniter\Exceptions\PageNotFoundException), Object(CodeIgniter\HTTP\IncomingRequest), Object(CodeIgniter\HTTP\Response), 404, 1)
#7 [internal function]: CodeIgniter\Debug\Exceptions->exceptionHandler(Object(CodeIgniter\Exceptions\PageNotFoundException))
#8 {main}
  thrown
【Previous Exception】
CodeIgniter\Exceptions\PageNotFoundException
Page Not Found
#0 D:\laragon\www\method-oldagehome\system\CodeIgniter.php(967): CodeIgniter\Exceptions\PageNotFoundException::forPageNotFound(NULL)
#1 D:\laragon\www\method-oldagehome\system\CodeIgniter.php(362): CodeIgniter\CodeIgniter->display404errors(Object(CodeIgniter\Exceptions\PageNotFoundException))
#2 D:\laragon\www\method-oldagehome\public\index.php(79): CodeIgniter\CodeIgniter->run()
#3 D:\laragon\www\method-oldagehome\system\Commands\Server\rewrite.php(47): require_once('D:\\laragon\\www\\...')
#4 {main}
in SYSTEMPATH\HTTP\ResponseTrait.php on line 774.
 1 [internal function]: CodeIgniter\Debug\Exceptions->shutdownHandler()
CRITICAL - 2024-11-13 07:43:53 --> Uncaught ErrorException: Cannot modify header information - headers already sent in D:\laragon\www\method-oldagehome\system\HTTP\ResponseTrait.php:774
Stack trace:
#0 [internal function]: CodeIgniter\Debug\Exceptions->errorHandler(2, 'Cannot modify h...', 'D:\\laragon\\www\\...', 774)
#1 D:\laragon\www\method-oldagehome\system\HTTP\ResponseTrait.php(774): setcookie('ci_session', 'ut71bjergsi7udj...', Array)
#2 D:\laragon\www\method-oldagehome\system\HTTP\ResponseTrait.php(750): CodeIgniter\HTTP\Response->doSetCookie('ci_session', 'ut71bjergsi7udj...', Array)
#3 D:\laragon\www\method-oldagehome\system\HTTP\ResponseTrait.php(730): CodeIgniter\HTTP\Response->dispatchCookies()
#4 D:\laragon\www\method-oldagehome\system\HTTP\ResponseTrait.php(447): CodeIgniter\HTTP\Response->sendCookies()
#5 D:\laragon\www\method-oldagehome\system\Debug\ExceptionHandler.php(78): CodeIgniter\HTTP\Response->send()
#6 D:\laragon\www\method-oldagehome\system\Debug\Exceptions.php(147): CodeIgniter\Debug\ExceptionHandler->handle(Object(CodeIgniter\Exceptions\PageNotFoundException), Object(CodeIgniter\HTTP\IncomingRequest), Object(CodeIgniter\HTTP\Response), 404, 1)
#7 [internal function]: CodeIgniter\Debug\Exceptions->exceptionHandler(Object(CodeIgniter\Exceptions\PageNotFoundException))
#8 {main}
  thrown
【Previous Exception】
CodeIgniter\Exceptions\PageNotFoundException
Page Not Found
#0 D:\laragon\www\method-oldagehome\system\CodeIgniter.php(967): CodeIgniter\Exceptions\PageNotFoundException::forPageNotFound(NULL)
#1 D:\laragon\www\method-oldagehome\system\CodeIgniter.php(362): CodeIgniter\CodeIgniter->display404errors(Object(CodeIgniter\Exceptions\PageNotFoundException))
#2 D:\laragon\www\method-oldagehome\public\index.php(79): CodeIgniter\CodeIgniter->run()
#3 D:\laragon\www\method-oldagehome\system\Commands\Server\rewrite.php(47): require_once('D:\\laragon\\www\\...')
#4 {main}
in SYSTEMPATH\HTTP\ResponseTrait.php on line 774.
 1 [internal function]: CodeIgniter\Debug\Exceptions->shutdownHandler()
CRITICAL - 2024-11-13 07:43:54 --> Uncaught ErrorException: Cannot modify header information - headers already sent in D:\laragon\www\method-oldagehome\system\HTTP\ResponseTrait.php:774
Stack trace:
#0 [internal function]: CodeIgniter\Debug\Exceptions->errorHandler(2, 'Cannot modify h...', 'D:\\laragon\\www\\...', 774)
#1 D:\laragon\www\method-oldagehome\system\HTTP\ResponseTrait.php(774): setcookie('ci_session', 'ut71bjergsi7udj...', Array)
#2 D:\laragon\www\method-oldagehome\system\HTTP\ResponseTrait.php(750): CodeIgniter\HTTP\Response->doSetCookie('ci_session', 'ut71bjergsi7udj...', Array)
#3 D:\laragon\www\method-oldagehome\system\HTTP\ResponseTrait.php(730): CodeIgniter\HTTP\Response->dispatchCookies()
#4 D:\laragon\www\method-oldagehome\system\HTTP\ResponseTrait.php(447): CodeIgniter\HTTP\Response->sendCookies()
#5 D:\laragon\www\method-oldagehome\system\Debug\ExceptionHandler.php(78): CodeIgniter\HTTP\Response->send()
#6 D:\laragon\www\method-oldagehome\system\Debug\Exceptions.php(147): CodeIgniter\Debug\ExceptionHandler->handle(Object(CodeIgniter\Exceptions\PageNotFoundException), Object(CodeIgniter\HTTP\IncomingRequest), Object(CodeIgniter\HTTP\Response), 404, 1)
#7 [internal function]: CodeIgniter\Debug\Exceptions->exceptionHandler(Object(CodeIgniter\Exceptions\PageNotFoundException))
#8 {main}
  thrown
【Previous Exception】
CodeIgniter\Exceptions\PageNotFoundException
Page Not Found
#0 D:\laragon\www\method-oldagehome\system\CodeIgniter.php(967): CodeIgniter\Exceptions\PageNotFoundException::forPageNotFound(NULL)
#1 D:\laragon\www\method-oldagehome\system\CodeIgniter.php(362): CodeIgniter\CodeIgniter->display404errors(Object(CodeIgniter\Exceptions\PageNotFoundException))
#2 D:\laragon\www\method-oldagehome\public\index.php(79): CodeIgniter\CodeIgniter->run()
#3 D:\laragon\www\method-oldagehome\system\Commands\Server\rewrite.php(47): require_once('D:\\laragon\\www\\...')
#4 {main}
in SYSTEMPATH\HTTP\ResponseTrait.php on line 774.
 1 [internal function]: CodeIgniter\Debug\Exceptions->shutdownHandler()
CRITICAL - 2024-11-13 07:43:55 --> Uncaught ErrorException: Cannot modify header information - headers already sent in D:\laragon\www\method-oldagehome\system\HTTP\ResponseTrait.php:774
Stack trace:
#0 [internal function]: CodeIgniter\Debug\Exceptions->errorHandler(2, 'Cannot modify h...', 'D:\\laragon\\www\\...', 774)
#1 D:\laragon\www\method-oldagehome\system\HTTP\ResponseTrait.php(774): setcookie('ci_session', 'ut71bjergsi7udj...', Array)
#2 D:\laragon\www\method-oldagehome\system\HTTP\ResponseTrait.php(750): CodeIgniter\HTTP\Response->doSetCookie('ci_session', 'ut71bjergsi7udj...', Array)
#3 D:\laragon\www\method-oldagehome\system\HTTP\ResponseTrait.php(730): CodeIgniter\HTTP\Response->dispatchCookies()
#4 D:\laragon\www\method-oldagehome\system\HTTP\ResponseTrait.php(447): CodeIgniter\HTTP\Response->sendCookies()
#5 D:\laragon\www\method-oldagehome\system\Debug\ExceptionHandler.php(78): CodeIgniter\HTTP\Response->send()
#6 D:\laragon\www\method-oldagehome\system\Debug\Exceptions.php(147): CodeIgniter\Debug\ExceptionHandler->handle(Object(CodeIgniter\Exceptions\PageNotFoundException), Object(CodeIgniter\HTTP\IncomingRequest), Object(CodeIgniter\HTTP\Response), 404, 1)
#7 [internal function]: CodeIgniter\Debug\Exceptions->exceptionHandler(Object(CodeIgniter\Exceptions\PageNotFoundException))
#8 {main}
  thrown
【Previous Exception】
CodeIgniter\Exceptions\PageNotFoundException
Page Not Found
#0 D:\laragon\www\method-oldagehome\system\CodeIgniter.php(967): CodeIgniter\Exceptions\PageNotFoundException::forPageNotFound(NULL)
#1 D:\laragon\www\method-oldagehome\system\CodeIgniter.php(362): CodeIgniter\CodeIgniter->display404errors(Object(CodeIgniter\Exceptions\PageNotFoundException))
#2 D:\laragon\www\method-oldagehome\public\index.php(79): CodeIgniter\CodeIgniter->run()
#3 D:\laragon\www\method-oldagehome\system\Commands\Server\rewrite.php(47): require_once('D:\\laragon\\www\\...')
#4 {main}
in SYSTEMPATH\HTTP\ResponseTrait.php on line 774.
 1 [internal function]: CodeIgniter\Debug\Exceptions->shutdownHandler()
CRITICAL - 2024-11-13 07:43:56 --> Uncaught ErrorException: Cannot modify header information - headers already sent in D:\laragon\www\method-oldagehome\system\HTTP\ResponseTrait.php:774
Stack trace:
#0 [internal function]: CodeIgniter\Debug\Exceptions->errorHandler(2, 'Cannot modify h...', 'D:\\laragon\\www\\...', 774)
#1 D:\laragon\www\method-oldagehome\system\HTTP\ResponseTrait.php(774): setcookie('ci_session', 'ut71bjergsi7udj...', Array)
#2 D:\laragon\www\method-oldagehome\system\HTTP\ResponseTrait.php(750): CodeIgniter\HTTP\Response->doSetCookie('ci_session', 'ut71bjergsi7udj...', Array)
#3 D:\laragon\www\method-oldagehome\system\HTTP\ResponseTrait.php(730): CodeIgniter\HTTP\Response->dispatchCookies()
#4 D:\laragon\www\method-oldagehome\system\HTTP\ResponseTrait.php(447): CodeIgniter\HTTP\Response->sendCookies()
#5 D:\laragon\www\method-oldagehome\system\Debug\ExceptionHandler.php(78): CodeIgniter\HTTP\Response->send()
#6 D:\laragon\www\method-oldagehome\system\Debug\Exceptions.php(147): CodeIgniter\Debug\ExceptionHandler->handle(Object(CodeIgniter\Exceptions\PageNotFoundException), Object(CodeIgniter\HTTP\IncomingRequest), Object(CodeIgniter\HTTP\Response), 404, 1)
#7 [internal function]: CodeIgniter\Debug\Exceptions->exceptionHandler(Object(CodeIgniter\Exceptions\PageNotFoundException))
#8 {main}
  thrown
【Previous Exception】
CodeIgniter\Exceptions\PageNotFoundException
Page Not Found
#0 D:\laragon\www\method-oldagehome\system\CodeIgniter.php(967): CodeIgniter\Exceptions\PageNotFoundException::forPageNotFound(NULL)
#1 D:\laragon\www\method-oldagehome\system\CodeIgniter.php(362): CodeIgniter\CodeIgniter->display404errors(Object(CodeIgniter\Exceptions\PageNotFoundException))
#2 D:\laragon\www\method-oldagehome\public\index.php(79): CodeIgniter\CodeIgniter->run()
#3 D:\laragon\www\method-oldagehome\system\Commands\Server\rewrite.php(47): require_once('D:\\laragon\\www\\...')
#4 {main}
in SYSTEMPATH\HTTP\ResponseTrait.php on line 774.
 1 [internal function]: CodeIgniter\Debug\Exceptions->shutdownHandler()
CRITICAL - 2024-11-13 07:43:57 --> Uncaught ErrorException: Cannot modify header information - headers already sent in D:\laragon\www\method-oldagehome\system\HTTP\ResponseTrait.php:774
Stack trace:
#0 [internal function]: CodeIgniter\Debug\Exceptions->errorHandler(2, 'Cannot modify h...', 'D:\\laragon\\www\\...', 774)
#1 D:\laragon\www\method-oldagehome\system\HTTP\ResponseTrait.php(774): setcookie('ci_session', 'ut71bjergsi7udj...', Array)
#2 D:\laragon\www\method-oldagehome\system\HTTP\ResponseTrait.php(750): CodeIgniter\HTTP\Response->doSetCookie('ci_session', 'ut71bjergsi7udj...', Array)
#3 D:\laragon\www\method-oldagehome\system\HTTP\ResponseTrait.php(730): CodeIgniter\HTTP\Response->dispatchCookies()
#4 D:\laragon\www\method-oldagehome\system\HTTP\ResponseTrait.php(447): CodeIgniter\HTTP\Response->sendCookies()
#5 D:\laragon\www\method-oldagehome\system\Debug\ExceptionHandler.php(78): CodeIgniter\HTTP\Response->send()
#6 D:\laragon\www\method-oldagehome\system\Debug\Exceptions.php(147): CodeIgniter\Debug\ExceptionHandler->handle(Object(CodeIgniter\Exceptions\PageNotFoundException), Object(CodeIgniter\HTTP\IncomingRequest), Object(CodeIgniter\HTTP\Response), 404, 1)
#7 [internal function]: CodeIgniter\Debug\Exceptions->exceptionHandler(Object(CodeIgniter\Exceptions\PageNotFoundException))
#8 {main}
  thrown
【Previous Exception】
CodeIgniter\Exceptions\PageNotFoundException
Page Not Found
#0 D:\laragon\www\method-oldagehome\system\CodeIgniter.php(967): CodeIgniter\Exceptions\PageNotFoundException::forPageNotFound(NULL)
#1 D:\laragon\www\method-oldagehome\system\CodeIgniter.php(362): CodeIgniter\CodeIgniter->display404errors(Object(CodeIgniter\Exceptions\PageNotFoundException))
#2 D:\laragon\www\method-oldagehome\public\index.php(79): CodeIgniter\CodeIgniter->run()
#3 D:\laragon\www\method-oldagehome\system\Commands\Server\rewrite.php(47): require_once('D:\\laragon\\www\\...')
#4 {main}
in SYSTEMPATH\HTTP\ResponseTrait.php on line 774.
 1 [internal function]: CodeIgniter\Debug\Exceptions->shutdownHandler()
CRITICAL - 2024-11-13 07:43:58 --> Uncaught ErrorException: Cannot modify header information - headers already sent in D:\laragon\www\method-oldagehome\system\HTTP\ResponseTrait.php:774
Stack trace:
#0 [internal function]: CodeIgniter\Debug\Exceptions->errorHandler(2, 'Cannot modify h...', 'D:\\laragon\\www\\...', 774)
#1 D:\laragon\www\method-oldagehome\system\HTTP\ResponseTrait.php(774): setcookie('ci_session', 'ut71bjergsi7udj...', Array)
#2 D:\laragon\www\method-oldagehome\system\HTTP\ResponseTrait.php(750): CodeIgniter\HTTP\Response->doSetCookie('ci_session', 'ut71bjergsi7udj...', Array)
#3 D:\laragon\www\method-oldagehome\system\HTTP\ResponseTrait.php(730): CodeIgniter\HTTP\Response->dispatchCookies()
#4 D:\laragon\www\method-oldagehome\system\HTTP\ResponseTrait.php(447): CodeIgniter\HTTP\Response->sendCookies()
#5 D:\laragon\www\method-oldagehome\system\Debug\ExceptionHandler.php(78): CodeIgniter\HTTP\Response->send()
#6 D:\laragon\www\method-oldagehome\system\Debug\Exceptions.php(147): CodeIgniter\Debug\ExceptionHandler->handle(Object(CodeIgniter\Exceptions\PageNotFoundException), Object(CodeIgniter\HTTP\IncomingRequest), Object(CodeIgniter\HTTP\Response), 404, 1)
#7 [internal function]: CodeIgniter\Debug\Exceptions->exceptionHandler(Object(CodeIgniter\Exceptions\PageNotFoundException))
#8 {main}
  thrown
【Previous Exception】
CodeIgniter\Exceptions\PageNotFoundException
Page Not Found
#0 D:\laragon\www\method-oldagehome\system\CodeIgniter.php(967): CodeIgniter\Exceptions\PageNotFoundException::forPageNotFound(NULL)
#1 D:\laragon\www\method-oldagehome\system\CodeIgniter.php(362): CodeIgniter\CodeIgniter->display404errors(Object(CodeIgniter\Exceptions\PageNotFoundException))
#2 D:\laragon\www\method-oldagehome\public\index.php(79): CodeIgniter\CodeIgniter->run()
#3 D:\laragon\www\method-oldagehome\system\Commands\Server\rewrite.php(47): require_once('D:\\laragon\\www\\...')
#4 {main}
in SYSTEMPATH\HTTP\ResponseTrait.php on line 774.
 1 [internal function]: CodeIgniter\Debug\Exceptions->shutdownHandler()
CRITICAL - 2024-11-13 07:43:59 --> Uncaught ErrorException: Cannot modify header information - headers already sent in D:\laragon\www\method-oldagehome\system\HTTP\ResponseTrait.php:774
Stack trace:
#0 [internal function]: CodeIgniter\Debug\Exceptions->errorHandler(2, 'Cannot modify h...', 'D:\\laragon\\www\\...', 774)
#1 D:\laragon\www\method-oldagehome\system\HTTP\ResponseTrait.php(774): setcookie('ci_session', 'ut71bjergsi7udj...', Array)
#2 D:\laragon\www\method-oldagehome\system\HTTP\ResponseTrait.php(750): CodeIgniter\HTTP\Response->doSetCookie('ci_session', 'ut71bjergsi7udj...', Array)
#3 D:\laragon\www\method-oldagehome\system\HTTP\ResponseTrait.php(730): CodeIgniter\HTTP\Response->dispatchCookies()
#4 D:\laragon\www\method-oldagehome\system\HTTP\ResponseTrait.php(447): CodeIgniter\HTTP\Response->sendCookies()
#5 D:\laragon\www\method-oldagehome\system\Debug\ExceptionHandler.php(78): CodeIgniter\HTTP\Response->send()
#6 D:\laragon\www\method-oldagehome\system\Debug\Exceptions.php(147): CodeIgniter\Debug\ExceptionHandler->handle(Object(CodeIgniter\Exceptions\PageNotFoundException), Object(CodeIgniter\HTTP\IncomingRequest), Object(CodeIgniter\HTTP\Response), 404, 1)
#7 [internal function]: CodeIgniter\Debug\Exceptions->exceptionHandler(Object(CodeIgniter\Exceptions\PageNotFoundException))
#8 {main}
  thrown
【Previous Exception】
CodeIgniter\Exceptions\PageNotFoundException
Page Not Found
#0 D:\laragon\www\method-oldagehome\system\CodeIgniter.php(967): CodeIgniter\Exceptions\PageNotFoundException::forPageNotFound(NULL)
#1 D:\laragon\www\method-oldagehome\system\CodeIgniter.php(362): CodeIgniter\CodeIgniter->display404errors(Object(CodeIgniter\Exceptions\PageNotFoundException))
#2 D:\laragon\www\method-oldagehome\public\index.php(79): CodeIgniter\CodeIgniter->run()
#3 D:\laragon\www\method-oldagehome\system\Commands\Server\rewrite.php(47): require_once('D:\\laragon\\www\\...')
#4 {main}
in SYSTEMPATH\HTTP\ResponseTrait.php on line 774.
 1 [internal function]: CodeIgniter\Debug\Exceptions->shutdownHandler()
CRITICAL - 2024-11-13 07:44:00 --> Uncaught ErrorException: Cannot modify header information - headers already sent in D:\laragon\www\method-oldagehome\system\HTTP\ResponseTrait.php:774
Stack trace:
#0 [internal function]: CodeIgniter\Debug\Exceptions->errorHandler(2, 'Cannot modify h...', 'D:\\laragon\\www\\...', 774)
#1 D:\laragon\www\method-oldagehome\system\HTTP\ResponseTrait.php(774): setcookie('ci_session', 'ut71bjergsi7udj...', Array)
#2 D:\laragon\www\method-oldagehome\system\HTTP\ResponseTrait.php(750): CodeIgniter\HTTP\Response->doSetCookie('ci_session', 'ut71bjergsi7udj...', Array)
#3 D:\laragon\www\method-oldagehome\system\HTTP\ResponseTrait.php(730): CodeIgniter\HTTP\Response->dispatchCookies()
#4 D:\laragon\www\method-oldagehome\system\HTTP\ResponseTrait.php(447): CodeIgniter\HTTP\Response->sendCookies()
#5 D:\laragon\www\method-oldagehome\system\Debug\ExceptionHandler.php(78): CodeIgniter\HTTP\Response->send()
#6 D:\laragon\www\method-oldagehome\system\Debug\Exceptions.php(147): CodeIgniter\Debug\ExceptionHandler->handle(Object(CodeIgniter\Exceptions\PageNotFoundException), Object(CodeIgniter\HTTP\IncomingRequest), Object(CodeIgniter\HTTP\Response), 404, 1)
#7 [internal function]: CodeIgniter\Debug\Exceptions->exceptionHandler(Object(CodeIgniter\Exceptions\PageNotFoundException))
#8 {main}
  thrown
【Previous Exception】
CodeIgniter\Exceptions\PageNotFoundException
Page Not Found
#0 D:\laragon\www\method-oldagehome\system\CodeIgniter.php(967): CodeIgniter\Exceptions\PageNotFoundException::forPageNotFound(NULL)
#1 D:\laragon\www\method-oldagehome\system\CodeIgniter.php(362): CodeIgniter\CodeIgniter->display404errors(Object(CodeIgniter\Exceptions\PageNotFoundException))
#2 D:\laragon\www\method-oldagehome\public\index.php(79): CodeIgniter\CodeIgniter->run()
#3 D:\laragon\www\method-oldagehome\system\Commands\Server\rewrite.php(47): require_once('D:\\laragon\\www\\...')
#4 {main}
in SYSTEMPATH\HTTP\ResponseTrait.php on line 774.
 1 [internal function]: CodeIgniter\Debug\Exceptions->shutdownHandler()
CRITICAL - 2024-11-13 07:44:01 --> Uncaught ErrorException: Cannot modify header information - headers already sent in D:\laragon\www\method-oldagehome\system\HTTP\ResponseTrait.php:774
Stack trace:
#0 [internal function]: CodeIgniter\Debug\Exceptions->errorHandler(2, 'Cannot modify h...', 'D:\\laragon\\www\\...', 774)
#1 D:\laragon\www\method-oldagehome\system\HTTP\ResponseTrait.php(774): setcookie('ci_session', 'ut71bjergsi7udj...', Array)
#2 D:\laragon\www\method-oldagehome\system\HTTP\ResponseTrait.php(750): CodeIgniter\HTTP\Response->doSetCookie('ci_session', 'ut71bjergsi7udj...', Array)
#3 D:\laragon\www\method-oldagehome\system\HTTP\ResponseTrait.php(730): CodeIgniter\HTTP\Response->dispatchCookies()
#4 D:\laragon\www\method-oldagehome\system\HTTP\ResponseTrait.php(447): CodeIgniter\HTTP\Response->sendCookies()
#5 D:\laragon\www\method-oldagehome\system\Debug\ExceptionHandler.php(78): CodeIgniter\HTTP\Response->send()
#6 D:\laragon\www\method-oldagehome\system\Debug\Exceptions.php(147): CodeIgniter\Debug\ExceptionHandler->handle(Object(CodeIgniter\Exceptions\PageNotFoundException), Object(CodeIgniter\HTTP\IncomingRequest), Object(CodeIgniter\HTTP\Response), 404, 1)
#7 [internal function]: CodeIgniter\Debug\Exceptions->exceptionHandler(Object(CodeIgniter\Exceptions\PageNotFoundException))
#8 {main}
  thrown
【Previous Exception】
CodeIgniter\Exceptions\PageNotFoundException
Page Not Found
#0 D:\laragon\www\method-oldagehome\system\CodeIgniter.php(967): CodeIgniter\Exceptions\PageNotFoundException::forPageNotFound(NULL)
#1 D:\laragon\www\method-oldagehome\system\CodeIgniter.php(362): CodeIgniter\CodeIgniter->display404errors(Object(CodeIgniter\Exceptions\PageNotFoundException))
#2 D:\laragon\www\method-oldagehome\public\index.php(79): CodeIgniter\CodeIgniter->run()
#3 D:\laragon\www\method-oldagehome\system\Commands\Server\rewrite.php(47): require_once('D:\\laragon\\www\\...')
#4 {main}
in SYSTEMPATH\HTTP\ResponseTrait.php on line 774.
 1 [internal function]: CodeIgniter\Debug\Exceptions->shutdownHandler()
CRITICAL - 2024-11-13 07:44:02 --> Uncaught ErrorException: Cannot modify header information - headers already sent in D:\laragon\www\method-oldagehome\system\HTTP\ResponseTrait.php:774
Stack trace:
#0 [internal function]: CodeIgniter\Debug\Exceptions->errorHandler(2, 'Cannot modify h...', 'D:\\laragon\\www\\...', 774)
#1 D:\laragon\www\method-oldagehome\system\HTTP\ResponseTrait.php(774): setcookie('ci_session', 'ut71bjergsi7udj...', Array)
#2 D:\laragon\www\method-oldagehome\system\HTTP\ResponseTrait.php(750): CodeIgniter\HTTP\Response->doSetCookie('ci_session', 'ut71bjergsi7udj...', Array)
#3 D:\laragon\www\method-oldagehome\system\HTTP\ResponseTrait.php(730): CodeIgniter\HTTP\Response->dispatchCookies()
#4 D:\laragon\www\method-oldagehome\system\HTTP\ResponseTrait.php(447): CodeIgniter\HTTP\Response->sendCookies()
#5 D:\laragon\www\method-oldagehome\system\Debug\ExceptionHandler.php(78): CodeIgniter\HTTP\Response->send()
#6 D:\laragon\www\method-oldagehome\system\Debug\Exceptions.php(147): CodeIgniter\Debug\ExceptionHandler->handle(Object(CodeIgniter\Exceptions\PageNotFoundException), Object(CodeIgniter\HTTP\IncomingRequest), Object(CodeIgniter\HTTP\Response), 404, 1)
#7 [internal function]: CodeIgniter\Debug\Exceptions->exceptionHandler(Object(CodeIgniter\Exceptions\PageNotFoundException))
#8 {main}
  thrown
【Previous Exception】
CodeIgniter\Exceptions\PageNotFoundException
Page Not Found
#0 D:\laragon\www\method-oldagehome\system\CodeIgniter.php(967): CodeIgniter\Exceptions\PageNotFoundException::forPageNotFound(NULL)
#1 D:\laragon\www\method-oldagehome\system\CodeIgniter.php(362): CodeIgniter\CodeIgniter->display404errors(Object(CodeIgniter\Exceptions\PageNotFoundException))
#2 D:\laragon\www\method-oldagehome\public\index.php(79): CodeIgniter\CodeIgniter->run()
#3 D:\laragon\www\method-oldagehome\system\Commands\Server\rewrite.php(47): require_once('D:\\laragon\\www\\...')
#4 {main}
in SYSTEMPATH\HTTP\ResponseTrait.php on line 774.
 1 [internal function]: CodeIgniter\Debug\Exceptions->shutdownHandler()
CRITICAL - 2024-11-13 07:44:03 --> Uncaught ErrorException: Cannot modify header information - headers already sent in D:\laragon\www\method-oldagehome\system\HTTP\ResponseTrait.php:774
Stack trace:
#0 [internal function]: CodeIgniter\Debug\Exceptions->errorHandler(2, 'Cannot modify h...', 'D:\\laragon\\www\\...', 774)
#1 D:\laragon\www\method-oldagehome\system\HTTP\ResponseTrait.php(774): setcookie('ci_session', 'ut71bjergsi7udj...', Array)
#2 D:\laragon\www\method-oldagehome\system\HTTP\ResponseTrait.php(750): CodeIgniter\HTTP\Response->doSetCookie('ci_session', 'ut71bjergsi7udj...', Array)
#3 D:\laragon\www\method-oldagehome\system\HTTP\ResponseTrait.php(730): CodeIgniter\HTTP\Response->dispatchCookies()
#4 D:\laragon\www\method-oldagehome\system\HTTP\ResponseTrait.php(447): CodeIgniter\HTTP\Response->sendCookies()
#5 D:\laragon\www\method-oldagehome\system\Debug\ExceptionHandler.php(78): CodeIgniter\HTTP\Response->send()
#6 D:\laragon\www\method-oldagehome\system\Debug\Exceptions.php(147): CodeIgniter\Debug\ExceptionHandler->handle(Object(CodeIgniter\Exceptions\PageNotFoundException), Object(CodeIgniter\HTTP\IncomingRequest), Object(CodeIgniter\HTTP\Response), 404, 1)
#7 [internal function]: CodeIgniter\Debug\Exceptions->exceptionHandler(Object(CodeIgniter\Exceptions\PageNotFoundException))
#8 {main}
  thrown
【Previous Exception】
CodeIgniter\Exceptions\PageNotFoundException
Page Not Found
#0 D:\laragon\www\method-oldagehome\system\CodeIgniter.php(967): CodeIgniter\Exceptions\PageNotFoundException::forPageNotFound(NULL)
#1 D:\laragon\www\method-oldagehome\system\CodeIgniter.php(362): CodeIgniter\CodeIgniter->display404errors(Object(CodeIgniter\Exceptions\PageNotFoundException))
#2 D:\laragon\www\method-oldagehome\public\index.php(79): CodeIgniter\CodeIgniter->run()
#3 D:\laragon\www\method-oldagehome\system\Commands\Server\rewrite.php(47): require_once('D:\\laragon\\www\\...')
#4 {main}
in SYSTEMPATH\HTTP\ResponseTrait.php on line 774.
 1 [internal function]: CodeIgniter\Debug\Exceptions->shutdownHandler()
CRITICAL - 2024-11-13 07:44:04 --> Uncaught ErrorException: Cannot modify header information - headers already sent in D:\laragon\www\method-oldagehome\system\HTTP\ResponseTrait.php:774
Stack trace:
#0 [internal function]: CodeIgniter\Debug\Exceptions->errorHandler(2, 'Cannot modify h...', 'D:\\laragon\\www\\...', 774)
#1 D:\laragon\www\method-oldagehome\system\HTTP\ResponseTrait.php(774): setcookie('ci_session', 'ut71bjergsi7udj...', Array)
#2 D:\laragon\www\method-oldagehome\system\HTTP\ResponseTrait.php(750): CodeIgniter\HTTP\Response->doSetCookie('ci_session', 'ut71bjergsi7udj...', Array)
#3 D:\laragon\www\method-oldagehome\system\HTTP\ResponseTrait.php(730): CodeIgniter\HTTP\Response->dispatchCookies()
#4 D:\laragon\www\method-oldagehome\system\HTTP\ResponseTrait.php(447): CodeIgniter\HTTP\Response->sendCookies()
#5 D:\laragon\www\method-oldagehome\system\Debug\ExceptionHandler.php(78): CodeIgniter\HTTP\Response->send()
#6 D:\laragon\www\method-oldagehome\system\Debug\Exceptions.php(147): CodeIgniter\Debug\ExceptionHandler->handle(Object(CodeIgniter\Exceptions\PageNotFoundException), Object(CodeIgniter\HTTP\IncomingRequest), Object(CodeIgniter\HTTP\Response), 404, 1)
#7 [internal function]: CodeIgniter\Debug\Exceptions->exceptionHandler(Object(CodeIgniter\Exceptions\PageNotFoundException))
#8 {main}
  thrown
【Previous Exception】
CodeIgniter\Exceptions\PageNotFoundException
Page Not Found
#0 D:\laragon\www\method-oldagehome\system\CodeIgniter.php(967): CodeIgniter\Exceptions\PageNotFoundException::forPageNotFound(NULL)
#1 D:\laragon\www\method-oldagehome\system\CodeIgniter.php(362): CodeIgniter\CodeIgniter->display404errors(Object(CodeIgniter\Exceptions\PageNotFoundException))
#2 D:\laragon\www\method-oldagehome\public\index.php(79): CodeIgniter\CodeIgniter->run()
#3 D:\laragon\www\method-oldagehome\system\Commands\Server\rewrite.php(47): require_once('D:\\laragon\\www\\...')
#4 {main}
in SYSTEMPATH\HTTP\ResponseTrait.php on line 774.
 1 [internal function]: CodeIgniter\Debug\Exceptions->shutdownHandler()
CRITICAL - 2024-11-13 07:44:05 --> Uncaught ErrorException: Cannot modify header information - headers already sent in D:\laragon\www\method-oldagehome\system\HTTP\ResponseTrait.php:774
Stack trace:
#0 [internal function]: CodeIgniter\Debug\Exceptions->errorHandler(2, 'Cannot modify h...', 'D:\\laragon\\www\\...', 774)
#1 D:\laragon\www\method-oldagehome\system\HTTP\ResponseTrait.php(774): setcookie('ci_session', 'ut71bjergsi7udj...', Array)
#2 D:\laragon\www\method-oldagehome\system\HTTP\ResponseTrait.php(750): CodeIgniter\HTTP\Response->doSetCookie('ci_session', 'ut71bjergsi7udj...', Array)
#3 D:\laragon\www\method-oldagehome\system\HTTP\ResponseTrait.php(730): CodeIgniter\HTTP\Response->dispatchCookies()
#4 D:\laragon\www\method-oldagehome\system\HTTP\ResponseTrait.php(447): CodeIgniter\HTTP\Response->sendCookies()
#5 D:\laragon\www\method-oldagehome\system\Debug\ExceptionHandler.php(78): CodeIgniter\HTTP\Response->send()
#6 D:\laragon\www\method-oldagehome\system\Debug\Exceptions.php(147): CodeIgniter\Debug\ExceptionHandler->handle(Object(CodeIgniter\Exceptions\PageNotFoundException), Object(CodeIgniter\HTTP\IncomingRequest), Object(CodeIgniter\HTTP\Response), 404, 1)
#7 [internal function]: CodeIgniter\Debug\Exceptions->exceptionHandler(Object(CodeIgniter\Exceptions\PageNotFoundException))
#8 {main}
  thrown
【Previous Exception】
CodeIgniter\Exceptions\PageNotFoundException
Page Not Found
#0 D:\laragon\www\method-oldagehome\system\CodeIgniter.php(967): CodeIgniter\Exceptions\PageNotFoundException::forPageNotFound(NULL)
#1 D:\laragon\www\method-oldagehome\system\CodeIgniter.php(362): CodeIgniter\CodeIgniter->display404errors(Object(CodeIgniter\Exceptions\PageNotFoundException))
#2 D:\laragon\www\method-oldagehome\public\index.php(79): CodeIgniter\CodeIgniter->run()
#3 D:\laragon\www\method-oldagehome\system\Commands\Server\rewrite.php(47): require_once('D:\\laragon\\www\\...')
#4 {main}
in SYSTEMPATH\HTTP\ResponseTrait.php on line 774.
 1 [internal function]: CodeIgniter\Debug\Exceptions->shutdownHandler()
CRITICAL - 2024-11-13 07:44:06 --> Uncaught ErrorException: Cannot modify header information - headers already sent in D:\laragon\www\method-oldagehome\system\HTTP\ResponseTrait.php:774
Stack trace:
#0 [internal function]: CodeIgniter\Debug\Exceptions->errorHandler(2, 'Cannot modify h...', 'D:\\laragon\\www\\...', 774)
#1 D:\laragon\www\method-oldagehome\system\HTTP\ResponseTrait.php(774): setcookie('ci_session', 'ut71bjergsi7udj...', Array)
#2 D:\laragon\www\method-oldagehome\system\HTTP\ResponseTrait.php(750): CodeIgniter\HTTP\Response->doSetCookie('ci_session', 'ut71bjergsi7udj...', Array)
#3 D:\laragon\www\method-oldagehome\system\HTTP\ResponseTrait.php(730): CodeIgniter\HTTP\Response->dispatchCookies()
#4 D:\laragon\www\method-oldagehome\system\HTTP\ResponseTrait.php(447): CodeIgniter\HTTP\Response->sendCookies()
#5 D:\laragon\www\method-oldagehome\system\Debug\ExceptionHandler.php(78): CodeIgniter\HTTP\Response->send()
#6 D:\laragon\www\method-oldagehome\system\Debug\Exceptions.php(147): CodeIgniter\Debug\ExceptionHandler->handle(Object(CodeIgniter\Exceptions\PageNotFoundException), Object(CodeIgniter\HTTP\IncomingRequest), Object(CodeIgniter\HTTP\Response), 404, 1)
#7 [internal function]: CodeIgniter\Debug\Exceptions->exceptionHandler(Object(CodeIgniter\Exceptions\PageNotFoundException))
#8 {main}
  thrown
【Previous Exception】
CodeIgniter\Exceptions\PageNotFoundException
Page Not Found
#0 D:\laragon\www\method-oldagehome\system\CodeIgniter.php(967): CodeIgniter\Exceptions\PageNotFoundException::forPageNotFound(NULL)
#1 D:\laragon\www\method-oldagehome\system\CodeIgniter.php(362): CodeIgniter\CodeIgniter->display404errors(Object(CodeIgniter\Exceptions\PageNotFoundException))
#2 D:\laragon\www\method-oldagehome\public\index.php(79): CodeIgniter\CodeIgniter->run()
#3 D:\laragon\www\method-oldagehome\system\Commands\Server\rewrite.php(47): require_once('D:\\laragon\\www\\...')
#4 {main}
in SYSTEMPATH\HTTP\ResponseTrait.php on line 774.
 1 [internal function]: CodeIgniter\Debug\Exceptions->shutdownHandler()
CRITICAL - 2024-11-13 07:44:07 --> Uncaught ErrorException: Cannot modify header information - headers already sent in D:\laragon\www\method-oldagehome\system\HTTP\ResponseTrait.php:774
Stack trace:
#0 [internal function]: CodeIgniter\Debug\Exceptions->errorHandler(2, 'Cannot modify h...', 'D:\\laragon\\www\\...', 774)
#1 D:\laragon\www\method-oldagehome\system\HTTP\ResponseTrait.php(774): setcookie('ci_session', 'ut71bjergsi7udj...', Array)
#2 D:\laragon\www\method-oldagehome\system\HTTP\ResponseTrait.php(750): CodeIgniter\HTTP\Response->doSetCookie('ci_session', 'ut71bjergsi7udj...', Array)
#3 D:\laragon\www\method-oldagehome\system\HTTP\ResponseTrait.php(730): CodeIgniter\HTTP\Response->dispatchCookies()
#4 D:\laragon\www\method-oldagehome\system\HTTP\ResponseTrait.php(447): CodeIgniter\HTTP\Response->sendCookies()
#5 D:\laragon\www\method-oldagehome\system\Debug\ExceptionHandler.php(78): CodeIgniter\HTTP\Response->send()
#6 D:\laragon\www\method-oldagehome\system\Debug\Exceptions.php(147): CodeIgniter\Debug\ExceptionHandler->handle(Object(CodeIgniter\Exceptions\PageNotFoundException), Object(CodeIgniter\HTTP\IncomingRequest), Object(CodeIgniter\HTTP\Response), 404, 1)
#7 [internal function]: CodeIgniter\Debug\Exceptions->exceptionHandler(Object(CodeIgniter\Exceptions\PageNotFoundException))
#8 {main}
  thrown
【Previous Exception】
CodeIgniter\Exceptions\PageNotFoundException
Page Not Found
#0 D:\laragon\www\method-oldagehome\system\CodeIgniter.php(967): CodeIgniter\Exceptions\PageNotFoundException::forPageNotFound(NULL)
#1 D:\laragon\www\method-oldagehome\system\CodeIgniter.php(362): CodeIgniter\CodeIgniter->display404errors(Object(CodeIgniter\Exceptions\PageNotFoundException))
#2 D:\laragon\www\method-oldagehome\public\index.php(79): CodeIgniter\CodeIgniter->run()
#3 D:\laragon\www\method-oldagehome\system\Commands\Server\rewrite.php(47): require_once('D:\\laragon\\www\\...')
#4 {main}
in SYSTEMPATH\HTTP\ResponseTrait.php on line 774.
 1 [internal function]: CodeIgniter\Debug\Exceptions->shutdownHandler()
CRITICAL - 2024-11-13 07:44:08 --> Uncaught ErrorException: Cannot modify header information - headers already sent in D:\laragon\www\method-oldagehome\system\HTTP\ResponseTrait.php:774
Stack trace:
#0 [internal function]: CodeIgniter\Debug\Exceptions->errorHandler(2, 'Cannot modify h...', 'D:\\laragon\\www\\...', 774)
#1 D:\laragon\www\method-oldagehome\system\HTTP\ResponseTrait.php(774): setcookie('ci_session', 'ut71bjergsi7udj...', Array)
#2 D:\laragon\www\method-oldagehome\system\HTTP\ResponseTrait.php(750): CodeIgniter\HTTP\Response->doSetCookie('ci_session', 'ut71bjergsi7udj...', Array)
#3 D:\laragon\www\method-oldagehome\system\HTTP\ResponseTrait.php(730): CodeIgniter\HTTP\Response->dispatchCookies()
#4 D:\laragon\www\method-oldagehome\system\HTTP\ResponseTrait.php(447): CodeIgniter\HTTP\Response->sendCookies()
#5 D:\laragon\www\method-oldagehome\system\Debug\ExceptionHandler.php(78): CodeIgniter\HTTP\Response->send()
#6 D:\laragon\www\method-oldagehome\system\Debug\Exceptions.php(147): CodeIgniter\Debug\ExceptionHandler->handle(Object(CodeIgniter\Exceptions\PageNotFoundException), Object(CodeIgniter\HTTP\IncomingRequest), Object(CodeIgniter\HTTP\Response), 404, 1)
#7 [internal function]: CodeIgniter\Debug\Exceptions->exceptionHandler(Object(CodeIgniter\Exceptions\PageNotFoundException))
#8 {main}
  thrown
【Previous Exception】
CodeIgniter\Exceptions\PageNotFoundException
Page Not Found
#0 D:\laragon\www\method-oldagehome\system\CodeIgniter.php(967): CodeIgniter\Exceptions\PageNotFoundException::forPageNotFound(NULL)
#1 D:\laragon\www\method-oldagehome\system\CodeIgniter.php(362): CodeIgniter\CodeIgniter->display404errors(Object(CodeIgniter\Exceptions\PageNotFoundException))
#2 D:\laragon\www\method-oldagehome\public\index.php(79): CodeIgniter\CodeIgniter->run()
#3 D:\laragon\www\method-oldagehome\system\Commands\Server\rewrite.php(47): require_once('D:\\laragon\\www\\...')
#4 {main}
in SYSTEMPATH\HTTP\ResponseTrait.php on line 774.
 1 [internal function]: CodeIgniter\Debug\Exceptions->shutdownHandler()
CRITICAL - 2024-11-13 07:44:09 --> Uncaught ErrorException: Cannot modify header information - headers already sent in D:\laragon\www\method-oldagehome\system\HTTP\ResponseTrait.php:774
Stack trace:
#0 [internal function]: CodeIgniter\Debug\Exceptions->errorHandler(2, 'Cannot modify h...', 'D:\\laragon\\www\\...', 774)
#1 D:\laragon\www\method-oldagehome\system\HTTP\ResponseTrait.php(774): setcookie('ci_session', 'ut71bjergsi7udj...', Array)
#2 D:\laragon\www\method-oldagehome\system\HTTP\ResponseTrait.php(750): CodeIgniter\HTTP\Response->doSetCookie('ci_session', 'ut71bjergsi7udj...', Array)
#3 D:\laragon\www\method-oldagehome\system\HTTP\ResponseTrait.php(730): CodeIgniter\HTTP\Response->dispatchCookies()
#4 D:\laragon\www\method-oldagehome\system\HTTP\ResponseTrait.php(447): CodeIgniter\HTTP\Response->sendCookies()
#5 D:\laragon\www\method-oldagehome\system\Debug\ExceptionHandler.php(78): CodeIgniter\HTTP\Response->send()
#6 D:\laragon\www\method-oldagehome\system\Debug\Exceptions.php(147): CodeIgniter\Debug\ExceptionHandler->handle(Object(CodeIgniter\Exceptions\PageNotFoundException), Object(CodeIgniter\HTTP\IncomingRequest), Object(CodeIgniter\HTTP\Response), 404, 1)
#7 [internal function]: CodeIgniter\Debug\Exceptions->exceptionHandler(Object(CodeIgniter\Exceptions\PageNotFoundException))
#8 {main}
  thrown
【Previous Exception】
CodeIgniter\Exceptions\PageNotFoundException
Page Not Found
#0 D:\laragon\www\method-oldagehome\system\CodeIgniter.php(967): CodeIgniter\Exceptions\PageNotFoundException::forPageNotFound(NULL)
#1 D:\laragon\www\method-oldagehome\system\CodeIgniter.php(362): CodeIgniter\CodeIgniter->display404errors(Object(CodeIgniter\Exceptions\PageNotFoundException))
#2 D:\laragon\www\method-oldagehome\public\index.php(79): CodeIgniter\CodeIgniter->run()
#3 D:\laragon\www\method-oldagehome\system\Commands\Server\rewrite.php(47): require_once('D:\\laragon\\www\\...')
#4 {main}
in SYSTEMPATH\HTTP\ResponseTrait.php on line 774.
 1 [internal function]: CodeIgniter\Debug\Exceptions->shutdownHandler()
CRITICAL - 2024-11-13 07:44:10 --> Uncaught ErrorException: Cannot modify header information - headers already sent in D:\laragon\www\method-oldagehome\system\HTTP\ResponseTrait.php:774
Stack trace:
#0 [internal function]: CodeIgniter\Debug\Exceptions->errorHandler(2, 'Cannot modify h...', 'D:\\laragon\\www\\...', 774)
#1 D:\laragon\www\method-oldagehome\system\HTTP\ResponseTrait.php(774): setcookie('ci_session', 'ut71bjergsi7udj...', Array)
#2 D:\laragon\www\method-oldagehome\system\HTTP\ResponseTrait.php(750): CodeIgniter\HTTP\Response->doSetCookie('ci_session', 'ut71bjergsi7udj...', Array)
#3 D:\laragon\www\method-oldagehome\system\HTTP\ResponseTrait.php(730): CodeIgniter\HTTP\Response->dispatchCookies()
#4 D:\laragon\www\method-oldagehome\system\HTTP\ResponseTrait.php(447): CodeIgniter\HTTP\Response->sendCookies()
#5 D:\laragon\www\method-oldagehome\system\Debug\ExceptionHandler.php(78): CodeIgniter\HTTP\Response->send()
#6 D:\laragon\www\method-oldagehome\system\Debug\Exceptions.php(147): CodeIgniter\Debug\ExceptionHandler->handle(Object(CodeIgniter\Exceptions\PageNotFoundException), Object(CodeIgniter\HTTP\IncomingRequest), Object(CodeIgniter\HTTP\Response), 404, 1)
#7 [internal function]: CodeIgniter\Debug\Exceptions->exceptionHandler(Object(CodeIgniter\Exceptions\PageNotFoundException))
#8 {main}
  thrown
【Previous Exception】
CodeIgniter\Exceptions\PageNotFoundException
Page Not Found
#0 D:\laragon\www\method-oldagehome\system\CodeIgniter.php(967): CodeIgniter\Exceptions\PageNotFoundException::forPageNotFound(NULL)
#1 D:\laragon\www\method-oldagehome\system\CodeIgniter.php(362): CodeIgniter\CodeIgniter->display404errors(Object(CodeIgniter\Exceptions\PageNotFoundException))
#2 D:\laragon\www\method-oldagehome\public\index.php(79): CodeIgniter\CodeIgniter->run()
#3 D:\laragon\www\method-oldagehome\system\Commands\Server\rewrite.php(47): require_once('D:\\laragon\\www\\...')
#4 {main}
in SYSTEMPATH\HTTP\ResponseTrait.php on line 774.
 1 [internal function]: CodeIgniter\Debug\Exceptions->shutdownHandler()
CRITICAL - 2024-11-13 07:44:11 --> Uncaught ErrorException: Cannot modify header information - headers already sent in D:\laragon\www\method-oldagehome\system\HTTP\ResponseTrait.php:774
Stack trace:
#0 [internal function]: CodeIgniter\Debug\Exceptions->errorHandler(2, 'Cannot modify h...', 'D:\\laragon\\www\\...', 774)
#1 D:\laragon\www\method-oldagehome\system\HTTP\ResponseTrait.php(774): setcookie('ci_session', 'ut71bjergsi7udj...', Array)
#2 D:\laragon\www\method-oldagehome\system\HTTP\ResponseTrait.php(750): CodeIgniter\HTTP\Response->doSetCookie('ci_session', 'ut71bjergsi7udj...', Array)
#3 D:\laragon\www\method-oldagehome\system\HTTP\ResponseTrait.php(730): CodeIgniter\HTTP\Response->dispatchCookies()
#4 D:\laragon\www\method-oldagehome\system\HTTP\ResponseTrait.php(447): CodeIgniter\HTTP\Response->sendCookies()
#5 D:\laragon\www\method-oldagehome\system\Debug\ExceptionHandler.php(78): CodeIgniter\HTTP\Response->send()
#6 D:\laragon\www\method-oldagehome\system\Debug\Exceptions.php(147): CodeIgniter\Debug\ExceptionHandler->handle(Object(CodeIgniter\Exceptions\PageNotFoundException), Object(CodeIgniter\HTTP\IncomingRequest), Object(CodeIgniter\HTTP\Response), 404, 1)
#7 [internal function]: CodeIgniter\Debug\Exceptions->exceptionHandler(Object(CodeIgniter\Exceptions\PageNotFoundException))
#8 {main}
  thrown
【Previous Exception】
CodeIgniter\Exceptions\PageNotFoundException
Page Not Found
#0 D:\laragon\www\method-oldagehome\system\CodeIgniter.php(967): CodeIgniter\Exceptions\PageNotFoundException::forPageNotFound(NULL)
#1 D:\laragon\www\method-oldagehome\system\CodeIgniter.php(362): CodeIgniter\CodeIgniter->display404errors(Object(CodeIgniter\Exceptions\PageNotFoundException))
#2 D:\laragon\www\method-oldagehome\public\index.php(79): CodeIgniter\CodeIgniter->run()
#3 D:\laragon\www\method-oldagehome\system\Commands\Server\rewrite.php(47): require_once('D:\\laragon\\www\\...')
#4 {main}
in SYSTEMPATH\HTTP\ResponseTrait.php on line 774.
 1 [internal function]: CodeIgniter\Debug\Exceptions->shutdownHandler()
CRITICAL - 2024-11-13 07:44:12 --> Uncaught ErrorException: Cannot modify header information - headers already sent in D:\laragon\www\method-oldagehome\system\HTTP\ResponseTrait.php:774
Stack trace:
#0 [internal function]: CodeIgniter\Debug\Exceptions->errorHandler(2, 'Cannot modify h...', 'D:\\laragon\\www\\...', 774)
#1 D:\laragon\www\method-oldagehome\system\HTTP\ResponseTrait.php(774): setcookie('ci_session', 'ut71bjergsi7udj...', Array)
#2 D:\laragon\www\method-oldagehome\system\HTTP\ResponseTrait.php(750): CodeIgniter\HTTP\Response->doSetCookie('ci_session', 'ut71bjergsi7udj...', Array)
#3 D:\laragon\www\method-oldagehome\system\HTTP\ResponseTrait.php(730): CodeIgniter\HTTP\Response->dispatchCookies()
#4 D:\laragon\www\method-oldagehome\system\HTTP\ResponseTrait.php(447): CodeIgniter\HTTP\Response->sendCookies()
#5 D:\laragon\www\method-oldagehome\system\Debug\ExceptionHandler.php(78): CodeIgniter\HTTP\Response->send()
#6 D:\laragon\www\method-oldagehome\system\Debug\Exceptions.php(147): CodeIgniter\Debug\ExceptionHandler->handle(Object(CodeIgniter\Exceptions\PageNotFoundException), Object(CodeIgniter\HTTP\IncomingRequest), Object(CodeIgniter\HTTP\Response), 404, 1)
#7 [internal function]: CodeIgniter\Debug\Exceptions->exceptionHandler(Object(CodeIgniter\Exceptions\PageNotFoundException))
#8 {main}
  thrown
【Previous Exception】
CodeIgniter\Exceptions\PageNotFoundException
Page Not Found
#0 D:\laragon\www\method-oldagehome\system\CodeIgniter.php(967): CodeIgniter\Exceptions\PageNotFoundException::forPageNotFound(NULL)
#1 D:\laragon\www\method-oldagehome\system\CodeIgniter.php(362): CodeIgniter\CodeIgniter->display404errors(Object(CodeIgniter\Exceptions\PageNotFoundException))
#2 D:\laragon\www\method-oldagehome\public\index.php(79): CodeIgniter\CodeIgniter->run()
#3 D:\laragon\www\method-oldagehome\system\Commands\Server\rewrite.php(47): require_once('D:\\laragon\\www\\...')
#4 {main}
in SYSTEMPATH\HTTP\ResponseTrait.php on line 774.
 1 [internal function]: CodeIgniter\Debug\Exceptions->shutdownHandler()
CRITICAL - 2024-11-13 07:44:13 --> Uncaught ErrorException: Cannot modify header information - headers already sent in D:\laragon\www\method-oldagehome\system\HTTP\ResponseTrait.php:774
Stack trace:
#0 [internal function]: CodeIgniter\Debug\Exceptions->errorHandler(2, 'Cannot modify h...', 'D:\\laragon\\www\\...', 774)
#1 D:\laragon\www\method-oldagehome\system\HTTP\ResponseTrait.php(774): setcookie('ci_session', 'ut71bjergsi7udj...', Array)
#2 D:\laragon\www\method-oldagehome\system\HTTP\ResponseTrait.php(750): CodeIgniter\HTTP\Response->doSetCookie('ci_session', 'ut71bjergsi7udj...', Array)
#3 D:\laragon\www\method-oldagehome\system\HTTP\ResponseTrait.php(730): CodeIgniter\HTTP\Response->dispatchCookies()
#4 D:\laragon\www\method-oldagehome\system\HTTP\ResponseTrait.php(447): CodeIgniter\HTTP\Response->sendCookies()
#5 D:\laragon\www\method-oldagehome\system\Debug\ExceptionHandler.php(78): CodeIgniter\HTTP\Response->send()
#6 D:\laragon\www\method-oldagehome\system\Debug\Exceptions.php(147): CodeIgniter\Debug\ExceptionHandler->handle(Object(CodeIgniter\Exceptions\PageNotFoundException), Object(CodeIgniter\HTTP\IncomingRequest), Object(CodeIgniter\HTTP\Response), 404, 1)
#7 [internal function]: CodeIgniter\Debug\Exceptions->exceptionHandler(Object(CodeIgniter\Exceptions\PageNotFoundException))
#8 {main}
  thrown
【Previous Exception】
CodeIgniter\Exceptions\PageNotFoundException
Page Not Found
#0 D:\laragon\www\method-oldagehome\system\CodeIgniter.php(967): CodeIgniter\Exceptions\PageNotFoundException::forPageNotFound(NULL)
#1 D:\laragon\www\method-oldagehome\system\CodeIgniter.php(362): CodeIgniter\CodeIgniter->display404errors(Object(CodeIgniter\Exceptions\PageNotFoundException))
#2 D:\laragon\www\method-oldagehome\public\index.php(79): CodeIgniter\CodeIgniter->run()
#3 D:\laragon\www\method-oldagehome\system\Commands\Server\rewrite.php(47): require_once('D:\\laragon\\www\\...')
#4 {main}
in SYSTEMPATH\HTTP\ResponseTrait.php on line 774.
 1 [internal function]: CodeIgniter\Debug\Exceptions->shutdownHandler()
CRITICAL - 2024-11-13 07:44:14 --> Uncaught ErrorException: Cannot modify header information - headers already sent in D:\laragon\www\method-oldagehome\system\HTTP\ResponseTrait.php:774
Stack trace:
#0 [internal function]: CodeIgniter\Debug\Exceptions->errorHandler(2, 'Cannot modify h...', 'D:\\laragon\\www\\...', 774)
#1 D:\laragon\www\method-oldagehome\system\HTTP\ResponseTrait.php(774): setcookie('ci_session', 'ut71bjergsi7udj...', Array)
#2 D:\laragon\www\method-oldagehome\system\HTTP\ResponseTrait.php(750): CodeIgniter\HTTP\Response->doSetCookie('ci_session', 'ut71bjergsi7udj...', Array)
#3 D:\laragon\www\method-oldagehome\system\HTTP\ResponseTrait.php(730): CodeIgniter\HTTP\Response->dispatchCookies()
#4 D:\laragon\www\method-oldagehome\system\HTTP\ResponseTrait.php(447): CodeIgniter\HTTP\Response->sendCookies()
#5 D:\laragon\www\method-oldagehome\system\Debug\ExceptionHandler.php(78): CodeIgniter\HTTP\Response->send()
#6 D:\laragon\www\method-oldagehome\system\Debug\Exceptions.php(147): CodeIgniter\Debug\ExceptionHandler->handle(Object(CodeIgniter\Exceptions\PageNotFoundException), Object(CodeIgniter\HTTP\IncomingRequest), Object(CodeIgniter\HTTP\Response), 404, 1)
#7 [internal function]: CodeIgniter\Debug\Exceptions->exceptionHandler(Object(CodeIgniter\Exceptions\PageNotFoundException))
#8 {main}
  thrown
【Previous Exception】
CodeIgniter\Exceptions\PageNotFoundException
Page Not Found
#0 D:\laragon\www\method-oldagehome\system\CodeIgniter.php(967): CodeIgniter\Exceptions\PageNotFoundException::forPageNotFound(NULL)
#1 D:\laragon\www\method-oldagehome\system\CodeIgniter.php(362): CodeIgniter\CodeIgniter->display404errors(Object(CodeIgniter\Exceptions\PageNotFoundException))
#2 D:\laragon\www\method-oldagehome\public\index.php(79): CodeIgniter\CodeIgniter->run()
#3 D:\laragon\www\method-oldagehome\system\Commands\Server\rewrite.php(47): require_once('D:\\laragon\\www\\...')
#4 {main}
in SYSTEMPATH\HTTP\ResponseTrait.php on line 774.
 1 [internal function]: CodeIgniter\Debug\Exceptions->shutdownHandler()
CRITICAL - 2024-11-13 07:44:15 --> Uncaught ErrorException: Cannot modify header information - headers already sent in D:\laragon\www\method-oldagehome\system\HTTP\ResponseTrait.php:774
Stack trace:
#0 [internal function]: CodeIgniter\Debug\Exceptions->errorHandler(2, 'Cannot modify h...', 'D:\\laragon\\www\\...', 774)
#1 D:\laragon\www\method-oldagehome\system\HTTP\ResponseTrait.php(774): setcookie('ci_session', 'ut71bjergsi7udj...', Array)
#2 D:\laragon\www\method-oldagehome\system\HTTP\ResponseTrait.php(750): CodeIgniter\HTTP\Response->doSetCookie('ci_session', 'ut71bjergsi7udj...', Array)
#3 D:\laragon\www\method-oldagehome\system\HTTP\ResponseTrait.php(730): CodeIgniter\HTTP\Response->dispatchCookies()
#4 D:\laragon\www\method-oldagehome\system\HTTP\ResponseTrait.php(447): CodeIgniter\HTTP\Response->sendCookies()
#5 D:\laragon\www\method-oldagehome\system\Debug\ExceptionHandler.php(78): CodeIgniter\HTTP\Response->send()
#6 D:\laragon\www\method-oldagehome\system\Debug\Exceptions.php(147): CodeIgniter\Debug\ExceptionHandler->handle(Object(CodeIgniter\Exceptions\PageNotFoundException), Object(CodeIgniter\HTTP\IncomingRequest), Object(CodeIgniter\HTTP\Response), 404, 1)
#7 [internal function]: CodeIgniter\Debug\Exceptions->exceptionHandler(Object(CodeIgniter\Exceptions\PageNotFoundException))
#8 {main}
  thrown
【Previous Exception】
CodeIgniter\Exceptions\PageNotFoundException
Page Not Found
#0 D:\laragon\www\method-oldagehome\system\CodeIgniter.php(967): CodeIgniter\Exceptions\PageNotFoundException::forPageNotFound(NULL)
#1 D:\laragon\www\method-oldagehome\system\CodeIgniter.php(362): CodeIgniter\CodeIgniter->display404errors(Object(CodeIgniter\Exceptions\PageNotFoundException))
#2 D:\laragon\www\method-oldagehome\public\index.php(79): CodeIgniter\CodeIgniter->run()
#3 D:\laragon\www\method-oldagehome\system\Commands\Server\rewrite.php(47): require_once('D:\\laragon\\www\\...')
#4 {main}
in SYSTEMPATH\HTTP\ResponseTrait.php on line 774.
 1 [internal function]: CodeIgniter\Debug\Exceptions->shutdownHandler()
CRITICAL - 2024-11-13 07:44:16 --> Uncaught ErrorException: Cannot modify header information - headers already sent in D:\laragon\www\method-oldagehome\system\HTTP\ResponseTrait.php:774
Stack trace:
#0 [internal function]: CodeIgniter\Debug\Exceptions->errorHandler(2, 'Cannot modify h...', 'D:\\laragon\\www\\...', 774)
#1 D:\laragon\www\method-oldagehome\system\HTTP\ResponseTrait.php(774): setcookie('ci_session', 'ut71bjergsi7udj...', Array)
#2 D:\laragon\www\method-oldagehome\system\HTTP\ResponseTrait.php(750): CodeIgniter\HTTP\Response->doSetCookie('ci_session', 'ut71bjergsi7udj...', Array)
#3 D:\laragon\www\method-oldagehome\system\HTTP\ResponseTrait.php(730): CodeIgniter\HTTP\Response->dispatchCookies()
#4 D:\laragon\www\method-oldagehome\system\HTTP\ResponseTrait.php(447): CodeIgniter\HTTP\Response->sendCookies()
#5 D:\laragon\www\method-oldagehome\system\Debug\ExceptionHandler.php(78): CodeIgniter\HTTP\Response->send()
#6 D:\laragon\www\method-oldagehome\system\Debug\Exceptions.php(147): CodeIgniter\Debug\ExceptionHandler->handle(Object(CodeIgniter\Exceptions\PageNotFoundException), Object(CodeIgniter\HTTP\IncomingRequest), Object(CodeIgniter\HTTP\Response), 404, 1)
#7 [internal function]: CodeIgniter\Debug\Exceptions->exceptionHandler(Object(CodeIgniter\Exceptions\PageNotFoundException))
#8 {main}
  thrown
【Previous Exception】
CodeIgniter\Exceptions\PageNotFoundException
Page Not Found
#0 D:\laragon\www\method-oldagehome\system\CodeIgniter.php(967): CodeIgniter\Exceptions\PageNotFoundException::forPageNotFound(NULL)
#1 D:\laragon\www\method-oldagehome\system\CodeIgniter.php(362): CodeIgniter\CodeIgniter->display404errors(Object(CodeIgniter\Exceptions\PageNotFoundException))
#2 D:\laragon\www\method-oldagehome\public\index.php(79): CodeIgniter\CodeIgniter->run()
#3 D:\laragon\www\method-oldagehome\system\Commands\Server\rewrite.php(47): require_once('D:\\laragon\\www\\...')
#4 {main}
in SYSTEMPATH\HTTP\ResponseTrait.php on line 774.
 1 [internal function]: CodeIgniter\Debug\Exceptions->shutdownHandler()
CRITICAL - 2024-11-13 07:44:17 --> Uncaught ErrorException: Cannot modify header information - headers already sent in D:\laragon\www\method-oldagehome\system\HTTP\ResponseTrait.php:774
Stack trace:
#0 [internal function]: CodeIgniter\Debug\Exceptions->errorHandler(2, 'Cannot modify h...', 'D:\\laragon\\www\\...', 774)
#1 D:\laragon\www\method-oldagehome\system\HTTP\ResponseTrait.php(774): setcookie('ci_session', 'ut71bjergsi7udj...', Array)
#2 D:\laragon\www\method-oldagehome\system\HTTP\ResponseTrait.php(750): CodeIgniter\HTTP\Response->doSetCookie('ci_session', 'ut71bjergsi7udj...', Array)
#3 D:\laragon\www\method-oldagehome\system\HTTP\ResponseTrait.php(730): CodeIgniter\HTTP\Response->dispatchCookies()
#4 D:\laragon\www\method-oldagehome\system\HTTP\ResponseTrait.php(447): CodeIgniter\HTTP\Response->sendCookies()
#5 D:\laragon\www\method-oldagehome\system\Debug\ExceptionHandler.php(78): CodeIgniter\HTTP\Response->send()
#6 D:\laragon\www\method-oldagehome\system\Debug\Exceptions.php(147): CodeIgniter\Debug\ExceptionHandler->handle(Object(CodeIgniter\Exceptions\PageNotFoundException), Object(CodeIgniter\HTTP\IncomingRequest), Object(CodeIgniter\HTTP\Response), 404, 1)
#7 [internal function]: CodeIgniter\Debug\Exceptions->exceptionHandler(Object(CodeIgniter\Exceptions\PageNotFoundException))
#8 {main}
  thrown
【Previous Exception】
CodeIgniter\Exceptions\PageNotFoundException
Page Not Found
#0 D:\laragon\www\method-oldagehome\system\CodeIgniter.php(967): CodeIgniter\Exceptions\PageNotFoundException::forPageNotFound(NULL)
#1 D:\laragon\www\method-oldagehome\system\CodeIgniter.php(362): CodeIgniter\CodeIgniter->display404errors(Object(CodeIgniter\Exceptions\PageNotFoundException))
#2 D:\laragon\www\method-oldagehome\public\index.php(79): CodeIgniter\CodeIgniter->run()
#3 D:\laragon\www\method-oldagehome\system\Commands\Server\rewrite.php(47): require_once('D:\\laragon\\www\\...')
#4 {main}
in SYSTEMPATH\HTTP\ResponseTrait.php on line 774.
 1 [internal function]: CodeIgniter\Debug\Exceptions->shutdownHandler()
CRITICAL - 2024-11-13 07:44:18 --> Uncaught ErrorException: Cannot modify header information - headers already sent in D:\laragon\www\method-oldagehome\system\HTTP\ResponseTrait.php:774
Stack trace:
#0 [internal function]: CodeIgniter\Debug\Exceptions->errorHandler(2, 'Cannot modify h...', 'D:\\laragon\\www\\...', 774)
#1 D:\laragon\www\method-oldagehome\system\HTTP\ResponseTrait.php(774): setcookie('ci_session', 'ut71bjergsi7udj...', Array)
#2 D:\laragon\www\method-oldagehome\system\HTTP\ResponseTrait.php(750): CodeIgniter\HTTP\Response->doSetCookie('ci_session', 'ut71bjergsi7udj...', Array)
#3 D:\laragon\www\method-oldagehome\system\HTTP\ResponseTrait.php(730): CodeIgniter\HTTP\Response->dispatchCookies()
#4 D:\laragon\www\method-oldagehome\system\HTTP\ResponseTrait.php(447): CodeIgniter\HTTP\Response->sendCookies()
#5 D:\laragon\www\method-oldagehome\system\Debug\ExceptionHandler.php(78): CodeIgniter\HTTP\Response->send()
#6 D:\laragon\www\method-oldagehome\system\Debug\Exceptions.php(147): CodeIgniter\Debug\ExceptionHandler->handle(Object(CodeIgniter\Exceptions\PageNotFoundException), Object(CodeIgniter\HTTP\IncomingRequest), Object(CodeIgniter\HTTP\Response), 404, 1)
#7 [internal function]: CodeIgniter\Debug\Exceptions->exceptionHandler(Object(CodeIgniter\Exceptions\PageNotFoundException))
#8 {main}
  thrown
【Previous Exception】
CodeIgniter\Exceptions\PageNotFoundException
Page Not Found
#0 D:\laragon\www\method-oldagehome\system\CodeIgniter.php(967): CodeIgniter\Exceptions\PageNotFoundException::forPageNotFound(NULL)
#1 D:\laragon\www\method-oldagehome\system\CodeIgniter.php(362): CodeIgniter\CodeIgniter->display404errors(Object(CodeIgniter\Exceptions\PageNotFoundException))
#2 D:\laragon\www\method-oldagehome\public\index.php(79): CodeIgniter\CodeIgniter->run()
#3 D:\laragon\www\method-oldagehome\system\Commands\Server\rewrite.php(47): require_once('D:\\laragon\\www\\...')
#4 {main}
in SYSTEMPATH\HTTP\ResponseTrait.php on line 774.
 1 [internal function]: CodeIgniter\Debug\Exceptions->shutdownHandler()
CRITICAL - 2024-11-13 07:44:19 --> Uncaught ErrorException: Cannot modify header information - headers already sent in D:\laragon\www\method-oldagehome\system\HTTP\ResponseTrait.php:774
Stack trace:
#0 [internal function]: CodeIgniter\Debug\Exceptions->errorHandler(2, 'Cannot modify h...', 'D:\\laragon\\www\\...', 774)
#1 D:\laragon\www\method-oldagehome\system\HTTP\ResponseTrait.php(774): setcookie('ci_session', 'ut71bjergsi7udj...', Array)
#2 D:\laragon\www\method-oldagehome\system\HTTP\ResponseTrait.php(750): CodeIgniter\HTTP\Response->doSetCookie('ci_session', 'ut71bjergsi7udj...', Array)
#3 D:\laragon\www\method-oldagehome\system\HTTP\ResponseTrait.php(730): CodeIgniter\HTTP\Response->dispatchCookies()
#4 D:\laragon\www\method-oldagehome\system\HTTP\ResponseTrait.php(447): CodeIgniter\HTTP\Response->sendCookies()
#5 D:\laragon\www\method-oldagehome\system\Debug\ExceptionHandler.php(78): CodeIgniter\HTTP\Response->send()
#6 D:\laragon\www\method-oldagehome\system\Debug\Exceptions.php(147): CodeIgniter\Debug\ExceptionHandler->handle(Object(CodeIgniter\Exceptions\PageNotFoundException), Object(CodeIgniter\HTTP\IncomingRequest), Object(CodeIgniter\HTTP\Response), 404, 1)
#7 [internal function]: CodeIgniter\Debug\Exceptions->exceptionHandler(Object(CodeIgniter\Exceptions\PageNotFoundException))
#8 {main}
  thrown
【Previous Exception】
CodeIgniter\Exceptions\PageNotFoundException
Page Not Found
#0 D:\laragon\www\method-oldagehome\system\CodeIgniter.php(967): CodeIgniter\Exceptions\PageNotFoundException::forPageNotFound(NULL)
#1 D:\laragon\www\method-oldagehome\system\CodeIgniter.php(362): CodeIgniter\CodeIgniter->display404errors(Object(CodeIgniter\Exceptions\PageNotFoundException))
#2 D:\laragon\www\method-oldagehome\public\index.php(79): CodeIgniter\CodeIgniter->run()
#3 D:\laragon\www\method-oldagehome\system\Commands\Server\rewrite.php(47): require_once('D:\\laragon\\www\\...')
#4 {main}
in SYSTEMPATH\HTTP\ResponseTrait.php on line 774.
 1 [internal function]: CodeIgniter\Debug\Exceptions->shutdownHandler()
CRITICAL - 2024-11-13 07:44:20 --> Uncaught ErrorException: Cannot modify header information - headers already sent in D:\laragon\www\method-oldagehome\system\HTTP\ResponseTrait.php:774
Stack trace:
#0 [internal function]: CodeIgniter\Debug\Exceptions->errorHandler(2, 'Cannot modify h...', 'D:\\laragon\\www\\...', 774)
#1 D:\laragon\www\method-oldagehome\system\HTTP\ResponseTrait.php(774): setcookie('ci_session', 'ut71bjergsi7udj...', Array)
#2 D:\laragon\www\method-oldagehome\system\HTTP\ResponseTrait.php(750): CodeIgniter\HTTP\Response->doSetCookie('ci_session', 'ut71bjergsi7udj...', Array)
#3 D:\laragon\www\method-oldagehome\system\HTTP\ResponseTrait.php(730): CodeIgniter\HTTP\Response->dispatchCookies()
#4 D:\laragon\www\method-oldagehome\system\HTTP\ResponseTrait.php(447): CodeIgniter\HTTP\Response->sendCookies()
#5 D:\laragon\www\method-oldagehome\system\Debug\ExceptionHandler.php(78): CodeIgniter\HTTP\Response->send()
#6 D:\laragon\www\method-oldagehome\system\Debug\Exceptions.php(147): CodeIgniter\Debug\ExceptionHandler->handle(Object(CodeIgniter\Exceptions\PageNotFoundException), Object(CodeIgniter\HTTP\IncomingRequest), Object(CodeIgniter\HTTP\Response), 404, 1)
#7 [internal function]: CodeIgniter\Debug\Exceptions->exceptionHandler(Object(CodeIgniter\Exceptions\PageNotFoundException))
#8 {main}
  thrown
【Previous Exception】
CodeIgniter\Exceptions\PageNotFoundException
Page Not Found
#0 D:\laragon\www\method-oldagehome\system\CodeIgniter.php(967): CodeIgniter\Exceptions\PageNotFoundException::forPageNotFound(NULL)
#1 D:\laragon\www\method-oldagehome\system\CodeIgniter.php(362): CodeIgniter\CodeIgniter->display404errors(Object(CodeIgniter\Exceptions\PageNotFoundException))
#2 D:\laragon\www\method-oldagehome\public\index.php(79): CodeIgniter\CodeIgniter->run()
#3 D:\laragon\www\method-oldagehome\system\Commands\Server\rewrite.php(47): require_once('D:\\laragon\\www\\...')
#4 {main}
in SYSTEMPATH\HTTP\ResponseTrait.php on line 774.
 1 [internal function]: CodeIgniter\Debug\Exceptions->shutdownHandler()
CRITICAL - 2024-11-13 07:44:21 --> Uncaught ErrorException: Cannot modify header information - headers already sent in D:\laragon\www\method-oldagehome\system\HTTP\ResponseTrait.php:774
Stack trace:
#0 [internal function]: CodeIgniter\Debug\Exceptions->errorHandler(2, 'Cannot modify h...', 'D:\\laragon\\www\\...', 774)
#1 D:\laragon\www\method-oldagehome\system\HTTP\ResponseTrait.php(774): setcookie('ci_session', 'ut71bjergsi7udj...', Array)
#2 D:\laragon\www\method-oldagehome\system\HTTP\ResponseTrait.php(750): CodeIgniter\HTTP\Response->doSetCookie('ci_session', 'ut71bjergsi7udj...', Array)
#3 D:\laragon\www\method-oldagehome\system\HTTP\ResponseTrait.php(730): CodeIgniter\HTTP\Response->dispatchCookies()
#4 D:\laragon\www\method-oldagehome\system\HTTP\ResponseTrait.php(447): CodeIgniter\HTTP\Response->sendCookies()
#5 D:\laragon\www\method-oldagehome\system\Debug\ExceptionHandler.php(78): CodeIgniter\HTTP\Response->send()
#6 D:\laragon\www\method-oldagehome\system\Debug\Exceptions.php(147): CodeIgniter\Debug\ExceptionHandler->handle(Object(CodeIgniter\Exceptions\PageNotFoundException), Object(CodeIgniter\HTTP\IncomingRequest), Object(CodeIgniter\HTTP\Response), 404, 1)
#7 [internal function]: CodeIgniter\Debug\Exceptions->exceptionHandler(Object(CodeIgniter\Exceptions\PageNotFoundException))
#8 {main}
  thrown
【Previous Exception】
CodeIgniter\Exceptions\PageNotFoundException
Page Not Found
#0 D:\laragon\www\method-oldagehome\system\CodeIgniter.php(967): CodeIgniter\Exceptions\PageNotFoundException::forPageNotFound(NULL)
#1 D:\laragon\www\method-oldagehome\system\CodeIgniter.php(362): CodeIgniter\CodeIgniter->display404errors(Object(CodeIgniter\Exceptions\PageNotFoundException))
#2 D:\laragon\www\method-oldagehome\public\index.php(79): CodeIgniter\CodeIgniter->run()
#3 D:\laragon\www\method-oldagehome\system\Commands\Server\rewrite.php(47): require_once('D:\\laragon\\www\\...')
#4 {main}
in SYSTEMPATH\HTTP\ResponseTrait.php on line 774.
 1 [internal function]: CodeIgniter\Debug\Exceptions->shutdownHandler()
CRITICAL - 2024-11-13 07:44:22 --> Uncaught ErrorException: Cannot modify header information - headers already sent in D:\laragon\www\method-oldagehome\system\HTTP\ResponseTrait.php:774
Stack trace:
#0 [internal function]: CodeIgniter\Debug\Exceptions->errorHandler(2, 'Cannot modify h...', 'D:\\laragon\\www\\...', 774)
#1 D:\laragon\www\method-oldagehome\system\HTTP\ResponseTrait.php(774): setcookie('ci_session', 'ut71bjergsi7udj...', Array)
#2 D:\laragon\www\method-oldagehome\system\HTTP\ResponseTrait.php(750): CodeIgniter\HTTP\Response->doSetCookie('ci_session', 'ut71bjergsi7udj...', Array)
#3 D:\laragon\www\method-oldagehome\system\HTTP\ResponseTrait.php(730): CodeIgniter\HTTP\Response->dispatchCookies()
#4 D:\laragon\www\method-oldagehome\system\HTTP\ResponseTrait.php(447): CodeIgniter\HTTP\Response->sendCookies()
#5 D:\laragon\www\method-oldagehome\system\Debug\ExceptionHandler.php(78): CodeIgniter\HTTP\Response->send()
#6 D:\laragon\www\method-oldagehome\system\Debug\Exceptions.php(147): CodeIgniter\Debug\ExceptionHandler->handle(Object(CodeIgniter\Exceptions\PageNotFoundException), Object(CodeIgniter\HTTP\IncomingRequest), Object(CodeIgniter\HTTP\Response), 404, 1)
#7 [internal function]: CodeIgniter\Debug\Exceptions->exceptionHandler(Object(CodeIgniter\Exceptions\PageNotFoundException))
#8 {main}
  thrown
【Previous Exception】
CodeIgniter\Exceptions\PageNotFoundException
Page Not Found
#0 D:\laragon\www\method-oldagehome\system\CodeIgniter.php(967): CodeIgniter\Exceptions\PageNotFoundException::forPageNotFound(NULL)
#1 D:\laragon\www\method-oldagehome\system\CodeIgniter.php(362): CodeIgniter\CodeIgniter->display404errors(Object(CodeIgniter\Exceptions\PageNotFoundException))
#2 D:\laragon\www\method-oldagehome\public\index.php(79): CodeIgniter\CodeIgniter->run()
#3 D:\laragon\www\method-oldagehome\system\Commands\Server\rewrite.php(47): require_once('D:\\laragon\\www\\...')
#4 {main}
in SYSTEMPATH\HTTP\ResponseTrait.php on line 774.
 1 [internal function]: CodeIgniter\Debug\Exceptions->shutdownHandler()
CRITICAL - 2024-11-13 07:44:23 --> Uncaught ErrorException: Cannot modify header information - headers already sent in D:\laragon\www\method-oldagehome\system\HTTP\ResponseTrait.php:774
Stack trace:
#0 [internal function]: CodeIgniter\Debug\Exceptions->errorHandler(2, 'Cannot modify h...', 'D:\\laragon\\www\\...', 774)
#1 D:\laragon\www\method-oldagehome\system\HTTP\ResponseTrait.php(774): setcookie('ci_session', 'ut71bjergsi7udj...', Array)
#2 D:\laragon\www\method-oldagehome\system\HTTP\ResponseTrait.php(750): CodeIgniter\HTTP\Response->doSetCookie('ci_session', 'ut71bjergsi7udj...', Array)
#3 D:\laragon\www\method-oldagehome\system\HTTP\ResponseTrait.php(730): CodeIgniter\HTTP\Response->dispatchCookies()
#4 D:\laragon\www\method-oldagehome\system\HTTP\ResponseTrait.php(447): CodeIgniter\HTTP\Response->sendCookies()
#5 D:\laragon\www\method-oldagehome\system\Debug\ExceptionHandler.php(78): CodeIgniter\HTTP\Response->send()
#6 D:\laragon\www\method-oldagehome\system\Debug\Exceptions.php(147): CodeIgniter\Debug\ExceptionHandler->handle(Object(CodeIgniter\Exceptions\PageNotFoundException), Object(CodeIgniter\HTTP\IncomingRequest), Object(CodeIgniter\HTTP\Response), 404, 1)
#7 [internal function]: CodeIgniter\Debug\Exceptions->exceptionHandler(Object(CodeIgniter\Exceptions\PageNotFoundException))
#8 {main}
  thrown
【Previous Exception】
CodeIgniter\Exceptions\PageNotFoundException
Page Not Found
#0 D:\laragon\www\method-oldagehome\system\CodeIgniter.php(967): CodeIgniter\Exceptions\PageNotFoundException::forPageNotFound(NULL)
#1 D:\laragon\www\method-oldagehome\system\CodeIgniter.php(362): CodeIgniter\CodeIgniter->display404errors(Object(CodeIgniter\Exceptions\PageNotFoundException))
#2 D:\laragon\www\method-oldagehome\public\index.php(79): CodeIgniter\CodeIgniter->run()
#3 D:\laragon\www\method-oldagehome\system\Commands\Server\rewrite.php(47): require_once('D:\\laragon\\www\\...')
#4 {main}
in SYSTEMPATH\HTTP\ResponseTrait.php on line 774.
 1 [internal function]: CodeIgniter\Debug\Exceptions->shutdownHandler()
CRITICAL - 2024-11-13 07:44:24 --> Uncaught ErrorException: Cannot modify header information - headers already sent in D:\laragon\www\method-oldagehome\system\HTTP\ResponseTrait.php:774
Stack trace:
#0 [internal function]: CodeIgniter\Debug\Exceptions->errorHandler(2, 'Cannot modify h...', 'D:\\laragon\\www\\...', 774)
#1 D:\laragon\www\method-oldagehome\system\HTTP\ResponseTrait.php(774): setcookie('ci_session', 'ut71bjergsi7udj...', Array)
#2 D:\laragon\www\method-oldagehome\system\HTTP\ResponseTrait.php(750): CodeIgniter\HTTP\Response->doSetCookie('ci_session', 'ut71bjergsi7udj...', Array)
#3 D:\laragon\www\method-oldagehome\system\HTTP\ResponseTrait.php(730): CodeIgniter\HTTP\Response->dispatchCookies()
#4 D:\laragon\www\method-oldagehome\system\HTTP\ResponseTrait.php(447): CodeIgniter\HTTP\Response->sendCookies()
#5 D:\laragon\www\method-oldagehome\system\Debug\ExceptionHandler.php(78): CodeIgniter\HTTP\Response->send()
#6 D:\laragon\www\method-oldagehome\system\Debug\Exceptions.php(147): CodeIgniter\Debug\ExceptionHandler->handle(Object(CodeIgniter\Exceptions\PageNotFoundException), Object(CodeIgniter\HTTP\IncomingRequest), Object(CodeIgniter\HTTP\Response), 404, 1)
#7 [internal function]: CodeIgniter\Debug\Exceptions->exceptionHandler(Object(CodeIgniter\Exceptions\PageNotFoundException))
#8 {main}
  thrown
【Previous Exception】
CodeIgniter\Exceptions\PageNotFoundException
Page Not Found
#0 D:\laragon\www\method-oldagehome\system\CodeIgniter.php(967): CodeIgniter\Exceptions\PageNotFoundException::forPageNotFound(NULL)
#1 D:\laragon\www\method-oldagehome\system\CodeIgniter.php(362): CodeIgniter\CodeIgniter->display404errors(Object(CodeIgniter\Exceptions\PageNotFoundException))
#2 D:\laragon\www\method-oldagehome\public\index.php(79): CodeIgniter\CodeIgniter->run()
#3 D:\laragon\www\method-oldagehome\system\Commands\Server\rewrite.php(47): require_once('D:\\laragon\\www\\...')
#4 {main}
in SYSTEMPATH\HTTP\ResponseTrait.php on line 774.
 1 [internal function]: CodeIgniter\Debug\Exceptions->shutdownHandler()
CRITICAL - 2024-11-13 07:44:25 --> Uncaught ErrorException: Cannot modify header information - headers already sent in D:\laragon\www\method-oldagehome\system\HTTP\ResponseTrait.php:774
Stack trace:
#0 [internal function]: CodeIgniter\Debug\Exceptions->errorHandler(2, 'Cannot modify h...', 'D:\\laragon\\www\\...', 774)
#1 D:\laragon\www\method-oldagehome\system\HTTP\ResponseTrait.php(774): setcookie('ci_session', 'ut71bjergsi7udj...', Array)
#2 D:\laragon\www\method-oldagehome\system\HTTP\ResponseTrait.php(750): CodeIgniter\HTTP\Response->doSetCookie('ci_session', 'ut71bjergsi7udj...', Array)
#3 D:\laragon\www\method-oldagehome\system\HTTP\ResponseTrait.php(730): CodeIgniter\HTTP\Response->dispatchCookies()
#4 D:\laragon\www\method-oldagehome\system\HTTP\ResponseTrait.php(447): CodeIgniter\HTTP\Response->sendCookies()
#5 D:\laragon\www\method-oldagehome\system\Debug\ExceptionHandler.php(78): CodeIgniter\HTTP\Response->send()
#6 D:\laragon\www\method-oldagehome\system\Debug\Exceptions.php(147): CodeIgniter\Debug\ExceptionHandler->handle(Object(CodeIgniter\Exceptions\PageNotFoundException), Object(CodeIgniter\HTTP\IncomingRequest), Object(CodeIgniter\HTTP\Response), 404, 1)
#7 [internal function]: CodeIgniter\Debug\Exceptions->exceptionHandler(Object(CodeIgniter\Exceptions\PageNotFoundException))
#8 {main}
  thrown
【Previous Exception】
CodeIgniter\Exceptions\PageNotFoundException
Page Not Found
#0 D:\laragon\www\method-oldagehome\system\CodeIgniter.php(967): CodeIgniter\Exceptions\PageNotFoundException::forPageNotFound(NULL)
#1 D:\laragon\www\method-oldagehome\system\CodeIgniter.php(362): CodeIgniter\CodeIgniter->display404errors(Object(CodeIgniter\Exceptions\PageNotFoundException))
#2 D:\laragon\www\method-oldagehome\public\index.php(79): CodeIgniter\CodeIgniter->run()
#3 D:\laragon\www\method-oldagehome\system\Commands\Server\rewrite.php(47): require_once('D:\\laragon\\www\\...')
#4 {main}
in SYSTEMPATH\HTTP\ResponseTrait.php on line 774.
 1 [internal function]: CodeIgniter\Debug\Exceptions->shutdownHandler()
CRITICAL - 2024-11-13 07:44:26 --> Uncaught ErrorException: Cannot modify header information - headers already sent in D:\laragon\www\method-oldagehome\system\HTTP\ResponseTrait.php:774
Stack trace:
#0 [internal function]: CodeIgniter\Debug\Exceptions->errorHandler(2, 'Cannot modify h...', 'D:\\laragon\\www\\...', 774)
#1 D:\laragon\www\method-oldagehome\system\HTTP\ResponseTrait.php(774): setcookie('ci_session', 'ut71bjergsi7udj...', Array)
#2 D:\laragon\www\method-oldagehome\system\HTTP\ResponseTrait.php(750): CodeIgniter\HTTP\Response->doSetCookie('ci_session', 'ut71bjergsi7udj...', Array)
#3 D:\laragon\www\method-oldagehome\system\HTTP\ResponseTrait.php(730): CodeIgniter\HTTP\Response->dispatchCookies()
#4 D:\laragon\www\method-oldagehome\system\HTTP\ResponseTrait.php(447): CodeIgniter\HTTP\Response->sendCookies()
#5 D:\laragon\www\method-oldagehome\system\Debug\ExceptionHandler.php(78): CodeIgniter\HTTP\Response->send()
#6 D:\laragon\www\method-oldagehome\system\Debug\Exceptions.php(147): CodeIgniter\Debug\ExceptionHandler->handle(Object(CodeIgniter\Exceptions\PageNotFoundException), Object(CodeIgniter\HTTP\IncomingRequest), Object(CodeIgniter\HTTP\Response), 404, 1)
#7 [internal function]: CodeIgniter\Debug\Exceptions->exceptionHandler(Object(CodeIgniter\Exceptions\PageNotFoundException))
#8 {main}
  thrown
【Previous Exception】
CodeIgniter\Exceptions\PageNotFoundException
Page Not Found
#0 D:\laragon\www\method-oldagehome\system\CodeIgniter.php(967): CodeIgniter\Exceptions\PageNotFoundException::forPageNotFound(NULL)
#1 D:\laragon\www\method-oldagehome\system\CodeIgniter.php(362): CodeIgniter\CodeIgniter->display404errors(Object(CodeIgniter\Exceptions\PageNotFoundException))
#2 D:\laragon\www\method-oldagehome\public\index.php(79): CodeIgniter\CodeIgniter->run()
#3 D:\laragon\www\method-oldagehome\system\Commands\Server\rewrite.php(47): require_once('D:\\laragon\\www\\...')
#4 {main}
in SYSTEMPATH\HTTP\ResponseTrait.php on line 774.
 1 [internal function]: CodeIgniter\Debug\Exceptions->shutdownHandler()
CRITICAL - 2024-11-13 07:44:27 --> Uncaught ErrorException: Cannot modify header information - headers already sent in D:\laragon\www\method-oldagehome\system\HTTP\ResponseTrait.php:774
Stack trace:
#0 [internal function]: CodeIgniter\Debug\Exceptions->errorHandler(2, 'Cannot modify h...', 'D:\\laragon\\www\\...', 774)
#1 D:\laragon\www\method-oldagehome\system\HTTP\ResponseTrait.php(774): setcookie('ci_session', 'ut71bjergsi7udj...', Array)
#2 D:\laragon\www\method-oldagehome\system\HTTP\ResponseTrait.php(750): CodeIgniter\HTTP\Response->doSetCookie('ci_session', 'ut71bjergsi7udj...', Array)
#3 D:\laragon\www\method-oldagehome\system\HTTP\ResponseTrait.php(730): CodeIgniter\HTTP\Response->dispatchCookies()
#4 D:\laragon\www\method-oldagehome\system\HTTP\ResponseTrait.php(447): CodeIgniter\HTTP\Response->sendCookies()
#5 D:\laragon\www\method-oldagehome\system\Debug\ExceptionHandler.php(78): CodeIgniter\HTTP\Response->send()
#6 D:\laragon\www\method-oldagehome\system\Debug\Exceptions.php(147): CodeIgniter\Debug\ExceptionHandler->handle(Object(CodeIgniter\Exceptions\PageNotFoundException), Object(CodeIgniter\HTTP\IncomingRequest), Object(CodeIgniter\HTTP\Response), 404, 1)
#7 [internal function]: CodeIgniter\Debug\Exceptions->exceptionHandler(Object(CodeIgniter\Exceptions\PageNotFoundException))
#8 {main}
  thrown
【Previous Exception】
CodeIgniter\Exceptions\PageNotFoundException
Page Not Found
#0 D:\laragon\www\method-oldagehome\system\CodeIgniter.php(967): CodeIgniter\Exceptions\PageNotFoundException::forPageNotFound(NULL)
#1 D:\laragon\www\method-oldagehome\system\CodeIgniter.php(362): CodeIgniter\CodeIgniter->display404errors(Object(CodeIgniter\Exceptions\PageNotFoundException))
#2 D:\laragon\www\method-oldagehome\public\index.php(79): CodeIgniter\CodeIgniter->run()
#3 D:\laragon\www\method-oldagehome\system\Commands\Server\rewrite.php(47): require_once('D:\\laragon\\www\\...')
#4 {main}
in SYSTEMPATH\HTTP\ResponseTrait.php on line 774.
 1 [internal function]: CodeIgniter\Debug\Exceptions->shutdownHandler()
CRITICAL - 2024-11-13 07:44:28 --> Uncaught ErrorException: Cannot modify header information - headers already sent in D:\laragon\www\method-oldagehome\system\HTTP\ResponseTrait.php:774
Stack trace:
#0 [internal function]: CodeIgniter\Debug\Exceptions->errorHandler(2, 'Cannot modify h...', 'D:\\laragon\\www\\...', 774)
#1 D:\laragon\www\method-oldagehome\system\HTTP\ResponseTrait.php(774): setcookie('ci_session', 'ut71bjergsi7udj...', Array)
#2 D:\laragon\www\method-oldagehome\system\HTTP\ResponseTrait.php(750): CodeIgniter\HTTP\Response->doSetCookie('ci_session', 'ut71bjergsi7udj...', Array)
#3 D:\laragon\www\method-oldagehome\system\HTTP\ResponseTrait.php(730): CodeIgniter\HTTP\Response->dispatchCookies()
#4 D:\laragon\www\method-oldagehome\system\HTTP\ResponseTrait.php(447): CodeIgniter\HTTP\Response->sendCookies()
#5 D:\laragon\www\method-oldagehome\system\Debug\ExceptionHandler.php(78): CodeIgniter\HTTP\Response->send()
#6 D:\laragon\www\method-oldagehome\system\Debug\Exceptions.php(147): CodeIgniter\Debug\ExceptionHandler->handle(Object(CodeIgniter\Exceptions\PageNotFoundException), Object(CodeIgniter\HTTP\IncomingRequest), Object(CodeIgniter\HTTP\Response), 404, 1)
#7 [internal function]: CodeIgniter\Debug\Exceptions->exceptionHandler(Object(CodeIgniter\Exceptions\PageNotFoundException))
#8 {main}
  thrown
【Previous Exception】
CodeIgniter\Exceptions\PageNotFoundException
Page Not Found
#0 D:\laragon\www\method-oldagehome\system\CodeIgniter.php(967): CodeIgniter\Exceptions\PageNotFoundException::forPageNotFound(NULL)
#1 D:\laragon\www\method-oldagehome\system\CodeIgniter.php(362): CodeIgniter\CodeIgniter->display404errors(Object(CodeIgniter\Exceptions\PageNotFoundException))
#2 D:\laragon\www\method-oldagehome\public\index.php(79): CodeIgniter\CodeIgniter->run()
#3 D:\laragon\www\method-oldagehome\system\Commands\Server\rewrite.php(47): require_once('D:\\laragon\\www\\...')
#4 {main}
in SYSTEMPATH\HTTP\ResponseTrait.php on line 774.
 1 [internal function]: CodeIgniter\Debug\Exceptions->shutdownHandler()
CRITICAL - 2024-11-13 07:44:29 --> Uncaught ErrorException: Cannot modify header information - headers already sent in D:\laragon\www\method-oldagehome\system\HTTP\ResponseTrait.php:774
Stack trace:
#0 [internal function]: CodeIgniter\Debug\Exceptions->errorHandler(2, 'Cannot modify h...', 'D:\\laragon\\www\\...', 774)
#1 D:\laragon\www\method-oldagehome\system\HTTP\ResponseTrait.php(774): setcookie('ci_session', 'ut71bjergsi7udj...', Array)
#2 D:\laragon\www\method-oldagehome\system\HTTP\ResponseTrait.php(750): CodeIgniter\HTTP\Response->doSetCookie('ci_session', 'ut71bjergsi7udj...', Array)
#3 D:\laragon\www\method-oldagehome\system\HTTP\ResponseTrait.php(730): CodeIgniter\HTTP\Response->dispatchCookies()
#4 D:\laragon\www\method-oldagehome\system\HTTP\ResponseTrait.php(447): CodeIgniter\HTTP\Response->sendCookies()
#5 D:\laragon\www\method-oldagehome\system\Debug\ExceptionHandler.php(78): CodeIgniter\HTTP\Response->send()
#6 D:\laragon\www\method-oldagehome\system\Debug\Exceptions.php(147): CodeIgniter\Debug\ExceptionHandler->handle(Object(CodeIgniter\Exceptions\PageNotFoundException), Object(CodeIgniter\HTTP\IncomingRequest), Object(CodeIgniter\HTTP\Response), 404, 1)
#7 [internal function]: CodeIgniter\Debug\Exceptions->exceptionHandler(Object(CodeIgniter\Exceptions\PageNotFoundException))
#8 {main}
  thrown
【Previous Exception】
CodeIgniter\Exceptions\PageNotFoundException
Page Not Found
#0 D:\laragon\www\method-oldagehome\system\CodeIgniter.php(967): CodeIgniter\Exceptions\PageNotFoundException::forPageNotFound(NULL)
#1 D:\laragon\www\method-oldagehome\system\CodeIgniter.php(362): CodeIgniter\CodeIgniter->display404errors(Object(CodeIgniter\Exceptions\PageNotFoundException))
#2 D:\laragon\www\method-oldagehome\public\index.php(79): CodeIgniter\CodeIgniter->run()
#3 D:\laragon\www\method-oldagehome\system\Commands\Server\rewrite.php(47): require_once('D:\\laragon\\www\\...')
#4 {main}
in SYSTEMPATH\HTTP\ResponseTrait.php on line 774.
 1 [internal function]: CodeIgniter\Debug\Exceptions->shutdownHandler()
CRITICAL - 2024-11-13 07:44:30 --> Uncaught ErrorException: Cannot modify header information - headers already sent in D:\laragon\www\method-oldagehome\system\HTTP\ResponseTrait.php:774
Stack trace:
#0 [internal function]: CodeIgniter\Debug\Exceptions->errorHandler(2, 'Cannot modify h...', 'D:\\laragon\\www\\...', 774)
#1 D:\laragon\www\method-oldagehome\system\HTTP\ResponseTrait.php(774): setcookie('ci_session', 'ut71bjergsi7udj...', Array)
#2 D:\laragon\www\method-oldagehome\system\HTTP\ResponseTrait.php(750): CodeIgniter\HTTP\Response->doSetCookie('ci_session', 'ut71bjergsi7udj...', Array)
#3 D:\laragon\www\method-oldagehome\system\HTTP\ResponseTrait.php(730): CodeIgniter\HTTP\Response->dispatchCookies()
#4 D:\laragon\www\method-oldagehome\system\HTTP\ResponseTrait.php(447): CodeIgniter\HTTP\Response->sendCookies()
#5 D:\laragon\www\method-oldagehome\system\Debug\ExceptionHandler.php(78): CodeIgniter\HTTP\Response->send()
#6 D:\laragon\www\method-oldagehome\system\Debug\Exceptions.php(147): CodeIgniter\Debug\ExceptionHandler->handle(Object(CodeIgniter\Exceptions\PageNotFoundException), Object(CodeIgniter\HTTP\IncomingRequest), Object(CodeIgniter\HTTP\Response), 404, 1)
#7 [internal function]: CodeIgniter\Debug\Exceptions->exceptionHandler(Object(CodeIgniter\Exceptions\PageNotFoundException))
#8 {main}
  thrown
【Previous Exception】
CodeIgniter\Exceptions\PageNotFoundException
Page Not Found
#0 D:\laragon\www\method-oldagehome\system\CodeIgniter.php(967): CodeIgniter\Exceptions\PageNotFoundException::forPageNotFound(NULL)
#1 D:\laragon\www\method-oldagehome\system\CodeIgniter.php(362): CodeIgniter\CodeIgniter->display404errors(Object(CodeIgniter\Exceptions\PageNotFoundException))
#2 D:\laragon\www\method-oldagehome\public\index.php(79): CodeIgniter\CodeIgniter->run()
#3 D:\laragon\www\method-oldagehome\system\Commands\Server\rewrite.php(47): require_once('D:\\laragon\\www\\...')
#4 {main}
in SYSTEMPATH\HTTP\ResponseTrait.php on line 774.
 1 [internal function]: CodeIgniter\Debug\Exceptions->shutdownHandler()
CRITICAL - 2024-11-13 07:44:31 --> Uncaught ErrorException: Cannot modify header information - headers already sent in D:\laragon\www\method-oldagehome\system\HTTP\ResponseTrait.php:774
Stack trace:
#0 [internal function]: CodeIgniter\Debug\Exceptions->errorHandler(2, 'Cannot modify h...', 'D:\\laragon\\www\\...', 774)
#1 D:\laragon\www\method-oldagehome\system\HTTP\ResponseTrait.php(774): setcookie('ci_session', 'ut71bjergsi7udj...', Array)
#2 D:\laragon\www\method-oldagehome\system\HTTP\ResponseTrait.php(750): CodeIgniter\HTTP\Response->doSetCookie('ci_session', 'ut71bjergsi7udj...', Array)
#3 D:\laragon\www\method-oldagehome\system\HTTP\ResponseTrait.php(730): CodeIgniter\HTTP\Response->dispatchCookies()
#4 D:\laragon\www\method-oldagehome\system\HTTP\ResponseTrait.php(447): CodeIgniter\HTTP\Response->sendCookies()
#5 D:\laragon\www\method-oldagehome\system\Debug\ExceptionHandler.php(78): CodeIgniter\HTTP\Response->send()
#6 D:\laragon\www\method-oldagehome\system\Debug\Exceptions.php(147): CodeIgniter\Debug\ExceptionHandler->handle(Object(CodeIgniter\Exceptions\PageNotFoundException), Object(CodeIgniter\HTTP\IncomingRequest), Object(CodeIgniter\HTTP\Response), 404, 1)
#7 [internal function]: CodeIgniter\Debug\Exceptions->exceptionHandler(Object(CodeIgniter\Exceptions\PageNotFoundException))
#8 {main}
  thrown
【Previous Exception】
CodeIgniter\Exceptions\PageNotFoundException
Page Not Found
#0 D:\laragon\www\method-oldagehome\system\CodeIgniter.php(967): CodeIgniter\Exceptions\PageNotFoundException::forPageNotFound(NULL)
#1 D:\laragon\www\method-oldagehome\system\CodeIgniter.php(362): CodeIgniter\CodeIgniter->display404errors(Object(CodeIgniter\Exceptions\PageNotFoundException))
#2 D:\laragon\www\method-oldagehome\public\index.php(79): CodeIgniter\CodeIgniter->run()
#3 D:\laragon\www\method-oldagehome\system\Commands\Server\rewrite.php(47): require_once('D:\\laragon\\www\\...')
#4 {main}
in SYSTEMPATH\HTTP\ResponseTrait.php on line 774.
 1 [internal function]: CodeIgniter\Debug\Exceptions->shutdownHandler()
CRITICAL - 2024-11-13 07:44:32 --> Uncaught ErrorException: Cannot modify header information - headers already sent in D:\laragon\www\method-oldagehome\system\HTTP\ResponseTrait.php:774
Stack trace:
#0 [internal function]: CodeIgniter\Debug\Exceptions->errorHandler(2, 'Cannot modify h...', 'D:\\laragon\\www\\...', 774)
#1 D:\laragon\www\method-oldagehome\system\HTTP\ResponseTrait.php(774): setcookie('ci_session', 'ut71bjergsi7udj...', Array)
#2 D:\laragon\www\method-oldagehome\system\HTTP\ResponseTrait.php(750): CodeIgniter\HTTP\Response->doSetCookie('ci_session', 'ut71bjergsi7udj...', Array)
#3 D:\laragon\www\method-oldagehome\system\HTTP\ResponseTrait.php(730): CodeIgniter\HTTP\Response->dispatchCookies()
#4 D:\laragon\www\method-oldagehome\system\HTTP\ResponseTrait.php(447): CodeIgniter\HTTP\Response->sendCookies()
#5 D:\laragon\www\method-oldagehome\system\Debug\ExceptionHandler.php(78): CodeIgniter\HTTP\Response->send()
#6 D:\laragon\www\method-oldagehome\system\Debug\Exceptions.php(147): CodeIgniter\Debug\ExceptionHandler->handle(Object(CodeIgniter\Exceptions\PageNotFoundException), Object(CodeIgniter\HTTP\IncomingRequest), Object(CodeIgniter\HTTP\Response), 404, 1)
#7 [internal function]: CodeIgniter\Debug\Exceptions->exceptionHandler(Object(CodeIgniter\Exceptions\PageNotFoundException))
#8 {main}
  thrown
【Previous Exception】
CodeIgniter\Exceptions\PageNotFoundException
Page Not Found
#0 D:\laragon\www\method-oldagehome\system\CodeIgniter.php(967): CodeIgniter\Exceptions\PageNotFoundException::forPageNotFound(NULL)
#1 D:\laragon\www\method-oldagehome\system\CodeIgniter.php(362): CodeIgniter\CodeIgniter->display404errors(Object(CodeIgniter\Exceptions\PageNotFoundException))
#2 D:\laragon\www\method-oldagehome\public\index.php(79): CodeIgniter\CodeIgniter->run()
#3 D:\laragon\www\method-oldagehome\system\Commands\Server\rewrite.php(47): require_once('D:\\laragon\\www\\...')
#4 {main}
in SYSTEMPATH\HTTP\ResponseTrait.php on line 774.
 1 [internal function]: CodeIgniter\Debug\Exceptions->shutdownHandler()
CRITICAL - 2024-11-13 07:44:33 --> Uncaught ErrorException: Cannot modify header information - headers already sent in D:\laragon\www\method-oldagehome\system\HTTP\ResponseTrait.php:774
Stack trace:
#0 [internal function]: CodeIgniter\Debug\Exceptions->errorHandler(2, 'Cannot modify h...', 'D:\\laragon\\www\\...', 774)
#1 D:\laragon\www\method-oldagehome\system\HTTP\ResponseTrait.php(774): setcookie('ci_session', 'ut71bjergsi7udj...', Array)
#2 D:\laragon\www\method-oldagehome\system\HTTP\ResponseTrait.php(750): CodeIgniter\HTTP\Response->doSetCookie('ci_session', 'ut71bjergsi7udj...', Array)
#3 D:\laragon\www\method-oldagehome\system\HTTP\ResponseTrait.php(730): CodeIgniter\HTTP\Response->dispatchCookies()
#4 D:\laragon\www\method-oldagehome\system\HTTP\ResponseTrait.php(447): CodeIgniter\HTTP\Response->sendCookies()
#5 D:\laragon\www\method-oldagehome\system\Debug\ExceptionHandler.php(78): CodeIgniter\HTTP\Response->send()
#6 D:\laragon\www\method-oldagehome\system\Debug\Exceptions.php(147): CodeIgniter\Debug\ExceptionHandler->handle(Object(CodeIgniter\Exceptions\PageNotFoundException), Object(CodeIgniter\HTTP\IncomingRequest), Object(CodeIgniter\HTTP\Response), 404, 1)
#7 [internal function]: CodeIgniter\Debug\Exceptions->exceptionHandler(Object(CodeIgniter\Exceptions\PageNotFoundException))
#8 {main}
  thrown
【Previous Exception】
CodeIgniter\Exceptions\PageNotFoundException
Page Not Found
#0 D:\laragon\www\method-oldagehome\system\CodeIgniter.php(967): CodeIgniter\Exceptions\PageNotFoundException::forPageNotFound(NULL)
#1 D:\laragon\www\method-oldagehome\system\CodeIgniter.php(362): CodeIgniter\CodeIgniter->display404errors(Object(CodeIgniter\Exceptions\PageNotFoundException))
#2 D:\laragon\www\method-oldagehome\public\index.php(79): CodeIgniter\CodeIgniter->run()
#3 D:\laragon\www\method-oldagehome\system\Commands\Server\rewrite.php(47): require_once('D:\\laragon\\www\\...')
#4 {main}
in SYSTEMPATH\HTTP\ResponseTrait.php on line 774.
 1 [internal function]: CodeIgniter\Debug\Exceptions->shutdownHandler()
CRITICAL - 2024-11-13 07:44:34 --> Uncaught ErrorException: Cannot modify header information - headers already sent in D:\laragon\www\method-oldagehome\system\HTTP\ResponseTrait.php:774
Stack trace:
#0 [internal function]: CodeIgniter\Debug\Exceptions->errorHandler(2, 'Cannot modify h...', 'D:\\laragon\\www\\...', 774)
#1 D:\laragon\www\method-oldagehome\system\HTTP\ResponseTrait.php(774): setcookie('ci_session', 'ut71bjergsi7udj...', Array)
#2 D:\laragon\www\method-oldagehome\system\HTTP\ResponseTrait.php(750): CodeIgniter\HTTP\Response->doSetCookie('ci_session', 'ut71bjergsi7udj...', Array)
#3 D:\laragon\www\method-oldagehome\system\HTTP\ResponseTrait.php(730): CodeIgniter\HTTP\Response->dispatchCookies()
#4 D:\laragon\www\method-oldagehome\system\HTTP\ResponseTrait.php(447): CodeIgniter\HTTP\Response->sendCookies()
#5 D:\laragon\www\method-oldagehome\system\Debug\ExceptionHandler.php(78): CodeIgniter\HTTP\Response->send()
#6 D:\laragon\www\method-oldagehome\system\Debug\Exceptions.php(147): CodeIgniter\Debug\ExceptionHandler->handle(Object(CodeIgniter\Exceptions\PageNotFoundException), Object(CodeIgniter\HTTP\IncomingRequest), Object(CodeIgniter\HTTP\Response), 404, 1)
#7 [internal function]: CodeIgniter\Debug\Exceptions->exceptionHandler(Object(CodeIgniter\Exceptions\PageNotFoundException))
#8 {main}
  thrown
【Previous Exception】
CodeIgniter\Exceptions\PageNotFoundException
Page Not Found
#0 D:\laragon\www\method-oldagehome\system\CodeIgniter.php(967): CodeIgniter\Exceptions\PageNotFoundException::forPageNotFound(NULL)
#1 D:\laragon\www\method-oldagehome\system\CodeIgniter.php(362): CodeIgniter\CodeIgniter->display404errors(Object(CodeIgniter\Exceptions\PageNotFoundException))
#2 D:\laragon\www\method-oldagehome\public\index.php(79): CodeIgniter\CodeIgniter->run()
#3 D:\laragon\www\method-oldagehome\system\Commands\Server\rewrite.php(47): require_once('D:\\laragon\\www\\...')
#4 {main}
in SYSTEMPATH\HTTP\ResponseTrait.php on line 774.
 1 [internal function]: CodeIgniter\Debug\Exceptions->shutdownHandler()
CRITICAL - 2024-11-13 07:44:35 --> Uncaught ErrorException: Cannot modify header information - headers already sent in D:\laragon\www\method-oldagehome\system\HTTP\ResponseTrait.php:774
Stack trace:
#0 [internal function]: CodeIgniter\Debug\Exceptions->errorHandler(2, 'Cannot modify h...', 'D:\\laragon\\www\\...', 774)
#1 D:\laragon\www\method-oldagehome\system\HTTP\ResponseTrait.php(774): setcookie('ci_session', 'ut71bjergsi7udj...', Array)
#2 D:\laragon\www\method-oldagehome\system\HTTP\ResponseTrait.php(750): CodeIgniter\HTTP\Response->doSetCookie('ci_session', 'ut71bjergsi7udj...', Array)
#3 D:\laragon\www\method-oldagehome\system\HTTP\ResponseTrait.php(730): CodeIgniter\HTTP\Response->dispatchCookies()
#4 D:\laragon\www\method-oldagehome\system\HTTP\ResponseTrait.php(447): CodeIgniter\HTTP\Response->sendCookies()
#5 D:\laragon\www\method-oldagehome\system\Debug\ExceptionHandler.php(78): CodeIgniter\HTTP\Response->send()
#6 D:\laragon\www\method-oldagehome\system\Debug\Exceptions.php(147): CodeIgniter\Debug\ExceptionHandler->handle(Object(CodeIgniter\Exceptions\PageNotFoundException), Object(CodeIgniter\HTTP\IncomingRequest), Object(CodeIgniter\HTTP\Response), 404, 1)
#7 [internal function]: CodeIgniter\Debug\Exceptions->exceptionHandler(Object(CodeIgniter\Exceptions\PageNotFoundException))
#8 {main}
  thrown
【Previous Exception】
CodeIgniter\Exceptions\PageNotFoundException
Page Not Found
#0 D:\laragon\www\method-oldagehome\system\CodeIgniter.php(967): CodeIgniter\Exceptions\PageNotFoundException::forPageNotFound(NULL)
#1 D:\laragon\www\method-oldagehome\system\CodeIgniter.php(362): CodeIgniter\CodeIgniter->display404errors(Object(CodeIgniter\Exceptions\PageNotFoundException))
#2 D:\laragon\www\method-oldagehome\public\index.php(79): CodeIgniter\CodeIgniter->run()
#3 D:\laragon\www\method-oldagehome\system\Commands\Server\rewrite.php(47): require_once('D:\\laragon\\www\\...')
#4 {main}
in SYSTEMPATH\HTTP\ResponseTrait.php on line 774.
 1 [internal function]: CodeIgniter\Debug\Exceptions->shutdownHandler()
CRITICAL - 2024-11-13 07:44:36 --> Uncaught ErrorException: Cannot modify header information - headers already sent in D:\laragon\www\method-oldagehome\system\HTTP\ResponseTrait.php:774
Stack trace:
#0 [internal function]: CodeIgniter\Debug\Exceptions->errorHandler(2, 'Cannot modify h...', 'D:\\laragon\\www\\...', 774)
#1 D:\laragon\www\method-oldagehome\system\HTTP\ResponseTrait.php(774): setcookie('ci_session', 'ut71bjergsi7udj...', Array)
#2 D:\laragon\www\method-oldagehome\system\HTTP\ResponseTrait.php(750): CodeIgniter\HTTP\Response->doSetCookie('ci_session', 'ut71bjergsi7udj...', Array)
#3 D:\laragon\www\method-oldagehome\system\HTTP\ResponseTrait.php(730): CodeIgniter\HTTP\Response->dispatchCookies()
#4 D:\laragon\www\method-oldagehome\system\HTTP\ResponseTrait.php(447): CodeIgniter\HTTP\Response->sendCookies()
#5 D:\laragon\www\method-oldagehome\system\Debug\ExceptionHandler.php(78): CodeIgniter\HTTP\Response->send()
#6 D:\laragon\www\method-oldagehome\system\Debug\Exceptions.php(147): CodeIgniter\Debug\ExceptionHandler->handle(Object(CodeIgniter\Exceptions\PageNotFoundException), Object(CodeIgniter\HTTP\IncomingRequest), Object(CodeIgniter\HTTP\Response), 404, 1)
#7 [internal function]: CodeIgniter\Debug\Exceptions->exceptionHandler(Object(CodeIgniter\Exceptions\PageNotFoundException))
#8 {main}
  thrown
【Previous Exception】
CodeIgniter\Exceptions\PageNotFoundException
Page Not Found
#0 D:\laragon\www\method-oldagehome\system\CodeIgniter.php(967): CodeIgniter\Exceptions\PageNotFoundException::forPageNotFound(NULL)
#1 D:\laragon\www\method-oldagehome\system\CodeIgniter.php(362): CodeIgniter\CodeIgniter->display404errors(Object(CodeIgniter\Exceptions\PageNotFoundException))
#2 D:\laragon\www\method-oldagehome\public\index.php(79): CodeIgniter\CodeIgniter->run()
#3 D:\laragon\www\method-oldagehome\system\Commands\Server\rewrite.php(47): require_once('D:\\laragon\\www\\...')
#4 {main}
in SYSTEMPATH\HTTP\ResponseTrait.php on line 774.
 1 [internal function]: CodeIgniter\Debug\Exceptions->shutdownHandler()
CRITICAL - 2024-11-13 07:44:37 --> Uncaught ErrorException: Cannot modify header information - headers already sent in D:\laragon\www\method-oldagehome\system\HTTP\ResponseTrait.php:774
Stack trace:
#0 [internal function]: CodeIgniter\Debug\Exceptions->errorHandler(2, 'Cannot modify h...', 'D:\\laragon\\www\\...', 774)
#1 D:\laragon\www\method-oldagehome\system\HTTP\ResponseTrait.php(774): setcookie('ci_session', 'ut71bjergsi7udj...', Array)
#2 D:\laragon\www\method-oldagehome\system\HTTP\ResponseTrait.php(750): CodeIgniter\HTTP\Response->doSetCookie('ci_session', 'ut71bjergsi7udj...', Array)
#3 D:\laragon\www\method-oldagehome\system\HTTP\ResponseTrait.php(730): CodeIgniter\HTTP\Response->dispatchCookies()
#4 D:\laragon\www\method-oldagehome\system\HTTP\ResponseTrait.php(447): CodeIgniter\HTTP\Response->sendCookies()
#5 D:\laragon\www\method-oldagehome\system\Debug\ExceptionHandler.php(78): CodeIgniter\HTTP\Response->send()
#6 D:\laragon\www\method-oldagehome\system\Debug\Exceptions.php(147): CodeIgniter\Debug\ExceptionHandler->handle(Object(CodeIgniter\Exceptions\PageNotFoundException), Object(CodeIgniter\HTTP\IncomingRequest), Object(CodeIgniter\HTTP\Response), 404, 1)
#7 [internal function]: CodeIgniter\Debug\Exceptions->exceptionHandler(Object(CodeIgniter\Exceptions\PageNotFoundException))
#8 {main}
  thrown
【Previous Exception】
CodeIgniter\Exceptions\PageNotFoundException
Page Not Found
#0 D:\laragon\www\method-oldagehome\system\CodeIgniter.php(967): CodeIgniter\Exceptions\PageNotFoundException::forPageNotFound(NULL)
#1 D:\laragon\www\method-oldagehome\system\CodeIgniter.php(362): CodeIgniter\CodeIgniter->display404errors(Object(CodeIgniter\Exceptions\PageNotFoundException))
#2 D:\laragon\www\method-oldagehome\public\index.php(79): CodeIgniter\CodeIgniter->run()
#3 D:\laragon\www\method-oldagehome\system\Commands\Server\rewrite.php(47): require_once('D:\\laragon\\www\\...')
#4 {main}
in SYSTEMPATH\HTTP\ResponseTrait.php on line 774.
 1 [internal function]: CodeIgniter\Debug\Exceptions->shutdownHandler()
CRITICAL - 2024-11-13 07:44:38 --> Uncaught ErrorException: Cannot modify header information - headers already sent in D:\laragon\www\method-oldagehome\system\HTTP\ResponseTrait.php:774
Stack trace:
#0 [internal function]: CodeIgniter\Debug\Exceptions->errorHandler(2, 'Cannot modify h...', 'D:\\laragon\\www\\...', 774)
#1 D:\laragon\www\method-oldagehome\system\HTTP\ResponseTrait.php(774): setcookie('ci_session', 'ut71bjergsi7udj...', Array)
#2 D:\laragon\www\method-oldagehome\system\HTTP\ResponseTrait.php(750): CodeIgniter\HTTP\Response->doSetCookie('ci_session', 'ut71bjergsi7udj...', Array)
#3 D:\laragon\www\method-oldagehome\system\HTTP\ResponseTrait.php(730): CodeIgniter\HTTP\Response->dispatchCookies()
#4 D:\laragon\www\method-oldagehome\system\HTTP\ResponseTrait.php(447): CodeIgniter\HTTP\Response->sendCookies()
#5 D:\laragon\www\method-oldagehome\system\Debug\ExceptionHandler.php(78): CodeIgniter\HTTP\Response->send()
#6 D:\laragon\www\method-oldagehome\system\Debug\Exceptions.php(147): CodeIgniter\Debug\ExceptionHandler->handle(Object(CodeIgniter\Exceptions\PageNotFoundException), Object(CodeIgniter\HTTP\IncomingRequest), Object(CodeIgniter\HTTP\Response), 404, 1)
#7 [internal function]: CodeIgniter\Debug\Exceptions->exceptionHandler(Object(CodeIgniter\Exceptions\PageNotFoundException))
#8 {main}
  thrown
【Previous Exception】
CodeIgniter\Exceptions\PageNotFoundException
Page Not Found
#0 D:\laragon\www\method-oldagehome\system\CodeIgniter.php(967): CodeIgniter\Exceptions\PageNotFoundException::forPageNotFound(NULL)
#1 D:\laragon\www\method-oldagehome\system\CodeIgniter.php(362): CodeIgniter\CodeIgniter->display404errors(Object(CodeIgniter\Exceptions\PageNotFoundException))
#2 D:\laragon\www\method-oldagehome\public\index.php(79): CodeIgniter\CodeIgniter->run()
#3 D:\laragon\www\method-oldagehome\system\Commands\Server\rewrite.php(47): require_once('D:\\laragon\\www\\...')
#4 {main}
in SYSTEMPATH\HTTP\ResponseTrait.php on line 774.
 1 [internal function]: CodeIgniter\Debug\Exceptions->shutdownHandler()
CRITICAL - 2024-11-13 07:44:39 --> Uncaught ErrorException: Cannot modify header information - headers already sent in D:\laragon\www\method-oldagehome\system\HTTP\ResponseTrait.php:774
Stack trace:
#0 [internal function]: CodeIgniter\Debug\Exceptions->errorHandler(2, 'Cannot modify h...', 'D:\\laragon\\www\\...', 774)
#1 D:\laragon\www\method-oldagehome\system\HTTP\ResponseTrait.php(774): setcookie('ci_session', 'ut71bjergsi7udj...', Array)
#2 D:\laragon\www\method-oldagehome\system\HTTP\ResponseTrait.php(750): CodeIgniter\HTTP\Response->doSetCookie('ci_session', 'ut71bjergsi7udj...', Array)
#3 D:\laragon\www\method-oldagehome\system\HTTP\ResponseTrait.php(730): CodeIgniter\HTTP\Response->dispatchCookies()
#4 D:\laragon\www\method-oldagehome\system\HTTP\ResponseTrait.php(447): CodeIgniter\HTTP\Response->sendCookies()
#5 D:\laragon\www\method-oldagehome\system\Debug\ExceptionHandler.php(78): CodeIgniter\HTTP\Response->send()
#6 D:\laragon\www\method-oldagehome\system\Debug\Exceptions.php(147): CodeIgniter\Debug\ExceptionHandler->handle(Object(CodeIgniter\Exceptions\PageNotFoundException), Object(CodeIgniter\HTTP\IncomingRequest), Object(CodeIgniter\HTTP\Response), 404, 1)
#7 [internal function]: CodeIgniter\Debug\Exceptions->exceptionHandler(Object(CodeIgniter\Exceptions\PageNotFoundException))
#8 {main}
  thrown
【Previous Exception】
CodeIgniter\Exceptions\PageNotFoundException
Page Not Found
#0 D:\laragon\www\method-oldagehome\system\CodeIgniter.php(967): CodeIgniter\Exceptions\PageNotFoundException::forPageNotFound(NULL)
#1 D:\laragon\www\method-oldagehome\system\CodeIgniter.php(362): CodeIgniter\CodeIgniter->display404errors(Object(CodeIgniter\Exceptions\PageNotFoundException))
#2 D:\laragon\www\method-oldagehome\public\index.php(79): CodeIgniter\CodeIgniter->run()
#3 D:\laragon\www\method-oldagehome\system\Commands\Server\rewrite.php(47): require_once('D:\\laragon\\www\\...')
#4 {main}
in SYSTEMPATH\HTTP\ResponseTrait.php on line 774.
 1 [internal function]: CodeIgniter\Debug\Exceptions->shutdownHandler()
CRITICAL - 2024-11-13 07:44:40 --> Uncaught ErrorException: Cannot modify header information - headers already sent in D:\laragon\www\method-oldagehome\system\HTTP\ResponseTrait.php:774
Stack trace:
#0 [internal function]: CodeIgniter\Debug\Exceptions->errorHandler(2, 'Cannot modify h...', 'D:\\laragon\\www\\...', 774)
#1 D:\laragon\www\method-oldagehome\system\HTTP\ResponseTrait.php(774): setcookie('ci_session', 'ut71bjergsi7udj...', Array)
#2 D:\laragon\www\method-oldagehome\system\HTTP\ResponseTrait.php(750): CodeIgniter\HTTP\Response->doSetCookie('ci_session', 'ut71bjergsi7udj...', Array)
#3 D:\laragon\www\method-oldagehome\system\HTTP\ResponseTrait.php(730): CodeIgniter\HTTP\Response->dispatchCookies()
#4 D:\laragon\www\method-oldagehome\system\HTTP\ResponseTrait.php(447): CodeIgniter\HTTP\Response->sendCookies()
#5 D:\laragon\www\method-oldagehome\system\Debug\ExceptionHandler.php(78): CodeIgniter\HTTP\Response->send()
#6 D:\laragon\www\method-oldagehome\system\Debug\Exceptions.php(147): CodeIgniter\Debug\ExceptionHandler->handle(Object(CodeIgniter\Exceptions\PageNotFoundException), Object(CodeIgniter\HTTP\IncomingRequest), Object(CodeIgniter\HTTP\Response), 404, 1)
#7 [internal function]: CodeIgniter\Debug\Exceptions->exceptionHandler(Object(CodeIgniter\Exceptions\PageNotFoundException))
#8 {main}
  thrown
【Previous Exception】
CodeIgniter\Exceptions\PageNotFoundException
Page Not Found
#0 D:\laragon\www\method-oldagehome\system\CodeIgniter.php(967): CodeIgniter\Exceptions\PageNotFoundException::forPageNotFound(NULL)
#1 D:\laragon\www\method-oldagehome\system\CodeIgniter.php(362): CodeIgniter\CodeIgniter->display404errors(Object(CodeIgniter\Exceptions\PageNotFoundException))
#2 D:\laragon\www\method-oldagehome\public\index.php(79): CodeIgniter\CodeIgniter->run()
#3 D:\laragon\www\method-oldagehome\system\Commands\Server\rewrite.php(47): require_once('D:\\laragon\\www\\...')
#4 {main}
in SYSTEMPATH\HTTP\ResponseTrait.php on line 774.
 1 [internal function]: CodeIgniter\Debug\Exceptions->shutdownHandler()
CRITICAL - 2024-11-13 07:44:40 --> Uncaught ErrorException: Cannot modify header information - headers already sent in D:\laragon\www\method-oldagehome\system\HTTP\ResponseTrait.php:774
Stack trace:
#0 [internal function]: CodeIgniter\Debug\Exceptions->errorHandler(2, 'Cannot modify h...', 'D:\\laragon\\www\\...', 774)
#1 D:\laragon\www\method-oldagehome\system\HTTP\ResponseTrait.php(774): setcookie('ci_session', 'ut71bjergsi7udj...', Array)
#2 D:\laragon\www\method-oldagehome\system\HTTP\ResponseTrait.php(750): CodeIgniter\HTTP\Response->doSetCookie('ci_session', 'ut71bjergsi7udj...', Array)
#3 D:\laragon\www\method-oldagehome\system\HTTP\ResponseTrait.php(730): CodeIgniter\HTTP\Response->dispatchCookies()
#4 D:\laragon\www\method-oldagehome\system\HTTP\ResponseTrait.php(447): CodeIgniter\HTTP\Response->sendCookies()
#5 D:\laragon\www\method-oldagehome\system\Debug\ExceptionHandler.php(78): CodeIgniter\HTTP\Response->send()
#6 D:\laragon\www\method-oldagehome\system\Debug\Exceptions.php(147): CodeIgniter\Debug\ExceptionHandler->handle(Object(CodeIgniter\Exceptions\PageNotFoundException), Object(CodeIgniter\HTTP\IncomingRequest), Object(CodeIgniter\HTTP\Response), 404, 1)
#7 [internal function]: CodeIgniter\Debug\Exceptions->exceptionHandler(Object(CodeIgniter\Exceptions\PageNotFoundException))
#8 {main}
  thrown
【Previous Exception】
CodeIgniter\Exceptions\PageNotFoundException
Page Not Found
#0 D:\laragon\www\method-oldagehome\system\CodeIgniter.php(967): CodeIgniter\Exceptions\PageNotFoundException::forPageNotFound(NULL)
#1 D:\laragon\www\method-oldagehome\system\CodeIgniter.php(362): CodeIgniter\CodeIgniter->display404errors(Object(CodeIgniter\Exceptions\PageNotFoundException))
#2 D:\laragon\www\method-oldagehome\public\index.php(79): CodeIgniter\CodeIgniter->run()
#3 D:\laragon\www\method-oldagehome\system\Commands\Server\rewrite.php(47): require_once('D:\\laragon\\www\\...')
#4 {main}
in SYSTEMPATH\HTTP\ResponseTrait.php on line 774.
 1 [internal function]: CodeIgniter\Debug\Exceptions->shutdownHandler()
CRITICAL - 2024-11-13 07:44:42 --> Uncaught ErrorException: Cannot modify header information - headers already sent in D:\laragon\www\method-oldagehome\system\HTTP\ResponseTrait.php:774
Stack trace:
#0 [internal function]: CodeIgniter\Debug\Exceptions->errorHandler(2, 'Cannot modify h...', 'D:\\laragon\\www\\...', 774)
#1 D:\laragon\www\method-oldagehome\system\HTTP\ResponseTrait.php(774): setcookie('ci_session', 'ut71bjergsi7udj...', Array)
#2 D:\laragon\www\method-oldagehome\system\HTTP\ResponseTrait.php(750): CodeIgniter\HTTP\Response->doSetCookie('ci_session', 'ut71bjergsi7udj...', Array)
#3 D:\laragon\www\method-oldagehome\system\HTTP\ResponseTrait.php(730): CodeIgniter\HTTP\Response->dispatchCookies()
#4 D:\laragon\www\method-oldagehome\system\HTTP\ResponseTrait.php(447): CodeIgniter\HTTP\Response->sendCookies()
#5 D:\laragon\www\method-oldagehome\system\Debug\ExceptionHandler.php(78): CodeIgniter\HTTP\Response->send()
#6 D:\laragon\www\method-oldagehome\system\Debug\Exceptions.php(147): CodeIgniter\Debug\ExceptionHandler->handle(Object(CodeIgniter\Exceptions\PageNotFoundException), Object(CodeIgniter\HTTP\IncomingRequest), Object(CodeIgniter\HTTP\Response), 404, 1)
#7 [internal function]: CodeIgniter\Debug\Exceptions->exceptionHandler(Object(CodeIgniter\Exceptions\PageNotFoundException))
#8 {main}
  thrown
【Previous Exception】
CodeIgniter\Exceptions\PageNotFoundException
Page Not Found
#0 D:\laragon\www\method-oldagehome\system\CodeIgniter.php(967): CodeIgniter\Exceptions\PageNotFoundException::forPageNotFound(NULL)
#1 D:\laragon\www\method-oldagehome\system\CodeIgniter.php(362): CodeIgniter\CodeIgniter->display404errors(Object(CodeIgniter\Exceptions\PageNotFoundException))
#2 D:\laragon\www\method-oldagehome\public\index.php(79): CodeIgniter\CodeIgniter->run()
#3 D:\laragon\www\method-oldagehome\system\Commands\Server\rewrite.php(47): require_once('D:\\laragon\\www\\...')
#4 {main}
in SYSTEMPATH\HTTP\ResponseTrait.php on line 774.
 1 [internal function]: CodeIgniter\Debug\Exceptions->shutdownHandler()
CRITICAL - 2024-11-13 07:44:43 --> Uncaught ErrorException: Cannot modify header information - headers already sent in D:\laragon\www\method-oldagehome\system\HTTP\ResponseTrait.php:774
Stack trace:
#0 [internal function]: CodeIgniter\Debug\Exceptions->errorHandler(2, 'Cannot modify h...', 'D:\\laragon\\www\\...', 774)
#1 D:\laragon\www\method-oldagehome\system\HTTP\ResponseTrait.php(774): setcookie('ci_session', 'ut71bjergsi7udj...', Array)
#2 D:\laragon\www\method-oldagehome\system\HTTP\ResponseTrait.php(750): CodeIgniter\HTTP\Response->doSetCookie('ci_session', 'ut71bjergsi7udj...', Array)
#3 D:\laragon\www\method-oldagehome\system\HTTP\ResponseTrait.php(730): CodeIgniter\HTTP\Response->dispatchCookies()
#4 D:\laragon\www\method-oldagehome\system\HTTP\ResponseTrait.php(447): CodeIgniter\HTTP\Response->sendCookies()
#5 D:\laragon\www\method-oldagehome\system\Debug\ExceptionHandler.php(78): CodeIgniter\HTTP\Response->send()
#6 D:\laragon\www\method-oldagehome\system\Debug\Exceptions.php(147): CodeIgniter\Debug\ExceptionHandler->handle(Object(CodeIgniter\Exceptions\PageNotFoundException), Object(CodeIgniter\HTTP\IncomingRequest), Object(CodeIgniter\HTTP\Response), 404, 1)
#7 [internal function]: CodeIgniter\Debug\Exceptions->exceptionHandler(Object(CodeIgniter\Exceptions\PageNotFoundException))
#8 {main}
  thrown
【Previous Exception】
CodeIgniter\Exceptions\PageNotFoundException
Page Not Found
#0 D:\laragon\www\method-oldagehome\system\CodeIgniter.php(967): CodeIgniter\Exceptions\PageNotFoundException::forPageNotFound(NULL)
#1 D:\laragon\www\method-oldagehome\system\CodeIgniter.php(362): CodeIgniter\CodeIgniter->display404errors(Object(CodeIgniter\Exceptions\PageNotFoundException))
#2 D:\laragon\www\method-oldagehome\public\index.php(79): CodeIgniter\CodeIgniter->run()
#3 D:\laragon\www\method-oldagehome\system\Commands\Server\rewrite.php(47): require_once('D:\\laragon\\www\\...')
#4 {main}
in SYSTEMPATH\HTTP\ResponseTrait.php on line 774.
 1 [internal function]: CodeIgniter\Debug\Exceptions->shutdownHandler()
CRITICAL - 2024-11-13 07:44:44 --> Uncaught ErrorException: Cannot modify header information - headers already sent in D:\laragon\www\method-oldagehome\system\HTTP\ResponseTrait.php:774
Stack trace:
#0 [internal function]: CodeIgniter\Debug\Exceptions->errorHandler(2, 'Cannot modify h...', 'D:\\laragon\\www\\...', 774)
#1 D:\laragon\www\method-oldagehome\system\HTTP\ResponseTrait.php(774): setcookie('ci_session', 'ut71bjergsi7udj...', Array)
#2 D:\laragon\www\method-oldagehome\system\HTTP\ResponseTrait.php(750): CodeIgniter\HTTP\Response->doSetCookie('ci_session', 'ut71bjergsi7udj...', Array)
#3 D:\laragon\www\method-oldagehome\system\HTTP\ResponseTrait.php(730): CodeIgniter\HTTP\Response->dispatchCookies()
#4 D:\laragon\www\method-oldagehome\system\HTTP\ResponseTrait.php(447): CodeIgniter\HTTP\Response->sendCookies()
#5 D:\laragon\www\method-oldagehome\system\Debug\ExceptionHandler.php(78): CodeIgniter\HTTP\Response->send()
#6 D:\laragon\www\method-oldagehome\system\Debug\Exceptions.php(147): CodeIgniter\Debug\ExceptionHandler->handle(Object(CodeIgniter\Exceptions\PageNotFoundException), Object(CodeIgniter\HTTP\IncomingRequest), Object(CodeIgniter\HTTP\Response), 404, 1)
#7 [internal function]: CodeIgniter\Debug\Exceptions->exceptionHandler(Object(CodeIgniter\Exceptions\PageNotFoundException))
#8 {main}
  thrown
【Previous Exception】
CodeIgniter\Exceptions\PageNotFoundException
Page Not Found
#0 D:\laragon\www\method-oldagehome\system\CodeIgniter.php(967): CodeIgniter\Exceptions\PageNotFoundException::forPageNotFound(NULL)
#1 D:\laragon\www\method-oldagehome\system\CodeIgniter.php(362): CodeIgniter\CodeIgniter->display404errors(Object(CodeIgniter\Exceptions\PageNotFoundException))
#2 D:\laragon\www\method-oldagehome\public\index.php(79): CodeIgniter\CodeIgniter->run()
#3 D:\laragon\www\method-oldagehome\system\Commands\Server\rewrite.php(47): require_once('D:\\laragon\\www\\...')
#4 {main}
in SYSTEMPATH\HTTP\ResponseTrait.php on line 774.
 1 [internal function]: CodeIgniter\Debug\Exceptions->shutdownHandler()
CRITICAL - 2024-11-13 07:44:45 --> Uncaught ErrorException: Cannot modify header information - headers already sent in D:\laragon\www\method-oldagehome\system\HTTP\ResponseTrait.php:774
Stack trace:
#0 [internal function]: CodeIgniter\Debug\Exceptions->errorHandler(2, 'Cannot modify h...', 'D:\\laragon\\www\\...', 774)
#1 D:\laragon\www\method-oldagehome\system\HTTP\ResponseTrait.php(774): setcookie('ci_session', 'ut71bjergsi7udj...', Array)
#2 D:\laragon\www\method-oldagehome\system\HTTP\ResponseTrait.php(750): CodeIgniter\HTTP\Response->doSetCookie('ci_session', 'ut71bjergsi7udj...', Array)
#3 D:\laragon\www\method-oldagehome\system\HTTP\ResponseTrait.php(730): CodeIgniter\HTTP\Response->dispatchCookies()
#4 D:\laragon\www\method-oldagehome\system\HTTP\ResponseTrait.php(447): CodeIgniter\HTTP\Response->sendCookies()
#5 D:\laragon\www\method-oldagehome\system\Debug\ExceptionHandler.php(78): CodeIgniter\HTTP\Response->send()
#6 D:\laragon\www\method-oldagehome\system\Debug\Exceptions.php(147): CodeIgniter\Debug\ExceptionHandler->handle(Object(CodeIgniter\Exceptions\PageNotFoundException), Object(CodeIgniter\HTTP\IncomingRequest), Object(CodeIgniter\HTTP\Response), 404, 1)
#7 [internal function]: CodeIgniter\Debug\Exceptions->exceptionHandler(Object(CodeIgniter\Exceptions\PageNotFoundException))
#8 {main}
  thrown
【Previous Exception】
CodeIgniter\Exceptions\PageNotFoundException
Page Not Found
#0 D:\laragon\www\method-oldagehome\system\CodeIgniter.php(967): CodeIgniter\Exceptions\PageNotFoundException::forPageNotFound(NULL)
#1 D:\laragon\www\method-oldagehome\system\CodeIgniter.php(362): CodeIgniter\CodeIgniter->display404errors(Object(CodeIgniter\Exceptions\PageNotFoundException))
#2 D:\laragon\www\method-oldagehome\public\index.php(79): CodeIgniter\CodeIgniter->run()
#3 D:\laragon\www\method-oldagehome\system\Commands\Server\rewrite.php(47): require_once('D:\\laragon\\www\\...')
#4 {main}
in SYSTEMPATH\HTTP\ResponseTrait.php on line 774.
 1 [internal function]: CodeIgniter\Debug\Exceptions->shutdownHandler()
CRITICAL - 2024-11-13 07:44:46 --> Uncaught ErrorException: Cannot modify header information - headers already sent in D:\laragon\www\method-oldagehome\system\HTTP\ResponseTrait.php:774
Stack trace:
#0 [internal function]: CodeIgniter\Debug\Exceptions->errorHandler(2, 'Cannot modify h...', 'D:\\laragon\\www\\...', 774)
#1 D:\laragon\www\method-oldagehome\system\HTTP\ResponseTrait.php(774): setcookie('ci_session', 'ut71bjergsi7udj...', Array)
#2 D:\laragon\www\method-oldagehome\system\HTTP\ResponseTrait.php(750): CodeIgniter\HTTP\Response->doSetCookie('ci_session', 'ut71bjergsi7udj...', Array)
#3 D:\laragon\www\method-oldagehome\system\HTTP\ResponseTrait.php(730): CodeIgniter\HTTP\Response->dispatchCookies()
#4 D:\laragon\www\method-oldagehome\system\HTTP\ResponseTrait.php(447): CodeIgniter\HTTP\Response->sendCookies()
#5 D:\laragon\www\method-oldagehome\system\Debug\ExceptionHandler.php(78): CodeIgniter\HTTP\Response->send()
#6 D:\laragon\www\method-oldagehome\system\Debug\Exceptions.php(147): CodeIgniter\Debug\ExceptionHandler->handle(Object(CodeIgniter\Exceptions\PageNotFoundException), Object(CodeIgniter\HTTP\IncomingRequest), Object(CodeIgniter\HTTP\Response), 404, 1)
#7 [internal function]: CodeIgniter\Debug\Exceptions->exceptionHandler(Object(CodeIgniter\Exceptions\PageNotFoundException))
#8 {main}
  thrown
【Previous Exception】
CodeIgniter\Exceptions\PageNotFoundException
Page Not Found
#0 D:\laragon\www\method-oldagehome\system\CodeIgniter.php(967): CodeIgniter\Exceptions\PageNotFoundException::forPageNotFound(NULL)
#1 D:\laragon\www\method-oldagehome\system\CodeIgniter.php(362): CodeIgniter\CodeIgniter->display404errors(Object(CodeIgniter\Exceptions\PageNotFoundException))
#2 D:\laragon\www\method-oldagehome\public\index.php(79): CodeIgniter\CodeIgniter->run()
#3 D:\laragon\www\method-oldagehome\system\Commands\Server\rewrite.php(47): require_once('D:\\laragon\\www\\...')
#4 {main}
in SYSTEMPATH\HTTP\ResponseTrait.php on line 774.
 1 [internal function]: CodeIgniter\Debug\Exceptions->shutdownHandler()
CRITICAL - 2024-11-13 07:44:47 --> Uncaught ErrorException: Cannot modify header information - headers already sent in D:\laragon\www\method-oldagehome\system\HTTP\ResponseTrait.php:774
Stack trace:
#0 [internal function]: CodeIgniter\Debug\Exceptions->errorHandler(2, 'Cannot modify h...', 'D:\\laragon\\www\\...', 774)
#1 D:\laragon\www\method-oldagehome\system\HTTP\ResponseTrait.php(774): setcookie('ci_session', 'ut71bjergsi7udj...', Array)
#2 D:\laragon\www\method-oldagehome\system\HTTP\ResponseTrait.php(750): CodeIgniter\HTTP\Response->doSetCookie('ci_session', 'ut71bjergsi7udj...', Array)
#3 D:\laragon\www\method-oldagehome\system\HTTP\ResponseTrait.php(730): CodeIgniter\HTTP\Response->dispatchCookies()
#4 D:\laragon\www\method-oldagehome\system\HTTP\ResponseTrait.php(447): CodeIgniter\HTTP\Response->sendCookies()
#5 D:\laragon\www\method-oldagehome\system\Debug\ExceptionHandler.php(78): CodeIgniter\HTTP\Response->send()
#6 D:\laragon\www\method-oldagehome\system\Debug\Exceptions.php(147): CodeIgniter\Debug\ExceptionHandler->handle(Object(CodeIgniter\Exceptions\PageNotFoundException), Object(CodeIgniter\HTTP\IncomingRequest), Object(CodeIgniter\HTTP\Response), 404, 1)
#7 [internal function]: CodeIgniter\Debug\Exceptions->exceptionHandler(Object(CodeIgniter\Exceptions\PageNotFoundException))
#8 {main}
  thrown
【Previous Exception】
CodeIgniter\Exceptions\PageNotFoundException
Page Not Found
#0 D:\laragon\www\method-oldagehome\system\CodeIgniter.php(967): CodeIgniter\Exceptions\PageNotFoundException::forPageNotFound(NULL)
#1 D:\laragon\www\method-oldagehome\system\CodeIgniter.php(362): CodeIgniter\CodeIgniter->display404errors(Object(CodeIgniter\Exceptions\PageNotFoundException))
#2 D:\laragon\www\method-oldagehome\public\index.php(79): CodeIgniter\CodeIgniter->run()
#3 D:\laragon\www\method-oldagehome\system\Commands\Server\rewrite.php(47): require_once('D:\\laragon\\www\\...')
#4 {main}
in SYSTEMPATH\HTTP\ResponseTrait.php on line 774.
 1 [internal function]: CodeIgniter\Debug\Exceptions->shutdownHandler()
CRITICAL - 2024-11-13 07:44:48 --> Uncaught ErrorException: Cannot modify header information - headers already sent in D:\laragon\www\method-oldagehome\system\HTTP\ResponseTrait.php:774
Stack trace:
#0 [internal function]: CodeIgniter\Debug\Exceptions->errorHandler(2, 'Cannot modify h...', 'D:\\laragon\\www\\...', 774)
#1 D:\laragon\www\method-oldagehome\system\HTTP\ResponseTrait.php(774): setcookie('ci_session', 'ut71bjergsi7udj...', Array)
#2 D:\laragon\www\method-oldagehome\system\HTTP\ResponseTrait.php(750): CodeIgniter\HTTP\Response->doSetCookie('ci_session', 'ut71bjergsi7udj...', Array)
#3 D:\laragon\www\method-oldagehome\system\HTTP\ResponseTrait.php(730): CodeIgniter\HTTP\Response->dispatchCookies()
#4 D:\laragon\www\method-oldagehome\system\HTTP\ResponseTrait.php(447): CodeIgniter\HTTP\Response->sendCookies()
#5 D:\laragon\www\method-oldagehome\system\Debug\ExceptionHandler.php(78): CodeIgniter\HTTP\Response->send()
#6 D:\laragon\www\method-oldagehome\system\Debug\Exceptions.php(147): CodeIgniter\Debug\ExceptionHandler->handle(Object(CodeIgniter\Exceptions\PageNotFoundException), Object(CodeIgniter\HTTP\IncomingRequest), Object(CodeIgniter\HTTP\Response), 404, 1)
#7 [internal function]: CodeIgniter\Debug\Exceptions->exceptionHandler(Object(CodeIgniter\Exceptions\PageNotFoundException))
#8 {main}
  thrown
【Previous Exception】
CodeIgniter\Exceptions\PageNotFoundException
Page Not Found
#0 D:\laragon\www\method-oldagehome\system\CodeIgniter.php(967): CodeIgniter\Exceptions\PageNotFoundException::forPageNotFound(NULL)
#1 D:\laragon\www\method-oldagehome\system\CodeIgniter.php(362): CodeIgniter\CodeIgniter->display404errors(Object(CodeIgniter\Exceptions\PageNotFoundException))
#2 D:\laragon\www\method-oldagehome\public\index.php(79): CodeIgniter\CodeIgniter->run()
#3 D:\laragon\www\method-oldagehome\system\Commands\Server\rewrite.php(47): require_once('D:\\laragon\\www\\...')
#4 {main}
in SYSTEMPATH\HTTP\ResponseTrait.php on line 774.
 1 [internal function]: CodeIgniter\Debug\Exceptions->shutdownHandler()
CRITICAL - 2024-11-13 07:44:49 --> Uncaught ErrorException: Cannot modify header information - headers already sent in D:\laragon\www\method-oldagehome\system\HTTP\ResponseTrait.php:774
Stack trace:
#0 [internal function]: CodeIgniter\Debug\Exceptions->errorHandler(2, 'Cannot modify h...', 'D:\\laragon\\www\\...', 774)
#1 D:\laragon\www\method-oldagehome\system\HTTP\ResponseTrait.php(774): setcookie('ci_session', 'ut71bjergsi7udj...', Array)
#2 D:\laragon\www\method-oldagehome\system\HTTP\ResponseTrait.php(750): CodeIgniter\HTTP\Response->doSetCookie('ci_session', 'ut71bjergsi7udj...', Array)
#3 D:\laragon\www\method-oldagehome\system\HTTP\ResponseTrait.php(730): CodeIgniter\HTTP\Response->dispatchCookies()
#4 D:\laragon\www\method-oldagehome\system\HTTP\ResponseTrait.php(447): CodeIgniter\HTTP\Response->sendCookies()
#5 D:\laragon\www\method-oldagehome\system\Debug\ExceptionHandler.php(78): CodeIgniter\HTTP\Response->send()
#6 D:\laragon\www\method-oldagehome\system\Debug\Exceptions.php(147): CodeIgniter\Debug\ExceptionHandler->handle(Object(CodeIgniter\Exceptions\PageNotFoundException), Object(CodeIgniter\HTTP\IncomingRequest), Object(CodeIgniter\HTTP\Response), 404, 1)
#7 [internal function]: CodeIgniter\Debug\Exceptions->exceptionHandler(Object(CodeIgniter\Exceptions\PageNotFoundException))
#8 {main}
  thrown
【Previous Exception】
CodeIgniter\Exceptions\PageNotFoundException
Page Not Found
#0 D:\laragon\www\method-oldagehome\system\CodeIgniter.php(967): CodeIgniter\Exceptions\PageNotFoundException::forPageNotFound(NULL)
#1 D:\laragon\www\method-oldagehome\system\CodeIgniter.php(362): CodeIgniter\CodeIgniter->display404errors(Object(CodeIgniter\Exceptions\PageNotFoundException))
#2 D:\laragon\www\method-oldagehome\public\index.php(79): CodeIgniter\CodeIgniter->run()
#3 D:\laragon\www\method-oldagehome\system\Commands\Server\rewrite.php(47): require_once('D:\\laragon\\www\\...')
#4 {main}
in SYSTEMPATH\HTTP\ResponseTrait.php on line 774.
 1 [internal function]: CodeIgniter\Debug\Exceptions->shutdownHandler()
CRITICAL - 2024-11-13 07:44:50 --> Uncaught ErrorException: Cannot modify header information - headers already sent in D:\laragon\www\method-oldagehome\system\HTTP\ResponseTrait.php:774
Stack trace:
#0 [internal function]: CodeIgniter\Debug\Exceptions->errorHandler(2, 'Cannot modify h...', 'D:\\laragon\\www\\...', 774)
#1 D:\laragon\www\method-oldagehome\system\HTTP\ResponseTrait.php(774): setcookie('ci_session', 'ut71bjergsi7udj...', Array)
#2 D:\laragon\www\method-oldagehome\system\HTTP\ResponseTrait.php(750): CodeIgniter\HTTP\Response->doSetCookie('ci_session', 'ut71bjergsi7udj...', Array)
#3 D:\laragon\www\method-oldagehome\system\HTTP\ResponseTrait.php(730): CodeIgniter\HTTP\Response->dispatchCookies()
#4 D:\laragon\www\method-oldagehome\system\HTTP\ResponseTrait.php(447): CodeIgniter\HTTP\Response->sendCookies()
#5 D:\laragon\www\method-oldagehome\system\Debug\ExceptionHandler.php(78): CodeIgniter\HTTP\Response->send()
#6 D:\laragon\www\method-oldagehome\system\Debug\Exceptions.php(147): CodeIgniter\Debug\ExceptionHandler->handle(Object(CodeIgniter\Exceptions\PageNotFoundException), Object(CodeIgniter\HTTP\IncomingRequest), Object(CodeIgniter\HTTP\Response), 404, 1)
#7 [internal function]: CodeIgniter\Debug\Exceptions->exceptionHandler(Object(CodeIgniter\Exceptions\PageNotFoundException))
#8 {main}
  thrown
【Previous Exception】
CodeIgniter\Exceptions\PageNotFoundException
Page Not Found
#0 D:\laragon\www\method-oldagehome\system\CodeIgniter.php(967): CodeIgniter\Exceptions\PageNotFoundException::forPageNotFound(NULL)
#1 D:\laragon\www\method-oldagehome\system\CodeIgniter.php(362): CodeIgniter\CodeIgniter->display404errors(Object(CodeIgniter\Exceptions\PageNotFoundException))
#2 D:\laragon\www\method-oldagehome\public\index.php(79): CodeIgniter\CodeIgniter->run()
#3 D:\laragon\www\method-oldagehome\system\Commands\Server\rewrite.php(47): require_once('D:\\laragon\\www\\...')
#4 {main}
in SYSTEMPATH\HTTP\ResponseTrait.php on line 774.
 1 [internal function]: CodeIgniter\Debug\Exceptions->shutdownHandler()
CRITICAL - 2024-11-13 07:44:51 --> Uncaught ErrorException: Cannot modify header information - headers already sent in D:\laragon\www\method-oldagehome\system\HTTP\ResponseTrait.php:774
Stack trace:
#0 [internal function]: CodeIgniter\Debug\Exceptions->errorHandler(2, 'Cannot modify h...', 'D:\\laragon\\www\\...', 774)
#1 D:\laragon\www\method-oldagehome\system\HTTP\ResponseTrait.php(774): setcookie('ci_session', 'ut71bjergsi7udj...', Array)
#2 D:\laragon\www\method-oldagehome\system\HTTP\ResponseTrait.php(750): CodeIgniter\HTTP\Response->doSetCookie('ci_session', 'ut71bjergsi7udj...', Array)
#3 D:\laragon\www\method-oldagehome\system\HTTP\ResponseTrait.php(730): CodeIgniter\HTTP\Response->dispatchCookies()
#4 D:\laragon\www\method-oldagehome\system\HTTP\ResponseTrait.php(447): CodeIgniter\HTTP\Response->sendCookies()
#5 D:\laragon\www\method-oldagehome\system\Debug\ExceptionHandler.php(78): CodeIgniter\HTTP\Response->send()
#6 D:\laragon\www\method-oldagehome\system\Debug\Exceptions.php(147): CodeIgniter\Debug\ExceptionHandler->handle(Object(CodeIgniter\Exceptions\PageNotFoundException), Object(CodeIgniter\HTTP\IncomingRequest), Object(CodeIgniter\HTTP\Response), 404, 1)
#7 [internal function]: CodeIgniter\Debug\Exceptions->exceptionHandler(Object(CodeIgniter\Exceptions\PageNotFoundException))
#8 {main}
  thrown
【Previous Exception】
CodeIgniter\Exceptions\PageNotFoundException
Page Not Found
#0 D:\laragon\www\method-oldagehome\system\CodeIgniter.php(967): CodeIgniter\Exceptions\PageNotFoundException::forPageNotFound(NULL)
#1 D:\laragon\www\method-oldagehome\system\CodeIgniter.php(362): CodeIgniter\CodeIgniter->display404errors(Object(CodeIgniter\Exceptions\PageNotFoundException))
#2 D:\laragon\www\method-oldagehome\public\index.php(79): CodeIgniter\CodeIgniter->run()
#3 D:\laragon\www\method-oldagehome\system\Commands\Server\rewrite.php(47): require_once('D:\\laragon\\www\\...')
#4 {main}
in SYSTEMPATH\HTTP\ResponseTrait.php on line 774.
 1 [internal function]: CodeIgniter\Debug\Exceptions->shutdownHandler()
CRITICAL - 2024-11-13 07:44:52 --> Uncaught ErrorException: Cannot modify header information - headers already sent in D:\laragon\www\method-oldagehome\system\HTTP\ResponseTrait.php:774
Stack trace:
#0 [internal function]: CodeIgniter\Debug\Exceptions->errorHandler(2, 'Cannot modify h...', 'D:\\laragon\\www\\...', 774)
#1 D:\laragon\www\method-oldagehome\system\HTTP\ResponseTrait.php(774): setcookie('ci_session', 'ut71bjergsi7udj...', Array)
#2 D:\laragon\www\method-oldagehome\system\HTTP\ResponseTrait.php(750): CodeIgniter\HTTP\Response->doSetCookie('ci_session', 'ut71bjergsi7udj...', Array)
#3 D:\laragon\www\method-oldagehome\system\HTTP\ResponseTrait.php(730): CodeIgniter\HTTP\Response->dispatchCookies()
#4 D:\laragon\www\method-oldagehome\system\HTTP\ResponseTrait.php(447): CodeIgniter\HTTP\Response->sendCookies()
#5 D:\laragon\www\method-oldagehome\system\Debug\ExceptionHandler.php(78): CodeIgniter\HTTP\Response->send()
#6 D:\laragon\www\method-oldagehome\system\Debug\Exceptions.php(147): CodeIgniter\Debug\ExceptionHandler->handle(Object(CodeIgniter\Exceptions\PageNotFoundException), Object(CodeIgniter\HTTP\IncomingRequest), Object(CodeIgniter\HTTP\Response), 404, 1)
#7 [internal function]: CodeIgniter\Debug\Exceptions->exceptionHandler(Object(CodeIgniter\Exceptions\PageNotFoundException))
#8 {main}
  thrown
【Previous Exception】
CodeIgniter\Exceptions\PageNotFoundException
Page Not Found
#0 D:\laragon\www\method-oldagehome\system\CodeIgniter.php(967): CodeIgniter\Exceptions\PageNotFoundException::forPageNotFound(NULL)
#1 D:\laragon\www\method-oldagehome\system\CodeIgniter.php(362): CodeIgniter\CodeIgniter->display404errors(Object(CodeIgniter\Exceptions\PageNotFoundException))
#2 D:\laragon\www\method-oldagehome\public\index.php(79): CodeIgniter\CodeIgniter->run()
#3 D:\laragon\www\method-oldagehome\system\Commands\Server\rewrite.php(47): require_once('D:\\laragon\\www\\...')
#4 {main}
in SYSTEMPATH\HTTP\ResponseTrait.php on line 774.
 1 [internal function]: CodeIgniter\Debug\Exceptions->shutdownHandler()
CRITICAL - 2024-11-13 07:44:53 --> Uncaught ErrorException: Cannot modify header information - headers already sent in D:\laragon\www\method-oldagehome\system\HTTP\ResponseTrait.php:774
Stack trace:
#0 [internal function]: CodeIgniter\Debug\Exceptions->errorHandler(2, 'Cannot modify h...', 'D:\\laragon\\www\\...', 774)
#1 D:\laragon\www\method-oldagehome\system\HTTP\ResponseTrait.php(774): setcookie('ci_session', 'ut71bjergsi7udj...', Array)
#2 D:\laragon\www\method-oldagehome\system\HTTP\ResponseTrait.php(750): CodeIgniter\HTTP\Response->doSetCookie('ci_session', 'ut71bjergsi7udj...', Array)
#3 D:\laragon\www\method-oldagehome\system\HTTP\ResponseTrait.php(730): CodeIgniter\HTTP\Response->dispatchCookies()
#4 D:\laragon\www\method-oldagehome\system\HTTP\ResponseTrait.php(447): CodeIgniter\HTTP\Response->sendCookies()
#5 D:\laragon\www\method-oldagehome\system\Debug\ExceptionHandler.php(78): CodeIgniter\HTTP\Response->send()
#6 D:\laragon\www\method-oldagehome\system\Debug\Exceptions.php(147): CodeIgniter\Debug\ExceptionHandler->handle(Object(CodeIgniter\Exceptions\PageNotFoundException), Object(CodeIgniter\HTTP\IncomingRequest), Object(CodeIgniter\HTTP\Response), 404, 1)
#7 [internal function]: CodeIgniter\Debug\Exceptions->exceptionHandler(Object(CodeIgniter\Exceptions\PageNotFoundException))
#8 {main}
  thrown
【Previous Exception】
CodeIgniter\Exceptions\PageNotFoundException
Page Not Found
#0 D:\laragon\www\method-oldagehome\system\CodeIgniter.php(967): CodeIgniter\Exceptions\PageNotFoundException::forPageNotFound(NULL)
#1 D:\laragon\www\method-oldagehome\system\CodeIgniter.php(362): CodeIgniter\CodeIgniter->display404errors(Object(CodeIgniter\Exceptions\PageNotFoundException))
#2 D:\laragon\www\method-oldagehome\public\index.php(79): CodeIgniter\CodeIgniter->run()
#3 D:\laragon\www\method-oldagehome\system\Commands\Server\rewrite.php(47): require_once('D:\\laragon\\www\\...')
#4 {main}
in SYSTEMPATH\HTTP\ResponseTrait.php on line 774.
 1 [internal function]: CodeIgniter\Debug\Exceptions->shutdownHandler()
CRITICAL - 2024-11-13 07:44:54 --> Uncaught ErrorException: Cannot modify header information - headers already sent in D:\laragon\www\method-oldagehome\system\HTTP\ResponseTrait.php:774
Stack trace:
#0 [internal function]: CodeIgniter\Debug\Exceptions->errorHandler(2, 'Cannot modify h...', 'D:\\laragon\\www\\...', 774)
#1 D:\laragon\www\method-oldagehome\system\HTTP\ResponseTrait.php(774): setcookie('ci_session', 'ut71bjergsi7udj...', Array)
#2 D:\laragon\www\method-oldagehome\system\HTTP\ResponseTrait.php(750): CodeIgniter\HTTP\Response->doSetCookie('ci_session', 'ut71bjergsi7udj...', Array)
#3 D:\laragon\www\method-oldagehome\system\HTTP\ResponseTrait.php(730): CodeIgniter\HTTP\Response->dispatchCookies()
#4 D:\laragon\www\method-oldagehome\system\HTTP\ResponseTrait.php(447): CodeIgniter\HTTP\Response->sendCookies()
#5 D:\laragon\www\method-oldagehome\system\Debug\ExceptionHandler.php(78): CodeIgniter\HTTP\Response->send()
#6 D:\laragon\www\method-oldagehome\system\Debug\Exceptions.php(147): CodeIgniter\Debug\ExceptionHandler->handle(Object(CodeIgniter\Exceptions\PageNotFoundException), Object(CodeIgniter\HTTP\IncomingRequest), Object(CodeIgniter\HTTP\Response), 404, 1)
#7 [internal function]: CodeIgniter\Debug\Exceptions->exceptionHandler(Object(CodeIgniter\Exceptions\PageNotFoundException))
#8 {main}
  thrown
【Previous Exception】
CodeIgniter\Exceptions\PageNotFoundException
Page Not Found
#0 D:\laragon\www\method-oldagehome\system\CodeIgniter.php(967): CodeIgniter\Exceptions\PageNotFoundException::forPageNotFound(NULL)
#1 D:\laragon\www\method-oldagehome\system\CodeIgniter.php(362): CodeIgniter\CodeIgniter->display404errors(Object(CodeIgniter\Exceptions\PageNotFoundException))
#2 D:\laragon\www\method-oldagehome\public\index.php(79): CodeIgniter\CodeIgniter->run()
#3 D:\laragon\www\method-oldagehome\system\Commands\Server\rewrite.php(47): require_once('D:\\laragon\\www\\...')
#4 {main}
in SYSTEMPATH\HTTP\ResponseTrait.php on line 774.
 1 [internal function]: CodeIgniter\Debug\Exceptions->shutdownHandler()
CRITICAL - 2024-11-13 07:44:55 --> Uncaught ErrorException: Cannot modify header information - headers already sent in D:\laragon\www\method-oldagehome\system\HTTP\ResponseTrait.php:774
Stack trace:
#0 [internal function]: CodeIgniter\Debug\Exceptions->errorHandler(2, 'Cannot modify h...', 'D:\\laragon\\www\\...', 774)
#1 D:\laragon\www\method-oldagehome\system\HTTP\ResponseTrait.php(774): setcookie('ci_session', 'ut71bjergsi7udj...', Array)
#2 D:\laragon\www\method-oldagehome\system\HTTP\ResponseTrait.php(750): CodeIgniter\HTTP\Response->doSetCookie('ci_session', 'ut71bjergsi7udj...', Array)
#3 D:\laragon\www\method-oldagehome\system\HTTP\ResponseTrait.php(730): CodeIgniter\HTTP\Response->dispatchCookies()
#4 D:\laragon\www\method-oldagehome\system\HTTP\ResponseTrait.php(447): CodeIgniter\HTTP\Response->sendCookies()
#5 D:\laragon\www\method-oldagehome\system\Debug\ExceptionHandler.php(78): CodeIgniter\HTTP\Response->send()
#6 D:\laragon\www\method-oldagehome\system\Debug\Exceptions.php(147): CodeIgniter\Debug\ExceptionHandler->handle(Object(CodeIgniter\Exceptions\PageNotFoundException), Object(CodeIgniter\HTTP\IncomingRequest), Object(CodeIgniter\HTTP\Response), 404, 1)
#7 [internal function]: CodeIgniter\Debug\Exceptions->exceptionHandler(Object(CodeIgniter\Exceptions\PageNotFoundException))
#8 {main}
  thrown
【Previous Exception】
CodeIgniter\Exceptions\PageNotFoundException
Page Not Found
#0 D:\laragon\www\method-oldagehome\system\CodeIgniter.php(967): CodeIgniter\Exceptions\PageNotFoundException::forPageNotFound(NULL)
#1 D:\laragon\www\method-oldagehome\system\CodeIgniter.php(362): CodeIgniter\CodeIgniter->display404errors(Object(CodeIgniter\Exceptions\PageNotFoundException))
#2 D:\laragon\www\method-oldagehome\public\index.php(79): CodeIgniter\CodeIgniter->run()
#3 D:\laragon\www\method-oldagehome\system\Commands\Server\rewrite.php(47): require_once('D:\\laragon\\www\\...')
#4 {main}
in SYSTEMPATH\HTTP\ResponseTrait.php on line 774.
 1 [internal function]: CodeIgniter\Debug\Exceptions->shutdownHandler()
CRITICAL - 2024-11-13 07:44:56 --> Uncaught ErrorException: Cannot modify header information - headers already sent in D:\laragon\www\method-oldagehome\system\HTTP\ResponseTrait.php:774
Stack trace:
#0 [internal function]: CodeIgniter\Debug\Exceptions->errorHandler(2, 'Cannot modify h...', 'D:\\laragon\\www\\...', 774)
#1 D:\laragon\www\method-oldagehome\system\HTTP\ResponseTrait.php(774): setcookie('ci_session', 'ut71bjergsi7udj...', Array)
#2 D:\laragon\www\method-oldagehome\system\HTTP\ResponseTrait.php(750): CodeIgniter\HTTP\Response->doSetCookie('ci_session', 'ut71bjergsi7udj...', Array)
#3 D:\laragon\www\method-oldagehome\system\HTTP\ResponseTrait.php(730): CodeIgniter\HTTP\Response->dispatchCookies()
#4 D:\laragon\www\method-oldagehome\system\HTTP\ResponseTrait.php(447): CodeIgniter\HTTP\Response->sendCookies()
#5 D:\laragon\www\method-oldagehome\system\Debug\ExceptionHandler.php(78): CodeIgniter\HTTP\Response->send()
#6 D:\laragon\www\method-oldagehome\system\Debug\Exceptions.php(147): CodeIgniter\Debug\ExceptionHandler->handle(Object(CodeIgniter\Exceptions\PageNotFoundException), Object(CodeIgniter\HTTP\IncomingRequest), Object(CodeIgniter\HTTP\Response), 404, 1)
#7 [internal function]: CodeIgniter\Debug\Exceptions->exceptionHandler(Object(CodeIgniter\Exceptions\PageNotFoundException))
#8 {main}
  thrown
【Previous Exception】
CodeIgniter\Exceptions\PageNotFoundException
Page Not Found
#0 D:\laragon\www\method-oldagehome\system\CodeIgniter.php(967): CodeIgniter\Exceptions\PageNotFoundException::forPageNotFound(NULL)
#1 D:\laragon\www\method-oldagehome\system\CodeIgniter.php(362): CodeIgniter\CodeIgniter->display404errors(Object(CodeIgniter\Exceptions\PageNotFoundException))
#2 D:\laragon\www\method-oldagehome\public\index.php(79): CodeIgniter\CodeIgniter->run()
#3 D:\laragon\www\method-oldagehome\system\Commands\Server\rewrite.php(47): require_once('D:\\laragon\\www\\...')
#4 {main}
in SYSTEMPATH\HTTP\ResponseTrait.php on line 774.
 1 [internal function]: CodeIgniter\Debug\Exceptions->shutdownHandler()
CRITICAL - 2024-11-13 07:44:57 --> Uncaught ErrorException: Cannot modify header information - headers already sent in D:\laragon\www\method-oldagehome\system\HTTP\ResponseTrait.php:774
Stack trace:
#0 [internal function]: CodeIgniter\Debug\Exceptions->errorHandler(2, 'Cannot modify h...', 'D:\\laragon\\www\\...', 774)
#1 D:\laragon\www\method-oldagehome\system\HTTP\ResponseTrait.php(774): setcookie('ci_session', 'ut71bjergsi7udj...', Array)
#2 D:\laragon\www\method-oldagehome\system\HTTP\ResponseTrait.php(750): CodeIgniter\HTTP\Response->doSetCookie('ci_session', 'ut71bjergsi7udj...', Array)
#3 D:\laragon\www\method-oldagehome\system\HTTP\ResponseTrait.php(730): CodeIgniter\HTTP\Response->dispatchCookies()
#4 D:\laragon\www\method-oldagehome\system\HTTP\ResponseTrait.php(447): CodeIgniter\HTTP\Response->sendCookies()
#5 D:\laragon\www\method-oldagehome\system\Debug\ExceptionHandler.php(78): CodeIgniter\HTTP\Response->send()
#6 D:\laragon\www\method-oldagehome\system\Debug\Exceptions.php(147): CodeIgniter\Debug\ExceptionHandler->handle(Object(CodeIgniter\Exceptions\PageNotFoundException), Object(CodeIgniter\HTTP\IncomingRequest), Object(CodeIgniter\HTTP\Response), 404, 1)
#7 [internal function]: CodeIgniter\Debug\Exceptions->exceptionHandler(Object(CodeIgniter\Exceptions\PageNotFoundException))
#8 {main}
  thrown
【Previous Exception】
CodeIgniter\Exceptions\PageNotFoundException
Page Not Found
#0 D:\laragon\www\method-oldagehome\system\CodeIgniter.php(967): CodeIgniter\Exceptions\PageNotFoundException::forPageNotFound(NULL)
#1 D:\laragon\www\method-oldagehome\system\CodeIgniter.php(362): CodeIgniter\CodeIgniter->display404errors(Object(CodeIgniter\Exceptions\PageNotFoundException))
#2 D:\laragon\www\method-oldagehome\public\index.php(79): CodeIgniter\CodeIgniter->run()
#3 D:\laragon\www\method-oldagehome\system\Commands\Server\rewrite.php(47): require_once('D:\\laragon\\www\\...')
#4 {main}
in SYSTEMPATH\HTTP\ResponseTrait.php on line 774.
 1 [internal function]: CodeIgniter\Debug\Exceptions->shutdownHandler()
CRITICAL - 2024-11-13 07:44:58 --> Uncaught ErrorException: Cannot modify header information - headers already sent in D:\laragon\www\method-oldagehome\system\HTTP\ResponseTrait.php:774
Stack trace:
#0 [internal function]: CodeIgniter\Debug\Exceptions->errorHandler(2, 'Cannot modify h...', 'D:\\laragon\\www\\...', 774)
#1 D:\laragon\www\method-oldagehome\system\HTTP\ResponseTrait.php(774): setcookie('ci_session', 'ut71bjergsi7udj...', Array)
#2 D:\laragon\www\method-oldagehome\system\HTTP\ResponseTrait.php(750): CodeIgniter\HTTP\Response->doSetCookie('ci_session', 'ut71bjergsi7udj...', Array)
#3 D:\laragon\www\method-oldagehome\system\HTTP\ResponseTrait.php(730): CodeIgniter\HTTP\Response->dispatchCookies()
#4 D:\laragon\www\method-oldagehome\system\HTTP\ResponseTrait.php(447): CodeIgniter\HTTP\Response->sendCookies()
#5 D:\laragon\www\method-oldagehome\system\Debug\ExceptionHandler.php(78): CodeIgniter\HTTP\Response->send()
#6 D:\laragon\www\method-oldagehome\system\Debug\Exceptions.php(147): CodeIgniter\Debug\ExceptionHandler->handle(Object(CodeIgniter\Exceptions\PageNotFoundException), Object(CodeIgniter\HTTP\IncomingRequest), Object(CodeIgniter\HTTP\Response), 404, 1)
#7 [internal function]: CodeIgniter\Debug\Exceptions->exceptionHandler(Object(CodeIgniter\Exceptions\PageNotFoundException))
#8 {main}
  thrown
【Previous Exception】
CodeIgniter\Exceptions\PageNotFoundException
Page Not Found
#0 D:\laragon\www\method-oldagehome\system\CodeIgniter.php(967): CodeIgniter\Exceptions\PageNotFoundException::forPageNotFound(NULL)
#1 D:\laragon\www\method-oldagehome\system\CodeIgniter.php(362): CodeIgniter\CodeIgniter->display404errors(Object(CodeIgniter\Exceptions\PageNotFoundException))
#2 D:\laragon\www\method-oldagehome\public\index.php(79): CodeIgniter\CodeIgniter->run()
#3 D:\laragon\www\method-oldagehome\system\Commands\Server\rewrite.php(47): require_once('D:\\laragon\\www\\...')
#4 {main}
in SYSTEMPATH\HTTP\ResponseTrait.php on line 774.
 1 [internal function]: CodeIgniter\Debug\Exceptions->shutdownHandler()
CRITICAL - 2024-11-13 07:44:59 --> Uncaught ErrorException: Cannot modify header information - headers already sent in D:\laragon\www\method-oldagehome\system\HTTP\ResponseTrait.php:774
Stack trace:
#0 [internal function]: CodeIgniter\Debug\Exceptions->errorHandler(2, 'Cannot modify h...', 'D:\\laragon\\www\\...', 774)
#1 D:\laragon\www\method-oldagehome\system\HTTP\ResponseTrait.php(774): setcookie('ci_session', 'ut71bjergsi7udj...', Array)
#2 D:\laragon\www\method-oldagehome\system\HTTP\ResponseTrait.php(750): CodeIgniter\HTTP\Response->doSetCookie('ci_session', 'ut71bjergsi7udj...', Array)
#3 D:\laragon\www\method-oldagehome\system\HTTP\ResponseTrait.php(730): CodeIgniter\HTTP\Response->dispatchCookies()
#4 D:\laragon\www\method-oldagehome\system\HTTP\ResponseTrait.php(447): CodeIgniter\HTTP\Response->sendCookies()
#5 D:\laragon\www\method-oldagehome\system\Debug\ExceptionHandler.php(78): CodeIgniter\HTTP\Response->send()
#6 D:\laragon\www\method-oldagehome\system\Debug\Exceptions.php(147): CodeIgniter\Debug\ExceptionHandler->handle(Object(CodeIgniter\Exceptions\PageNotFoundException), Object(CodeIgniter\HTTP\IncomingRequest), Object(CodeIgniter\HTTP\Response), 404, 1)
#7 [internal function]: CodeIgniter\Debug\Exceptions->exceptionHandler(Object(CodeIgniter\Exceptions\PageNotFoundException))
#8 {main}
  thrown
【Previous Exception】
CodeIgniter\Exceptions\PageNotFoundException
Page Not Found
#0 D:\laragon\www\method-oldagehome\system\CodeIgniter.php(967): CodeIgniter\Exceptions\PageNotFoundException::forPageNotFound(NULL)
#1 D:\laragon\www\method-oldagehome\system\CodeIgniter.php(362): CodeIgniter\CodeIgniter->display404errors(Object(CodeIgniter\Exceptions\PageNotFoundException))
#2 D:\laragon\www\method-oldagehome\public\index.php(79): CodeIgniter\CodeIgniter->run()
#3 D:\laragon\www\method-oldagehome\system\Commands\Server\rewrite.php(47): require_once('D:\\laragon\\www\\...')
#4 {main}
in SYSTEMPATH\HTTP\ResponseTrait.php on line 774.
 1 [internal function]: CodeIgniter\Debug\Exceptions->shutdownHandler()
CRITICAL - 2024-11-13 07:45:00 --> Uncaught ErrorException: Cannot modify header information - headers already sent in D:\laragon\www\method-oldagehome\system\HTTP\ResponseTrait.php:774
Stack trace:
#0 [internal function]: CodeIgniter\Debug\Exceptions->errorHandler(2, 'Cannot modify h...', 'D:\\laragon\\www\\...', 774)
#1 D:\laragon\www\method-oldagehome\system\HTTP\ResponseTrait.php(774): setcookie('ci_session', 'ut71bjergsi7udj...', Array)
#2 D:\laragon\www\method-oldagehome\system\HTTP\ResponseTrait.php(750): CodeIgniter\HTTP\Response->doSetCookie('ci_session', 'ut71bjergsi7udj...', Array)
#3 D:\laragon\www\method-oldagehome\system\HTTP\ResponseTrait.php(730): CodeIgniter\HTTP\Response->dispatchCookies()
#4 D:\laragon\www\method-oldagehome\system\HTTP\ResponseTrait.php(447): CodeIgniter\HTTP\Response->sendCookies()
#5 D:\laragon\www\method-oldagehome\system\Debug\ExceptionHandler.php(78): CodeIgniter\HTTP\Response->send()
#6 D:\laragon\www\method-oldagehome\system\Debug\Exceptions.php(147): CodeIgniter\Debug\ExceptionHandler->handle(Object(CodeIgniter\Exceptions\PageNotFoundException), Object(CodeIgniter\HTTP\IncomingRequest), Object(CodeIgniter\HTTP\Response), 404, 1)
#7 [internal function]: CodeIgniter\Debug\Exceptions->exceptionHandler(Object(CodeIgniter\Exceptions\PageNotFoundException))
#8 {main}
  thrown
【Previous Exception】
CodeIgniter\Exceptions\PageNotFoundException
Page Not Found
#0 D:\laragon\www\method-oldagehome\system\CodeIgniter.php(967): CodeIgniter\Exceptions\PageNotFoundException::forPageNotFound(NULL)
#1 D:\laragon\www\method-oldagehome\system\CodeIgniter.php(362): CodeIgniter\CodeIgniter->display404errors(Object(CodeIgniter\Exceptions\PageNotFoundException))
#2 D:\laragon\www\method-oldagehome\public\index.php(79): CodeIgniter\CodeIgniter->run()
#3 D:\laragon\www\method-oldagehome\system\Commands\Server\rewrite.php(47): require_once('D:\\laragon\\www\\...')
#4 {main}
in SYSTEMPATH\HTTP\ResponseTrait.php on line 774.
 1 [internal function]: CodeIgniter\Debug\Exceptions->shutdownHandler()
CRITICAL - 2024-11-13 07:45:01 --> Uncaught ErrorException: Cannot modify header information - headers already sent in D:\laragon\www\method-oldagehome\system\HTTP\ResponseTrait.php:774
Stack trace:
#0 [internal function]: CodeIgniter\Debug\Exceptions->errorHandler(2, 'Cannot modify h...', 'D:\\laragon\\www\\...', 774)
#1 D:\laragon\www\method-oldagehome\system\HTTP\ResponseTrait.php(774): setcookie('ci_session', 'ut71bjergsi7udj...', Array)
#2 D:\laragon\www\method-oldagehome\system\HTTP\ResponseTrait.php(750): CodeIgniter\HTTP\Response->doSetCookie('ci_session', 'ut71bjergsi7udj...', Array)
#3 D:\laragon\www\method-oldagehome\system\HTTP\ResponseTrait.php(730): CodeIgniter\HTTP\Response->dispatchCookies()
#4 D:\laragon\www\method-oldagehome\system\HTTP\ResponseTrait.php(447): CodeIgniter\HTTP\Response->sendCookies()
#5 D:\laragon\www\method-oldagehome\system\Debug\ExceptionHandler.php(78): CodeIgniter\HTTP\Response->send()
#6 D:\laragon\www\method-oldagehome\system\Debug\Exceptions.php(147): CodeIgniter\Debug\ExceptionHandler->handle(Object(CodeIgniter\Exceptions\PageNotFoundException), Object(CodeIgniter\HTTP\IncomingRequest), Object(CodeIgniter\HTTP\Response), 404, 1)
#7 [internal function]: CodeIgniter\Debug\Exceptions->exceptionHandler(Object(CodeIgniter\Exceptions\PageNotFoundException))
#8 {main}
  thrown
【Previous Exception】
CodeIgniter\Exceptions\PageNotFoundException
Page Not Found
#0 D:\laragon\www\method-oldagehome\system\CodeIgniter.php(967): CodeIgniter\Exceptions\PageNotFoundException::forPageNotFound(NULL)
#1 D:\laragon\www\method-oldagehome\system\CodeIgniter.php(362): CodeIgniter\CodeIgniter->display404errors(Object(CodeIgniter\Exceptions\PageNotFoundException))
#2 D:\laragon\www\method-oldagehome\public\index.php(79): CodeIgniter\CodeIgniter->run()
#3 D:\laragon\www\method-oldagehome\system\Commands\Server\rewrite.php(47): require_once('D:\\laragon\\www\\...')
#4 {main}
in SYSTEMPATH\HTTP\ResponseTrait.php on line 774.
 1 [internal function]: CodeIgniter\Debug\Exceptions->shutdownHandler()
CRITICAL - 2024-11-13 07:45:02 --> Uncaught ErrorException: Cannot modify header information - headers already sent in D:\laragon\www\method-oldagehome\system\HTTP\ResponseTrait.php:774
Stack trace:
#0 [internal function]: CodeIgniter\Debug\Exceptions->errorHandler(2, 'Cannot modify h...', 'D:\\laragon\\www\\...', 774)
#1 D:\laragon\www\method-oldagehome\system\HTTP\ResponseTrait.php(774): setcookie('ci_session', 'ut71bjergsi7udj...', Array)
#2 D:\laragon\www\method-oldagehome\system\HTTP\ResponseTrait.php(750): CodeIgniter\HTTP\Response->doSetCookie('ci_session', 'ut71bjergsi7udj...', Array)
#3 D:\laragon\www\method-oldagehome\system\HTTP\ResponseTrait.php(730): CodeIgniter\HTTP\Response->dispatchCookies()
#4 D:\laragon\www\method-oldagehome\system\HTTP\ResponseTrait.php(447): CodeIgniter\HTTP\Response->sendCookies()
#5 D:\laragon\www\method-oldagehome\system\Debug\ExceptionHandler.php(78): CodeIgniter\HTTP\Response->send()
#6 D:\laragon\www\method-oldagehome\system\Debug\Exceptions.php(147): CodeIgniter\Debug\ExceptionHandler->handle(Object(CodeIgniter\Exceptions\PageNotFoundException), Object(CodeIgniter\HTTP\IncomingRequest), Object(CodeIgniter\HTTP\Response), 404, 1)
#7 [internal function]: CodeIgniter\Debug\Exceptions->exceptionHandler(Object(CodeIgniter\Exceptions\PageNotFoundException))
#8 {main}
  thrown
【Previous Exception】
CodeIgniter\Exceptions\PageNotFoundException
Page Not Found
#0 D:\laragon\www\method-oldagehome\system\CodeIgniter.php(967): CodeIgniter\Exceptions\PageNotFoundException::forPageNotFound(NULL)
#1 D:\laragon\www\method-oldagehome\system\CodeIgniter.php(362): CodeIgniter\CodeIgniter->display404errors(Object(CodeIgniter\Exceptions\PageNotFoundException))
#2 D:\laragon\www\method-oldagehome\public\index.php(79): CodeIgniter\CodeIgniter->run()
#3 D:\laragon\www\method-oldagehome\system\Commands\Server\rewrite.php(47): require_once('D:\\laragon\\www\\...')
#4 {main}
in SYSTEMPATH\HTTP\ResponseTrait.php on line 774.
 1 [internal function]: CodeIgniter\Debug\Exceptions->shutdownHandler()
CRITICAL - 2024-11-13 07:45:03 --> Uncaught ErrorException: Cannot modify header information - headers already sent in D:\laragon\www\method-oldagehome\system\HTTP\ResponseTrait.php:774
Stack trace:
#0 [internal function]: CodeIgniter\Debug\Exceptions->errorHandler(2, 'Cannot modify h...', 'D:\\laragon\\www\\...', 774)
#1 D:\laragon\www\method-oldagehome\system\HTTP\ResponseTrait.php(774): setcookie('ci_session', 'ut71bjergsi7udj...', Array)
#2 D:\laragon\www\method-oldagehome\system\HTTP\ResponseTrait.php(750): CodeIgniter\HTTP\Response->doSetCookie('ci_session', 'ut71bjergsi7udj...', Array)
#3 D:\laragon\www\method-oldagehome\system\HTTP\ResponseTrait.php(730): CodeIgniter\HTTP\Response->dispatchCookies()
#4 D:\laragon\www\method-oldagehome\system\HTTP\ResponseTrait.php(447): CodeIgniter\HTTP\Response->sendCookies()
#5 D:\laragon\www\method-oldagehome\system\Debug\ExceptionHandler.php(78): CodeIgniter\HTTP\Response->send()
#6 D:\laragon\www\method-oldagehome\system\Debug\Exceptions.php(147): CodeIgniter\Debug\ExceptionHandler->handle(Object(CodeIgniter\Exceptions\PageNotFoundException), Object(CodeIgniter\HTTP\IncomingRequest), Object(CodeIgniter\HTTP\Response), 404, 1)
#7 [internal function]: CodeIgniter\Debug\Exceptions->exceptionHandler(Object(CodeIgniter\Exceptions\PageNotFoundException))
#8 {main}
  thrown
【Previous Exception】
CodeIgniter\Exceptions\PageNotFoundException
Page Not Found
#0 D:\laragon\www\method-oldagehome\system\CodeIgniter.php(967): CodeIgniter\Exceptions\PageNotFoundException::forPageNotFound(NULL)
#1 D:\laragon\www\method-oldagehome\system\CodeIgniter.php(362): CodeIgniter\CodeIgniter->display404errors(Object(CodeIgniter\Exceptions\PageNotFoundException))
#2 D:\laragon\www\method-oldagehome\public\index.php(79): CodeIgniter\CodeIgniter->run()
#3 D:\laragon\www\method-oldagehome\system\Commands\Server\rewrite.php(47): require_once('D:\\laragon\\www\\...')
#4 {main}
in SYSTEMPATH\HTTP\ResponseTrait.php on line 774.
 1 [internal function]: CodeIgniter\Debug\Exceptions->shutdownHandler()
CRITICAL - 2024-11-13 07:45:04 --> Uncaught ErrorException: Cannot modify header information - headers already sent in D:\laragon\www\method-oldagehome\system\HTTP\ResponseTrait.php:774
Stack trace:
#0 [internal function]: CodeIgniter\Debug\Exceptions->errorHandler(2, 'Cannot modify h...', 'D:\\laragon\\www\\...', 774)
#1 D:\laragon\www\method-oldagehome\system\HTTP\ResponseTrait.php(774): setcookie('ci_session', 'ut71bjergsi7udj...', Array)
#2 D:\laragon\www\method-oldagehome\system\HTTP\ResponseTrait.php(750): CodeIgniter\HTTP\Response->doSetCookie('ci_session', 'ut71bjergsi7udj...', Array)
#3 D:\laragon\www\method-oldagehome\system\HTTP\ResponseTrait.php(730): CodeIgniter\HTTP\Response->dispatchCookies()
#4 D:\laragon\www\method-oldagehome\system\HTTP\ResponseTrait.php(447): CodeIgniter\HTTP\Response->sendCookies()
#5 D:\laragon\www\method-oldagehome\system\Debug\ExceptionHandler.php(78): CodeIgniter\HTTP\Response->send()
#6 D:\laragon\www\method-oldagehome\system\Debug\Exceptions.php(147): CodeIgniter\Debug\ExceptionHandler->handle(Object(CodeIgniter\Exceptions\PageNotFoundException), Object(CodeIgniter\HTTP\IncomingRequest), Object(CodeIgniter\HTTP\Response), 404, 1)
#7 [internal function]: CodeIgniter\Debug\Exceptions->exceptionHandler(Object(CodeIgniter\Exceptions\PageNotFoundException))
#8 {main}
  thrown
【Previous Exception】
CodeIgniter\Exceptions\PageNotFoundException
Page Not Found
#0 D:\laragon\www\method-oldagehome\system\CodeIgniter.php(967): CodeIgniter\Exceptions\PageNotFoundException::forPageNotFound(NULL)
#1 D:\laragon\www\method-oldagehome\system\CodeIgniter.php(362): CodeIgniter\CodeIgniter->display404errors(Object(CodeIgniter\Exceptions\PageNotFoundException))
#2 D:\laragon\www\method-oldagehome\public\index.php(79): CodeIgniter\CodeIgniter->run()
#3 D:\laragon\www\method-oldagehome\system\Commands\Server\rewrite.php(47): require_once('D:\\laragon\\www\\...')
#4 {main}
in SYSTEMPATH\HTTP\ResponseTrait.php on line 774.
 1 [internal function]: CodeIgniter\Debug\Exceptions->shutdownHandler()
CRITICAL - 2024-11-13 07:45:05 --> Uncaught ErrorException: Cannot modify header information - headers already sent in D:\laragon\www\method-oldagehome\system\HTTP\ResponseTrait.php:774
Stack trace:
#0 [internal function]: CodeIgniter\Debug\Exceptions->errorHandler(2, 'Cannot modify h...', 'D:\\laragon\\www\\...', 774)
#1 D:\laragon\www\method-oldagehome\system\HTTP\ResponseTrait.php(774): setcookie('ci_session', 'ut71bjergsi7udj...', Array)
#2 D:\laragon\www\method-oldagehome\system\HTTP\ResponseTrait.php(750): CodeIgniter\HTTP\Response->doSetCookie('ci_session', 'ut71bjergsi7udj...', Array)
#3 D:\laragon\www\method-oldagehome\system\HTTP\ResponseTrait.php(730): CodeIgniter\HTTP\Response->dispatchCookies()
#4 D:\laragon\www\method-oldagehome\system\HTTP\ResponseTrait.php(447): CodeIgniter\HTTP\Response->sendCookies()
#5 D:\laragon\www\method-oldagehome\system\Debug\ExceptionHandler.php(78): CodeIgniter\HTTP\Response->send()
#6 D:\laragon\www\method-oldagehome\system\Debug\Exceptions.php(147): CodeIgniter\Debug\ExceptionHandler->handle(Object(CodeIgniter\Exceptions\PageNotFoundException), Object(CodeIgniter\HTTP\IncomingRequest), Object(CodeIgniter\HTTP\Response), 404, 1)
#7 [internal function]: CodeIgniter\Debug\Exceptions->exceptionHandler(Object(CodeIgniter\Exceptions\PageNotFoundException))
#8 {main}
  thrown
【Previous Exception】
CodeIgniter\Exceptions\PageNotFoundException
Page Not Found
#0 D:\laragon\www\method-oldagehome\system\CodeIgniter.php(967): CodeIgniter\Exceptions\PageNotFoundException::forPageNotFound(NULL)
#1 D:\laragon\www\method-oldagehome\system\CodeIgniter.php(362): CodeIgniter\CodeIgniter->display404errors(Object(CodeIgniter\Exceptions\PageNotFoundException))
#2 D:\laragon\www\method-oldagehome\public\index.php(79): CodeIgniter\CodeIgniter->run()
#3 D:\laragon\www\method-oldagehome\system\Commands\Server\rewrite.php(47): require_once('D:\\laragon\\www\\...')
#4 {main}
in SYSTEMPATH\HTTP\ResponseTrait.php on line 774.
 1 [internal function]: CodeIgniter\Debug\Exceptions->shutdownHandler()
CRITICAL - 2024-11-13 07:45:06 --> Uncaught ErrorException: Cannot modify header information - headers already sent in D:\laragon\www\method-oldagehome\system\HTTP\ResponseTrait.php:774
Stack trace:
#0 [internal function]: CodeIgniter\Debug\Exceptions->errorHandler(2, 'Cannot modify h...', 'D:\\laragon\\www\\...', 774)
#1 D:\laragon\www\method-oldagehome\system\HTTP\ResponseTrait.php(774): setcookie('ci_session', 'ut71bjergsi7udj...', Array)
#2 D:\laragon\www\method-oldagehome\system\HTTP\ResponseTrait.php(750): CodeIgniter\HTTP\Response->doSetCookie('ci_session', 'ut71bjergsi7udj...', Array)
#3 D:\laragon\www\method-oldagehome\system\HTTP\ResponseTrait.php(730): CodeIgniter\HTTP\Response->dispatchCookies()
#4 D:\laragon\www\method-oldagehome\system\HTTP\ResponseTrait.php(447): CodeIgniter\HTTP\Response->sendCookies()
#5 D:\laragon\www\method-oldagehome\system\Debug\ExceptionHandler.php(78): CodeIgniter\HTTP\Response->send()
#6 D:\laragon\www\method-oldagehome\system\Debug\Exceptions.php(147): CodeIgniter\Debug\ExceptionHandler->handle(Object(CodeIgniter\Exceptions\PageNotFoundException), Object(CodeIgniter\HTTP\IncomingRequest), Object(CodeIgniter\HTTP\Response), 404, 1)
#7 [internal function]: CodeIgniter\Debug\Exceptions->exceptionHandler(Object(CodeIgniter\Exceptions\PageNotFoundException))
#8 {main}
  thrown
【Previous Exception】
CodeIgniter\Exceptions\PageNotFoundException
Page Not Found
#0 D:\laragon\www\method-oldagehome\system\CodeIgniter.php(967): CodeIgniter\Exceptions\PageNotFoundException::forPageNotFound(NULL)
#1 D:\laragon\www\method-oldagehome\system\CodeIgniter.php(362): CodeIgniter\CodeIgniter->display404errors(Object(CodeIgniter\Exceptions\PageNotFoundException))
#2 D:\laragon\www\method-oldagehome\public\index.php(79): CodeIgniter\CodeIgniter->run()
#3 D:\laragon\www\method-oldagehome\system\Commands\Server\rewrite.php(47): require_once('D:\\laragon\\www\\...')
#4 {main}
in SYSTEMPATH\HTTP\ResponseTrait.php on line 774.
 1 [internal function]: CodeIgniter\Debug\Exceptions->shutdownHandler()
CRITICAL - 2024-11-13 07:45:07 --> Uncaught ErrorException: Cannot modify header information - headers already sent in D:\laragon\www\method-oldagehome\system\HTTP\ResponseTrait.php:774
Stack trace:
#0 [internal function]: CodeIgniter\Debug\Exceptions->errorHandler(2, 'Cannot modify h...', 'D:\\laragon\\www\\...', 774)
#1 D:\laragon\www\method-oldagehome\system\HTTP\ResponseTrait.php(774): setcookie('ci_session', 'ut71bjergsi7udj...', Array)
#2 D:\laragon\www\method-oldagehome\system\HTTP\ResponseTrait.php(750): CodeIgniter\HTTP\Response->doSetCookie('ci_session', 'ut71bjergsi7udj...', Array)
#3 D:\laragon\www\method-oldagehome\system\HTTP\ResponseTrait.php(730): CodeIgniter\HTTP\Response->dispatchCookies()
#4 D:\laragon\www\method-oldagehome\system\HTTP\ResponseTrait.php(447): CodeIgniter\HTTP\Response->sendCookies()
#5 D:\laragon\www\method-oldagehome\system\Debug\ExceptionHandler.php(78): CodeIgniter\HTTP\Response->send()
#6 D:\laragon\www\method-oldagehome\system\Debug\Exceptions.php(147): CodeIgniter\Debug\ExceptionHandler->handle(Object(CodeIgniter\Exceptions\PageNotFoundException), Object(CodeIgniter\HTTP\IncomingRequest), Object(CodeIgniter\HTTP\Response), 404, 1)
#7 [internal function]: CodeIgniter\Debug\Exceptions->exceptionHandler(Object(CodeIgniter\Exceptions\PageNotFoundException))
#8 {main}
  thrown
【Previous Exception】
CodeIgniter\Exceptions\PageNotFoundException
Page Not Found
#0 D:\laragon\www\method-oldagehome\system\CodeIgniter.php(967): CodeIgniter\Exceptions\PageNotFoundException::forPageNotFound(NULL)
#1 D:\laragon\www\method-oldagehome\system\CodeIgniter.php(362): CodeIgniter\CodeIgniter->display404errors(Object(CodeIgniter\Exceptions\PageNotFoundException))
#2 D:\laragon\www\method-oldagehome\public\index.php(79): CodeIgniter\CodeIgniter->run()
#3 D:\laragon\www\method-oldagehome\system\Commands\Server\rewrite.php(47): require_once('D:\\laragon\\www\\...')
#4 {main}
in SYSTEMPATH\HTTP\ResponseTrait.php on line 774.
 1 [internal function]: CodeIgniter\Debug\Exceptions->shutdownHandler()
CRITICAL - 2024-11-13 07:45:08 --> Uncaught ErrorException: Cannot modify header information - headers already sent in D:\laragon\www\method-oldagehome\system\HTTP\ResponseTrait.php:774
Stack trace:
#0 [internal function]: CodeIgniter\Debug\Exceptions->errorHandler(2, 'Cannot modify h...', 'D:\\laragon\\www\\...', 774)
#1 D:\laragon\www\method-oldagehome\system\HTTP\ResponseTrait.php(774): setcookie('ci_session', 'ut71bjergsi7udj...', Array)
#2 D:\laragon\www\method-oldagehome\system\HTTP\ResponseTrait.php(750): CodeIgniter\HTTP\Response->doSetCookie('ci_session', 'ut71bjergsi7udj...', Array)
#3 D:\laragon\www\method-oldagehome\system\HTTP\ResponseTrait.php(730): CodeIgniter\HTTP\Response->dispatchCookies()
#4 D:\laragon\www\method-oldagehome\system\HTTP\ResponseTrait.php(447): CodeIgniter\HTTP\Response->sendCookies()
#5 D:\laragon\www\method-oldagehome\system\Debug\ExceptionHandler.php(78): CodeIgniter\HTTP\Response->send()
#6 D:\laragon\www\method-oldagehome\system\Debug\Exceptions.php(147): CodeIgniter\Debug\ExceptionHandler->handle(Object(CodeIgniter\Exceptions\PageNotFoundException), Object(CodeIgniter\HTTP\IncomingRequest), Object(CodeIgniter\HTTP\Response), 404, 1)
#7 [internal function]: CodeIgniter\Debug\Exceptions->exceptionHandler(Object(CodeIgniter\Exceptions\PageNotFoundException))
#8 {main}
  thrown
【Previous Exception】
CodeIgniter\Exceptions\PageNotFoundException
Page Not Found
#0 D:\laragon\www\method-oldagehome\system\CodeIgniter.php(967): CodeIgniter\Exceptions\PageNotFoundException::forPageNotFound(NULL)
#1 D:\laragon\www\method-oldagehome\system\CodeIgniter.php(362): CodeIgniter\CodeIgniter->display404errors(Object(CodeIgniter\Exceptions\PageNotFoundException))
#2 D:\laragon\www\method-oldagehome\public\index.php(79): CodeIgniter\CodeIgniter->run()
#3 D:\laragon\www\method-oldagehome\system\Commands\Server\rewrite.php(47): require_once('D:\\laragon\\www\\...')
#4 {main}
in SYSTEMPATH\HTTP\ResponseTrait.php on line 774.
 1 [internal function]: CodeIgniter\Debug\Exceptions->shutdownHandler()
CRITICAL - 2024-11-13 07:45:09 --> Uncaught ErrorException: Cannot modify header information - headers already sent in D:\laragon\www\method-oldagehome\system\HTTP\ResponseTrait.php:774
Stack trace:
#0 [internal function]: CodeIgniter\Debug\Exceptions->errorHandler(2, 'Cannot modify h...', 'D:\\laragon\\www\\...', 774)
#1 D:\laragon\www\method-oldagehome\system\HTTP\ResponseTrait.php(774): setcookie('ci_session', 'ut71bjergsi7udj...', Array)
#2 D:\laragon\www\method-oldagehome\system\HTTP\ResponseTrait.php(750): CodeIgniter\HTTP\Response->doSetCookie('ci_session', 'ut71bjergsi7udj...', Array)
#3 D:\laragon\www\method-oldagehome\system\HTTP\ResponseTrait.php(730): CodeIgniter\HTTP\Response->dispatchCookies()
#4 D:\laragon\www\method-oldagehome\system\HTTP\ResponseTrait.php(447): CodeIgniter\HTTP\Response->sendCookies()
#5 D:\laragon\www\method-oldagehome\system\Debug\ExceptionHandler.php(78): CodeIgniter\HTTP\Response->send()
#6 D:\laragon\www\method-oldagehome\system\Debug\Exceptions.php(147): CodeIgniter\Debug\ExceptionHandler->handle(Object(CodeIgniter\Exceptions\PageNotFoundException), Object(CodeIgniter\HTTP\IncomingRequest), Object(CodeIgniter\HTTP\Response), 404, 1)
#7 [internal function]: CodeIgniter\Debug\Exceptions->exceptionHandler(Object(CodeIgniter\Exceptions\PageNotFoundException))
#8 {main}
  thrown
【Previous Exception】
CodeIgniter\Exceptions\PageNotFoundException
Page Not Found
#0 D:\laragon\www\method-oldagehome\system\CodeIgniter.php(967): CodeIgniter\Exceptions\PageNotFoundException::forPageNotFound(NULL)
#1 D:\laragon\www\method-oldagehome\system\CodeIgniter.php(362): CodeIgniter\CodeIgniter->display404errors(Object(CodeIgniter\Exceptions\PageNotFoundException))
#2 D:\laragon\www\method-oldagehome\public\index.php(79): CodeIgniter\CodeIgniter->run()
#3 D:\laragon\www\method-oldagehome\system\Commands\Server\rewrite.php(47): require_once('D:\\laragon\\www\\...')
#4 {main}
in SYSTEMPATH\HTTP\ResponseTrait.php on line 774.
 1 [internal function]: CodeIgniter\Debug\Exceptions->shutdownHandler()
CRITICAL - 2024-11-13 07:45:10 --> Uncaught ErrorException: Cannot modify header information - headers already sent in D:\laragon\www\method-oldagehome\system\HTTP\ResponseTrait.php:774
Stack trace:
#0 [internal function]: CodeIgniter\Debug\Exceptions->errorHandler(2, 'Cannot modify h...', 'D:\\laragon\\www\\...', 774)
#1 D:\laragon\www\method-oldagehome\system\HTTP\ResponseTrait.php(774): setcookie('ci_session', 'ut71bjergsi7udj...', Array)
#2 D:\laragon\www\method-oldagehome\system\HTTP\ResponseTrait.php(750): CodeIgniter\HTTP\Response->doSetCookie('ci_session', 'ut71bjergsi7udj...', Array)
#3 D:\laragon\www\method-oldagehome\system\HTTP\ResponseTrait.php(730): CodeIgniter\HTTP\Response->dispatchCookies()
#4 D:\laragon\www\method-oldagehome\system\HTTP\ResponseTrait.php(447): CodeIgniter\HTTP\Response->sendCookies()
#5 D:\laragon\www\method-oldagehome\system\Debug\ExceptionHandler.php(78): CodeIgniter\HTTP\Response->send()
#6 D:\laragon\www\method-oldagehome\system\Debug\Exceptions.php(147): CodeIgniter\Debug\ExceptionHandler->handle(Object(CodeIgniter\Exceptions\PageNotFoundException), Object(CodeIgniter\HTTP\IncomingRequest), Object(CodeIgniter\HTTP\Response), 404, 1)
#7 [internal function]: CodeIgniter\Debug\Exceptions->exceptionHandler(Object(CodeIgniter\Exceptions\PageNotFoundException))
#8 {main}
  thrown
【Previous Exception】
CodeIgniter\Exceptions\PageNotFoundException
Page Not Found
#0 D:\laragon\www\method-oldagehome\system\CodeIgniter.php(967): CodeIgniter\Exceptions\PageNotFoundException::forPageNotFound(NULL)
#1 D:\laragon\www\method-oldagehome\system\CodeIgniter.php(362): CodeIgniter\CodeIgniter->display404errors(Object(CodeIgniter\Exceptions\PageNotFoundException))
#2 D:\laragon\www\method-oldagehome\public\index.php(79): CodeIgniter\CodeIgniter->run()
#3 D:\laragon\www\method-oldagehome\system\Commands\Server\rewrite.php(47): require_once('D:\\laragon\\www\\...')
#4 {main}
in SYSTEMPATH\HTTP\ResponseTrait.php on line 774.
 1 [internal function]: CodeIgniter\Debug\Exceptions->shutdownHandler()
CRITICAL - 2024-11-13 07:45:11 --> Uncaught ErrorException: Cannot modify header information - headers already sent in D:\laragon\www\method-oldagehome\system\HTTP\ResponseTrait.php:774
Stack trace:
#0 [internal function]: CodeIgniter\Debug\Exceptions->errorHandler(2, 'Cannot modify h...', 'D:\\laragon\\www\\...', 774)
#1 D:\laragon\www\method-oldagehome\system\HTTP\ResponseTrait.php(774): setcookie('ci_session', 'ut71bjergsi7udj...', Array)
#2 D:\laragon\www\method-oldagehome\system\HTTP\ResponseTrait.php(750): CodeIgniter\HTTP\Response->doSetCookie('ci_session', 'ut71bjergsi7udj...', Array)
#3 D:\laragon\www\method-oldagehome\system\HTTP\ResponseTrait.php(730): CodeIgniter\HTTP\Response->dispatchCookies()
#4 D:\laragon\www\method-oldagehome\system\HTTP\ResponseTrait.php(447): CodeIgniter\HTTP\Response->sendCookies()
#5 D:\laragon\www\method-oldagehome\system\Debug\ExceptionHandler.php(78): CodeIgniter\HTTP\Response->send()
#6 D:\laragon\www\method-oldagehome\system\Debug\Exceptions.php(147): CodeIgniter\Debug\ExceptionHandler->handle(Object(CodeIgniter\Exceptions\PageNotFoundException), Object(CodeIgniter\HTTP\IncomingRequest), Object(CodeIgniter\HTTP\Response), 404, 1)
#7 [internal function]: CodeIgniter\Debug\Exceptions->exceptionHandler(Object(CodeIgniter\Exceptions\PageNotFoundException))
#8 {main}
  thrown
【Previous Exception】
CodeIgniter\Exceptions\PageNotFoundException
Page Not Found
#0 D:\laragon\www\method-oldagehome\system\CodeIgniter.php(967): CodeIgniter\Exceptions\PageNotFoundException::forPageNotFound(NULL)
#1 D:\laragon\www\method-oldagehome\system\CodeIgniter.php(362): CodeIgniter\CodeIgniter->display404errors(Object(CodeIgniter\Exceptions\PageNotFoundException))
#2 D:\laragon\www\method-oldagehome\public\index.php(79): CodeIgniter\CodeIgniter->run()
#3 D:\laragon\www\method-oldagehome\system\Commands\Server\rewrite.php(47): require_once('D:\\laragon\\www\\...')
#4 {main}
in SYSTEMPATH\HTTP\ResponseTrait.php on line 774.
 1 [internal function]: CodeIgniter\Debug\Exceptions->shutdownHandler()
CRITICAL - 2024-11-13 07:45:12 --> Uncaught ErrorException: Cannot modify header information - headers already sent in D:\laragon\www\method-oldagehome\system\HTTP\ResponseTrait.php:774
Stack trace:
#0 [internal function]: CodeIgniter\Debug\Exceptions->errorHandler(2, 'Cannot modify h...', 'D:\\laragon\\www\\...', 774)
#1 D:\laragon\www\method-oldagehome\system\HTTP\ResponseTrait.php(774): setcookie('ci_session', 'ut71bjergsi7udj...', Array)
#2 D:\laragon\www\method-oldagehome\system\HTTP\ResponseTrait.php(750): CodeIgniter\HTTP\Response->doSetCookie('ci_session', 'ut71bjergsi7udj...', Array)
#3 D:\laragon\www\method-oldagehome\system\HTTP\ResponseTrait.php(730): CodeIgniter\HTTP\Response->dispatchCookies()
#4 D:\laragon\www\method-oldagehome\system\HTTP\ResponseTrait.php(447): CodeIgniter\HTTP\Response->sendCookies()
#5 D:\laragon\www\method-oldagehome\system\Debug\ExceptionHandler.php(78): CodeIgniter\HTTP\Response->send()
#6 D:\laragon\www\method-oldagehome\system\Debug\Exceptions.php(147): CodeIgniter\Debug\ExceptionHandler->handle(Object(CodeIgniter\Exceptions\PageNotFoundException), Object(CodeIgniter\HTTP\IncomingRequest), Object(CodeIgniter\HTTP\Response), 404, 1)
#7 [internal function]: CodeIgniter\Debug\Exceptions->exceptionHandler(Object(CodeIgniter\Exceptions\PageNotFoundException))
#8 {main}
  thrown
【Previous Exception】
CodeIgniter\Exceptions\PageNotFoundException
Page Not Found
#0 D:\laragon\www\method-oldagehome\system\CodeIgniter.php(967): CodeIgniter\Exceptions\PageNotFoundException::forPageNotFound(NULL)
#1 D:\laragon\www\method-oldagehome\system\CodeIgniter.php(362): CodeIgniter\CodeIgniter->display404errors(Object(CodeIgniter\Exceptions\PageNotFoundException))
#2 D:\laragon\www\method-oldagehome\public\index.php(79): CodeIgniter\CodeIgniter->run()
#3 D:\laragon\www\method-oldagehome\system\Commands\Server\rewrite.php(47): require_once('D:\\laragon\\www\\...')
#4 {main}
in SYSTEMPATH\HTTP\ResponseTrait.php on line 774.
 1 [internal function]: CodeIgniter\Debug\Exceptions->shutdownHandler()
CRITICAL - 2024-11-13 07:45:13 --> Uncaught ErrorException: Cannot modify header information - headers already sent in D:\laragon\www\method-oldagehome\system\HTTP\ResponseTrait.php:774
Stack trace:
#0 [internal function]: CodeIgniter\Debug\Exceptions->errorHandler(2, 'Cannot modify h...', 'D:\\laragon\\www\\...', 774)
#1 D:\laragon\www\method-oldagehome\system\HTTP\ResponseTrait.php(774): setcookie('ci_session', 'ut71bjergsi7udj...', Array)
#2 D:\laragon\www\method-oldagehome\system\HTTP\ResponseTrait.php(750): CodeIgniter\HTTP\Response->doSetCookie('ci_session', 'ut71bjergsi7udj...', Array)
#3 D:\laragon\www\method-oldagehome\system\HTTP\ResponseTrait.php(730): CodeIgniter\HTTP\Response->dispatchCookies()
#4 D:\laragon\www\method-oldagehome\system\HTTP\ResponseTrait.php(447): CodeIgniter\HTTP\Response->sendCookies()
#5 D:\laragon\www\method-oldagehome\system\Debug\ExceptionHandler.php(78): CodeIgniter\HTTP\Response->send()
#6 D:\laragon\www\method-oldagehome\system\Debug\Exceptions.php(147): CodeIgniter\Debug\ExceptionHandler->handle(Object(CodeIgniter\Exceptions\PageNotFoundException), Object(CodeIgniter\HTTP\IncomingRequest), Object(CodeIgniter\HTTP\Response), 404, 1)
#7 [internal function]: CodeIgniter\Debug\Exceptions->exceptionHandler(Object(CodeIgniter\Exceptions\PageNotFoundException))
#8 {main}
  thrown
【Previous Exception】
CodeIgniter\Exceptions\PageNotFoundException
Page Not Found
#0 D:\laragon\www\method-oldagehome\system\CodeIgniter.php(967): CodeIgniter\Exceptions\PageNotFoundException::forPageNotFound(NULL)
#1 D:\laragon\www\method-oldagehome\system\CodeIgniter.php(362): CodeIgniter\CodeIgniter->display404errors(Object(CodeIgniter\Exceptions\PageNotFoundException))
#2 D:\laragon\www\method-oldagehome\public\index.php(79): CodeIgniter\CodeIgniter->run()
#3 D:\laragon\www\method-oldagehome\system\Commands\Server\rewrite.php(47): require_once('D:\\laragon\\www\\...')
#4 {main}
in SYSTEMPATH\HTTP\ResponseTrait.php on line 774.
 1 [internal function]: CodeIgniter\Debug\Exceptions->shutdownHandler()
CRITICAL - 2024-11-13 07:45:14 --> Uncaught ErrorException: Cannot modify header information - headers already sent in D:\laragon\www\method-oldagehome\system\HTTP\ResponseTrait.php:774
Stack trace:
#0 [internal function]: CodeIgniter\Debug\Exceptions->errorHandler(2, 'Cannot modify h...', 'D:\\laragon\\www\\...', 774)
#1 D:\laragon\www\method-oldagehome\system\HTTP\ResponseTrait.php(774): setcookie('ci_session', 'ut71bjergsi7udj...', Array)
#2 D:\laragon\www\method-oldagehome\system\HTTP\ResponseTrait.php(750): CodeIgniter\HTTP\Response->doSetCookie('ci_session', 'ut71bjergsi7udj...', Array)
#3 D:\laragon\www\method-oldagehome\system\HTTP\ResponseTrait.php(730): CodeIgniter\HTTP\Response->dispatchCookies()
#4 D:\laragon\www\method-oldagehome\system\HTTP\ResponseTrait.php(447): CodeIgniter\HTTP\Response->sendCookies()
#5 D:\laragon\www\method-oldagehome\system\Debug\ExceptionHandler.php(78): CodeIgniter\HTTP\Response->send()
#6 D:\laragon\www\method-oldagehome\system\Debug\Exceptions.php(147): CodeIgniter\Debug\ExceptionHandler->handle(Object(CodeIgniter\Exceptions\PageNotFoundException), Object(CodeIgniter\HTTP\IncomingRequest), Object(CodeIgniter\HTTP\Response), 404, 1)
#7 [internal function]: CodeIgniter\Debug\Exceptions->exceptionHandler(Object(CodeIgniter\Exceptions\PageNotFoundException))
#8 {main}
  thrown
【Previous Exception】
CodeIgniter\Exceptions\PageNotFoundException
Page Not Found
#0 D:\laragon\www\method-oldagehome\system\CodeIgniter.php(967): CodeIgniter\Exceptions\PageNotFoundException::forPageNotFound(NULL)
#1 D:\laragon\www\method-oldagehome\system\CodeIgniter.php(362): CodeIgniter\CodeIgniter->display404errors(Object(CodeIgniter\Exceptions\PageNotFoundException))
#2 D:\laragon\www\method-oldagehome\public\index.php(79): CodeIgniter\CodeIgniter->run()
#3 D:\laragon\www\method-oldagehome\system\Commands\Server\rewrite.php(47): require_once('D:\\laragon\\www\\...')
#4 {main}
in SYSTEMPATH\HTTP\ResponseTrait.php on line 774.
 1 [internal function]: CodeIgniter\Debug\Exceptions->shutdownHandler()
CRITICAL - 2024-11-13 07:45:15 --> Uncaught ErrorException: Cannot modify header information - headers already sent in D:\laragon\www\method-oldagehome\system\HTTP\ResponseTrait.php:774
Stack trace:
#0 [internal function]: CodeIgniter\Debug\Exceptions->errorHandler(2, 'Cannot modify h...', 'D:\\laragon\\www\\...', 774)
#1 D:\laragon\www\method-oldagehome\system\HTTP\ResponseTrait.php(774): setcookie('ci_session', 'ut71bjergsi7udj...', Array)
#2 D:\laragon\www\method-oldagehome\system\HTTP\ResponseTrait.php(750): CodeIgniter\HTTP\Response->doSetCookie('ci_session', 'ut71bjergsi7udj...', Array)
#3 D:\laragon\www\method-oldagehome\system\HTTP\ResponseTrait.php(730): CodeIgniter\HTTP\Response->dispatchCookies()
#4 D:\laragon\www\method-oldagehome\system\HTTP\ResponseTrait.php(447): CodeIgniter\HTTP\Response->sendCookies()
#5 D:\laragon\www\method-oldagehome\system\Debug\ExceptionHandler.php(78): CodeIgniter\HTTP\Response->send()
#6 D:\laragon\www\method-oldagehome\system\Debug\Exceptions.php(147): CodeIgniter\Debug\ExceptionHandler->handle(Object(CodeIgniter\Exceptions\PageNotFoundException), Object(CodeIgniter\HTTP\IncomingRequest), Object(CodeIgniter\HTTP\Response), 404, 1)
#7 [internal function]: CodeIgniter\Debug\Exceptions->exceptionHandler(Object(CodeIgniter\Exceptions\PageNotFoundException))
#8 {main}
  thrown
【Previous Exception】
CodeIgniter\Exceptions\PageNotFoundException
Page Not Found
#0 D:\laragon\www\method-oldagehome\system\CodeIgniter.php(967): CodeIgniter\Exceptions\PageNotFoundException::forPageNotFound(NULL)
#1 D:\laragon\www\method-oldagehome\system\CodeIgniter.php(362): CodeIgniter\CodeIgniter->display404errors(Object(CodeIgniter\Exceptions\PageNotFoundException))
#2 D:\laragon\www\method-oldagehome\public\index.php(79): CodeIgniter\CodeIgniter->run()
#3 D:\laragon\www\method-oldagehome\system\Commands\Server\rewrite.php(47): require_once('D:\\laragon\\www\\...')
#4 {main}
in SYSTEMPATH\HTTP\ResponseTrait.php on line 774.
 1 [internal function]: CodeIgniter\Debug\Exceptions->shutdownHandler()
CRITICAL - 2024-11-13 07:45:16 --> Uncaught ErrorException: Cannot modify header information - headers already sent in D:\laragon\www\method-oldagehome\system\HTTP\ResponseTrait.php:774
Stack trace:
#0 [internal function]: CodeIgniter\Debug\Exceptions->errorHandler(2, 'Cannot modify h...', 'D:\\laragon\\www\\...', 774)
#1 D:\laragon\www\method-oldagehome\system\HTTP\ResponseTrait.php(774): setcookie('ci_session', 'ut71bjergsi7udj...', Array)
#2 D:\laragon\www\method-oldagehome\system\HTTP\ResponseTrait.php(750): CodeIgniter\HTTP\Response->doSetCookie('ci_session', 'ut71bjergsi7udj...', Array)
#3 D:\laragon\www\method-oldagehome\system\HTTP\ResponseTrait.php(730): CodeIgniter\HTTP\Response->dispatchCookies()
#4 D:\laragon\www\method-oldagehome\system\HTTP\ResponseTrait.php(447): CodeIgniter\HTTP\Response->sendCookies()
#5 D:\laragon\www\method-oldagehome\system\Debug\ExceptionHandler.php(78): CodeIgniter\HTTP\Response->send()
#6 D:\laragon\www\method-oldagehome\system\Debug\Exceptions.php(147): CodeIgniter\Debug\ExceptionHandler->handle(Object(CodeIgniter\Exceptions\PageNotFoundException), Object(CodeIgniter\HTTP\IncomingRequest), Object(CodeIgniter\HTTP\Response), 404, 1)
#7 [internal function]: CodeIgniter\Debug\Exceptions->exceptionHandler(Object(CodeIgniter\Exceptions\PageNotFoundException))
#8 {main}
  thrown
【Previous Exception】
CodeIgniter\Exceptions\PageNotFoundException
Page Not Found
#0 D:\laragon\www\method-oldagehome\system\CodeIgniter.php(967): CodeIgniter\Exceptions\PageNotFoundException::forPageNotFound(NULL)
#1 D:\laragon\www\method-oldagehome\system\CodeIgniter.php(362): CodeIgniter\CodeIgniter->display404errors(Object(CodeIgniter\Exceptions\PageNotFoundException))
#2 D:\laragon\www\method-oldagehome\public\index.php(79): CodeIgniter\CodeIgniter->run()
#3 D:\laragon\www\method-oldagehome\system\Commands\Server\rewrite.php(47): require_once('D:\\laragon\\www\\...')
#4 {main}
in SYSTEMPATH\HTTP\ResponseTrait.php on line 774.
 1 [internal function]: CodeIgniter\Debug\Exceptions->shutdownHandler()
CRITICAL - 2024-11-13 07:45:17 --> Uncaught ErrorException: Cannot modify header information - headers already sent in D:\laragon\www\method-oldagehome\system\HTTP\ResponseTrait.php:774
Stack trace:
#0 [internal function]: CodeIgniter\Debug\Exceptions->errorHandler(2, 'Cannot modify h...', 'D:\\laragon\\www\\...', 774)
#1 D:\laragon\www\method-oldagehome\system\HTTP\ResponseTrait.php(774): setcookie('ci_session', 'ut71bjergsi7udj...', Array)
#2 D:\laragon\www\method-oldagehome\system\HTTP\ResponseTrait.php(750): CodeIgniter\HTTP\Response->doSetCookie('ci_session', 'ut71bjergsi7udj...', Array)
#3 D:\laragon\www\method-oldagehome\system\HTTP\ResponseTrait.php(730): CodeIgniter\HTTP\Response->dispatchCookies()
#4 D:\laragon\www\method-oldagehome\system\HTTP\ResponseTrait.php(447): CodeIgniter\HTTP\Response->sendCookies()
#5 D:\laragon\www\method-oldagehome\system\Debug\ExceptionHandler.php(78): CodeIgniter\HTTP\Response->send()
#6 D:\laragon\www\method-oldagehome\system\Debug\Exceptions.php(147): CodeIgniter\Debug\ExceptionHandler->handle(Object(CodeIgniter\Exceptions\PageNotFoundException), Object(CodeIgniter\HTTP\IncomingRequest), Object(CodeIgniter\HTTP\Response), 404, 1)
#7 [internal function]: CodeIgniter\Debug\Exceptions->exceptionHandler(Object(CodeIgniter\Exceptions\PageNotFoundException))
#8 {main}
  thrown
【Previous Exception】
CodeIgniter\Exceptions\PageNotFoundException
Page Not Found
#0 D:\laragon\www\method-oldagehome\system\CodeIgniter.php(967): CodeIgniter\Exceptions\PageNotFoundException::forPageNotFound(NULL)
#1 D:\laragon\www\method-oldagehome\system\CodeIgniter.php(362): CodeIgniter\CodeIgniter->display404errors(Object(CodeIgniter\Exceptions\PageNotFoundException))
#2 D:\laragon\www\method-oldagehome\public\index.php(79): CodeIgniter\CodeIgniter->run()
#3 D:\laragon\www\method-oldagehome\system\Commands\Server\rewrite.php(47): require_once('D:\\laragon\\www\\...')
#4 {main}
in SYSTEMPATH\HTTP\ResponseTrait.php on line 774.
 1 [internal function]: CodeIgniter\Debug\Exceptions->shutdownHandler()
CRITICAL - 2024-11-13 07:45:18 --> Uncaught ErrorException: Cannot modify header information - headers already sent in D:\laragon\www\method-oldagehome\system\HTTP\ResponseTrait.php:774
Stack trace:
#0 [internal function]: CodeIgniter\Debug\Exceptions->errorHandler(2, 'Cannot modify h...', 'D:\\laragon\\www\\...', 774)
#1 D:\laragon\www\method-oldagehome\system\HTTP\ResponseTrait.php(774): setcookie('ci_session', 'ut71bjergsi7udj...', Array)
#2 D:\laragon\www\method-oldagehome\system\HTTP\ResponseTrait.php(750): CodeIgniter\HTTP\Response->doSetCookie('ci_session', 'ut71bjergsi7udj...', Array)
#3 D:\laragon\www\method-oldagehome\system\HTTP\ResponseTrait.php(730): CodeIgniter\HTTP\Response->dispatchCookies()
#4 D:\laragon\www\method-oldagehome\system\HTTP\ResponseTrait.php(447): CodeIgniter\HTTP\Response->sendCookies()
#5 D:\laragon\www\method-oldagehome\system\Debug\ExceptionHandler.php(78): CodeIgniter\HTTP\Response->send()
#6 D:\laragon\www\method-oldagehome\system\Debug\Exceptions.php(147): CodeIgniter\Debug\ExceptionHandler->handle(Object(CodeIgniter\Exceptions\PageNotFoundException), Object(CodeIgniter\HTTP\IncomingRequest), Object(CodeIgniter\HTTP\Response), 404, 1)
#7 [internal function]: CodeIgniter\Debug\Exceptions->exceptionHandler(Object(CodeIgniter\Exceptions\PageNotFoundException))
#8 {main}
  thrown
【Previous Exception】
CodeIgniter\Exceptions\PageNotFoundException
Page Not Found
#0 D:\laragon\www\method-oldagehome\system\CodeIgniter.php(967): CodeIgniter\Exceptions\PageNotFoundException::forPageNotFound(NULL)
#1 D:\laragon\www\method-oldagehome\system\CodeIgniter.php(362): CodeIgniter\CodeIgniter->display404errors(Object(CodeIgniter\Exceptions\PageNotFoundException))
#2 D:\laragon\www\method-oldagehome\public\index.php(79): CodeIgniter\CodeIgniter->run()
#3 D:\laragon\www\method-oldagehome\system\Commands\Server\rewrite.php(47): require_once('D:\\laragon\\www\\...')
#4 {main}
in SYSTEMPATH\HTTP\ResponseTrait.php on line 774.
 1 [internal function]: CodeIgniter\Debug\Exceptions->shutdownHandler()
CRITICAL - 2024-11-13 07:45:19 --> Uncaught ErrorException: Cannot modify header information - headers already sent in D:\laragon\www\method-oldagehome\system\HTTP\ResponseTrait.php:774
Stack trace:
#0 [internal function]: CodeIgniter\Debug\Exceptions->errorHandler(2, 'Cannot modify h...', 'D:\\laragon\\www\\...', 774)
#1 D:\laragon\www\method-oldagehome\system\HTTP\ResponseTrait.php(774): setcookie('ci_session', 'ut71bjergsi7udj...', Array)
#2 D:\laragon\www\method-oldagehome\system\HTTP\ResponseTrait.php(750): CodeIgniter\HTTP\Response->doSetCookie('ci_session', 'ut71bjergsi7udj...', Array)
#3 D:\laragon\www\method-oldagehome\system\HTTP\ResponseTrait.php(730): CodeIgniter\HTTP\Response->dispatchCookies()
#4 D:\laragon\www\method-oldagehome\system\HTTP\ResponseTrait.php(447): CodeIgniter\HTTP\Response->sendCookies()
#5 D:\laragon\www\method-oldagehome\system\Debug\ExceptionHandler.php(78): CodeIgniter\HTTP\Response->send()
#6 D:\laragon\www\method-oldagehome\system\Debug\Exceptions.php(147): CodeIgniter\Debug\ExceptionHandler->handle(Object(CodeIgniter\Exceptions\PageNotFoundException), Object(CodeIgniter\HTTP\IncomingRequest), Object(CodeIgniter\HTTP\Response), 404, 1)
#7 [internal function]: CodeIgniter\Debug\Exceptions->exceptionHandler(Object(CodeIgniter\Exceptions\PageNotFoundException))
#8 {main}
  thrown
【Previous Exception】
CodeIgniter\Exceptions\PageNotFoundException
Page Not Found
#0 D:\laragon\www\method-oldagehome\system\CodeIgniter.php(967): CodeIgniter\Exceptions\PageNotFoundException::forPageNotFound(NULL)
#1 D:\laragon\www\method-oldagehome\system\CodeIgniter.php(362): CodeIgniter\CodeIgniter->display404errors(Object(CodeIgniter\Exceptions\PageNotFoundException))
#2 D:\laragon\www\method-oldagehome\public\index.php(79): CodeIgniter\CodeIgniter->run()
#3 D:\laragon\www\method-oldagehome\system\Commands\Server\rewrite.php(47): require_once('D:\\laragon\\www\\...')
#4 {main}
in SYSTEMPATH\HTTP\ResponseTrait.php on line 774.
 1 [internal function]: CodeIgniter\Debug\Exceptions->shutdownHandler()
CRITICAL - 2024-11-13 07:45:20 --> Uncaught ErrorException: Cannot modify header information - headers already sent in D:\laragon\www\method-oldagehome\system\HTTP\ResponseTrait.php:774
Stack trace:
#0 [internal function]: CodeIgniter\Debug\Exceptions->errorHandler(2, 'Cannot modify h...', 'D:\\laragon\\www\\...', 774)
#1 D:\laragon\www\method-oldagehome\system\HTTP\ResponseTrait.php(774): setcookie('ci_session', 'ut71bjergsi7udj...', Array)
#2 D:\laragon\www\method-oldagehome\system\HTTP\ResponseTrait.php(750): CodeIgniter\HTTP\Response->doSetCookie('ci_session', 'ut71bjergsi7udj...', Array)
#3 D:\laragon\www\method-oldagehome\system\HTTP\ResponseTrait.php(730): CodeIgniter\HTTP\Response->dispatchCookies()
#4 D:\laragon\www\method-oldagehome\system\HTTP\ResponseTrait.php(447): CodeIgniter\HTTP\Response->sendCookies()
#5 D:\laragon\www\method-oldagehome\system\Debug\ExceptionHandler.php(78): CodeIgniter\HTTP\Response->send()
#6 D:\laragon\www\method-oldagehome\system\Debug\Exceptions.php(147): CodeIgniter\Debug\ExceptionHandler->handle(Object(CodeIgniter\Exceptions\PageNotFoundException), Object(CodeIgniter\HTTP\IncomingRequest), Object(CodeIgniter\HTTP\Response), 404, 1)
#7 [internal function]: CodeIgniter\Debug\Exceptions->exceptionHandler(Object(CodeIgniter\Exceptions\PageNotFoundException))
#8 {main}
  thrown
【Previous Exception】
CodeIgniter\Exceptions\PageNotFoundException
Page Not Found
#0 D:\laragon\www\method-oldagehome\system\CodeIgniter.php(967): CodeIgniter\Exceptions\PageNotFoundException::forPageNotFound(NULL)
#1 D:\laragon\www\method-oldagehome\system\CodeIgniter.php(362): CodeIgniter\CodeIgniter->display404errors(Object(CodeIgniter\Exceptions\PageNotFoundException))
#2 D:\laragon\www\method-oldagehome\public\index.php(79): CodeIgniter\CodeIgniter->run()
#3 D:\laragon\www\method-oldagehome\system\Commands\Server\rewrite.php(47): require_once('D:\\laragon\\www\\...')
#4 {main}
in SYSTEMPATH\HTTP\ResponseTrait.php on line 774.
 1 [internal function]: CodeIgniter\Debug\Exceptions->shutdownHandler()
CRITICAL - 2024-11-13 07:45:21 --> Uncaught ErrorException: Cannot modify header information - headers already sent in D:\laragon\www\method-oldagehome\system\HTTP\ResponseTrait.php:774
Stack trace:
#0 [internal function]: CodeIgniter\Debug\Exceptions->errorHandler(2, 'Cannot modify h...', 'D:\\laragon\\www\\...', 774)
#1 D:\laragon\www\method-oldagehome\system\HTTP\ResponseTrait.php(774): setcookie('ci_session', 'ut71bjergsi7udj...', Array)
#2 D:\laragon\www\method-oldagehome\system\HTTP\ResponseTrait.php(750): CodeIgniter\HTTP\Response->doSetCookie('ci_session', 'ut71bjergsi7udj...', Array)
#3 D:\laragon\www\method-oldagehome\system\HTTP\ResponseTrait.php(730): CodeIgniter\HTTP\Response->dispatchCookies()
#4 D:\laragon\www\method-oldagehome\system\HTTP\ResponseTrait.php(447): CodeIgniter\HTTP\Response->sendCookies()
#5 D:\laragon\www\method-oldagehome\system\Debug\ExceptionHandler.php(78): CodeIgniter\HTTP\Response->send()
#6 D:\laragon\www\method-oldagehome\system\Debug\Exceptions.php(147): CodeIgniter\Debug\ExceptionHandler->handle(Object(CodeIgniter\Exceptions\PageNotFoundException), Object(CodeIgniter\HTTP\IncomingRequest), Object(CodeIgniter\HTTP\Response), 404, 1)
#7 [internal function]: CodeIgniter\Debug\Exceptions->exceptionHandler(Object(CodeIgniter\Exceptions\PageNotFoundException))
#8 {main}
  thrown
【Previous Exception】
CodeIgniter\Exceptions\PageNotFoundException
Page Not Found
#0 D:\laragon\www\method-oldagehome\system\CodeIgniter.php(967): CodeIgniter\Exceptions\PageNotFoundException::forPageNotFound(NULL)
#1 D:\laragon\www\method-oldagehome\system\CodeIgniter.php(362): CodeIgniter\CodeIgniter->display404errors(Object(CodeIgniter\Exceptions\PageNotFoundException))
#2 D:\laragon\www\method-oldagehome\public\index.php(79): CodeIgniter\CodeIgniter->run()
#3 D:\laragon\www\method-oldagehome\system\Commands\Server\rewrite.php(47): require_once('D:\\laragon\\www\\...')
#4 {main}
in SYSTEMPATH\HTTP\ResponseTrait.php on line 774.
 1 [internal function]: CodeIgniter\Debug\Exceptions->shutdownHandler()
CRITICAL - 2024-11-13 07:45:22 --> Uncaught ErrorException: Cannot modify header information - headers already sent in D:\laragon\www\method-oldagehome\system\HTTP\ResponseTrait.php:774
Stack trace:
#0 [internal function]: CodeIgniter\Debug\Exceptions->errorHandler(2, 'Cannot modify h...', 'D:\\laragon\\www\\...', 774)
#1 D:\laragon\www\method-oldagehome\system\HTTP\ResponseTrait.php(774): setcookie('ci_session', 'ut71bjergsi7udj...', Array)
#2 D:\laragon\www\method-oldagehome\system\HTTP\ResponseTrait.php(750): CodeIgniter\HTTP\Response->doSetCookie('ci_session', 'ut71bjergsi7udj...', Array)
#3 D:\laragon\www\method-oldagehome\system\HTTP\ResponseTrait.php(730): CodeIgniter\HTTP\Response->dispatchCookies()
#4 D:\laragon\www\method-oldagehome\system\HTTP\ResponseTrait.php(447): CodeIgniter\HTTP\Response->sendCookies()
#5 D:\laragon\www\method-oldagehome\system\Debug\ExceptionHandler.php(78): CodeIgniter\HTTP\Response->send()
#6 D:\laragon\www\method-oldagehome\system\Debug\Exceptions.php(147): CodeIgniter\Debug\ExceptionHandler->handle(Object(CodeIgniter\Exceptions\PageNotFoundException), Object(CodeIgniter\HTTP\IncomingRequest), Object(CodeIgniter\HTTP\Response), 404, 1)
#7 [internal function]: CodeIgniter\Debug\Exceptions->exceptionHandler(Object(CodeIgniter\Exceptions\PageNotFoundException))
#8 {main}
  thrown
【Previous Exception】
CodeIgniter\Exceptions\PageNotFoundException
Page Not Found
#0 D:\laragon\www\method-oldagehome\system\CodeIgniter.php(967): CodeIgniter\Exceptions\PageNotFoundException::forPageNotFound(NULL)
#1 D:\laragon\www\method-oldagehome\system\CodeIgniter.php(362): CodeIgniter\CodeIgniter->display404errors(Object(CodeIgniter\Exceptions\PageNotFoundException))
#2 D:\laragon\www\method-oldagehome\public\index.php(79): CodeIgniter\CodeIgniter->run()
#3 D:\laragon\www\method-oldagehome\system\Commands\Server\rewrite.php(47): require_once('D:\\laragon\\www\\...')
#4 {main}
in SYSTEMPATH\HTTP\ResponseTrait.php on line 774.
 1 [internal function]: CodeIgniter\Debug\Exceptions->shutdownHandler()
CRITICAL - 2024-11-13 07:45:23 --> Uncaught ErrorException: Cannot modify header information - headers already sent in D:\laragon\www\method-oldagehome\system\HTTP\ResponseTrait.php:774
Stack trace:
#0 [internal function]: CodeIgniter\Debug\Exceptions->errorHandler(2, 'Cannot modify h...', 'D:\\laragon\\www\\...', 774)
#1 D:\laragon\www\method-oldagehome\system\HTTP\ResponseTrait.php(774): setcookie('ci_session', 'ut71bjergsi7udj...', Array)
#2 D:\laragon\www\method-oldagehome\system\HTTP\ResponseTrait.php(750): CodeIgniter\HTTP\Response->doSetCookie('ci_session', 'ut71bjergsi7udj...', Array)
#3 D:\laragon\www\method-oldagehome\system\HTTP\ResponseTrait.php(730): CodeIgniter\HTTP\Response->dispatchCookies()
#4 D:\laragon\www\method-oldagehome\system\HTTP\ResponseTrait.php(447): CodeIgniter\HTTP\Response->sendCookies()
#5 D:\laragon\www\method-oldagehome\system\Debug\ExceptionHandler.php(78): CodeIgniter\HTTP\Response->send()
#6 D:\laragon\www\method-oldagehome\system\Debug\Exceptions.php(147): CodeIgniter\Debug\ExceptionHandler->handle(Object(CodeIgniter\Exceptions\PageNotFoundException), Object(CodeIgniter\HTTP\IncomingRequest), Object(CodeIgniter\HTTP\Response), 404, 1)
#7 [internal function]: CodeIgniter\Debug\Exceptions->exceptionHandler(Object(CodeIgniter\Exceptions\PageNotFoundException))
#8 {main}
  thrown
【Previous Exception】
CodeIgniter\Exceptions\PageNotFoundException
Page Not Found
#0 D:\laragon\www\method-oldagehome\system\CodeIgniter.php(967): CodeIgniter\Exceptions\PageNotFoundException::forPageNotFound(NULL)
#1 D:\laragon\www\method-oldagehome\system\CodeIgniter.php(362): CodeIgniter\CodeIgniter->display404errors(Object(CodeIgniter\Exceptions\PageNotFoundException))
#2 D:\laragon\www\method-oldagehome\public\index.php(79): CodeIgniter\CodeIgniter->run()
#3 D:\laragon\www\method-oldagehome\system\Commands\Server\rewrite.php(47): require_once('D:\\laragon\\www\\...')
#4 {main}
in SYSTEMPATH\HTTP\ResponseTrait.php on line 774.
 1 [internal function]: CodeIgniter\Debug\Exceptions->shutdownHandler()
CRITICAL - 2024-11-13 07:45:24 --> Uncaught ErrorException: Cannot modify header information - headers already sent in D:\laragon\www\method-oldagehome\system\HTTP\ResponseTrait.php:774
Stack trace:
#0 [internal function]: CodeIgniter\Debug\Exceptions->errorHandler(2, 'Cannot modify h...', 'D:\\laragon\\www\\...', 774)
#1 D:\laragon\www\method-oldagehome\system\HTTP\ResponseTrait.php(774): setcookie('ci_session', 'ut71bjergsi7udj...', Array)
#2 D:\laragon\www\method-oldagehome\system\HTTP\ResponseTrait.php(750): CodeIgniter\HTTP\Response->doSetCookie('ci_session', 'ut71bjergsi7udj...', Array)
#3 D:\laragon\www\method-oldagehome\system\HTTP\ResponseTrait.php(730): CodeIgniter\HTTP\Response->dispatchCookies()
#4 D:\laragon\www\method-oldagehome\system\HTTP\ResponseTrait.php(447): CodeIgniter\HTTP\Response->sendCookies()
#5 D:\laragon\www\method-oldagehome\system\Debug\ExceptionHandler.php(78): CodeIgniter\HTTP\Response->send()
#6 D:\laragon\www\method-oldagehome\system\Debug\Exceptions.php(147): CodeIgniter\Debug\ExceptionHandler->handle(Object(CodeIgniter\Exceptions\PageNotFoundException), Object(CodeIgniter\HTTP\IncomingRequest), Object(CodeIgniter\HTTP\Response), 404, 1)
#7 [internal function]: CodeIgniter\Debug\Exceptions->exceptionHandler(Object(CodeIgniter\Exceptions\PageNotFoundException))
#8 {main}
  thrown
【Previous Exception】
CodeIgniter\Exceptions\PageNotFoundException
Page Not Found
#0 D:\laragon\www\method-oldagehome\system\CodeIgniter.php(967): CodeIgniter\Exceptions\PageNotFoundException::forPageNotFound(NULL)
#1 D:\laragon\www\method-oldagehome\system\CodeIgniter.php(362): CodeIgniter\CodeIgniter->display404errors(Object(CodeIgniter\Exceptions\PageNotFoundException))
#2 D:\laragon\www\method-oldagehome\public\index.php(79): CodeIgniter\CodeIgniter->run()
#3 D:\laragon\www\method-oldagehome\system\Commands\Server\rewrite.php(47): require_once('D:\\laragon\\www\\...')
#4 {main}
in SYSTEMPATH\HTTP\ResponseTrait.php on line 774.
 1 [internal function]: CodeIgniter\Debug\Exceptions->shutdownHandler()
CRITICAL - 2024-11-13 07:45:25 --> Uncaught ErrorException: Cannot modify header information - headers already sent in D:\laragon\www\method-oldagehome\system\HTTP\ResponseTrait.php:774
Stack trace:
#0 [internal function]: CodeIgniter\Debug\Exceptions->errorHandler(2, 'Cannot modify h...', 'D:\\laragon\\www\\...', 774)
#1 D:\laragon\www\method-oldagehome\system\HTTP\ResponseTrait.php(774): setcookie('ci_session', 'ut71bjergsi7udj...', Array)
#2 D:\laragon\www\method-oldagehome\system\HTTP\ResponseTrait.php(750): CodeIgniter\HTTP\Response->doSetCookie('ci_session', 'ut71bjergsi7udj...', Array)
#3 D:\laragon\www\method-oldagehome\system\HTTP\ResponseTrait.php(730): CodeIgniter\HTTP\Response->dispatchCookies()
#4 D:\laragon\www\method-oldagehome\system\HTTP\ResponseTrait.php(447): CodeIgniter\HTTP\Response->sendCookies()
#5 D:\laragon\www\method-oldagehome\system\Debug\ExceptionHandler.php(78): CodeIgniter\HTTP\Response->send()
#6 D:\laragon\www\method-oldagehome\system\Debug\Exceptions.php(147): CodeIgniter\Debug\ExceptionHandler->handle(Object(CodeIgniter\Exceptions\PageNotFoundException), Object(CodeIgniter\HTTP\IncomingRequest), Object(CodeIgniter\HTTP\Response), 404, 1)
#7 [internal function]: CodeIgniter\Debug\Exceptions->exceptionHandler(Object(CodeIgniter\Exceptions\PageNotFoundException))
#8 {main}
  thrown
【Previous Exception】
CodeIgniter\Exceptions\PageNotFoundException
Page Not Found
#0 D:\laragon\www\method-oldagehome\system\CodeIgniter.php(967): CodeIgniter\Exceptions\PageNotFoundException::forPageNotFound(NULL)
#1 D:\laragon\www\method-oldagehome\system\CodeIgniter.php(362): CodeIgniter\CodeIgniter->display404errors(Object(CodeIgniter\Exceptions\PageNotFoundException))
#2 D:\laragon\www\method-oldagehome\public\index.php(79): CodeIgniter\CodeIgniter->run()
#3 D:\laragon\www\method-oldagehome\system\Commands\Server\rewrite.php(47): require_once('D:\\laragon\\www\\...')
#4 {main}
in SYSTEMPATH\HTTP\ResponseTrait.php on line 774.
 1 [internal function]: CodeIgniter\Debug\Exceptions->shutdownHandler()
CRITICAL - 2024-11-13 07:45:26 --> Uncaught ErrorException: Cannot modify header information - headers already sent in D:\laragon\www\method-oldagehome\system\HTTP\ResponseTrait.php:774
Stack trace:
#0 [internal function]: CodeIgniter\Debug\Exceptions->errorHandler(2, 'Cannot modify h...', 'D:\\laragon\\www\\...', 774)
#1 D:\laragon\www\method-oldagehome\system\HTTP\ResponseTrait.php(774): setcookie('ci_session', 'ut71bjergsi7udj...', Array)
#2 D:\laragon\www\method-oldagehome\system\HTTP\ResponseTrait.php(750): CodeIgniter\HTTP\Response->doSetCookie('ci_session', 'ut71bjergsi7udj...', Array)
#3 D:\laragon\www\method-oldagehome\system\HTTP\ResponseTrait.php(730): CodeIgniter\HTTP\Response->dispatchCookies()
#4 D:\laragon\www\method-oldagehome\system\HTTP\ResponseTrait.php(447): CodeIgniter\HTTP\Response->sendCookies()
#5 D:\laragon\www\method-oldagehome\system\Debug\ExceptionHandler.php(78): CodeIgniter\HTTP\Response->send()
#6 D:\laragon\www\method-oldagehome\system\Debug\Exceptions.php(147): CodeIgniter\Debug\ExceptionHandler->handle(Object(CodeIgniter\Exceptions\PageNotFoundException), Object(CodeIgniter\HTTP\IncomingRequest), Object(CodeIgniter\HTTP\Response), 404, 1)
#7 [internal function]: CodeIgniter\Debug\Exceptions->exceptionHandler(Object(CodeIgniter\Exceptions\PageNotFoundException))
#8 {main}
  thrown
【Previous Exception】
CodeIgniter\Exceptions\PageNotFoundException
Page Not Found
#0 D:\laragon\www\method-oldagehome\system\CodeIgniter.php(967): CodeIgniter\Exceptions\PageNotFoundException::forPageNotFound(NULL)
#1 D:\laragon\www\method-oldagehome\system\CodeIgniter.php(362): CodeIgniter\CodeIgniter->display404errors(Object(CodeIgniter\Exceptions\PageNotFoundException))
#2 D:\laragon\www\method-oldagehome\public\index.php(79): CodeIgniter\CodeIgniter->run()
#3 D:\laragon\www\method-oldagehome\system\Commands\Server\rewrite.php(47): require_once('D:\\laragon\\www\\...')
#4 {main}
in SYSTEMPATH\HTTP\ResponseTrait.php on line 774.
 1 [internal function]: CodeIgniter\Debug\Exceptions->shutdownHandler()
CRITICAL - 2024-11-13 07:45:27 --> Uncaught ErrorException: Cannot modify header information - headers already sent in D:\laragon\www\method-oldagehome\system\HTTP\ResponseTrait.php:774
Stack trace:
#0 [internal function]: CodeIgniter\Debug\Exceptions->errorHandler(2, 'Cannot modify h...', 'D:\\laragon\\www\\...', 774)
#1 D:\laragon\www\method-oldagehome\system\HTTP\ResponseTrait.php(774): setcookie('ci_session', 'ut71bjergsi7udj...', Array)
#2 D:\laragon\www\method-oldagehome\system\HTTP\ResponseTrait.php(750): CodeIgniter\HTTP\Response->doSetCookie('ci_session', 'ut71bjergsi7udj...', Array)
#3 D:\laragon\www\method-oldagehome\system\HTTP\ResponseTrait.php(730): CodeIgniter\HTTP\Response->dispatchCookies()
#4 D:\laragon\www\method-oldagehome\system\HTTP\ResponseTrait.php(447): CodeIgniter\HTTP\Response->sendCookies()
#5 D:\laragon\www\method-oldagehome\system\Debug\ExceptionHandler.php(78): CodeIgniter\HTTP\Response->send()
#6 D:\laragon\www\method-oldagehome\system\Debug\Exceptions.php(147): CodeIgniter\Debug\ExceptionHandler->handle(Object(CodeIgniter\Exceptions\PageNotFoundException), Object(CodeIgniter\HTTP\IncomingRequest), Object(CodeIgniter\HTTP\Response), 404, 1)
#7 [internal function]: CodeIgniter\Debug\Exceptions->exceptionHandler(Object(CodeIgniter\Exceptions\PageNotFoundException))
#8 {main}
  thrown
【Previous Exception】
CodeIgniter\Exceptions\PageNotFoundException
Page Not Found
#0 D:\laragon\www\method-oldagehome\system\CodeIgniter.php(967): CodeIgniter\Exceptions\PageNotFoundException::forPageNotFound(NULL)
#1 D:\laragon\www\method-oldagehome\system\CodeIgniter.php(362): CodeIgniter\CodeIgniter->display404errors(Object(CodeIgniter\Exceptions\PageNotFoundException))
#2 D:\laragon\www\method-oldagehome\public\index.php(79): CodeIgniter\CodeIgniter->run()
#3 D:\laragon\www\method-oldagehome\system\Commands\Server\rewrite.php(47): require_once('D:\\laragon\\www\\...')
#4 {main}
in SYSTEMPATH\HTTP\ResponseTrait.php on line 774.
 1 [internal function]: CodeIgniter\Debug\Exceptions->shutdownHandler()
CRITICAL - 2024-11-13 07:45:28 --> Uncaught ErrorException: Cannot modify header information - headers already sent in D:\laragon\www\method-oldagehome\system\HTTP\ResponseTrait.php:774
Stack trace:
#0 [internal function]: CodeIgniter\Debug\Exceptions->errorHandler(2, 'Cannot modify h...', 'D:\\laragon\\www\\...', 774)
#1 D:\laragon\www\method-oldagehome\system\HTTP\ResponseTrait.php(774): setcookie('ci_session', 'ut71bjergsi7udj...', Array)
#2 D:\laragon\www\method-oldagehome\system\HTTP\ResponseTrait.php(750): CodeIgniter\HTTP\Response->doSetCookie('ci_session', 'ut71bjergsi7udj...', Array)
#3 D:\laragon\www\method-oldagehome\system\HTTP\ResponseTrait.php(730): CodeIgniter\HTTP\Response->dispatchCookies()
#4 D:\laragon\www\method-oldagehome\system\HTTP\ResponseTrait.php(447): CodeIgniter\HTTP\Response->sendCookies()
#5 D:\laragon\www\method-oldagehome\system\Debug\ExceptionHandler.php(78): CodeIgniter\HTTP\Response->send()
#6 D:\laragon\www\method-oldagehome\system\Debug\Exceptions.php(147): CodeIgniter\Debug\ExceptionHandler->handle(Object(CodeIgniter\Exceptions\PageNotFoundException), Object(CodeIgniter\HTTP\IncomingRequest), Object(CodeIgniter\HTTP\Response), 404, 1)
#7 [internal function]: CodeIgniter\Debug\Exceptions->exceptionHandler(Object(CodeIgniter\Exceptions\PageNotFoundException))
#8 {main}
  thrown
【Previous Exception】
CodeIgniter\Exceptions\PageNotFoundException
Page Not Found
#0 D:\laragon\www\method-oldagehome\system\CodeIgniter.php(967): CodeIgniter\Exceptions\PageNotFoundException::forPageNotFound(NULL)
#1 D:\laragon\www\method-oldagehome\system\CodeIgniter.php(362): CodeIgniter\CodeIgniter->display404errors(Object(CodeIgniter\Exceptions\PageNotFoundException))
#2 D:\laragon\www\method-oldagehome\public\index.php(79): CodeIgniter\CodeIgniter->run()
#3 D:\laragon\www\method-oldagehome\system\Commands\Server\rewrite.php(47): require_once('D:\\laragon\\www\\...')
#4 {main}
in SYSTEMPATH\HTTP\ResponseTrait.php on line 774.
 1 [internal function]: CodeIgniter\Debug\Exceptions->shutdownHandler()
CRITICAL - 2024-11-13 07:45:29 --> Uncaught ErrorException: Cannot modify header information - headers already sent in D:\laragon\www\method-oldagehome\system\HTTP\ResponseTrait.php:774
Stack trace:
#0 [internal function]: CodeIgniter\Debug\Exceptions->errorHandler(2, 'Cannot modify h...', 'D:\\laragon\\www\\...', 774)
#1 D:\laragon\www\method-oldagehome\system\HTTP\ResponseTrait.php(774): setcookie('ci_session', 'ut71bjergsi7udj...', Array)
#2 D:\laragon\www\method-oldagehome\system\HTTP\ResponseTrait.php(750): CodeIgniter\HTTP\Response->doSetCookie('ci_session', 'ut71bjergsi7udj...', Array)
#3 D:\laragon\www\method-oldagehome\system\HTTP\ResponseTrait.php(730): CodeIgniter\HTTP\Response->dispatchCookies()
#4 D:\laragon\www\method-oldagehome\system\HTTP\ResponseTrait.php(447): CodeIgniter\HTTP\Response->sendCookies()
#5 D:\laragon\www\method-oldagehome\system\Debug\ExceptionHandler.php(78): CodeIgniter\HTTP\Response->send()
#6 D:\laragon\www\method-oldagehome\system\Debug\Exceptions.php(147): CodeIgniter\Debug\ExceptionHandler->handle(Object(CodeIgniter\Exceptions\PageNotFoundException), Object(CodeIgniter\HTTP\IncomingRequest), Object(CodeIgniter\HTTP\Response), 404, 1)
#7 [internal function]: CodeIgniter\Debug\Exceptions->exceptionHandler(Object(CodeIgniter\Exceptions\PageNotFoundException))
#8 {main}
  thrown
【Previous Exception】
CodeIgniter\Exceptions\PageNotFoundException
Page Not Found
#0 D:\laragon\www\method-oldagehome\system\CodeIgniter.php(967): CodeIgniter\Exceptions\PageNotFoundException::forPageNotFound(NULL)
#1 D:\laragon\www\method-oldagehome\system\CodeIgniter.php(362): CodeIgniter\CodeIgniter->display404errors(Object(CodeIgniter\Exceptions\PageNotFoundException))
#2 D:\laragon\www\method-oldagehome\public\index.php(79): CodeIgniter\CodeIgniter->run()
#3 D:\laragon\www\method-oldagehome\system\Commands\Server\rewrite.php(47): require_once('D:\\laragon\\www\\...')
#4 {main}
in SYSTEMPATH\HTTP\ResponseTrait.php on line 774.
 1 [internal function]: CodeIgniter\Debug\Exceptions->shutdownHandler()
CRITICAL - 2024-11-13 07:45:30 --> Uncaught ErrorException: Cannot modify header information - headers already sent in D:\laragon\www\method-oldagehome\system\HTTP\ResponseTrait.php:774
Stack trace:
#0 [internal function]: CodeIgniter\Debug\Exceptions->errorHandler(2, 'Cannot modify h...', 'D:\\laragon\\www\\...', 774)
#1 D:\laragon\www\method-oldagehome\system\HTTP\ResponseTrait.php(774): setcookie('ci_session', 'ut71bjergsi7udj...', Array)
#2 D:\laragon\www\method-oldagehome\system\HTTP\ResponseTrait.php(750): CodeIgniter\HTTP\Response->doSetCookie('ci_session', 'ut71bjergsi7udj...', Array)
#3 D:\laragon\www\method-oldagehome\system\HTTP\ResponseTrait.php(730): CodeIgniter\HTTP\Response->dispatchCookies()
#4 D:\laragon\www\method-oldagehome\system\HTTP\ResponseTrait.php(447): CodeIgniter\HTTP\Response->sendCookies()
#5 D:\laragon\www\method-oldagehome\system\Debug\ExceptionHandler.php(78): CodeIgniter\HTTP\Response->send()
#6 D:\laragon\www\method-oldagehome\system\Debug\Exceptions.php(147): CodeIgniter\Debug\ExceptionHandler->handle(Object(CodeIgniter\Exceptions\PageNotFoundException), Object(CodeIgniter\HTTP\IncomingRequest), Object(CodeIgniter\HTTP\Response), 404, 1)
#7 [internal function]: CodeIgniter\Debug\Exceptions->exceptionHandler(Object(CodeIgniter\Exceptions\PageNotFoundException))
#8 {main}
  thrown
【Previous Exception】
CodeIgniter\Exceptions\PageNotFoundException
Page Not Found
#0 D:\laragon\www\method-oldagehome\system\CodeIgniter.php(967): CodeIgniter\Exceptions\PageNotFoundException::forPageNotFound(NULL)
#1 D:\laragon\www\method-oldagehome\system\CodeIgniter.php(362): CodeIgniter\CodeIgniter->display404errors(Object(CodeIgniter\Exceptions\PageNotFoundException))
#2 D:\laragon\www\method-oldagehome\public\index.php(79): CodeIgniter\CodeIgniter->run()
#3 D:\laragon\www\method-oldagehome\system\Commands\Server\rewrite.php(47): require_once('D:\\laragon\\www\\...')
#4 {main}
in SYSTEMPATH\HTTP\ResponseTrait.php on line 774.
 1 [internal function]: CodeIgniter\Debug\Exceptions->shutdownHandler()
CRITICAL - 2024-11-13 07:45:31 --> Uncaught ErrorException: Cannot modify header information - headers already sent in D:\laragon\www\method-oldagehome\system\HTTP\ResponseTrait.php:774
Stack trace:
#0 [internal function]: CodeIgniter\Debug\Exceptions->errorHandler(2, 'Cannot modify h...', 'D:\\laragon\\www\\...', 774)
#1 D:\laragon\www\method-oldagehome\system\HTTP\ResponseTrait.php(774): setcookie('ci_session', 'ut71bjergsi7udj...', Array)
#2 D:\laragon\www\method-oldagehome\system\HTTP\ResponseTrait.php(750): CodeIgniter\HTTP\Response->doSetCookie('ci_session', 'ut71bjergsi7udj...', Array)
#3 D:\laragon\www\method-oldagehome\system\HTTP\ResponseTrait.php(730): CodeIgniter\HTTP\Response->dispatchCookies()
#4 D:\laragon\www\method-oldagehome\system\HTTP\ResponseTrait.php(447): CodeIgniter\HTTP\Response->sendCookies()
#5 D:\laragon\www\method-oldagehome\system\Debug\ExceptionHandler.php(78): CodeIgniter\HTTP\Response->send()
#6 D:\laragon\www\method-oldagehome\system\Debug\Exceptions.php(147): CodeIgniter\Debug\ExceptionHandler->handle(Object(CodeIgniter\Exceptions\PageNotFoundException), Object(CodeIgniter\HTTP\IncomingRequest), Object(CodeIgniter\HTTP\Response), 404, 1)
#7 [internal function]: CodeIgniter\Debug\Exceptions->exceptionHandler(Object(CodeIgniter\Exceptions\PageNotFoundException))
#8 {main}
  thrown
【Previous Exception】
CodeIgniter\Exceptions\PageNotFoundException
Page Not Found
#0 D:\laragon\www\method-oldagehome\system\CodeIgniter.php(967): CodeIgniter\Exceptions\PageNotFoundException::forPageNotFound(NULL)
#1 D:\laragon\www\method-oldagehome\system\CodeIgniter.php(362): CodeIgniter\CodeIgniter->display404errors(Object(CodeIgniter\Exceptions\PageNotFoundException))
#2 D:\laragon\www\method-oldagehome\public\index.php(79): CodeIgniter\CodeIgniter->run()
#3 D:\laragon\www\method-oldagehome\system\Commands\Server\rewrite.php(47): require_once('D:\\laragon\\www\\...')
#4 {main}
in SYSTEMPATH\HTTP\ResponseTrait.php on line 774.
 1 [internal function]: CodeIgniter\Debug\Exceptions->shutdownHandler()
CRITICAL - 2024-11-13 07:45:32 --> Uncaught ErrorException: Cannot modify header information - headers already sent in D:\laragon\www\method-oldagehome\system\HTTP\ResponseTrait.php:774
Stack trace:
#0 [internal function]: CodeIgniter\Debug\Exceptions->errorHandler(2, 'Cannot modify h...', 'D:\\laragon\\www\\...', 774)
#1 D:\laragon\www\method-oldagehome\system\HTTP\ResponseTrait.php(774): setcookie('ci_session', 'ut71bjergsi7udj...', Array)
#2 D:\laragon\www\method-oldagehome\system\HTTP\ResponseTrait.php(750): CodeIgniter\HTTP\Response->doSetCookie('ci_session', 'ut71bjergsi7udj...', Array)
#3 D:\laragon\www\method-oldagehome\system\HTTP\ResponseTrait.php(730): CodeIgniter\HTTP\Response->dispatchCookies()
#4 D:\laragon\www\method-oldagehome\system\HTTP\ResponseTrait.php(447): CodeIgniter\HTTP\Response->sendCookies()
#5 D:\laragon\www\method-oldagehome\system\Debug\ExceptionHandler.php(78): CodeIgniter\HTTP\Response->send()
#6 D:\laragon\www\method-oldagehome\system\Debug\Exceptions.php(147): CodeIgniter\Debug\ExceptionHandler->handle(Object(CodeIgniter\Exceptions\PageNotFoundException), Object(CodeIgniter\HTTP\IncomingRequest), Object(CodeIgniter\HTTP\Response), 404, 1)
#7 [internal function]: CodeIgniter\Debug\Exceptions->exceptionHandler(Object(CodeIgniter\Exceptions\PageNotFoundException))
#8 {main}
  thrown
【Previous Exception】
CodeIgniter\Exceptions\PageNotFoundException
Page Not Found
#0 D:\laragon\www\method-oldagehome\system\CodeIgniter.php(967): CodeIgniter\Exceptions\PageNotFoundException::forPageNotFound(NULL)
#1 D:\laragon\www\method-oldagehome\system\CodeIgniter.php(362): CodeIgniter\CodeIgniter->display404errors(Object(CodeIgniter\Exceptions\PageNotFoundException))
#2 D:\laragon\www\method-oldagehome\public\index.php(79): CodeIgniter\CodeIgniter->run()
#3 D:\laragon\www\method-oldagehome\system\Commands\Server\rewrite.php(47): require_once('D:\\laragon\\www\\...')
#4 {main}
in SYSTEMPATH\HTTP\ResponseTrait.php on line 774.
 1 [internal function]: CodeIgniter\Debug\Exceptions->shutdownHandler()
CRITICAL - 2024-11-13 07:45:33 --> Uncaught ErrorException: Cannot modify header information - headers already sent in D:\laragon\www\method-oldagehome\system\HTTP\ResponseTrait.php:774
Stack trace:
#0 [internal function]: CodeIgniter\Debug\Exceptions->errorHandler(2, 'Cannot modify h...', 'D:\\laragon\\www\\...', 774)
#1 D:\laragon\www\method-oldagehome\system\HTTP\ResponseTrait.php(774): setcookie('ci_session', 'ut71bjergsi7udj...', Array)
#2 D:\laragon\www\method-oldagehome\system\HTTP\ResponseTrait.php(750): CodeIgniter\HTTP\Response->doSetCookie('ci_session', 'ut71bjergsi7udj...', Array)
#3 D:\laragon\www\method-oldagehome\system\HTTP\ResponseTrait.php(730): CodeIgniter\HTTP\Response->dispatchCookies()
#4 D:\laragon\www\method-oldagehome\system\HTTP\ResponseTrait.php(447): CodeIgniter\HTTP\Response->sendCookies()
#5 D:\laragon\www\method-oldagehome\system\Debug\ExceptionHandler.php(78): CodeIgniter\HTTP\Response->send()
#6 D:\laragon\www\method-oldagehome\system\Debug\Exceptions.php(147): CodeIgniter\Debug\ExceptionHandler->handle(Object(CodeIgniter\Exceptions\PageNotFoundException), Object(CodeIgniter\HTTP\IncomingRequest), Object(CodeIgniter\HTTP\Response), 404, 1)
#7 [internal function]: CodeIgniter\Debug\Exceptions->exceptionHandler(Object(CodeIgniter\Exceptions\PageNotFoundException))
#8 {main}
  thrown
【Previous Exception】
CodeIgniter\Exceptions\PageNotFoundException
Page Not Found
#0 D:\laragon\www\method-oldagehome\system\CodeIgniter.php(967): CodeIgniter\Exceptions\PageNotFoundException::forPageNotFound(NULL)
#1 D:\laragon\www\method-oldagehome\system\CodeIgniter.php(362): CodeIgniter\CodeIgniter->display404errors(Object(CodeIgniter\Exceptions\PageNotFoundException))
#2 D:\laragon\www\method-oldagehome\public\index.php(79): CodeIgniter\CodeIgniter->run()
#3 D:\laragon\www\method-oldagehome\system\Commands\Server\rewrite.php(47): require_once('D:\\laragon\\www\\...')
#4 {main}
in SYSTEMPATH\HTTP\ResponseTrait.php on line 774.
 1 [internal function]: CodeIgniter\Debug\Exceptions->shutdownHandler()
CRITICAL - 2024-11-13 07:45:34 --> Uncaught ErrorException: Cannot modify header information - headers already sent in D:\laragon\www\method-oldagehome\system\HTTP\ResponseTrait.php:774
Stack trace:
#0 [internal function]: CodeIgniter\Debug\Exceptions->errorHandler(2, 'Cannot modify h...', 'D:\\laragon\\www\\...', 774)
#1 D:\laragon\www\method-oldagehome\system\HTTP\ResponseTrait.php(774): setcookie('ci_session', 'ut71bjergsi7udj...', Array)
#2 D:\laragon\www\method-oldagehome\system\HTTP\ResponseTrait.php(750): CodeIgniter\HTTP\Response->doSetCookie('ci_session', 'ut71bjergsi7udj...', Array)
#3 D:\laragon\www\method-oldagehome\system\HTTP\ResponseTrait.php(730): CodeIgniter\HTTP\Response->dispatchCookies()
#4 D:\laragon\www\method-oldagehome\system\HTTP\ResponseTrait.php(447): CodeIgniter\HTTP\Response->sendCookies()
#5 D:\laragon\www\method-oldagehome\system\Debug\ExceptionHandler.php(78): CodeIgniter\HTTP\Response->send()
#6 D:\laragon\www\method-oldagehome\system\Debug\Exceptions.php(147): CodeIgniter\Debug\ExceptionHandler->handle(Object(CodeIgniter\Exceptions\PageNotFoundException), Object(CodeIgniter\HTTP\IncomingRequest), Object(CodeIgniter\HTTP\Response), 404, 1)
#7 [internal function]: CodeIgniter\Debug\Exceptions->exceptionHandler(Object(CodeIgniter\Exceptions\PageNotFoundException))
#8 {main}
  thrown
【Previous Exception】
CodeIgniter\Exceptions\PageNotFoundException
Page Not Found
#0 D:\laragon\www\method-oldagehome\system\CodeIgniter.php(967): CodeIgniter\Exceptions\PageNotFoundException::forPageNotFound(NULL)
#1 D:\laragon\www\method-oldagehome\system\CodeIgniter.php(362): CodeIgniter\CodeIgniter->display404errors(Object(CodeIgniter\Exceptions\PageNotFoundException))
#2 D:\laragon\www\method-oldagehome\public\index.php(79): CodeIgniter\CodeIgniter->run()
#3 D:\laragon\www\method-oldagehome\system\Commands\Server\rewrite.php(47): require_once('D:\\laragon\\www\\...')
#4 {main}
in SYSTEMPATH\HTTP\ResponseTrait.php on line 774.
 1 [internal function]: CodeIgniter\Debug\Exceptions->shutdownHandler()
CRITICAL - 2024-11-13 07:45:35 --> Uncaught ErrorException: Cannot modify header information - headers already sent in D:\laragon\www\method-oldagehome\system\HTTP\ResponseTrait.php:774
Stack trace:
#0 [internal function]: CodeIgniter\Debug\Exceptions->errorHandler(2, 'Cannot modify h...', 'D:\\laragon\\www\\...', 774)
#1 D:\laragon\www\method-oldagehome\system\HTTP\ResponseTrait.php(774): setcookie('ci_session', 'ut71bjergsi7udj...', Array)
#2 D:\laragon\www\method-oldagehome\system\HTTP\ResponseTrait.php(750): CodeIgniter\HTTP\Response->doSetCookie('ci_session', 'ut71bjergsi7udj...', Array)
#3 D:\laragon\www\method-oldagehome\system\HTTP\ResponseTrait.php(730): CodeIgniter\HTTP\Response->dispatchCookies()
#4 D:\laragon\www\method-oldagehome\system\HTTP\ResponseTrait.php(447): CodeIgniter\HTTP\Response->sendCookies()
#5 D:\laragon\www\method-oldagehome\system\Debug\ExceptionHandler.php(78): CodeIgniter\HTTP\Response->send()
#6 D:\laragon\www\method-oldagehome\system\Debug\Exceptions.php(147): CodeIgniter\Debug\ExceptionHandler->handle(Object(CodeIgniter\Exceptions\PageNotFoundException), Object(CodeIgniter\HTTP\IncomingRequest), Object(CodeIgniter\HTTP\Response), 404, 1)
#7 [internal function]: CodeIgniter\Debug\Exceptions->exceptionHandler(Object(CodeIgniter\Exceptions\PageNotFoundException))
#8 {main}
  thrown
【Previous Exception】
CodeIgniter\Exceptions\PageNotFoundException
Page Not Found
#0 D:\laragon\www\method-oldagehome\system\CodeIgniter.php(967): CodeIgniter\Exceptions\PageNotFoundException::forPageNotFound(NULL)
#1 D:\laragon\www\method-oldagehome\system\CodeIgniter.php(362): CodeIgniter\CodeIgniter->display404errors(Object(CodeIgniter\Exceptions\PageNotFoundException))
#2 D:\laragon\www\method-oldagehome\public\index.php(79): CodeIgniter\CodeIgniter->run()
#3 D:\laragon\www\method-oldagehome\system\Commands\Server\rewrite.php(47): require_once('D:\\laragon\\www\\...')
#4 {main}
in SYSTEMPATH\HTTP\ResponseTrait.php on line 774.
 1 [internal function]: CodeIgniter\Debug\Exceptions->shutdownHandler()
CRITICAL - 2024-11-13 07:45:36 --> Uncaught ErrorException: Cannot modify header information - headers already sent in D:\laragon\www\method-oldagehome\system\HTTP\ResponseTrait.php:774
Stack trace:
#0 [internal function]: CodeIgniter\Debug\Exceptions->errorHandler(2, 'Cannot modify h...', 'D:\\laragon\\www\\...', 774)
#1 D:\laragon\www\method-oldagehome\system\HTTP\ResponseTrait.php(774): setcookie('ci_session', 'ut71bjergsi7udj...', Array)
#2 D:\laragon\www\method-oldagehome\system\HTTP\ResponseTrait.php(750): CodeIgniter\HTTP\Response->doSetCookie('ci_session', 'ut71bjergsi7udj...', Array)
#3 D:\laragon\www\method-oldagehome\system\HTTP\ResponseTrait.php(730): CodeIgniter\HTTP\Response->dispatchCookies()
#4 D:\laragon\www\method-oldagehome\system\HTTP\ResponseTrait.php(447): CodeIgniter\HTTP\Response->sendCookies()
#5 D:\laragon\www\method-oldagehome\system\Debug\ExceptionHandler.php(78): CodeIgniter\HTTP\Response->send()
#6 D:\laragon\www\method-oldagehome\system\Debug\Exceptions.php(147): CodeIgniter\Debug\ExceptionHandler->handle(Object(CodeIgniter\Exceptions\PageNotFoundException), Object(CodeIgniter\HTTP\IncomingRequest), Object(CodeIgniter\HTTP\Response), 404, 1)
#7 [internal function]: CodeIgniter\Debug\Exceptions->exceptionHandler(Object(CodeIgniter\Exceptions\PageNotFoundException))
#8 {main}
  thrown
【Previous Exception】
CodeIgniter\Exceptions\PageNotFoundException
Page Not Found
#0 D:\laragon\www\method-oldagehome\system\CodeIgniter.php(967): CodeIgniter\Exceptions\PageNotFoundException::forPageNotFound(NULL)
#1 D:\laragon\www\method-oldagehome\system\CodeIgniter.php(362): CodeIgniter\CodeIgniter->display404errors(Object(CodeIgniter\Exceptions\PageNotFoundException))
#2 D:\laragon\www\method-oldagehome\public\index.php(79): CodeIgniter\CodeIgniter->run()
#3 D:\laragon\www\method-oldagehome\system\Commands\Server\rewrite.php(47): require_once('D:\\laragon\\www\\...')
#4 {main}
in SYSTEMPATH\HTTP\ResponseTrait.php on line 774.
 1 [internal function]: CodeIgniter\Debug\Exceptions->shutdownHandler()
CRITICAL - 2024-11-13 07:45:37 --> Uncaught ErrorException: Cannot modify header information - headers already sent in D:\laragon\www\method-oldagehome\system\HTTP\ResponseTrait.php:774
Stack trace:
#0 [internal function]: CodeIgniter\Debug\Exceptions->errorHandler(2, 'Cannot modify h...', 'D:\\laragon\\www\\...', 774)
#1 D:\laragon\www\method-oldagehome\system\HTTP\ResponseTrait.php(774): setcookie('ci_session', 'ut71bjergsi7udj...', Array)
#2 D:\laragon\www\method-oldagehome\system\HTTP\ResponseTrait.php(750): CodeIgniter\HTTP\Response->doSetCookie('ci_session', 'ut71bjergsi7udj...', Array)
#3 D:\laragon\www\method-oldagehome\system\HTTP\ResponseTrait.php(730): CodeIgniter\HTTP\Response->dispatchCookies()
#4 D:\laragon\www\method-oldagehome\system\HTTP\ResponseTrait.php(447): CodeIgniter\HTTP\Response->sendCookies()
#5 D:\laragon\www\method-oldagehome\system\Debug\ExceptionHandler.php(78): CodeIgniter\HTTP\Response->send()
#6 D:\laragon\www\method-oldagehome\system\Debug\Exceptions.php(147): CodeIgniter\Debug\ExceptionHandler->handle(Object(CodeIgniter\Exceptions\PageNotFoundException), Object(CodeIgniter\HTTP\IncomingRequest), Object(CodeIgniter\HTTP\Response), 404, 1)
#7 [internal function]: CodeIgniter\Debug\Exceptions->exceptionHandler(Object(CodeIgniter\Exceptions\PageNotFoundException))
#8 {main}
  thrown
【Previous Exception】
CodeIgniter\Exceptions\PageNotFoundException
Page Not Found
#0 D:\laragon\www\method-oldagehome\system\CodeIgniter.php(967): CodeIgniter\Exceptions\PageNotFoundException::forPageNotFound(NULL)
#1 D:\laragon\www\method-oldagehome\system\CodeIgniter.php(362): CodeIgniter\CodeIgniter->display404errors(Object(CodeIgniter\Exceptions\PageNotFoundException))
#2 D:\laragon\www\method-oldagehome\public\index.php(79): CodeIgniter\CodeIgniter->run()
#3 D:\laragon\www\method-oldagehome\system\Commands\Server\rewrite.php(47): require_once('D:\\laragon\\www\\...')
#4 {main}
in SYSTEMPATH\HTTP\ResponseTrait.php on line 774.
 1 [internal function]: CodeIgniter\Debug\Exceptions->shutdownHandler()
CRITICAL - 2024-11-13 07:45:38 --> Uncaught ErrorException: Cannot modify header information - headers already sent in D:\laragon\www\method-oldagehome\system\HTTP\ResponseTrait.php:774
Stack trace:
#0 [internal function]: CodeIgniter\Debug\Exceptions->errorHandler(2, 'Cannot modify h...', 'D:\\laragon\\www\\...', 774)
#1 D:\laragon\www\method-oldagehome\system\HTTP\ResponseTrait.php(774): setcookie('ci_session', 'ut71bjergsi7udj...', Array)
#2 D:\laragon\www\method-oldagehome\system\HTTP\ResponseTrait.php(750): CodeIgniter\HTTP\Response->doSetCookie('ci_session', 'ut71bjergsi7udj...', Array)
#3 D:\laragon\www\method-oldagehome\system\HTTP\ResponseTrait.php(730): CodeIgniter\HTTP\Response->dispatchCookies()
#4 D:\laragon\www\method-oldagehome\system\HTTP\ResponseTrait.php(447): CodeIgniter\HTTP\Response->sendCookies()
#5 D:\laragon\www\method-oldagehome\system\Debug\ExceptionHandler.php(78): CodeIgniter\HTTP\Response->send()
#6 D:\laragon\www\method-oldagehome\system\Debug\Exceptions.php(147): CodeIgniter\Debug\ExceptionHandler->handle(Object(CodeIgniter\Exceptions\PageNotFoundException), Object(CodeIgniter\HTTP\IncomingRequest), Object(CodeIgniter\HTTP\Response), 404, 1)
#7 [internal function]: CodeIgniter\Debug\Exceptions->exceptionHandler(Object(CodeIgniter\Exceptions\PageNotFoundException))
#8 {main}
  thrown
【Previous Exception】
CodeIgniter\Exceptions\PageNotFoundException
Page Not Found
#0 D:\laragon\www\method-oldagehome\system\CodeIgniter.php(967): CodeIgniter\Exceptions\PageNotFoundException::forPageNotFound(NULL)
#1 D:\laragon\www\method-oldagehome\system\CodeIgniter.php(362): CodeIgniter\CodeIgniter->display404errors(Object(CodeIgniter\Exceptions\PageNotFoundException))
#2 D:\laragon\www\method-oldagehome\public\index.php(79): CodeIgniter\CodeIgniter->run()
#3 D:\laragon\www\method-oldagehome\system\Commands\Server\rewrite.php(47): require_once('D:\\laragon\\www\\...')
#4 {main}
in SYSTEMPATH\HTTP\ResponseTrait.php on line 774.
 1 [internal function]: CodeIgniter\Debug\Exceptions->shutdownHandler()
CRITICAL - 2024-11-13 07:45:39 --> Uncaught ErrorException: Cannot modify header information - headers already sent in D:\laragon\www\method-oldagehome\system\HTTP\ResponseTrait.php:774
Stack trace:
#0 [internal function]: CodeIgniter\Debug\Exceptions->errorHandler(2, 'Cannot modify h...', 'D:\\laragon\\www\\...', 774)
#1 D:\laragon\www\method-oldagehome\system\HTTP\ResponseTrait.php(774): setcookie('ci_session', 'ut71bjergsi7udj...', Array)
#2 D:\laragon\www\method-oldagehome\system\HTTP\ResponseTrait.php(750): CodeIgniter\HTTP\Response->doSetCookie('ci_session', 'ut71bjergsi7udj...', Array)
#3 D:\laragon\www\method-oldagehome\system\HTTP\ResponseTrait.php(730): CodeIgniter\HTTP\Response->dispatchCookies()
#4 D:\laragon\www\method-oldagehome\system\HTTP\ResponseTrait.php(447): CodeIgniter\HTTP\Response->sendCookies()
#5 D:\laragon\www\method-oldagehome\system\Debug\ExceptionHandler.php(78): CodeIgniter\HTTP\Response->send()
#6 D:\laragon\www\method-oldagehome\system\Debug\Exceptions.php(147): CodeIgniter\Debug\ExceptionHandler->handle(Object(CodeIgniter\Exceptions\PageNotFoundException), Object(CodeIgniter\HTTP\IncomingRequest), Object(CodeIgniter\HTTP\Response), 404, 1)
#7 [internal function]: CodeIgniter\Debug\Exceptions->exceptionHandler(Object(CodeIgniter\Exceptions\PageNotFoundException))
#8 {main}
  thrown
【Previous Exception】
CodeIgniter\Exceptions\PageNotFoundException
Page Not Found
#0 D:\laragon\www\method-oldagehome\system\CodeIgniter.php(967): CodeIgniter\Exceptions\PageNotFoundException::forPageNotFound(NULL)
#1 D:\laragon\www\method-oldagehome\system\CodeIgniter.php(362): CodeIgniter\CodeIgniter->display404errors(Object(CodeIgniter\Exceptions\PageNotFoundException))
#2 D:\laragon\www\method-oldagehome\public\index.php(79): CodeIgniter\CodeIgniter->run()
#3 D:\laragon\www\method-oldagehome\system\Commands\Server\rewrite.php(47): require_once('D:\\laragon\\www\\...')
#4 {main}
in SYSTEMPATH\HTTP\ResponseTrait.php on line 774.
 1 [internal function]: CodeIgniter\Debug\Exceptions->shutdownHandler()
CRITICAL - 2024-11-13 07:45:40 --> Uncaught ErrorException: Cannot modify header information - headers already sent in D:\laragon\www\method-oldagehome\system\HTTP\ResponseTrait.php:774
Stack trace:
#0 [internal function]: CodeIgniter\Debug\Exceptions->errorHandler(2, 'Cannot modify h...', 'D:\\laragon\\www\\...', 774)
#1 D:\laragon\www\method-oldagehome\system\HTTP\ResponseTrait.php(774): setcookie('ci_session', 'ut71bjergsi7udj...', Array)
#2 D:\laragon\www\method-oldagehome\system\HTTP\ResponseTrait.php(750): CodeIgniter\HTTP\Response->doSetCookie('ci_session', 'ut71bjergsi7udj...', Array)
#3 D:\laragon\www\method-oldagehome\system\HTTP\ResponseTrait.php(730): CodeIgniter\HTTP\Response->dispatchCookies()
#4 D:\laragon\www\method-oldagehome\system\HTTP\ResponseTrait.php(447): CodeIgniter\HTTP\Response->sendCookies()
#5 D:\laragon\www\method-oldagehome\system\Debug\ExceptionHandler.php(78): CodeIgniter\HTTP\Response->send()
#6 D:\laragon\www\method-oldagehome\system\Debug\Exceptions.php(147): CodeIgniter\Debug\ExceptionHandler->handle(Object(CodeIgniter\Exceptions\PageNotFoundException), Object(CodeIgniter\HTTP\IncomingRequest), Object(CodeIgniter\HTTP\Response), 404, 1)
#7 [internal function]: CodeIgniter\Debug\Exceptions->exceptionHandler(Object(CodeIgniter\Exceptions\PageNotFoundException))
#8 {main}
  thrown
【Previous Exception】
CodeIgniter\Exceptions\PageNotFoundException
Page Not Found
#0 D:\laragon\www\method-oldagehome\system\CodeIgniter.php(967): CodeIgniter\Exceptions\PageNotFoundException::forPageNotFound(NULL)
#1 D:\laragon\www\method-oldagehome\system\CodeIgniter.php(362): CodeIgniter\CodeIgniter->display404errors(Object(CodeIgniter\Exceptions\PageNotFoundException))
#2 D:\laragon\www\method-oldagehome\public\index.php(79): CodeIgniter\CodeIgniter->run()
#3 D:\laragon\www\method-oldagehome\system\Commands\Server\rewrite.php(47): require_once('D:\\laragon\\www\\...')
#4 {main}
in SYSTEMPATH\HTTP\ResponseTrait.php on line 774.
 1 [internal function]: CodeIgniter\Debug\Exceptions->shutdownHandler()
CRITICAL - 2024-11-13 07:45:41 --> Uncaught ErrorException: Cannot modify header information - headers already sent in D:\laragon\www\method-oldagehome\system\HTTP\ResponseTrait.php:774
Stack trace:
#0 [internal function]: CodeIgniter\Debug\Exceptions->errorHandler(2, 'Cannot modify h...', 'D:\\laragon\\www\\...', 774)
#1 D:\laragon\www\method-oldagehome\system\HTTP\ResponseTrait.php(774): setcookie('ci_session', 'ut71bjergsi7udj...', Array)
#2 D:\laragon\www\method-oldagehome\system\HTTP\ResponseTrait.php(750): CodeIgniter\HTTP\Response->doSetCookie('ci_session', 'ut71bjergsi7udj...', Array)
#3 D:\laragon\www\method-oldagehome\system\HTTP\ResponseTrait.php(730): CodeIgniter\HTTP\Response->dispatchCookies()
#4 D:\laragon\www\method-oldagehome\system\HTTP\ResponseTrait.php(447): CodeIgniter\HTTP\Response->sendCookies()
#5 D:\laragon\www\method-oldagehome\system\Debug\ExceptionHandler.php(78): CodeIgniter\HTTP\Response->send()
#6 D:\laragon\www\method-oldagehome\system\Debug\Exceptions.php(147): CodeIgniter\Debug\ExceptionHandler->handle(Object(CodeIgniter\Exceptions\PageNotFoundException), Object(CodeIgniter\HTTP\IncomingRequest), Object(CodeIgniter\HTTP\Response), 404, 1)
#7 [internal function]: CodeIgniter\Debug\Exceptions->exceptionHandler(Object(CodeIgniter\Exceptions\PageNotFoundException))
#8 {main}
  thrown
【Previous Exception】
CodeIgniter\Exceptions\PageNotFoundException
Page Not Found
#0 D:\laragon\www\method-oldagehome\system\CodeIgniter.php(967): CodeIgniter\Exceptions\PageNotFoundException::forPageNotFound(NULL)
#1 D:\laragon\www\method-oldagehome\system\CodeIgniter.php(362): CodeIgniter\CodeIgniter->display404errors(Object(CodeIgniter\Exceptions\PageNotFoundException))
#2 D:\laragon\www\method-oldagehome\public\index.php(79): CodeIgniter\CodeIgniter->run()
#3 D:\laragon\www\method-oldagehome\system\Commands\Server\rewrite.php(47): require_once('D:\\laragon\\www\\...')
#4 {main}
in SYSTEMPATH\HTTP\ResponseTrait.php on line 774.
 1 [internal function]: CodeIgniter\Debug\Exceptions->shutdownHandler()
CRITICAL - 2024-11-13 07:45:48 --> Uncaught ErrorException: Cannot modify header information - headers already sent in D:\laragon\www\method-oldagehome\system\HTTP\ResponseTrait.php:774
Stack trace:
#0 [internal function]: CodeIgniter\Debug\Exceptions->errorHandler(2, 'Cannot modify h...', 'D:\\laragon\\www\\...', 774)
#1 D:\laragon\www\method-oldagehome\system\HTTP\ResponseTrait.php(774): setcookie('ci_session', 'ut71bjergsi7udj...', Array)
#2 D:\laragon\www\method-oldagehome\system\HTTP\ResponseTrait.php(750): CodeIgniter\HTTP\Response->doSetCookie('ci_session', 'ut71bjergsi7udj...', Array)
#3 D:\laragon\www\method-oldagehome\system\HTTP\ResponseTrait.php(730): CodeIgniter\HTTP\Response->dispatchCookies()
#4 D:\laragon\www\method-oldagehome\system\HTTP\ResponseTrait.php(447): CodeIgniter\HTTP\Response->sendCookies()
#5 D:\laragon\www\method-oldagehome\system\Debug\ExceptionHandler.php(78): CodeIgniter\HTTP\Response->send()
#6 D:\laragon\www\method-oldagehome\system\Debug\Exceptions.php(147): CodeIgniter\Debug\ExceptionHandler->handle(Object(CodeIgniter\Exceptions\PageNotFoundException), Object(CodeIgniter\HTTP\IncomingRequest), Object(CodeIgniter\HTTP\Response), 404, 1)
#7 [internal function]: CodeIgniter\Debug\Exceptions->exceptionHandler(Object(CodeIgniter\Exceptions\PageNotFoundException))
#8 {main}
  thrown
【Previous Exception】
CodeIgniter\Exceptions\PageNotFoundException
Page Not Found
#0 D:\laragon\www\method-oldagehome\system\CodeIgniter.php(967): CodeIgniter\Exceptions\PageNotFoundException::forPageNotFound(NULL)
#1 D:\laragon\www\method-oldagehome\system\CodeIgniter.php(362): CodeIgniter\CodeIgniter->display404errors(Object(CodeIgniter\Exceptions\PageNotFoundException))
#2 D:\laragon\www\method-oldagehome\public\index.php(79): CodeIgniter\CodeIgniter->run()
#3 D:\laragon\www\method-oldagehome\system\Commands\Server\rewrite.php(47): require_once('D:\\laragon\\www\\...')
#4 {main}
in SYSTEMPATH\HTTP\ResponseTrait.php on line 774.
 1 [internal function]: CodeIgniter\Debug\Exceptions->shutdownHandler()
CRITICAL - 2024-11-13 07:46:48 --> Uncaught ErrorException: Cannot modify header information - headers already sent in D:\laragon\www\method-oldagehome\system\HTTP\ResponseTrait.php:774
Stack trace:
#0 [internal function]: CodeIgniter\Debug\Exceptions->errorHandler(2, 'Cannot modify h...', 'D:\\laragon\\www\\...', 774)
#1 D:\laragon\www\method-oldagehome\system\HTTP\ResponseTrait.php(774): setcookie('ci_session', 'ut71bjergsi7udj...', Array)
#2 D:\laragon\www\method-oldagehome\system\HTTP\ResponseTrait.php(750): CodeIgniter\HTTP\Response->doSetCookie('ci_session', 'ut71bjergsi7udj...', Array)
#3 D:\laragon\www\method-oldagehome\system\HTTP\ResponseTrait.php(730): CodeIgniter\HTTP\Response->dispatchCookies()
#4 D:\laragon\www\method-oldagehome\system\HTTP\ResponseTrait.php(447): CodeIgniter\HTTP\Response->sendCookies()
#5 D:\laragon\www\method-oldagehome\system\Debug\ExceptionHandler.php(78): CodeIgniter\HTTP\Response->send()
#6 D:\laragon\www\method-oldagehome\system\Debug\Exceptions.php(147): CodeIgniter\Debug\ExceptionHandler->handle(Object(CodeIgniter\Exceptions\PageNotFoundException), Object(CodeIgniter\HTTP\IncomingRequest), Object(CodeIgniter\HTTP\Response), 404, 1)
#7 [internal function]: CodeIgniter\Debug\Exceptions->exceptionHandler(Object(CodeIgniter\Exceptions\PageNotFoundException))
#8 {main}
  thrown
【Previous Exception】
CodeIgniter\Exceptions\PageNotFoundException
Page Not Found
#0 D:\laragon\www\method-oldagehome\system\CodeIgniter.php(967): CodeIgniter\Exceptions\PageNotFoundException::forPageNotFound(NULL)
#1 D:\laragon\www\method-oldagehome\system\CodeIgniter.php(362): CodeIgniter\CodeIgniter->display404errors(Object(CodeIgniter\Exceptions\PageNotFoundException))
#2 D:\laragon\www\method-oldagehome\public\index.php(79): CodeIgniter\CodeIgniter->run()
#3 D:\laragon\www\method-oldagehome\system\Commands\Server\rewrite.php(47): require_once('D:\\laragon\\www\\...')
#4 {main}
in SYSTEMPATH\HTTP\ResponseTrait.php on line 774.
 1 [internal function]: CodeIgniter\Debug\Exceptions->shutdownHandler()
CRITICAL - 2024-11-13 07:47:48 --> Uncaught ErrorException: Cannot modify header information - headers already sent in D:\laragon\www\method-oldagehome\system\HTTP\ResponseTrait.php:774
Stack trace:
#0 [internal function]: CodeIgniter\Debug\Exceptions->errorHandler(2, 'Cannot modify h...', 'D:\\laragon\\www\\...', 774)
#1 D:\laragon\www\method-oldagehome\system\HTTP\ResponseTrait.php(774): setcookie('ci_session', 'ut71bjergsi7udj...', Array)
#2 D:\laragon\www\method-oldagehome\system\HTTP\ResponseTrait.php(750): CodeIgniter\HTTP\Response->doSetCookie('ci_session', 'ut71bjergsi7udj...', Array)
#3 D:\laragon\www\method-oldagehome\system\HTTP\ResponseTrait.php(730): CodeIgniter\HTTP\Response->dispatchCookies()
#4 D:\laragon\www\method-oldagehome\system\HTTP\ResponseTrait.php(447): CodeIgniter\HTTP\Response->sendCookies()
#5 D:\laragon\www\method-oldagehome\system\Debug\ExceptionHandler.php(78): CodeIgniter\HTTP\Response->send()
#6 D:\laragon\www\method-oldagehome\system\Debug\Exceptions.php(147): CodeIgniter\Debug\ExceptionHandler->handle(Object(CodeIgniter\Exceptions\PageNotFoundException), Object(CodeIgniter\HTTP\IncomingRequest), Object(CodeIgniter\HTTP\Response), 404, 1)
#7 [internal function]: CodeIgniter\Debug\Exceptions->exceptionHandler(Object(CodeIgniter\Exceptions\PageNotFoundException))
#8 {main}
  thrown
【Previous Exception】
CodeIgniter\Exceptions\PageNotFoundException
Page Not Found
#0 D:\laragon\www\method-oldagehome\system\CodeIgniter.php(967): CodeIgniter\Exceptions\PageNotFoundException::forPageNotFound(NULL)
#1 D:\laragon\www\method-oldagehome\system\CodeIgniter.php(362): CodeIgniter\CodeIgniter->display404errors(Object(CodeIgniter\Exceptions\PageNotFoundException))
#2 D:\laragon\www\method-oldagehome\public\index.php(79): CodeIgniter\CodeIgniter->run()
#3 D:\laragon\www\method-oldagehome\system\Commands\Server\rewrite.php(47): require_once('D:\\laragon\\www\\...')
#4 {main}
in SYSTEMPATH\HTTP\ResponseTrait.php on line 774.
 1 [internal function]: CodeIgniter\Debug\Exceptions->shutdownHandler()
CRITICAL - 2024-11-13 07:48:48 --> Uncaught ErrorException: Cannot modify header information - headers already sent in D:\laragon\www\method-oldagehome\system\HTTP\ResponseTrait.php:774
Stack trace:
#0 [internal function]: CodeIgniter\Debug\Exceptions->errorHandler(2, 'Cannot modify h...', 'D:\\laragon\\www\\...', 774)
#1 D:\laragon\www\method-oldagehome\system\HTTP\ResponseTrait.php(774): setcookie('ci_session', 'ut71bjergsi7udj...', Array)
#2 D:\laragon\www\method-oldagehome\system\HTTP\ResponseTrait.php(750): CodeIgniter\HTTP\Response->doSetCookie('ci_session', 'ut71bjergsi7udj...', Array)
#3 D:\laragon\www\method-oldagehome\system\HTTP\ResponseTrait.php(730): CodeIgniter\HTTP\Response->dispatchCookies()
#4 D:\laragon\www\method-oldagehome\system\HTTP\ResponseTrait.php(447): CodeIgniter\HTTP\Response->sendCookies()
#5 D:\laragon\www\method-oldagehome\system\Debug\ExceptionHandler.php(78): CodeIgniter\HTTP\Response->send()
#6 D:\laragon\www\method-oldagehome\system\Debug\Exceptions.php(147): CodeIgniter\Debug\ExceptionHandler->handle(Object(CodeIgniter\Exceptions\PageNotFoundException), Object(CodeIgniter\HTTP\IncomingRequest), Object(CodeIgniter\HTTP\Response), 404, 1)
#7 [internal function]: CodeIgniter\Debug\Exceptions->exceptionHandler(Object(CodeIgniter\Exceptions\PageNotFoundException))
#8 {main}
  thrown
【Previous Exception】
CodeIgniter\Exceptions\PageNotFoundException
Page Not Found
#0 D:\laragon\www\method-oldagehome\system\CodeIgniter.php(967): CodeIgniter\Exceptions\PageNotFoundException::forPageNotFound(NULL)
#1 D:\laragon\www\method-oldagehome\system\CodeIgniter.php(362): CodeIgniter\CodeIgniter->display404errors(Object(CodeIgniter\Exceptions\PageNotFoundException))
#2 D:\laragon\www\method-oldagehome\public\index.php(79): CodeIgniter\CodeIgniter->run()
#3 D:\laragon\www\method-oldagehome\system\Commands\Server\rewrite.php(47): require_once('D:\\laragon\\www\\...')
#4 {main}
in SYSTEMPATH\HTTP\ResponseTrait.php on line 774.
 1 [internal function]: CodeIgniter\Debug\Exceptions->shutdownHandler()
CRITICAL - 2024-11-13 07:49:48 --> Uncaught ErrorException: Cannot modify header information - headers already sent in D:\laragon\www\method-oldagehome\system\HTTP\ResponseTrait.php:774
Stack trace:
#0 [internal function]: CodeIgniter\Debug\Exceptions->errorHandler(2, 'Cannot modify h...', 'D:\\laragon\\www\\...', 774)
#1 D:\laragon\www\method-oldagehome\system\HTTP\ResponseTrait.php(774): setcookie('ci_session', 'ut71bjergsi7udj...', Array)
#2 D:\laragon\www\method-oldagehome\system\HTTP\ResponseTrait.php(750): CodeIgniter\HTTP\Response->doSetCookie('ci_session', 'ut71bjergsi7udj...', Array)
#3 D:\laragon\www\method-oldagehome\system\HTTP\ResponseTrait.php(730): CodeIgniter\HTTP\Response->dispatchCookies()
#4 D:\laragon\www\method-oldagehome\system\HTTP\ResponseTrait.php(447): CodeIgniter\HTTP\Response->sendCookies()
#5 D:\laragon\www\method-oldagehome\system\Debug\ExceptionHandler.php(78): CodeIgniter\HTTP\Response->send()
#6 D:\laragon\www\method-oldagehome\system\Debug\Exceptions.php(147): CodeIgniter\Debug\ExceptionHandler->handle(Object(CodeIgniter\Exceptions\PageNotFoundException), Object(CodeIgniter\HTTP\IncomingRequest), Object(CodeIgniter\HTTP\Response), 404, 1)
#7 [internal function]: CodeIgniter\Debug\Exceptions->exceptionHandler(Object(CodeIgniter\Exceptions\PageNotFoundException))
#8 {main}
  thrown
【Previous Exception】
CodeIgniter\Exceptions\PageNotFoundException
Page Not Found
#0 D:\laragon\www\method-oldagehome\system\CodeIgniter.php(967): CodeIgniter\Exceptions\PageNotFoundException::forPageNotFound(NULL)
#1 D:\laragon\www\method-oldagehome\system\CodeIgniter.php(362): CodeIgniter\CodeIgniter->display404errors(Object(CodeIgniter\Exceptions\PageNotFoundException))
#2 D:\laragon\www\method-oldagehome\public\index.php(79): CodeIgniter\CodeIgniter->run()
#3 D:\laragon\www\method-oldagehome\system\Commands\Server\rewrite.php(47): require_once('D:\\laragon\\www\\...')
#4 {main}
in SYSTEMPATH\HTTP\ResponseTrait.php on line 774.
 1 [internal function]: CodeIgniter\Debug\Exceptions->shutdownHandler()
CRITICAL - 2024-11-13 07:50:15 --> Uncaught ErrorException: Cannot modify header information - headers already sent in D:\laragon\www\method-oldagehome\system\HTTP\ResponseTrait.php:774
Stack trace:
#0 [internal function]: CodeIgniter\Debug\Exceptions->errorHandler(2, 'Cannot modify h...', 'D:\\laragon\\www\\...', 774)
#1 D:\laragon\www\method-oldagehome\system\HTTP\ResponseTrait.php(774): setcookie('ci_session', 'ut71bjergsi7udj...', Array)
#2 D:\laragon\www\method-oldagehome\system\HTTP\ResponseTrait.php(750): CodeIgniter\HTTP\Response->doSetCookie('ci_session', 'ut71bjergsi7udj...', Array)
#3 D:\laragon\www\method-oldagehome\system\HTTP\ResponseTrait.php(730): CodeIgniter\HTTP\Response->dispatchCookies()
#4 D:\laragon\www\method-oldagehome\system\HTTP\ResponseTrait.php(447): CodeIgniter\HTTP\Response->sendCookies()
#5 D:\laragon\www\method-oldagehome\system\Debug\ExceptionHandler.php(78): CodeIgniter\HTTP\Response->send()
#6 D:\laragon\www\method-oldagehome\system\Debug\Exceptions.php(147): CodeIgniter\Debug\ExceptionHandler->handle(Object(CodeIgniter\Exceptions\PageNotFoundException), Object(CodeIgniter\HTTP\IncomingRequest), Object(CodeIgniter\HTTP\Response), 404, 1)
#7 [internal function]: CodeIgniter\Debug\Exceptions->exceptionHandler(Object(CodeIgniter\Exceptions\PageNotFoundException))
#8 {main}
  thrown
【Previous Exception】
CodeIgniter\Exceptions\PageNotFoundException
Page Not Found
#0 D:\laragon\www\method-oldagehome\system\CodeIgniter.php(967): CodeIgniter\Exceptions\PageNotFoundException::forPageNotFound(NULL)
#1 D:\laragon\www\method-oldagehome\system\CodeIgniter.php(362): CodeIgniter\CodeIgniter->display404errors(Object(CodeIgniter\Exceptions\PageNotFoundException))
#2 D:\laragon\www\method-oldagehome\public\index.php(79): CodeIgniter\CodeIgniter->run()
#3 D:\laragon\www\method-oldagehome\system\Commands\Server\rewrite.php(47): require_once('D:\\laragon\\www\\...')
#4 {main}
in SYSTEMPATH\HTTP\ResponseTrait.php on line 774.
 1 [internal function]: CodeIgniter\Debug\Exceptions->shutdownHandler()
CRITICAL - 2024-11-13 07:50:15 --> Uncaught ErrorException: Cannot modify header information - headers already sent in D:\laragon\www\method-oldagehome\system\HTTP\ResponseTrait.php:774
Stack trace:
#0 [internal function]: CodeIgniter\Debug\Exceptions->errorHandler(2, 'Cannot modify h...', 'D:\\laragon\\www\\...', 774)
#1 D:\laragon\www\method-oldagehome\system\HTTP\ResponseTrait.php(774): setcookie('ci_session', 'ut71bjergsi7udj...', Array)
#2 D:\laragon\www\method-oldagehome\system\HTTP\ResponseTrait.php(750): CodeIgniter\HTTP\Response->doSetCookie('ci_session', 'ut71bjergsi7udj...', Array)
#3 D:\laragon\www\method-oldagehome\system\HTTP\ResponseTrait.php(730): CodeIgniter\HTTP\Response->dispatchCookies()
#4 D:\laragon\www\method-oldagehome\system\HTTP\ResponseTrait.php(447): CodeIgniter\HTTP\Response->sendCookies()
#5 D:\laragon\www\method-oldagehome\system\Debug\ExceptionHandler.php(78): CodeIgniter\HTTP\Response->send()
#6 D:\laragon\www\method-oldagehome\system\Debug\Exceptions.php(147): CodeIgniter\Debug\ExceptionHandler->handle(Object(CodeIgniter\Exceptions\PageNotFoundException), Object(CodeIgniter\HTTP\IncomingRequest), Object(CodeIgniter\HTTP\Response), 404, 1)
#7 [internal function]: CodeIgniter\Debug\Exceptions->exceptionHandler(Object(CodeIgniter\Exceptions\PageNotFoundException))
#8 {main}
  thrown
【Previous Exception】
CodeIgniter\Exceptions\PageNotFoundException
Page Not Found
#0 D:\laragon\www\method-oldagehome\system\CodeIgniter.php(967): CodeIgniter\Exceptions\PageNotFoundException::forPageNotFound(NULL)
#1 D:\laragon\www\method-oldagehome\system\CodeIgniter.php(362): CodeIgniter\CodeIgniter->display404errors(Object(CodeIgniter\Exceptions\PageNotFoundException))
#2 D:\laragon\www\method-oldagehome\public\index.php(79): CodeIgniter\CodeIgniter->run()
#3 D:\laragon\www\method-oldagehome\system\Commands\Server\rewrite.php(47): require_once('D:\\laragon\\www\\...')
#4 {main}
in SYSTEMPATH\HTTP\ResponseTrait.php on line 774.
 1 [internal function]: CodeIgniter\Debug\Exceptions->shutdownHandler()
CRITICAL - 2024-11-13 07:50:16 --> Uncaught ErrorException: Cannot modify header information - headers already sent in D:\laragon\www\method-oldagehome\system\HTTP\ResponseTrait.php:774
Stack trace:
#0 [internal function]: CodeIgniter\Debug\Exceptions->errorHandler(2, 'Cannot modify h...', 'D:\\laragon\\www\\...', 774)
#1 D:\laragon\www\method-oldagehome\system\HTTP\ResponseTrait.php(774): setcookie('ci_session', 'ut71bjergsi7udj...', Array)
#2 D:\laragon\www\method-oldagehome\system\HTTP\ResponseTrait.php(750): CodeIgniter\HTTP\Response->doSetCookie('ci_session', 'ut71bjergsi7udj...', Array)
#3 D:\laragon\www\method-oldagehome\system\HTTP\ResponseTrait.php(730): CodeIgniter\HTTP\Response->dispatchCookies()
#4 D:\laragon\www\method-oldagehome\system\HTTP\ResponseTrait.php(447): CodeIgniter\HTTP\Response->sendCookies()
#5 D:\laragon\www\method-oldagehome\system\Debug\ExceptionHandler.php(78): CodeIgniter\HTTP\Response->send()
#6 D:\laragon\www\method-oldagehome\system\Debug\Exceptions.php(147): CodeIgniter\Debug\ExceptionHandler->handle(Object(CodeIgniter\Exceptions\PageNotFoundException), Object(CodeIgniter\HTTP\IncomingRequest), Object(CodeIgniter\HTTP\Response), 404, 1)
#7 [internal function]: CodeIgniter\Debug\Exceptions->exceptionHandler(Object(CodeIgniter\Exceptions\PageNotFoundException))
#8 {main}
  thrown
【Previous Exception】
CodeIgniter\Exceptions\PageNotFoundException
Page Not Found
#0 D:\laragon\www\method-oldagehome\system\CodeIgniter.php(967): CodeIgniter\Exceptions\PageNotFoundException::forPageNotFound(NULL)
#1 D:\laragon\www\method-oldagehome\system\CodeIgniter.php(362): CodeIgniter\CodeIgniter->display404errors(Object(CodeIgniter\Exceptions\PageNotFoundException))
#2 D:\laragon\www\method-oldagehome\public\index.php(79): CodeIgniter\CodeIgniter->run()
#3 D:\laragon\www\method-oldagehome\system\Commands\Server\rewrite.php(47): require_once('D:\\laragon\\www\\...')
#4 {main}
in SYSTEMPATH\HTTP\ResponseTrait.php on line 774.
 1 [internal function]: CodeIgniter\Debug\Exceptions->shutdownHandler()
CRITICAL - 2024-11-13 07:50:17 --> Uncaught ErrorException: Cannot modify header information - headers already sent in D:\laragon\www\method-oldagehome\system\HTTP\ResponseTrait.php:774
Stack trace:
#0 [internal function]: CodeIgniter\Debug\Exceptions->errorHandler(2, 'Cannot modify h...', 'D:\\laragon\\www\\...', 774)
#1 D:\laragon\www\method-oldagehome\system\HTTP\ResponseTrait.php(774): setcookie('ci_session', 'ut71bjergsi7udj...', Array)
#2 D:\laragon\www\method-oldagehome\system\HTTP\ResponseTrait.php(750): CodeIgniter\HTTP\Response->doSetCookie('ci_session', 'ut71bjergsi7udj...', Array)
#3 D:\laragon\www\method-oldagehome\system\HTTP\ResponseTrait.php(730): CodeIgniter\HTTP\Response->dispatchCookies()
#4 D:\laragon\www\method-oldagehome\system\HTTP\ResponseTrait.php(447): CodeIgniter\HTTP\Response->sendCookies()
#5 D:\laragon\www\method-oldagehome\system\Debug\ExceptionHandler.php(78): CodeIgniter\HTTP\Response->send()
#6 D:\laragon\www\method-oldagehome\system\Debug\Exceptions.php(147): CodeIgniter\Debug\ExceptionHandler->handle(Object(CodeIgniter\Exceptions\PageNotFoundException), Object(CodeIgniter\HTTP\IncomingRequest), Object(CodeIgniter\HTTP\Response), 404, 1)
#7 [internal function]: CodeIgniter\Debug\Exceptions->exceptionHandler(Object(CodeIgniter\Exceptions\PageNotFoundException))
#8 {main}
  thrown
【Previous Exception】
CodeIgniter\Exceptions\PageNotFoundException
Page Not Found
#0 D:\laragon\www\method-oldagehome\system\CodeIgniter.php(967): CodeIgniter\Exceptions\PageNotFoundException::forPageNotFound(NULL)
#1 D:\laragon\www\method-oldagehome\system\CodeIgniter.php(362): CodeIgniter\CodeIgniter->display404errors(Object(CodeIgniter\Exceptions\PageNotFoundException))
#2 D:\laragon\www\method-oldagehome\public\index.php(79): CodeIgniter\CodeIgniter->run()
#3 D:\laragon\www\method-oldagehome\system\Commands\Server\rewrite.php(47): require_once('D:\\laragon\\www\\...')
#4 {main}
in SYSTEMPATH\HTTP\ResponseTrait.php on line 774.
 1 [internal function]: CodeIgniter\Debug\Exceptions->shutdownHandler()
CRITICAL - 2024-11-13 07:50:18 --> Uncaught ErrorException: Cannot modify header information - headers already sent in D:\laragon\www\method-oldagehome\system\HTTP\ResponseTrait.php:774
Stack trace:
#0 [internal function]: CodeIgniter\Debug\Exceptions->errorHandler(2, 'Cannot modify h...', 'D:\\laragon\\www\\...', 774)
#1 D:\laragon\www\method-oldagehome\system\HTTP\ResponseTrait.php(774): setcookie('ci_session', 'ut71bjergsi7udj...', Array)
#2 D:\laragon\www\method-oldagehome\system\HTTP\ResponseTrait.php(750): CodeIgniter\HTTP\Response->doSetCookie('ci_session', 'ut71bjergsi7udj...', Array)
#3 D:\laragon\www\method-oldagehome\system\HTTP\ResponseTrait.php(730): CodeIgniter\HTTP\Response->dispatchCookies()
#4 D:\laragon\www\method-oldagehome\system\HTTP\ResponseTrait.php(447): CodeIgniter\HTTP\Response->sendCookies()
#5 D:\laragon\www\method-oldagehome\system\Debug\ExceptionHandler.php(78): CodeIgniter\HTTP\Response->send()
#6 D:\laragon\www\method-oldagehome\system\Debug\Exceptions.php(147): CodeIgniter\Debug\ExceptionHandler->handle(Object(CodeIgniter\Exceptions\PageNotFoundException), Object(CodeIgniter\HTTP\IncomingRequest), Object(CodeIgniter\HTTP\Response), 404, 1)
#7 [internal function]: CodeIgniter\Debug\Exceptions->exceptionHandler(Object(CodeIgniter\Exceptions\PageNotFoundException))
#8 {main}
  thrown
【Previous Exception】
CodeIgniter\Exceptions\PageNotFoundException
Page Not Found
#0 D:\laragon\www\method-oldagehome\system\CodeIgniter.php(967): CodeIgniter\Exceptions\PageNotFoundException::forPageNotFound(NULL)
#1 D:\laragon\www\method-oldagehome\system\CodeIgniter.php(362): CodeIgniter\CodeIgniter->display404errors(Object(CodeIgniter\Exceptions\PageNotFoundException))
#2 D:\laragon\www\method-oldagehome\public\index.php(79): CodeIgniter\CodeIgniter->run()
#3 D:\laragon\www\method-oldagehome\system\Commands\Server\rewrite.php(47): require_once('D:\\laragon\\www\\...')
#4 {main}
in SYSTEMPATH\HTTP\ResponseTrait.php on line 774.
 1 [internal function]: CodeIgniter\Debug\Exceptions->shutdownHandler()
CRITICAL - 2024-11-13 07:50:19 --> Uncaught ErrorException: Cannot modify header information - headers already sent in D:\laragon\www\method-oldagehome\system\HTTP\ResponseTrait.php:774
Stack trace:
#0 [internal function]: CodeIgniter\Debug\Exceptions->errorHandler(2, 'Cannot modify h...', 'D:\\laragon\\www\\...', 774)
#1 D:\laragon\www\method-oldagehome\system\HTTP\ResponseTrait.php(774): setcookie('ci_session', 'ut71bjergsi7udj...', Array)
#2 D:\laragon\www\method-oldagehome\system\HTTP\ResponseTrait.php(750): CodeIgniter\HTTP\Response->doSetCookie('ci_session', 'ut71bjergsi7udj...', Array)
#3 D:\laragon\www\method-oldagehome\system\HTTP\ResponseTrait.php(730): CodeIgniter\HTTP\Response->dispatchCookies()
#4 D:\laragon\www\method-oldagehome\system\HTTP\ResponseTrait.php(447): CodeIgniter\HTTP\Response->sendCookies()
#5 D:\laragon\www\method-oldagehome\system\Debug\ExceptionHandler.php(78): CodeIgniter\HTTP\Response->send()
#6 D:\laragon\www\method-oldagehome\system\Debug\Exceptions.php(147): CodeIgniter\Debug\ExceptionHandler->handle(Object(CodeIgniter\Exceptions\PageNotFoundException), Object(CodeIgniter\HTTP\IncomingRequest), Object(CodeIgniter\HTTP\Response), 404, 1)
#7 [internal function]: CodeIgniter\Debug\Exceptions->exceptionHandler(Object(CodeIgniter\Exceptions\PageNotFoundException))
#8 {main}
  thrown
【Previous Exception】
CodeIgniter\Exceptions\PageNotFoundException
Page Not Found
#0 D:\laragon\www\method-oldagehome\system\CodeIgniter.php(967): CodeIgniter\Exceptions\PageNotFoundException::forPageNotFound(NULL)
#1 D:\laragon\www\method-oldagehome\system\CodeIgniter.php(362): CodeIgniter\CodeIgniter->display404errors(Object(CodeIgniter\Exceptions\PageNotFoundException))
#2 D:\laragon\www\method-oldagehome\public\index.php(79): CodeIgniter\CodeIgniter->run()
#3 D:\laragon\www\method-oldagehome\system\Commands\Server\rewrite.php(47): require_once('D:\\laragon\\www\\...')
#4 {main}
in SYSTEMPATH\HTTP\ResponseTrait.php on line 774.
 1 [internal function]: CodeIgniter\Debug\Exceptions->shutdownHandler()
CRITICAL - 2024-11-13 07:50:20 --> Uncaught ErrorException: Cannot modify header information - headers already sent in D:\laragon\www\method-oldagehome\system\HTTP\ResponseTrait.php:774
Stack trace:
#0 [internal function]: CodeIgniter\Debug\Exceptions->errorHandler(2, 'Cannot modify h...', 'D:\\laragon\\www\\...', 774)
#1 D:\laragon\www\method-oldagehome\system\HTTP\ResponseTrait.php(774): setcookie('ci_session', 'ut71bjergsi7udj...', Array)
#2 D:\laragon\www\method-oldagehome\system\HTTP\ResponseTrait.php(750): CodeIgniter\HTTP\Response->doSetCookie('ci_session', 'ut71bjergsi7udj...', Array)
#3 D:\laragon\www\method-oldagehome\system\HTTP\ResponseTrait.php(730): CodeIgniter\HTTP\Response->dispatchCookies()
#4 D:\laragon\www\method-oldagehome\system\HTTP\ResponseTrait.php(447): CodeIgniter\HTTP\Response->sendCookies()
#5 D:\laragon\www\method-oldagehome\system\Debug\ExceptionHandler.php(78): CodeIgniter\HTTP\Response->send()
#6 D:\laragon\www\method-oldagehome\system\Debug\Exceptions.php(147): CodeIgniter\Debug\ExceptionHandler->handle(Object(CodeIgniter\Exceptions\PageNotFoundException), Object(CodeIgniter\HTTP\IncomingRequest), Object(CodeIgniter\HTTP\Response), 404, 1)
#7 [internal function]: CodeIgniter\Debug\Exceptions->exceptionHandler(Object(CodeIgniter\Exceptions\PageNotFoundException))
#8 {main}
  thrown
【Previous Exception】
CodeIgniter\Exceptions\PageNotFoundException
Page Not Found
#0 D:\laragon\www\method-oldagehome\system\CodeIgniter.php(967): CodeIgniter\Exceptions\PageNotFoundException::forPageNotFound(NULL)
#1 D:\laragon\www\method-oldagehome\system\CodeIgniter.php(362): CodeIgniter\CodeIgniter->display404errors(Object(CodeIgniter\Exceptions\PageNotFoundException))
#2 D:\laragon\www\method-oldagehome\public\index.php(79): CodeIgniter\CodeIgniter->run()
#3 D:\laragon\www\method-oldagehome\system\Commands\Server\rewrite.php(47): require_once('D:\\laragon\\www\\...')
#4 {main}
in SYSTEMPATH\HTTP\ResponseTrait.php on line 774.
 1 [internal function]: CodeIgniter\Debug\Exceptions->shutdownHandler()
CRITICAL - 2024-11-13 07:50:21 --> Uncaught ErrorException: Cannot modify header information - headers already sent in D:\laragon\www\method-oldagehome\system\HTTP\ResponseTrait.php:774
Stack trace:
#0 [internal function]: CodeIgniter\Debug\Exceptions->errorHandler(2, 'Cannot modify h...', 'D:\\laragon\\www\\...', 774)
#1 D:\laragon\www\method-oldagehome\system\HTTP\ResponseTrait.php(774): setcookie('ci_session', 'ut71bjergsi7udj...', Array)
#2 D:\laragon\www\method-oldagehome\system\HTTP\ResponseTrait.php(750): CodeIgniter\HTTP\Response->doSetCookie('ci_session', 'ut71bjergsi7udj...', Array)
#3 D:\laragon\www\method-oldagehome\system\HTTP\ResponseTrait.php(730): CodeIgniter\HTTP\Response->dispatchCookies()
#4 D:\laragon\www\method-oldagehome\system\HTTP\ResponseTrait.php(447): CodeIgniter\HTTP\Response->sendCookies()
#5 D:\laragon\www\method-oldagehome\system\Debug\ExceptionHandler.php(78): CodeIgniter\HTTP\Response->send()
#6 D:\laragon\www\method-oldagehome\system\Debug\Exceptions.php(147): CodeIgniter\Debug\ExceptionHandler->handle(Object(CodeIgniter\Exceptions\PageNotFoundException), Object(CodeIgniter\HTTP\IncomingRequest), Object(CodeIgniter\HTTP\Response), 404, 1)
#7 [internal function]: CodeIgniter\Debug\Exceptions->exceptionHandler(Object(CodeIgniter\Exceptions\PageNotFoundException))
#8 {main}
  thrown
【Previous Exception】
CodeIgniter\Exceptions\PageNotFoundException
Page Not Found
#0 D:\laragon\www\method-oldagehome\system\CodeIgniter.php(967): CodeIgniter\Exceptions\PageNotFoundException::forPageNotFound(NULL)
#1 D:\laragon\www\method-oldagehome\system\CodeIgniter.php(362): CodeIgniter\CodeIgniter->display404errors(Object(CodeIgniter\Exceptions\PageNotFoundException))
#2 D:\laragon\www\method-oldagehome\public\index.php(79): CodeIgniter\CodeIgniter->run()
#3 D:\laragon\www\method-oldagehome\system\Commands\Server\rewrite.php(47): require_once('D:\\laragon\\www\\...')
#4 {main}
in SYSTEMPATH\HTTP\ResponseTrait.php on line 774.
 1 [internal function]: CodeIgniter\Debug\Exceptions->shutdownHandler()
CRITICAL - 2024-11-13 16:09:20 --> Trying to access array offset on value of type null
in APPPATH\Views\dashboard\editevents.php on line 48.
 1 APPPATH\Views\dashboard\editevents.php(48): CodeIgniter\Debug\Exceptions->errorHandler(2, 'Trying to access array offset on value of type null', 'D:\\laragon\\www\\method-oldagehome\\app\\Views\\dashboard\\editevents.php', 48)
 2 SYSTEMPATH\View\View.php(226): include('D:\\laragon\\www\\method-oldagehome\\app\\Views\\dashboard\\editevents.php')
 3 SYSTEMPATH\View\View.php(229): CodeIgniter\View\View->CodeIgniter\View\{closure}()
 4 SYSTEMPATH\Common.php(1188): CodeIgniter\View\View->render('dashboard/editevents', [], true)
 5 APPPATH\Controllers\EventsController.php(140): view('dashboard/editevents', [...])
 6 SYSTEMPATH\CodeIgniter.php(919): App\Controllers\EventsController->update('login', 'vendors', 'typicons', 'typicons.css')
 7 SYSTEMPATH\CodeIgniter.php(494): CodeIgniter\CodeIgniter->runController(Object(App\Controllers\EventsController))
 8 SYSTEMPATH\CodeIgniter.php(353): CodeIgniter\CodeIgniter->handleRequest(null, Object(Config\Cache), false)
 9 FCPATH\index.php(79): CodeIgniter\CodeIgniter->run()
10 SYSTEMPATH\Commands\Server\rewrite.php(47): require_once('D:\\laragon\\www\\method-oldagehome\\public\\index.php')
CRITICAL - 2024-11-13 16:09:20 --> Trying to access array offset on value of type null
in APPPATH\Views\dashboard\editevents.php on line 48.
 1 APPPATH\Views\dashboard\editevents.php(48): CodeIgniter\Debug\Exceptions->errorHandler(2, 'Trying to access array offset on value of type null', 'D:\\laragon\\www\\method-oldagehome\\app\\Views\\dashboard\\editevents.php', 48)
 2 SYSTEMPATH\View\View.php(226): include('D:\\laragon\\www\\method-oldagehome\\app\\Views\\dashboard\\editevents.php')
 3 SYSTEMPATH\View\View.php(229): CodeIgniter\View\View->CodeIgniter\View\{closure}()
 4 SYSTEMPATH\Common.php(1188): CodeIgniter\View\View->render('dashboard/editevents', [], true)
 5 APPPATH\Controllers\EventsController.php(140): view('dashboard/editevents', [...])
 6 SYSTEMPATH\CodeIgniter.php(919): App\Controllers\EventsController->update('login', 'vendors', 'css', 'vendor.bundle.base.css')
 7 SYSTEMPATH\CodeIgniter.php(494): CodeIgniter\CodeIgniter->runController(Object(App\Controllers\EventsController))
 8 SYSTEMPATH\CodeIgniter.php(353): CodeIgniter\CodeIgniter->handleRequest(null, Object(Config\Cache), false)
 9 FCPATH\index.php(79): CodeIgniter\CodeIgniter->run()
10 SYSTEMPATH\Commands\Server\rewrite.php(47): require_once('D:\\laragon\\www\\method-oldagehome\\public\\index.php')
CRITICAL - 2024-11-13 16:09:20 --> Trying to access array offset on value of type null
in APPPATH\Views\dashboard\editevents.php on line 48.
 1 APPPATH\Views\dashboard\editevents.php(48): CodeIgniter\Debug\Exceptions->errorHandler(2, 'Trying to access array offset on value of type null', 'D:\\laragon\\www\\method-oldagehome\\app\\Views\\dashboard\\editevents.php', 48)
 2 SYSTEMPATH\View\View.php(226): include('D:\\laragon\\www\\method-oldagehome\\app\\Views\\dashboard\\editevents.php')
 3 SYSTEMPATH\View\View.php(229): CodeIgniter\View\View->CodeIgniter\View\{closure}()
 4 SYSTEMPATH\Common.php(1188): CodeIgniter\View\View->render('dashboard/editevents', [], true)
 5 APPPATH\Controllers\EventsController.php(140): view('dashboard/editevents', [...])
 6 SYSTEMPATH\CodeIgniter.php(919): App\Controllers\EventsController->update('login', 'vendors', 'select2', 'select2.min.css')
 7 SYSTEMPATH\CodeIgniter.php(494): CodeIgniter\CodeIgniter->runController(Object(App\Controllers\EventsController))
 8 SYSTEMPATH\CodeIgniter.php(353): CodeIgniter\CodeIgniter->handleRequest(null, Object(Config\Cache), false)
 9 FCPATH\index.php(79): CodeIgniter\CodeIgniter->run()
10 SYSTEMPATH\Commands\Server\rewrite.php(47): require_once('D:\\laragon\\www\\method-oldagehome\\public\\index.php')
CRITICAL - 2024-11-13 16:09:20 --> Trying to access array offset on value of type null
in APPPATH\Views\dashboard\editevents.php on line 48.
 1 APPPATH\Views\dashboard\editevents.php(48): CodeIgniter\Debug\Exceptions->errorHandler(2, 'Trying to access array offset on value of type null', 'D:\\laragon\\www\\method-oldagehome\\app\\Views\\dashboard\\editevents.php', 48)
 2 SYSTEMPATH\View\View.php(226): include('D:\\laragon\\www\\method-oldagehome\\app\\Views\\dashboard\\editevents.php')
 3 SYSTEMPATH\View\View.php(229): CodeIgniter\View\View->CodeIgniter\View\{closure}()
 4 SYSTEMPATH\Common.php(1188): CodeIgniter\View\View->render('dashboard/editevents', [], true)
 5 APPPATH\Controllers\EventsController.php(140): view('dashboard/editevents', [...])
 6 SYSTEMPATH\CodeIgniter.php(919): App\Controllers\EventsController->update('login', 'vendors', 'select2-bootstrap-theme', 'select2-bootstrap.min.css')
 7 SYSTEMPATH\CodeIgniter.php(494): CodeIgniter\CodeIgniter->runController(Object(App\Controllers\EventsController))
 8 SYSTEMPATH\CodeIgniter.php(353): CodeIgniter\CodeIgniter->handleRequest(null, Object(Config\Cache), false)
 9 FCPATH\index.php(79): CodeIgniter\CodeIgniter->run()
10 SYSTEMPATH\Commands\Server\rewrite.php(47): require_once('D:\\laragon\\www\\method-oldagehome\\public\\index.php')
CRITICAL - 2024-11-13 16:09:21 --> Trying to access array offset on value of type null
in APPPATH\Views\dashboard\editevents.php on line 48.
 1 APPPATH\Views\dashboard\editevents.php(48): CodeIgniter\Debug\Exceptions->errorHandler(2, 'Trying to access array offset on value of type null', 'D:\\laragon\\www\\method-oldagehome\\app\\Views\\dashboard\\editevents.php', 48)
 2 SYSTEMPATH\View\View.php(226): include('D:\\laragon\\www\\method-oldagehome\\app\\Views\\dashboard\\editevents.php')
 3 SYSTEMPATH\View\View.php(229): CodeIgniter\View\View->CodeIgniter\View\{closure}()
 4 SYSTEMPATH\Common.php(1188): CodeIgniter\View\View->render('dashboard/editevents', [], true)
 5 APPPATH\Controllers\EventsController.php(140): view('dashboard/editevents', [...])
 6 SYSTEMPATH\CodeIgniter.php(919): App\Controllers\EventsController->update('login', 'css', 'vertical-layout-light', 'style.css')
 7 SYSTEMPATH\CodeIgniter.php(494): CodeIgniter\CodeIgniter->runController(Object(App\Controllers\EventsController))
 8 SYSTEMPATH\CodeIgniter.php(353): CodeIgniter\CodeIgniter->handleRequest(null, Object(Config\Cache), false)
 9 FCPATH\index.php(79): CodeIgniter\CodeIgniter->run()
10 SYSTEMPATH\Commands\Server\rewrite.php(47): require_once('D:\\laragon\\www\\method-oldagehome\\public\\index.php')
CRITICAL - 2024-11-13 16:09:21 --> Trying to access array offset on value of type null
in APPPATH\Views\dashboard\editevents.php on line 48.
 1 APPPATH\Views\dashboard\editevents.php(48): CodeIgniter\Debug\Exceptions->errorHandler(2, 'Trying to access array offset on value of type null', 'D:\\laragon\\www\\method-oldagehome\\app\\Views\\dashboard\\editevents.php', 48)
 2 SYSTEMPATH\View\View.php(226): include('D:\\laragon\\www\\method-oldagehome\\app\\Views\\dashboard\\editevents.php')
 3 SYSTEMPATH\View\View.php(229): CodeIgniter\View\View->CodeIgniter\View\{closure}()
 4 SYSTEMPATH\Common.php(1188): CodeIgniter\View\View->render('dashboard/editevents', [], true)
 5 APPPATH\Controllers\EventsController.php(140): view('dashboard/editevents', [...])
 6 SYSTEMPATH\CodeIgniter.php(919): App\Controllers\EventsController->update('vendors', 'js', 'vendor.bundle.base.js')
 7 SYSTEMPATH\CodeIgniter.php(494): CodeIgniter\CodeIgniter->runController(Object(App\Controllers\EventsController))
 8 SYSTEMPATH\CodeIgniter.php(353): CodeIgniter\CodeIgniter->handleRequest(null, Object(Config\Cache), false)
 9 FCPATH\index.php(79): CodeIgniter\CodeIgniter->run()
10 SYSTEMPATH\Commands\Server\rewrite.php(47): require_once('D:\\laragon\\www\\method-oldagehome\\public\\index.php')
