CRITICAL - 2024-12-15 03:51:27 --> Undefined variable $search
in APPPATH\Views\dashboard\searchdeath.php on line 155.
 1 APPPATH\Views\dashboard\searchdeath.php(155): CodeIgniter\Debug\Exceptions->errorHandler(2, 'Undefined variable $search', 'D:\\laragon\\www\\method-oldagehome\\app\\Views\\dashboard\\searchdeath.php', 155)
 2 SYSTEMPATH\View\View.php(226): include('D:\\laragon\\www\\method-oldagehome\\app\\Views\\dashboard\\searchdeath.php')
 3 SYSTEMPATH\View\View.php(229): CodeIgniter\View\View->CodeIgniter\View\{closure}()
 4 SYSTEMPATH\Common.php(1188): CodeIgniter\View\View->render('dashboard/searchdeath', [], true)
 5 APPPATH\Controllers\NewController.php(1411): view('dashboard/searchdeath', [...])
 6 SYSTEMPATH\CodeIgniter.php(919): App\Controllers\NewController->viewSearchDeath()
 7 SYSTEMPATH\CodeIgniter.php(494): CodeIgniter\CodeIgniter->runController(Object(App\Controllers\NewController))
 8 SYSTEMPATH\CodeIgniter.php(353): CodeIgniter\CodeIgniter->handleRequest(null, Object(Config\Cache), false)
 9 FCPATH\index.php(79): CodeIgniter\CodeIgniter->run()
10 SYSTEMPATH\Commands\Server\rewrite.php(47): require_once('D:\\laragon\\www\\method-oldagehome\\public\\index.php')
CRITICAL - 2024-12-15 04:00:14 --> Uncaught ErrorException: Cannot modify header information - headers already sent in D:\laragon\www\method-oldagehome\system\HTTP\ResponseTrait.php:774
Stack trace:
#0 [internal function]: CodeIgniter\Debug\Exceptions->errorHandler(2, 'Cannot modify h...', 'D:\\laragon\\www\\...', 774)
#1 D:\laragon\www\method-oldagehome\system\HTTP\ResponseTrait.php(774): setcookie('ci_session', 'e949t2uvv3ar9k6...', Array)
#2 D:\laragon\www\method-oldagehome\system\HTTP\ResponseTrait.php(750): CodeIgniter\HTTP\Response->doSetCookie('ci_session', 'e949t2uvv3ar9k6...', Array)
#3 D:\laragon\www\method-oldagehome\system\HTTP\ResponseTrait.php(730): CodeIgniter\HTTP\Response->dispatchCookies()
#4 D:\laragon\www\method-oldagehome\system\HTTP\ResponseTrait.php(447): CodeIgniter\HTTP\Response->sendCookies()
#5 D:\laragon\www\method-oldagehome\system\Debug\ExceptionHandler.php(78): CodeIgniter\HTTP\Response->send()
#6 D:\laragon\www\method-oldagehome\system\Debug\Exceptions.php(147): CodeIgniter\Debug\ExceptionHandler->handle(Object(CodeIgniter\Exceptions\PageNotFoundException), Object(CodeIgniter\HTTP\IncomingRequest), Object(CodeIgniter\HTTP\Response), 404, 1)
#7 [internal function]: CodeIgniter\Debug\Exceptions->exceptionHandler(Object(CodeIgniter\Exceptions\PageNotFoundException))
#8 {main}
  thrown
【Previous Exception】
CodeIgniter\Exceptions\PageNotFoundException
Page Not Found
#0 D:\laragon\www\method-oldagehome\system\CodeIgniter.php(967): CodeIgniter\Exceptions\PageNotFoundException::forPageNotFound(NULL)
#1 D:\laragon\www\method-oldagehome\system\CodeIgniter.php(362): CodeIgniter\CodeIgniter->display404errors(Object(CodeIgniter\Exceptions\PageNotFoundException))
#2 D:\laragon\www\method-oldagehome\public\index.php(79): CodeIgniter\CodeIgniter->run()
#3 D:\laragon\www\method-oldagehome\system\Commands\Server\rewrite.php(47): require_once('D:\\laragon\\www\\...')
#4 {main}
in SYSTEMPATH\HTTP\ResponseTrait.php on line 774.
 1 [internal function]: CodeIgniter\Debug\Exceptions->shutdownHandler()
CRITICAL - 2024-12-15 04:00:15 --> Uncaught ErrorException: Cannot modify header information - headers already sent in D:\laragon\www\method-oldagehome\system\HTTP\ResponseTrait.php:774
Stack trace:
#0 [internal function]: CodeIgniter\Debug\Exceptions->errorHandler(2, 'Cannot modify h...', 'D:\\laragon\\www\\...', 774)
#1 D:\laragon\www\method-oldagehome\system\HTTP\ResponseTrait.php(774): setcookie('ci_session', 'e949t2uvv3ar9k6...', Array)
#2 D:\laragon\www\method-oldagehome\system\HTTP\ResponseTrait.php(750): CodeIgniter\HTTP\Response->doSetCookie('ci_session', 'e949t2uvv3ar9k6...', Array)
#3 D:\laragon\www\method-oldagehome\system\HTTP\ResponseTrait.php(730): CodeIgniter\HTTP\Response->dispatchCookies()
#4 D:\laragon\www\method-oldagehome\system\HTTP\ResponseTrait.php(447): CodeIgniter\HTTP\Response->sendCookies()
#5 D:\laragon\www\method-oldagehome\system\Debug\ExceptionHandler.php(78): CodeIgniter\HTTP\Response->send()
#6 D:\laragon\www\method-oldagehome\system\Debug\Exceptions.php(147): CodeIgniter\Debug\ExceptionHandler->handle(Object(CodeIgniter\Exceptions\PageNotFoundException), Object(CodeIgniter\HTTP\IncomingRequest), Object(CodeIgniter\HTTP\Response), 404, 1)
#7 [internal function]: CodeIgniter\Debug\Exceptions->exceptionHandler(Object(CodeIgniter\Exceptions\PageNotFoundException))
#8 {main}
  thrown
【Previous Exception】
CodeIgniter\Exceptions\PageNotFoundException
Page Not Found
#0 D:\laragon\www\method-oldagehome\system\CodeIgniter.php(967): CodeIgniter\Exceptions\PageNotFoundException::forPageNotFound(NULL)
#1 D:\laragon\www\method-oldagehome\system\CodeIgniter.php(362): CodeIgniter\CodeIgniter->display404errors(Object(CodeIgniter\Exceptions\PageNotFoundException))
#2 D:\laragon\www\method-oldagehome\public\index.php(79): CodeIgniter\CodeIgniter->run()
#3 D:\laragon\www\method-oldagehome\system\Commands\Server\rewrite.php(47): require_once('D:\\laragon\\www\\...')
#4 {main}
in SYSTEMPATH\HTTP\ResponseTrait.php on line 774.
 1 [internal function]: CodeIgniter\Debug\Exceptions->shutdownHandler()
CRITICAL - 2024-12-15 04:00:16 --> Uncaught ErrorException: Cannot modify header information - headers already sent in D:\laragon\www\method-oldagehome\system\HTTP\ResponseTrait.php:774
Stack trace:
#0 [internal function]: CodeIgniter\Debug\Exceptions->errorHandler(2, 'Cannot modify h...', 'D:\\laragon\\www\\...', 774)
#1 D:\laragon\www\method-oldagehome\system\HTTP\ResponseTrait.php(774): setcookie('ci_session', 'e949t2uvv3ar9k6...', Array)
#2 D:\laragon\www\method-oldagehome\system\HTTP\ResponseTrait.php(750): CodeIgniter\HTTP\Response->doSetCookie('ci_session', 'e949t2uvv3ar9k6...', Array)
#3 D:\laragon\www\method-oldagehome\system\HTTP\ResponseTrait.php(730): CodeIgniter\HTTP\Response->dispatchCookies()
#4 D:\laragon\www\method-oldagehome\system\HTTP\ResponseTrait.php(447): CodeIgniter\HTTP\Response->sendCookies()
#5 D:\laragon\www\method-oldagehome\system\Debug\ExceptionHandler.php(78): CodeIgniter\HTTP\Response->send()
#6 D:\laragon\www\method-oldagehome\system\Debug\Exceptions.php(147): CodeIgniter\Debug\ExceptionHandler->handle(Object(CodeIgniter\Exceptions\PageNotFoundException), Object(CodeIgniter\HTTP\IncomingRequest), Object(CodeIgniter\HTTP\Response), 404, 1)
#7 [internal function]: CodeIgniter\Debug\Exceptions->exceptionHandler(Object(CodeIgniter\Exceptions\PageNotFoundException))
#8 {main}
  thrown
【Previous Exception】
CodeIgniter\Exceptions\PageNotFoundException
Page Not Found
#0 D:\laragon\www\method-oldagehome\system\CodeIgniter.php(967): CodeIgniter\Exceptions\PageNotFoundException::forPageNotFound(NULL)
#1 D:\laragon\www\method-oldagehome\system\CodeIgniter.php(362): CodeIgniter\CodeIgniter->display404errors(Object(CodeIgniter\Exceptions\PageNotFoundException))
#2 D:\laragon\www\method-oldagehome\public\index.php(79): CodeIgniter\CodeIgniter->run()
#3 D:\laragon\www\method-oldagehome\system\Commands\Server\rewrite.php(47): require_once('D:\\laragon\\www\\...')
#4 {main}
in SYSTEMPATH\HTTP\ResponseTrait.php on line 774.
 1 [internal function]: CodeIgniter\Debug\Exceptions->shutdownHandler()
CRITICAL - 2024-12-15 04:00:17 --> Uncaught ErrorException: Cannot modify header information - headers already sent in D:\laragon\www\method-oldagehome\system\HTTP\ResponseTrait.php:774
Stack trace:
#0 [internal function]: CodeIgniter\Debug\Exceptions->errorHandler(2, 'Cannot modify h...', 'D:\\laragon\\www\\...', 774)
#1 D:\laragon\www\method-oldagehome\system\HTTP\ResponseTrait.php(774): setcookie('ci_session', 'e949t2uvv3ar9k6...', Array)
#2 D:\laragon\www\method-oldagehome\system\HTTP\ResponseTrait.php(750): CodeIgniter\HTTP\Response->doSetCookie('ci_session', 'e949t2uvv3ar9k6...', Array)
#3 D:\laragon\www\method-oldagehome\system\HTTP\ResponseTrait.php(730): CodeIgniter\HTTP\Response->dispatchCookies()
#4 D:\laragon\www\method-oldagehome\system\HTTP\ResponseTrait.php(447): CodeIgniter\HTTP\Response->sendCookies()
#5 D:\laragon\www\method-oldagehome\system\Debug\ExceptionHandler.php(78): CodeIgniter\HTTP\Response->send()
#6 D:\laragon\www\method-oldagehome\system\Debug\Exceptions.php(147): CodeIgniter\Debug\ExceptionHandler->handle(Object(CodeIgniter\Exceptions\PageNotFoundException), Object(CodeIgniter\HTTP\IncomingRequest), Object(CodeIgniter\HTTP\Response), 404, 1)
#7 [internal function]: CodeIgniter\Debug\Exceptions->exceptionHandler(Object(CodeIgniter\Exceptions\PageNotFoundException))
#8 {main}
  thrown
【Previous Exception】
CodeIgniter\Exceptions\PageNotFoundException
Page Not Found
#0 D:\laragon\www\method-oldagehome\system\CodeIgniter.php(967): CodeIgniter\Exceptions\PageNotFoundException::forPageNotFound(NULL)
#1 D:\laragon\www\method-oldagehome\system\CodeIgniter.php(362): CodeIgniter\CodeIgniter->display404errors(Object(CodeIgniter\Exceptions\PageNotFoundException))
#2 D:\laragon\www\method-oldagehome\public\index.php(79): CodeIgniter\CodeIgniter->run()
#3 D:\laragon\www\method-oldagehome\system\Commands\Server\rewrite.php(47): require_once('D:\\laragon\\www\\...')
#4 {main}
in SYSTEMPATH\HTTP\ResponseTrait.php on line 774.
 1 [internal function]: CodeIgniter\Debug\Exceptions->shutdownHandler()
CRITICAL - 2024-12-15 04:00:18 --> Uncaught ErrorException: Cannot modify header information - headers already sent in D:\laragon\www\method-oldagehome\system\HTTP\ResponseTrait.php:774
Stack trace:
#0 [internal function]: CodeIgniter\Debug\Exceptions->errorHandler(2, 'Cannot modify h...', 'D:\\laragon\\www\\...', 774)
#1 D:\laragon\www\method-oldagehome\system\HTTP\ResponseTrait.php(774): setcookie('ci_session', 'e949t2uvv3ar9k6...', Array)
#2 D:\laragon\www\method-oldagehome\system\HTTP\ResponseTrait.php(750): CodeIgniter\HTTP\Response->doSetCookie('ci_session', 'e949t2uvv3ar9k6...', Array)
#3 D:\laragon\www\method-oldagehome\system\HTTP\ResponseTrait.php(730): CodeIgniter\HTTP\Response->dispatchCookies()
#4 D:\laragon\www\method-oldagehome\system\HTTP\ResponseTrait.php(447): CodeIgniter\HTTP\Response->sendCookies()
#5 D:\laragon\www\method-oldagehome\system\Debug\ExceptionHandler.php(78): CodeIgniter\HTTP\Response->send()
#6 D:\laragon\www\method-oldagehome\system\Debug\Exceptions.php(147): CodeIgniter\Debug\ExceptionHandler->handle(Object(CodeIgniter\Exceptions\PageNotFoundException), Object(CodeIgniter\HTTP\IncomingRequest), Object(CodeIgniter\HTTP\Response), 404, 1)
#7 [internal function]: CodeIgniter\Debug\Exceptions->exceptionHandler(Object(CodeIgniter\Exceptions\PageNotFoundException))
#8 {main}
  thrown
【Previous Exception】
CodeIgniter\Exceptions\PageNotFoundException
Page Not Found
#0 D:\laragon\www\method-oldagehome\system\CodeIgniter.php(967): CodeIgniter\Exceptions\PageNotFoundException::forPageNotFound(NULL)
#1 D:\laragon\www\method-oldagehome\system\CodeIgniter.php(362): CodeIgniter\CodeIgniter->display404errors(Object(CodeIgniter\Exceptions\PageNotFoundException))
#2 D:\laragon\www\method-oldagehome\public\index.php(79): CodeIgniter\CodeIgniter->run()
#3 D:\laragon\www\method-oldagehome\system\Commands\Server\rewrite.php(47): require_once('D:\\laragon\\www\\...')
#4 {main}
in SYSTEMPATH\HTTP\ResponseTrait.php on line 774.
 1 [internal function]: CodeIgniter\Debug\Exceptions->shutdownHandler()
CRITICAL - 2024-12-15 04:00:19 --> Uncaught ErrorException: Cannot modify header information - headers already sent in D:\laragon\www\method-oldagehome\system\HTTP\ResponseTrait.php:774
Stack trace:
#0 [internal function]: CodeIgniter\Debug\Exceptions->errorHandler(2, 'Cannot modify h...', 'D:\\laragon\\www\\...', 774)
#1 D:\laragon\www\method-oldagehome\system\HTTP\ResponseTrait.php(774): setcookie('ci_session', 'e949t2uvv3ar9k6...', Array)
#2 D:\laragon\www\method-oldagehome\system\HTTP\ResponseTrait.php(750): CodeIgniter\HTTP\Response->doSetCookie('ci_session', 'e949t2uvv3ar9k6...', Array)
#3 D:\laragon\www\method-oldagehome\system\HTTP\ResponseTrait.php(730): CodeIgniter\HTTP\Response->dispatchCookies()
#4 D:\laragon\www\method-oldagehome\system\HTTP\ResponseTrait.php(447): CodeIgniter\HTTP\Response->sendCookies()
#5 D:\laragon\www\method-oldagehome\system\Debug\ExceptionHandler.php(78): CodeIgniter\HTTP\Response->send()
#6 D:\laragon\www\method-oldagehome\system\Debug\Exceptions.php(147): CodeIgniter\Debug\ExceptionHandler->handle(Object(CodeIgniter\Exceptions\PageNotFoundException), Object(CodeIgniter\HTTP\IncomingRequest), Object(CodeIgniter\HTTP\Response), 404, 1)
#7 [internal function]: CodeIgniter\Debug\Exceptions->exceptionHandler(Object(CodeIgniter\Exceptions\PageNotFoundException))
#8 {main}
  thrown
【Previous Exception】
CodeIgniter\Exceptions\PageNotFoundException
Page Not Found
#0 D:\laragon\www\method-oldagehome\system\CodeIgniter.php(967): CodeIgniter\Exceptions\PageNotFoundException::forPageNotFound(NULL)
#1 D:\laragon\www\method-oldagehome\system\CodeIgniter.php(362): CodeIgniter\CodeIgniter->display404errors(Object(CodeIgniter\Exceptions\PageNotFoundException))
#2 D:\laragon\www\method-oldagehome\public\index.php(79): CodeIgniter\CodeIgniter->run()
#3 D:\laragon\www\method-oldagehome\system\Commands\Server\rewrite.php(47): require_once('D:\\laragon\\www\\...')
#4 {main}
in SYSTEMPATH\HTTP\ResponseTrait.php on line 774.
 1 [internal function]: CodeIgniter\Debug\Exceptions->shutdownHandler()
CRITICAL - 2024-12-15 04:00:20 --> Uncaught ErrorException: Cannot modify header information - headers already sent in D:\laragon\www\method-oldagehome\system\HTTP\ResponseTrait.php:774
Stack trace:
#0 [internal function]: CodeIgniter\Debug\Exceptions->errorHandler(2, 'Cannot modify h...', 'D:\\laragon\\www\\...', 774)
#1 D:\laragon\www\method-oldagehome\system\HTTP\ResponseTrait.php(774): setcookie('ci_session', 'e949t2uvv3ar9k6...', Array)
#2 D:\laragon\www\method-oldagehome\system\HTTP\ResponseTrait.php(750): CodeIgniter\HTTP\Response->doSetCookie('ci_session', 'e949t2uvv3ar9k6...', Array)
#3 D:\laragon\www\method-oldagehome\system\HTTP\ResponseTrait.php(730): CodeIgniter\HTTP\Response->dispatchCookies()
#4 D:\laragon\www\method-oldagehome\system\HTTP\ResponseTrait.php(447): CodeIgniter\HTTP\Response->sendCookies()
#5 D:\laragon\www\method-oldagehome\system\Debug\ExceptionHandler.php(78): CodeIgniter\HTTP\Response->send()
#6 D:\laragon\www\method-oldagehome\system\Debug\Exceptions.php(147): CodeIgniter\Debug\ExceptionHandler->handle(Object(CodeIgniter\Exceptions\PageNotFoundException), Object(CodeIgniter\HTTP\IncomingRequest), Object(CodeIgniter\HTTP\Response), 404, 1)
#7 [internal function]: CodeIgniter\Debug\Exceptions->exceptionHandler(Object(CodeIgniter\Exceptions\PageNotFoundException))
#8 {main}
  thrown
【Previous Exception】
CodeIgniter\Exceptions\PageNotFoundException
Page Not Found
#0 D:\laragon\www\method-oldagehome\system\CodeIgniter.php(967): CodeIgniter\Exceptions\PageNotFoundException::forPageNotFound(NULL)
#1 D:\laragon\www\method-oldagehome\system\CodeIgniter.php(362): CodeIgniter\CodeIgniter->display404errors(Object(CodeIgniter\Exceptions\PageNotFoundException))
#2 D:\laragon\www\method-oldagehome\public\index.php(79): CodeIgniter\CodeIgniter->run()
#3 D:\laragon\www\method-oldagehome\system\Commands\Server\rewrite.php(47): require_once('D:\\laragon\\www\\...')
#4 {main}
in SYSTEMPATH\HTTP\ResponseTrait.php on line 774.
 1 [internal function]: CodeIgniter\Debug\Exceptions->shutdownHandler()
CRITICAL - 2024-12-15 04:00:21 --> Uncaught ErrorException: Cannot modify header information - headers already sent in D:\laragon\www\method-oldagehome\system\HTTP\ResponseTrait.php:774
Stack trace:
#0 [internal function]: CodeIgniter\Debug\Exceptions->errorHandler(2, 'Cannot modify h...', 'D:\\laragon\\www\\...', 774)
#1 D:\laragon\www\method-oldagehome\system\HTTP\ResponseTrait.php(774): setcookie('ci_session', 'e949t2uvv3ar9k6...', Array)
#2 D:\laragon\www\method-oldagehome\system\HTTP\ResponseTrait.php(750): CodeIgniter\HTTP\Response->doSetCookie('ci_session', 'e949t2uvv3ar9k6...', Array)
#3 D:\laragon\www\method-oldagehome\system\HTTP\ResponseTrait.php(730): CodeIgniter\HTTP\Response->dispatchCookies()
#4 D:\laragon\www\method-oldagehome\system\HTTP\ResponseTrait.php(447): CodeIgniter\HTTP\Response->sendCookies()
#5 D:\laragon\www\method-oldagehome\system\Debug\ExceptionHandler.php(78): CodeIgniter\HTTP\Response->send()
#6 D:\laragon\www\method-oldagehome\system\Debug\Exceptions.php(147): CodeIgniter\Debug\ExceptionHandler->handle(Object(CodeIgniter\Exceptions\PageNotFoundException), Object(CodeIgniter\HTTP\IncomingRequest), Object(CodeIgniter\HTTP\Response), 404, 1)
#7 [internal function]: CodeIgniter\Debug\Exceptions->exceptionHandler(Object(CodeIgniter\Exceptions\PageNotFoundException))
#8 {main}
  thrown
【Previous Exception】
CodeIgniter\Exceptions\PageNotFoundException
Page Not Found
#0 D:\laragon\www\method-oldagehome\system\CodeIgniter.php(967): CodeIgniter\Exceptions\PageNotFoundException::forPageNotFound(NULL)
#1 D:\laragon\www\method-oldagehome\system\CodeIgniter.php(362): CodeIgniter\CodeIgniter->display404errors(Object(CodeIgniter\Exceptions\PageNotFoundException))
#2 D:\laragon\www\method-oldagehome\public\index.php(79): CodeIgniter\CodeIgniter->run()
#3 D:\laragon\www\method-oldagehome\system\Commands\Server\rewrite.php(47): require_once('D:\\laragon\\www\\...')
#4 {main}
in SYSTEMPATH\HTTP\ResponseTrait.php on line 774.
 1 [internal function]: CodeIgniter\Debug\Exceptions->shutdownHandler()
CRITICAL - 2024-12-15 04:00:22 --> Uncaught ErrorException: Cannot modify header information - headers already sent in D:\laragon\www\method-oldagehome\system\HTTP\ResponseTrait.php:774
Stack trace:
#0 [internal function]: CodeIgniter\Debug\Exceptions->errorHandler(2, 'Cannot modify h...', 'D:\\laragon\\www\\...', 774)
#1 D:\laragon\www\method-oldagehome\system\HTTP\ResponseTrait.php(774): setcookie('ci_session', 'e949t2uvv3ar9k6...', Array)
#2 D:\laragon\www\method-oldagehome\system\HTTP\ResponseTrait.php(750): CodeIgniter\HTTP\Response->doSetCookie('ci_session', 'e949t2uvv3ar9k6...', Array)
#3 D:\laragon\www\method-oldagehome\system\HTTP\ResponseTrait.php(730): CodeIgniter\HTTP\Response->dispatchCookies()
#4 D:\laragon\www\method-oldagehome\system\HTTP\ResponseTrait.php(447): CodeIgniter\HTTP\Response->sendCookies()
#5 D:\laragon\www\method-oldagehome\system\Debug\ExceptionHandler.php(78): CodeIgniter\HTTP\Response->send()
#6 D:\laragon\www\method-oldagehome\system\Debug\Exceptions.php(147): CodeIgniter\Debug\ExceptionHandler->handle(Object(CodeIgniter\Exceptions\PageNotFoundException), Object(CodeIgniter\HTTP\IncomingRequest), Object(CodeIgniter\HTTP\Response), 404, 1)
#7 [internal function]: CodeIgniter\Debug\Exceptions->exceptionHandler(Object(CodeIgniter\Exceptions\PageNotFoundException))
#8 {main}
  thrown
【Previous Exception】
CodeIgniter\Exceptions\PageNotFoundException
Page Not Found
#0 D:\laragon\www\method-oldagehome\system\CodeIgniter.php(967): CodeIgniter\Exceptions\PageNotFoundException::forPageNotFound(NULL)
#1 D:\laragon\www\method-oldagehome\system\CodeIgniter.php(362): CodeIgniter\CodeIgniter->display404errors(Object(CodeIgniter\Exceptions\PageNotFoundException))
#2 D:\laragon\www\method-oldagehome\public\index.php(79): CodeIgniter\CodeIgniter->run()
#3 D:\laragon\www\method-oldagehome\system\Commands\Server\rewrite.php(47): require_once('D:\\laragon\\www\\...')
#4 {main}
in SYSTEMPATH\HTTP\ResponseTrait.php on line 774.
 1 [internal function]: CodeIgniter\Debug\Exceptions->shutdownHandler()
CRITICAL - 2024-12-15 04:00:23 --> Uncaught ErrorException: Cannot modify header information - headers already sent in D:\laragon\www\method-oldagehome\system\HTTP\ResponseTrait.php:774
Stack trace:
#0 [internal function]: CodeIgniter\Debug\Exceptions->errorHandler(2, 'Cannot modify h...', 'D:\\laragon\\www\\...', 774)
#1 D:\laragon\www\method-oldagehome\system\HTTP\ResponseTrait.php(774): setcookie('ci_session', 'e949t2uvv3ar9k6...', Array)
#2 D:\laragon\www\method-oldagehome\system\HTTP\ResponseTrait.php(750): CodeIgniter\HTTP\Response->doSetCookie('ci_session', 'e949t2uvv3ar9k6...', Array)
#3 D:\laragon\www\method-oldagehome\system\HTTP\ResponseTrait.php(730): CodeIgniter\HTTP\Response->dispatchCookies()
#4 D:\laragon\www\method-oldagehome\system\HTTP\ResponseTrait.php(447): CodeIgniter\HTTP\Response->sendCookies()
#5 D:\laragon\www\method-oldagehome\system\Debug\ExceptionHandler.php(78): CodeIgniter\HTTP\Response->send()
#6 D:\laragon\www\method-oldagehome\system\Debug\Exceptions.php(147): CodeIgniter\Debug\ExceptionHandler->handle(Object(CodeIgniter\Exceptions\PageNotFoundException), Object(CodeIgniter\HTTP\IncomingRequest), Object(CodeIgniter\HTTP\Response), 404, 1)
#7 [internal function]: CodeIgniter\Debug\Exceptions->exceptionHandler(Object(CodeIgniter\Exceptions\PageNotFoundException))
#8 {main}
  thrown
【Previous Exception】
CodeIgniter\Exceptions\PageNotFoundException
Page Not Found
#0 D:\laragon\www\method-oldagehome\system\CodeIgniter.php(967): CodeIgniter\Exceptions\PageNotFoundException::forPageNotFound(NULL)
#1 D:\laragon\www\method-oldagehome\system\CodeIgniter.php(362): CodeIgniter\CodeIgniter->display404errors(Object(CodeIgniter\Exceptions\PageNotFoundException))
#2 D:\laragon\www\method-oldagehome\public\index.php(79): CodeIgniter\CodeIgniter->run()
#3 D:\laragon\www\method-oldagehome\system\Commands\Server\rewrite.php(47): require_once('D:\\laragon\\www\\...')
#4 {main}
in SYSTEMPATH\HTTP\ResponseTrait.php on line 774.
 1 [internal function]: CodeIgniter\Debug\Exceptions->shutdownHandler()
CRITICAL - 2024-12-15 04:00:24 --> Uncaught ErrorException: Cannot modify header information - headers already sent in D:\laragon\www\method-oldagehome\system\HTTP\ResponseTrait.php:774
Stack trace:
#0 [internal function]: CodeIgniter\Debug\Exceptions->errorHandler(2, 'Cannot modify h...', 'D:\\laragon\\www\\...', 774)
#1 D:\laragon\www\method-oldagehome\system\HTTP\ResponseTrait.php(774): setcookie('ci_session', 'e949t2uvv3ar9k6...', Array)
#2 D:\laragon\www\method-oldagehome\system\HTTP\ResponseTrait.php(750): CodeIgniter\HTTP\Response->doSetCookie('ci_session', 'e949t2uvv3ar9k6...', Array)
#3 D:\laragon\www\method-oldagehome\system\HTTP\ResponseTrait.php(730): CodeIgniter\HTTP\Response->dispatchCookies()
#4 D:\laragon\www\method-oldagehome\system\HTTP\ResponseTrait.php(447): CodeIgniter\HTTP\Response->sendCookies()
#5 D:\laragon\www\method-oldagehome\system\Debug\ExceptionHandler.php(78): CodeIgniter\HTTP\Response->send()
#6 D:\laragon\www\method-oldagehome\system\Debug\Exceptions.php(147): CodeIgniter\Debug\ExceptionHandler->handle(Object(CodeIgniter\Exceptions\PageNotFoundException), Object(CodeIgniter\HTTP\IncomingRequest), Object(CodeIgniter\HTTP\Response), 404, 1)
#7 [internal function]: CodeIgniter\Debug\Exceptions->exceptionHandler(Object(CodeIgniter\Exceptions\PageNotFoundException))
#8 {main}
  thrown
【Previous Exception】
CodeIgniter\Exceptions\PageNotFoundException
Page Not Found
#0 D:\laragon\www\method-oldagehome\system\CodeIgniter.php(967): CodeIgniter\Exceptions\PageNotFoundException::forPageNotFound(NULL)
#1 D:\laragon\www\method-oldagehome\system\CodeIgniter.php(362): CodeIgniter\CodeIgniter->display404errors(Object(CodeIgniter\Exceptions\PageNotFoundException))
#2 D:\laragon\www\method-oldagehome\public\index.php(79): CodeIgniter\CodeIgniter->run()
#3 D:\laragon\www\method-oldagehome\system\Commands\Server\rewrite.php(47): require_once('D:\\laragon\\www\\...')
#4 {main}
in SYSTEMPATH\HTTP\ResponseTrait.php on line 774.
 1 [internal function]: CodeIgniter\Debug\Exceptions->shutdownHandler()
CRITICAL - 2024-12-15 04:00:25 --> Uncaught ErrorException: Cannot modify header information - headers already sent in D:\laragon\www\method-oldagehome\system\HTTP\ResponseTrait.php:774
Stack trace:
#0 [internal function]: CodeIgniter\Debug\Exceptions->errorHandler(2, 'Cannot modify h...', 'D:\\laragon\\www\\...', 774)
#1 D:\laragon\www\method-oldagehome\system\HTTP\ResponseTrait.php(774): setcookie('ci_session', 'e949t2uvv3ar9k6...', Array)
#2 D:\laragon\www\method-oldagehome\system\HTTP\ResponseTrait.php(750): CodeIgniter\HTTP\Response->doSetCookie('ci_session', 'e949t2uvv3ar9k6...', Array)
#3 D:\laragon\www\method-oldagehome\system\HTTP\ResponseTrait.php(730): CodeIgniter\HTTP\Response->dispatchCookies()
#4 D:\laragon\www\method-oldagehome\system\HTTP\ResponseTrait.php(447): CodeIgniter\HTTP\Response->sendCookies()
#5 D:\laragon\www\method-oldagehome\system\Debug\ExceptionHandler.php(78): CodeIgniter\HTTP\Response->send()
#6 D:\laragon\www\method-oldagehome\system\Debug\Exceptions.php(147): CodeIgniter\Debug\ExceptionHandler->handle(Object(CodeIgniter\Exceptions\PageNotFoundException), Object(CodeIgniter\HTTP\IncomingRequest), Object(CodeIgniter\HTTP\Response), 404, 1)
#7 [internal function]: CodeIgniter\Debug\Exceptions->exceptionHandler(Object(CodeIgniter\Exceptions\PageNotFoundException))
#8 {main}
  thrown
【Previous Exception】
CodeIgniter\Exceptions\PageNotFoundException
Page Not Found
#0 D:\laragon\www\method-oldagehome\system\CodeIgniter.php(967): CodeIgniter\Exceptions\PageNotFoundException::forPageNotFound(NULL)
#1 D:\laragon\www\method-oldagehome\system\CodeIgniter.php(362): CodeIgniter\CodeIgniter->display404errors(Object(CodeIgniter\Exceptions\PageNotFoundException))
#2 D:\laragon\www\method-oldagehome\public\index.php(79): CodeIgniter\CodeIgniter->run()
#3 D:\laragon\www\method-oldagehome\system\Commands\Server\rewrite.php(47): require_once('D:\\laragon\\www\\...')
#4 {main}
in SYSTEMPATH\HTTP\ResponseTrait.php on line 774.
 1 [internal function]: CodeIgniter\Debug\Exceptions->shutdownHandler()
CRITICAL - 2024-12-15 04:00:26 --> Uncaught ErrorException: Cannot modify header information - headers already sent in D:\laragon\www\method-oldagehome\system\HTTP\ResponseTrait.php:774
Stack trace:
#0 [internal function]: CodeIgniter\Debug\Exceptions->errorHandler(2, 'Cannot modify h...', 'D:\\laragon\\www\\...', 774)
#1 D:\laragon\www\method-oldagehome\system\HTTP\ResponseTrait.php(774): setcookie('ci_session', 'e949t2uvv3ar9k6...', Array)
#2 D:\laragon\www\method-oldagehome\system\HTTP\ResponseTrait.php(750): CodeIgniter\HTTP\Response->doSetCookie('ci_session', 'e949t2uvv3ar9k6...', Array)
#3 D:\laragon\www\method-oldagehome\system\HTTP\ResponseTrait.php(730): CodeIgniter\HTTP\Response->dispatchCookies()
#4 D:\laragon\www\method-oldagehome\system\HTTP\ResponseTrait.php(447): CodeIgniter\HTTP\Response->sendCookies()
#5 D:\laragon\www\method-oldagehome\system\Debug\ExceptionHandler.php(78): CodeIgniter\HTTP\Response->send()
#6 D:\laragon\www\method-oldagehome\system\Debug\Exceptions.php(147): CodeIgniter\Debug\ExceptionHandler->handle(Object(CodeIgniter\Exceptions\PageNotFoundException), Object(CodeIgniter\HTTP\IncomingRequest), Object(CodeIgniter\HTTP\Response), 404, 1)
#7 [internal function]: CodeIgniter\Debug\Exceptions->exceptionHandler(Object(CodeIgniter\Exceptions\PageNotFoundException))
#8 {main}
  thrown
【Previous Exception】
CodeIgniter\Exceptions\PageNotFoundException
Page Not Found
#0 D:\laragon\www\method-oldagehome\system\CodeIgniter.php(967): CodeIgniter\Exceptions\PageNotFoundException::forPageNotFound(NULL)
#1 D:\laragon\www\method-oldagehome\system\CodeIgniter.php(362): CodeIgniter\CodeIgniter->display404errors(Object(CodeIgniter\Exceptions\PageNotFoundException))
#2 D:\laragon\www\method-oldagehome\public\index.php(79): CodeIgniter\CodeIgniter->run()
#3 D:\laragon\www\method-oldagehome\system\Commands\Server\rewrite.php(47): require_once('D:\\laragon\\www\\...')
#4 {main}
in SYSTEMPATH\HTTP\ResponseTrait.php on line 774.
 1 [internal function]: CodeIgniter\Debug\Exceptions->shutdownHandler()
CRITICAL - 2024-12-15 04:00:27 --> Uncaught ErrorException: Cannot modify header information - headers already sent in D:\laragon\www\method-oldagehome\system\HTTP\ResponseTrait.php:774
Stack trace:
#0 [internal function]: CodeIgniter\Debug\Exceptions->errorHandler(2, 'Cannot modify h...', 'D:\\laragon\\www\\...', 774)
#1 D:\laragon\www\method-oldagehome\system\HTTP\ResponseTrait.php(774): setcookie('ci_session', 'e949t2uvv3ar9k6...', Array)
#2 D:\laragon\www\method-oldagehome\system\HTTP\ResponseTrait.php(750): CodeIgniter\HTTP\Response->doSetCookie('ci_session', 'e949t2uvv3ar9k6...', Array)
#3 D:\laragon\www\method-oldagehome\system\HTTP\ResponseTrait.php(730): CodeIgniter\HTTP\Response->dispatchCookies()
#4 D:\laragon\www\method-oldagehome\system\HTTP\ResponseTrait.php(447): CodeIgniter\HTTP\Response->sendCookies()
#5 D:\laragon\www\method-oldagehome\system\Debug\ExceptionHandler.php(78): CodeIgniter\HTTP\Response->send()
#6 D:\laragon\www\method-oldagehome\system\Debug\Exceptions.php(147): CodeIgniter\Debug\ExceptionHandler->handle(Object(CodeIgniter\Exceptions\PageNotFoundException), Object(CodeIgniter\HTTP\IncomingRequest), Object(CodeIgniter\HTTP\Response), 404, 1)
#7 [internal function]: CodeIgniter\Debug\Exceptions->exceptionHandler(Object(CodeIgniter\Exceptions\PageNotFoundException))
#8 {main}
  thrown
【Previous Exception】
CodeIgniter\Exceptions\PageNotFoundException
Page Not Found
#0 D:\laragon\www\method-oldagehome\system\CodeIgniter.php(967): CodeIgniter\Exceptions\PageNotFoundException::forPageNotFound(NULL)
#1 D:\laragon\www\method-oldagehome\system\CodeIgniter.php(362): CodeIgniter\CodeIgniter->display404errors(Object(CodeIgniter\Exceptions\PageNotFoundException))
#2 D:\laragon\www\method-oldagehome\public\index.php(79): CodeIgniter\CodeIgniter->run()
#3 D:\laragon\www\method-oldagehome\system\Commands\Server\rewrite.php(47): require_once('D:\\laragon\\www\\...')
#4 {main}
in SYSTEMPATH\HTTP\ResponseTrait.php on line 774.
 1 [internal function]: CodeIgniter\Debug\Exceptions->shutdownHandler()
CRITICAL - 2024-12-15 04:00:28 --> Uncaught ErrorException: Cannot modify header information - headers already sent in D:\laragon\www\method-oldagehome\system\HTTP\ResponseTrait.php:774
Stack trace:
#0 [internal function]: CodeIgniter\Debug\Exceptions->errorHandler(2, 'Cannot modify h...', 'D:\\laragon\\www\\...', 774)
#1 D:\laragon\www\method-oldagehome\system\HTTP\ResponseTrait.php(774): setcookie('ci_session', 'e949t2uvv3ar9k6...', Array)
#2 D:\laragon\www\method-oldagehome\system\HTTP\ResponseTrait.php(750): CodeIgniter\HTTP\Response->doSetCookie('ci_session', 'e949t2uvv3ar9k6...', Array)
#3 D:\laragon\www\method-oldagehome\system\HTTP\ResponseTrait.php(730): CodeIgniter\HTTP\Response->dispatchCookies()
#4 D:\laragon\www\method-oldagehome\system\HTTP\ResponseTrait.php(447): CodeIgniter\HTTP\Response->sendCookies()
#5 D:\laragon\www\method-oldagehome\system\Debug\ExceptionHandler.php(78): CodeIgniter\HTTP\Response->send()
#6 D:\laragon\www\method-oldagehome\system\Debug\Exceptions.php(147): CodeIgniter\Debug\ExceptionHandler->handle(Object(CodeIgniter\Exceptions\PageNotFoundException), Object(CodeIgniter\HTTP\IncomingRequest), Object(CodeIgniter\HTTP\Response), 404, 1)
#7 [internal function]: CodeIgniter\Debug\Exceptions->exceptionHandler(Object(CodeIgniter\Exceptions\PageNotFoundException))
#8 {main}
  thrown
【Previous Exception】
CodeIgniter\Exceptions\PageNotFoundException
Page Not Found
#0 D:\laragon\www\method-oldagehome\system\CodeIgniter.php(967): CodeIgniter\Exceptions\PageNotFoundException::forPageNotFound(NULL)
#1 D:\laragon\www\method-oldagehome\system\CodeIgniter.php(362): CodeIgniter\CodeIgniter->display404errors(Object(CodeIgniter\Exceptions\PageNotFoundException))
#2 D:\laragon\www\method-oldagehome\public\index.php(79): CodeIgniter\CodeIgniter->run()
#3 D:\laragon\www\method-oldagehome\system\Commands\Server\rewrite.php(47): require_once('D:\\laragon\\www\\...')
#4 {main}
in SYSTEMPATH\HTTP\ResponseTrait.php on line 774.
 1 [internal function]: CodeIgniter\Debug\Exceptions->shutdownHandler()
CRITICAL - 2024-12-15 04:00:29 --> Uncaught ErrorException: Cannot modify header information - headers already sent in D:\laragon\www\method-oldagehome\system\HTTP\ResponseTrait.php:774
Stack trace:
#0 [internal function]: CodeIgniter\Debug\Exceptions->errorHandler(2, 'Cannot modify h...', 'D:\\laragon\\www\\...', 774)
#1 D:\laragon\www\method-oldagehome\system\HTTP\ResponseTrait.php(774): setcookie('ci_session', 'e949t2uvv3ar9k6...', Array)
#2 D:\laragon\www\method-oldagehome\system\HTTP\ResponseTrait.php(750): CodeIgniter\HTTP\Response->doSetCookie('ci_session', 'e949t2uvv3ar9k6...', Array)
#3 D:\laragon\www\method-oldagehome\system\HTTP\ResponseTrait.php(730): CodeIgniter\HTTP\Response->dispatchCookies()
#4 D:\laragon\www\method-oldagehome\system\HTTP\ResponseTrait.php(447): CodeIgniter\HTTP\Response->sendCookies()
#5 D:\laragon\www\method-oldagehome\system\Debug\ExceptionHandler.php(78): CodeIgniter\HTTP\Response->send()
#6 D:\laragon\www\method-oldagehome\system\Debug\Exceptions.php(147): CodeIgniter\Debug\ExceptionHandler->handle(Object(CodeIgniter\Exceptions\PageNotFoundException), Object(CodeIgniter\HTTP\IncomingRequest), Object(CodeIgniter\HTTP\Response), 404, 1)
#7 [internal function]: CodeIgniter\Debug\Exceptions->exceptionHandler(Object(CodeIgniter\Exceptions\PageNotFoundException))
#8 {main}
  thrown
【Previous Exception】
CodeIgniter\Exceptions\PageNotFoundException
Page Not Found
#0 D:\laragon\www\method-oldagehome\system\CodeIgniter.php(967): CodeIgniter\Exceptions\PageNotFoundException::forPageNotFound(NULL)
#1 D:\laragon\www\method-oldagehome\system\CodeIgniter.php(362): CodeIgniter\CodeIgniter->display404errors(Object(CodeIgniter\Exceptions\PageNotFoundException))
#2 D:\laragon\www\method-oldagehome\public\index.php(79): CodeIgniter\CodeIgniter->run()
#3 D:\laragon\www\method-oldagehome\system\Commands\Server\rewrite.php(47): require_once('D:\\laragon\\www\\...')
#4 {main}
in SYSTEMPATH\HTTP\ResponseTrait.php on line 774.
 1 [internal function]: CodeIgniter\Debug\Exceptions->shutdownHandler()
CRITICAL - 2024-12-15 04:00:30 --> Uncaught ErrorException: Cannot modify header information - headers already sent in D:\laragon\www\method-oldagehome\system\HTTP\ResponseTrait.php:774
Stack trace:
#0 [internal function]: CodeIgniter\Debug\Exceptions->errorHandler(2, 'Cannot modify h...', 'D:\\laragon\\www\\...', 774)
#1 D:\laragon\www\method-oldagehome\system\HTTP\ResponseTrait.php(774): setcookie('ci_session', 'e949t2uvv3ar9k6...', Array)
#2 D:\laragon\www\method-oldagehome\system\HTTP\ResponseTrait.php(750): CodeIgniter\HTTP\Response->doSetCookie('ci_session', 'e949t2uvv3ar9k6...', Array)
#3 D:\laragon\www\method-oldagehome\system\HTTP\ResponseTrait.php(730): CodeIgniter\HTTP\Response->dispatchCookies()
#4 D:\laragon\www\method-oldagehome\system\HTTP\ResponseTrait.php(447): CodeIgniter\HTTP\Response->sendCookies()
#5 D:\laragon\www\method-oldagehome\system\Debug\ExceptionHandler.php(78): CodeIgniter\HTTP\Response->send()
#6 D:\laragon\www\method-oldagehome\system\Debug\Exceptions.php(147): CodeIgniter\Debug\ExceptionHandler->handle(Object(CodeIgniter\Exceptions\PageNotFoundException), Object(CodeIgniter\HTTP\IncomingRequest), Object(CodeIgniter\HTTP\Response), 404, 1)
#7 [internal function]: CodeIgniter\Debug\Exceptions->exceptionHandler(Object(CodeIgniter\Exceptions\PageNotFoundException))
#8 {main}
  thrown
【Previous Exception】
CodeIgniter\Exceptions\PageNotFoundException
Page Not Found
#0 D:\laragon\www\method-oldagehome\system\CodeIgniter.php(967): CodeIgniter\Exceptions\PageNotFoundException::forPageNotFound(NULL)
#1 D:\laragon\www\method-oldagehome\system\CodeIgniter.php(362): CodeIgniter\CodeIgniter->display404errors(Object(CodeIgniter\Exceptions\PageNotFoundException))
#2 D:\laragon\www\method-oldagehome\public\index.php(79): CodeIgniter\CodeIgniter->run()
#3 D:\laragon\www\method-oldagehome\system\Commands\Server\rewrite.php(47): require_once('D:\\laragon\\www\\...')
#4 {main}
in SYSTEMPATH\HTTP\ResponseTrait.php on line 774.
 1 [internal function]: CodeIgniter\Debug\Exceptions->shutdownHandler()
CRITICAL - 2024-12-15 04:00:31 --> Uncaught ErrorException: Cannot modify header information - headers already sent in D:\laragon\www\method-oldagehome\system\HTTP\ResponseTrait.php:774
Stack trace:
#0 [internal function]: CodeIgniter\Debug\Exceptions->errorHandler(2, 'Cannot modify h...', 'D:\\laragon\\www\\...', 774)
#1 D:\laragon\www\method-oldagehome\system\HTTP\ResponseTrait.php(774): setcookie('ci_session', 'e949t2uvv3ar9k6...', Array)
#2 D:\laragon\www\method-oldagehome\system\HTTP\ResponseTrait.php(750): CodeIgniter\HTTP\Response->doSetCookie('ci_session', 'e949t2uvv3ar9k6...', Array)
#3 D:\laragon\www\method-oldagehome\system\HTTP\ResponseTrait.php(730): CodeIgniter\HTTP\Response->dispatchCookies()
#4 D:\laragon\www\method-oldagehome\system\HTTP\ResponseTrait.php(447): CodeIgniter\HTTP\Response->sendCookies()
#5 D:\laragon\www\method-oldagehome\system\Debug\ExceptionHandler.php(78): CodeIgniter\HTTP\Response->send()
#6 D:\laragon\www\method-oldagehome\system\Debug\Exceptions.php(147): CodeIgniter\Debug\ExceptionHandler->handle(Object(CodeIgniter\Exceptions\PageNotFoundException), Object(CodeIgniter\HTTP\IncomingRequest), Object(CodeIgniter\HTTP\Response), 404, 1)
#7 [internal function]: CodeIgniter\Debug\Exceptions->exceptionHandler(Object(CodeIgniter\Exceptions\PageNotFoundException))
#8 {main}
  thrown
【Previous Exception】
CodeIgniter\Exceptions\PageNotFoundException
Page Not Found
#0 D:\laragon\www\method-oldagehome\system\CodeIgniter.php(967): CodeIgniter\Exceptions\PageNotFoundException::forPageNotFound(NULL)
#1 D:\laragon\www\method-oldagehome\system\CodeIgniter.php(362): CodeIgniter\CodeIgniter->display404errors(Object(CodeIgniter\Exceptions\PageNotFoundException))
#2 D:\laragon\www\method-oldagehome\public\index.php(79): CodeIgniter\CodeIgniter->run()
#3 D:\laragon\www\method-oldagehome\system\Commands\Server\rewrite.php(47): require_once('D:\\laragon\\www\\...')
#4 {main}
in SYSTEMPATH\HTTP\ResponseTrait.php on line 774.
 1 [internal function]: CodeIgniter\Debug\Exceptions->shutdownHandler()
CRITICAL - 2024-12-15 04:00:32 --> Uncaught ErrorException: Cannot modify header information - headers already sent in D:\laragon\www\method-oldagehome\system\HTTP\ResponseTrait.php:774
Stack trace:
#0 [internal function]: CodeIgniter\Debug\Exceptions->errorHandler(2, 'Cannot modify h...', 'D:\\laragon\\www\\...', 774)
#1 D:\laragon\www\method-oldagehome\system\HTTP\ResponseTrait.php(774): setcookie('ci_session', 'e949t2uvv3ar9k6...', Array)
#2 D:\laragon\www\method-oldagehome\system\HTTP\ResponseTrait.php(750): CodeIgniter\HTTP\Response->doSetCookie('ci_session', 'e949t2uvv3ar9k6...', Array)
#3 D:\laragon\www\method-oldagehome\system\HTTP\ResponseTrait.php(730): CodeIgniter\HTTP\Response->dispatchCookies()
#4 D:\laragon\www\method-oldagehome\system\HTTP\ResponseTrait.php(447): CodeIgniter\HTTP\Response->sendCookies()
#5 D:\laragon\www\method-oldagehome\system\Debug\ExceptionHandler.php(78): CodeIgniter\HTTP\Response->send()
#6 D:\laragon\www\method-oldagehome\system\Debug\Exceptions.php(147): CodeIgniter\Debug\ExceptionHandler->handle(Object(CodeIgniter\Exceptions\PageNotFoundException), Object(CodeIgniter\HTTP\IncomingRequest), Object(CodeIgniter\HTTP\Response), 404, 1)
#7 [internal function]: CodeIgniter\Debug\Exceptions->exceptionHandler(Object(CodeIgniter\Exceptions\PageNotFoundException))
#8 {main}
  thrown
【Previous Exception】
CodeIgniter\Exceptions\PageNotFoundException
Page Not Found
#0 D:\laragon\www\method-oldagehome\system\CodeIgniter.php(967): CodeIgniter\Exceptions\PageNotFoundException::forPageNotFound(NULL)
#1 D:\laragon\www\method-oldagehome\system\CodeIgniter.php(362): CodeIgniter\CodeIgniter->display404errors(Object(CodeIgniter\Exceptions\PageNotFoundException))
#2 D:\laragon\www\method-oldagehome\public\index.php(79): CodeIgniter\CodeIgniter->run()
#3 D:\laragon\www\method-oldagehome\system\Commands\Server\rewrite.php(47): require_once('D:\\laragon\\www\\...')
#4 {main}
in SYSTEMPATH\HTTP\ResponseTrait.php on line 774.
 1 [internal function]: CodeIgniter\Debug\Exceptions->shutdownHandler()
CRITICAL - 2024-12-15 04:00:33 --> Uncaught ErrorException: Cannot modify header information - headers already sent in D:\laragon\www\method-oldagehome\system\HTTP\ResponseTrait.php:774
Stack trace:
#0 [internal function]: CodeIgniter\Debug\Exceptions->errorHandler(2, 'Cannot modify h...', 'D:\\laragon\\www\\...', 774)
#1 D:\laragon\www\method-oldagehome\system\HTTP\ResponseTrait.php(774): setcookie('ci_session', 'e949t2uvv3ar9k6...', Array)
#2 D:\laragon\www\method-oldagehome\system\HTTP\ResponseTrait.php(750): CodeIgniter\HTTP\Response->doSetCookie('ci_session', 'e949t2uvv3ar9k6...', Array)
#3 D:\laragon\www\method-oldagehome\system\HTTP\ResponseTrait.php(730): CodeIgniter\HTTP\Response->dispatchCookies()
#4 D:\laragon\www\method-oldagehome\system\HTTP\ResponseTrait.php(447): CodeIgniter\HTTP\Response->sendCookies()
#5 D:\laragon\www\method-oldagehome\system\Debug\ExceptionHandler.php(78): CodeIgniter\HTTP\Response->send()
#6 D:\laragon\www\method-oldagehome\system\Debug\Exceptions.php(147): CodeIgniter\Debug\ExceptionHandler->handle(Object(CodeIgniter\Exceptions\PageNotFoundException), Object(CodeIgniter\HTTP\IncomingRequest), Object(CodeIgniter\HTTP\Response), 404, 1)
#7 [internal function]: CodeIgniter\Debug\Exceptions->exceptionHandler(Object(CodeIgniter\Exceptions\PageNotFoundException))
#8 {main}
  thrown
【Previous Exception】
CodeIgniter\Exceptions\PageNotFoundException
Page Not Found
#0 D:\laragon\www\method-oldagehome\system\CodeIgniter.php(967): CodeIgniter\Exceptions\PageNotFoundException::forPageNotFound(NULL)
#1 D:\laragon\www\method-oldagehome\system\CodeIgniter.php(362): CodeIgniter\CodeIgniter->display404errors(Object(CodeIgniter\Exceptions\PageNotFoundException))
#2 D:\laragon\www\method-oldagehome\public\index.php(79): CodeIgniter\CodeIgniter->run()
#3 D:\laragon\www\method-oldagehome\system\Commands\Server\rewrite.php(47): require_once('D:\\laragon\\www\\...')
#4 {main}
in SYSTEMPATH\HTTP\ResponseTrait.php on line 774.
 1 [internal function]: CodeIgniter\Debug\Exceptions->shutdownHandler()
CRITICAL - 2024-12-15 04:00:34 --> Uncaught ErrorException: Cannot modify header information - headers already sent in D:\laragon\www\method-oldagehome\system\HTTP\ResponseTrait.php:774
Stack trace:
#0 [internal function]: CodeIgniter\Debug\Exceptions->errorHandler(2, 'Cannot modify h...', 'D:\\laragon\\www\\...', 774)
#1 D:\laragon\www\method-oldagehome\system\HTTP\ResponseTrait.php(774): setcookie('ci_session', 'e949t2uvv3ar9k6...', Array)
#2 D:\laragon\www\method-oldagehome\system\HTTP\ResponseTrait.php(750): CodeIgniter\HTTP\Response->doSetCookie('ci_session', 'e949t2uvv3ar9k6...', Array)
#3 D:\laragon\www\method-oldagehome\system\HTTP\ResponseTrait.php(730): CodeIgniter\HTTP\Response->dispatchCookies()
#4 D:\laragon\www\method-oldagehome\system\HTTP\ResponseTrait.php(447): CodeIgniter\HTTP\Response->sendCookies()
#5 D:\laragon\www\method-oldagehome\system\Debug\ExceptionHandler.php(78): CodeIgniter\HTTP\Response->send()
#6 D:\laragon\www\method-oldagehome\system\Debug\Exceptions.php(147): CodeIgniter\Debug\ExceptionHandler->handle(Object(CodeIgniter\Exceptions\PageNotFoundException), Object(CodeIgniter\HTTP\IncomingRequest), Object(CodeIgniter\HTTP\Response), 404, 1)
#7 [internal function]: CodeIgniter\Debug\Exceptions->exceptionHandler(Object(CodeIgniter\Exceptions\PageNotFoundException))
#8 {main}
  thrown
【Previous Exception】
CodeIgniter\Exceptions\PageNotFoundException
Page Not Found
#0 D:\laragon\www\method-oldagehome\system\CodeIgniter.php(967): CodeIgniter\Exceptions\PageNotFoundException::forPageNotFound(NULL)
#1 D:\laragon\www\method-oldagehome\system\CodeIgniter.php(362): CodeIgniter\CodeIgniter->display404errors(Object(CodeIgniter\Exceptions\PageNotFoundException))
#2 D:\laragon\www\method-oldagehome\public\index.php(79): CodeIgniter\CodeIgniter->run()
#3 D:\laragon\www\method-oldagehome\system\Commands\Server\rewrite.php(47): require_once('D:\\laragon\\www\\...')
#4 {main}
in SYSTEMPATH\HTTP\ResponseTrait.php on line 774.
 1 [internal function]: CodeIgniter\Debug\Exceptions->shutdownHandler()
CRITICAL - 2024-12-15 04:00:35 --> Uncaught ErrorException: Cannot modify header information - headers already sent in D:\laragon\www\method-oldagehome\system\HTTP\ResponseTrait.php:774
Stack trace:
#0 [internal function]: CodeIgniter\Debug\Exceptions->errorHandler(2, 'Cannot modify h...', 'D:\\laragon\\www\\...', 774)
#1 D:\laragon\www\method-oldagehome\system\HTTP\ResponseTrait.php(774): setcookie('ci_session', 'e949t2uvv3ar9k6...', Array)
#2 D:\laragon\www\method-oldagehome\system\HTTP\ResponseTrait.php(750): CodeIgniter\HTTP\Response->doSetCookie('ci_session', 'e949t2uvv3ar9k6...', Array)
#3 D:\laragon\www\method-oldagehome\system\HTTP\ResponseTrait.php(730): CodeIgniter\HTTP\Response->dispatchCookies()
#4 D:\laragon\www\method-oldagehome\system\HTTP\ResponseTrait.php(447): CodeIgniter\HTTP\Response->sendCookies()
#5 D:\laragon\www\method-oldagehome\system\Debug\ExceptionHandler.php(78): CodeIgniter\HTTP\Response->send()
#6 D:\laragon\www\method-oldagehome\system\Debug\Exceptions.php(147): CodeIgniter\Debug\ExceptionHandler->handle(Object(CodeIgniter\Exceptions\PageNotFoundException), Object(CodeIgniter\HTTP\IncomingRequest), Object(CodeIgniter\HTTP\Response), 404, 1)
#7 [internal function]: CodeIgniter\Debug\Exceptions->exceptionHandler(Object(CodeIgniter\Exceptions\PageNotFoundException))
#8 {main}
  thrown
【Previous Exception】
CodeIgniter\Exceptions\PageNotFoundException
Page Not Found
#0 D:\laragon\www\method-oldagehome\system\CodeIgniter.php(967): CodeIgniter\Exceptions\PageNotFoundException::forPageNotFound(NULL)
#1 D:\laragon\www\method-oldagehome\system\CodeIgniter.php(362): CodeIgniter\CodeIgniter->display404errors(Object(CodeIgniter\Exceptions\PageNotFoundException))
#2 D:\laragon\www\method-oldagehome\public\index.php(79): CodeIgniter\CodeIgniter->run()
#3 D:\laragon\www\method-oldagehome\system\Commands\Server\rewrite.php(47): require_once('D:\\laragon\\www\\...')
#4 {main}
in SYSTEMPATH\HTTP\ResponseTrait.php on line 774.
 1 [internal function]: CodeIgniter\Debug\Exceptions->shutdownHandler()
CRITICAL - 2024-12-15 04:00:36 --> Uncaught ErrorException: Cannot modify header information - headers already sent in D:\laragon\www\method-oldagehome\system\HTTP\ResponseTrait.php:774
Stack trace:
#0 [internal function]: CodeIgniter\Debug\Exceptions->errorHandler(2, 'Cannot modify h...', 'D:\\laragon\\www\\...', 774)
#1 D:\laragon\www\method-oldagehome\system\HTTP\ResponseTrait.php(774): setcookie('ci_session', 'e949t2uvv3ar9k6...', Array)
#2 D:\laragon\www\method-oldagehome\system\HTTP\ResponseTrait.php(750): CodeIgniter\HTTP\Response->doSetCookie('ci_session', 'e949t2uvv3ar9k6...', Array)
#3 D:\laragon\www\method-oldagehome\system\HTTP\ResponseTrait.php(730): CodeIgniter\HTTP\Response->dispatchCookies()
#4 D:\laragon\www\method-oldagehome\system\HTTP\ResponseTrait.php(447): CodeIgniter\HTTP\Response->sendCookies()
#5 D:\laragon\www\method-oldagehome\system\Debug\ExceptionHandler.php(78): CodeIgniter\HTTP\Response->send()
#6 D:\laragon\www\method-oldagehome\system\Debug\Exceptions.php(147): CodeIgniter\Debug\ExceptionHandler->handle(Object(CodeIgniter\Exceptions\PageNotFoundException), Object(CodeIgniter\HTTP\IncomingRequest), Object(CodeIgniter\HTTP\Response), 404, 1)
#7 [internal function]: CodeIgniter\Debug\Exceptions->exceptionHandler(Object(CodeIgniter\Exceptions\PageNotFoundException))
#8 {main}
  thrown
【Previous Exception】
CodeIgniter\Exceptions\PageNotFoundException
Page Not Found
#0 D:\laragon\www\method-oldagehome\system\CodeIgniter.php(967): CodeIgniter\Exceptions\PageNotFoundException::forPageNotFound(NULL)
#1 D:\laragon\www\method-oldagehome\system\CodeIgniter.php(362): CodeIgniter\CodeIgniter->display404errors(Object(CodeIgniter\Exceptions\PageNotFoundException))
#2 D:\laragon\www\method-oldagehome\public\index.php(79): CodeIgniter\CodeIgniter->run()
#3 D:\laragon\www\method-oldagehome\system\Commands\Server\rewrite.php(47): require_once('D:\\laragon\\www\\...')
#4 {main}
in SYSTEMPATH\HTTP\ResponseTrait.php on line 774.
 1 [internal function]: CodeIgniter\Debug\Exceptions->shutdownHandler()
CRITICAL - 2024-12-15 04:00:37 --> Uncaught ErrorException: Cannot modify header information - headers already sent in D:\laragon\www\method-oldagehome\system\HTTP\ResponseTrait.php:774
Stack trace:
#0 [internal function]: CodeIgniter\Debug\Exceptions->errorHandler(2, 'Cannot modify h...', 'D:\\laragon\\www\\...', 774)
#1 D:\laragon\www\method-oldagehome\system\HTTP\ResponseTrait.php(774): setcookie('ci_session', 'e949t2uvv3ar9k6...', Array)
#2 D:\laragon\www\method-oldagehome\system\HTTP\ResponseTrait.php(750): CodeIgniter\HTTP\Response->doSetCookie('ci_session', 'e949t2uvv3ar9k6...', Array)
#3 D:\laragon\www\method-oldagehome\system\HTTP\ResponseTrait.php(730): CodeIgniter\HTTP\Response->dispatchCookies()
#4 D:\laragon\www\method-oldagehome\system\HTTP\ResponseTrait.php(447): CodeIgniter\HTTP\Response->sendCookies()
#5 D:\laragon\www\method-oldagehome\system\Debug\ExceptionHandler.php(78): CodeIgniter\HTTP\Response->send()
#6 D:\laragon\www\method-oldagehome\system\Debug\Exceptions.php(147): CodeIgniter\Debug\ExceptionHandler->handle(Object(CodeIgniter\Exceptions\PageNotFoundException), Object(CodeIgniter\HTTP\IncomingRequest), Object(CodeIgniter\HTTP\Response), 404, 1)
#7 [internal function]: CodeIgniter\Debug\Exceptions->exceptionHandler(Object(CodeIgniter\Exceptions\PageNotFoundException))
#8 {main}
  thrown
【Previous Exception】
CodeIgniter\Exceptions\PageNotFoundException
Page Not Found
#0 D:\laragon\www\method-oldagehome\system\CodeIgniter.php(967): CodeIgniter\Exceptions\PageNotFoundException::forPageNotFound(NULL)
#1 D:\laragon\www\method-oldagehome\system\CodeIgniter.php(362): CodeIgniter\CodeIgniter->display404errors(Object(CodeIgniter\Exceptions\PageNotFoundException))
#2 D:\laragon\www\method-oldagehome\public\index.php(79): CodeIgniter\CodeIgniter->run()
#3 D:\laragon\www\method-oldagehome\system\Commands\Server\rewrite.php(47): require_once('D:\\laragon\\www\\...')
#4 {main}
in SYSTEMPATH\HTTP\ResponseTrait.php on line 774.
 1 [internal function]: CodeIgniter\Debug\Exceptions->shutdownHandler()
CRITICAL - 2024-12-15 04:00:38 --> Uncaught ErrorException: Cannot modify header information - headers already sent in D:\laragon\www\method-oldagehome\system\HTTP\ResponseTrait.php:774
Stack trace:
#0 [internal function]: CodeIgniter\Debug\Exceptions->errorHandler(2, 'Cannot modify h...', 'D:\\laragon\\www\\...', 774)
#1 D:\laragon\www\method-oldagehome\system\HTTP\ResponseTrait.php(774): setcookie('ci_session', 'e949t2uvv3ar9k6...', Array)
#2 D:\laragon\www\method-oldagehome\system\HTTP\ResponseTrait.php(750): CodeIgniter\HTTP\Response->doSetCookie('ci_session', 'e949t2uvv3ar9k6...', Array)
#3 D:\laragon\www\method-oldagehome\system\HTTP\ResponseTrait.php(730): CodeIgniter\HTTP\Response->dispatchCookies()
#4 D:\laragon\www\method-oldagehome\system\HTTP\ResponseTrait.php(447): CodeIgniter\HTTP\Response->sendCookies()
#5 D:\laragon\www\method-oldagehome\system\Debug\ExceptionHandler.php(78): CodeIgniter\HTTP\Response->send()
#6 D:\laragon\www\method-oldagehome\system\Debug\Exceptions.php(147): CodeIgniter\Debug\ExceptionHandler->handle(Object(CodeIgniter\Exceptions\PageNotFoundException), Object(CodeIgniter\HTTP\IncomingRequest), Object(CodeIgniter\HTTP\Response), 404, 1)
#7 [internal function]: CodeIgniter\Debug\Exceptions->exceptionHandler(Object(CodeIgniter\Exceptions\PageNotFoundException))
#8 {main}
  thrown
【Previous Exception】
CodeIgniter\Exceptions\PageNotFoundException
Page Not Found
#0 D:\laragon\www\method-oldagehome\system\CodeIgniter.php(967): CodeIgniter\Exceptions\PageNotFoundException::forPageNotFound(NULL)
#1 D:\laragon\www\method-oldagehome\system\CodeIgniter.php(362): CodeIgniter\CodeIgniter->display404errors(Object(CodeIgniter\Exceptions\PageNotFoundException))
#2 D:\laragon\www\method-oldagehome\public\index.php(79): CodeIgniter\CodeIgniter->run()
#3 D:\laragon\www\method-oldagehome\system\Commands\Server\rewrite.php(47): require_once('D:\\laragon\\www\\...')
#4 {main}
in SYSTEMPATH\HTTP\ResponseTrait.php on line 774.
 1 [internal function]: CodeIgniter\Debug\Exceptions->shutdownHandler()
CRITICAL - 2024-12-15 04:00:39 --> Uncaught ErrorException: Cannot modify header information - headers already sent in D:\laragon\www\method-oldagehome\system\HTTP\ResponseTrait.php:774
Stack trace:
#0 [internal function]: CodeIgniter\Debug\Exceptions->errorHandler(2, 'Cannot modify h...', 'D:\\laragon\\www\\...', 774)
#1 D:\laragon\www\method-oldagehome\system\HTTP\ResponseTrait.php(774): setcookie('ci_session', 'e949t2uvv3ar9k6...', Array)
#2 D:\laragon\www\method-oldagehome\system\HTTP\ResponseTrait.php(750): CodeIgniter\HTTP\Response->doSetCookie('ci_session', 'e949t2uvv3ar9k6...', Array)
#3 D:\laragon\www\method-oldagehome\system\HTTP\ResponseTrait.php(730): CodeIgniter\HTTP\Response->dispatchCookies()
#4 D:\laragon\www\method-oldagehome\system\HTTP\ResponseTrait.php(447): CodeIgniter\HTTP\Response->sendCookies()
#5 D:\laragon\www\method-oldagehome\system\Debug\ExceptionHandler.php(78): CodeIgniter\HTTP\Response->send()
#6 D:\laragon\www\method-oldagehome\system\Debug\Exceptions.php(147): CodeIgniter\Debug\ExceptionHandler->handle(Object(CodeIgniter\Exceptions\PageNotFoundException), Object(CodeIgniter\HTTP\IncomingRequest), Object(CodeIgniter\HTTP\Response), 404, 1)
#7 [internal function]: CodeIgniter\Debug\Exceptions->exceptionHandler(Object(CodeIgniter\Exceptions\PageNotFoundException))
#8 {main}
  thrown
【Previous Exception】
CodeIgniter\Exceptions\PageNotFoundException
Page Not Found
#0 D:\laragon\www\method-oldagehome\system\CodeIgniter.php(967): CodeIgniter\Exceptions\PageNotFoundException::forPageNotFound(NULL)
#1 D:\laragon\www\method-oldagehome\system\CodeIgniter.php(362): CodeIgniter\CodeIgniter->display404errors(Object(CodeIgniter\Exceptions\PageNotFoundException))
#2 D:\laragon\www\method-oldagehome\public\index.php(79): CodeIgniter\CodeIgniter->run()
#3 D:\laragon\www\method-oldagehome\system\Commands\Server\rewrite.php(47): require_once('D:\\laragon\\www\\...')
#4 {main}
in SYSTEMPATH\HTTP\ResponseTrait.php on line 774.
 1 [internal function]: CodeIgniter\Debug\Exceptions->shutdownHandler()
CRITICAL - 2024-12-15 04:04:26 --> Uncaught ErrorException: Cannot modify header information - headers already sent in D:\laragon\www\method-oldagehome\system\HTTP\ResponseTrait.php:774
Stack trace:
#0 [internal function]: CodeIgniter\Debug\Exceptions->errorHandler(2, 'Cannot modify h...', 'D:\\laragon\\www\\...', 774)
#1 D:\laragon\www\method-oldagehome\system\HTTP\ResponseTrait.php(774): setcookie('ci_session', '5kn183uctii4r32...', Array)
#2 D:\laragon\www\method-oldagehome\system\HTTP\ResponseTrait.php(750): CodeIgniter\HTTP\Response->doSetCookie('ci_session', '5kn183uctii4r32...', Array)
#3 D:\laragon\www\method-oldagehome\system\HTTP\ResponseTrait.php(730): CodeIgniter\HTTP\Response->dispatchCookies()
#4 D:\laragon\www\method-oldagehome\system\HTTP\ResponseTrait.php(447): CodeIgniter\HTTP\Response->sendCookies()
#5 D:\laragon\www\method-oldagehome\system\Debug\ExceptionHandler.php(78): CodeIgniter\HTTP\Response->send()
#6 D:\laragon\www\method-oldagehome\system\Debug\Exceptions.php(147): CodeIgniter\Debug\ExceptionHandler->handle(Object(CodeIgniter\Exceptions\PageNotFoundException), Object(CodeIgniter\HTTP\IncomingRequest), Object(CodeIgniter\HTTP\Response), 404, 1)
#7 [internal function]: CodeIgniter\Debug\Exceptions->exceptionHandler(Object(CodeIgniter\Exceptions\PageNotFoundException))
#8 {main}
  thrown
【Previous Exception】
CodeIgniter\Exceptions\PageNotFoundException
Page Not Found
#0 D:\laragon\www\method-oldagehome\system\CodeIgniter.php(967): CodeIgniter\Exceptions\PageNotFoundException::forPageNotFound(NULL)
#1 D:\laragon\www\method-oldagehome\system\CodeIgniter.php(362): CodeIgniter\CodeIgniter->display404errors(Object(CodeIgniter\Exceptions\PageNotFoundException))
#2 D:\laragon\www\method-oldagehome\public\index.php(79): CodeIgniter\CodeIgniter->run()
#3 D:\laragon\www\method-oldagehome\system\Commands\Server\rewrite.php(47): require_once('D:\\laragon\\www\\...')
#4 {main}
in SYSTEMPATH\HTTP\ResponseTrait.php on line 774.
 1 [internal function]: CodeIgniter\Debug\Exceptions->shutdownHandler()
CRITICAL - 2024-12-15 04:05:57 --> Undefined variable $regdate
in APPPATH\Views\dashboard\previewEvent.php on line 227.
 1 APPPATH\Views\dashboard\previewEvent.php(227): CodeIgniter\Debug\Exceptions->errorHandler(2, 'Undefined variable $regdate', 'D:\\laragon\\www\\method-oldagehome\\app\\Views\\dashboard\\previewEvent.php', 227)
 2 SYSTEMPATH\View\View.php(226): include('D:\\laragon\\www\\method-oldagehome\\app\\Views\\dashboard\\previewEvent.php')
 3 SYSTEMPATH\View\View.php(229): CodeIgniter\View\View->CodeIgniter\View\{closure}()
 4 SYSTEMPATH\Common.php(1188): CodeIgniter\View\View->render('dashboard/previewEvent', [], true)
 5 APPPATH\Controllers\Fullcalendar.php(1127): view('dashboard/previewEvent', [...])
 6 SYSTEMPATH\CodeIgniter.php(919): App\Controllers\Fullcalendar->previewEvent('2024-10-01', '2024-10-31')
 7 SYSTEMPATH\CodeIgniter.php(494): CodeIgniter\CodeIgniter->runController(Object(App\Controllers\Fullcalendar))
 8 SYSTEMPATH\CodeIgniter.php(353): CodeIgniter\CodeIgniter->handleRequest(null, Object(Config\Cache), false)
 9 FCPATH\index.php(79): CodeIgniter\CodeIgniter->run()
10 SYSTEMPATH\Commands\Server\rewrite.php(47): require_once('D:\\laragon\\www\\method-oldagehome\\public\\index.php')
CRITICAL - 2024-12-15 07:30:16 --> Uncaught ErrorException: Cannot modify header information - headers already sent in D:\laragon\www\method-oldagehome\system\HTTP\ResponseTrait.php:774
Stack trace:
#0 [internal function]: CodeIgniter\Debug\Exceptions->errorHandler(2, 'Cannot modify h...', 'D:\\laragon\\www\\...', 774)
#1 D:\laragon\www\method-oldagehome\system\HTTP\ResponseTrait.php(774): setcookie('ci_session', 'q9n2n06ug1t07hg...', Array)
#2 D:\laragon\www\method-oldagehome\system\HTTP\ResponseTrait.php(750): CodeIgniter\HTTP\Response->doSetCookie('ci_session', 'q9n2n06ug1t07hg...', Array)
#3 D:\laragon\www\method-oldagehome\system\HTTP\ResponseTrait.php(730): CodeIgniter\HTTP\Response->dispatchCookies()
#4 D:\laragon\www\method-oldagehome\system\HTTP\ResponseTrait.php(447): CodeIgniter\HTTP\Response->sendCookies()
#5 D:\laragon\www\method-oldagehome\system\Debug\ExceptionHandler.php(78): CodeIgniter\HTTP\Response->send()
#6 D:\laragon\www\method-oldagehome\system\Debug\Exceptions.php(147): CodeIgniter\Debug\ExceptionHandler->handle(Object(CodeIgniter\Exceptions\PageNotFoundException), Object(CodeIgniter\HTTP\IncomingRequest), Object(CodeIgniter\HTTP\Response), 404, 1)
#7 [internal function]: CodeIgniter\Debug\Exceptions->exceptionHandler(Object(CodeIgniter\Exceptions\PageNotFoundException))
#8 {main}
  thrown
【Previous Exception】
CodeIgniter\Exceptions\PageNotFoundException
Page Not Found
#0 D:\laragon\www\method-oldagehome\system\CodeIgniter.php(967): CodeIgniter\Exceptions\PageNotFoundException::forPageNotFound(NULL)
#1 D:\laragon\www\method-oldagehome\system\CodeIgniter.php(362): CodeIgniter\CodeIgniter->display404errors(Object(CodeIgniter\Exceptions\PageNotFoundException))
#2 D:\laragon\www\method-oldagehome\public\index.php(79): CodeIgniter\CodeIgniter->run()
#3 D:\laragon\www\method-oldagehome\system\Commands\Server\rewrite.php(47): require_once('D:\\laragon\\www\\...')
#4 {main}
in SYSTEMPATH\HTTP\ResponseTrait.php on line 774.
 1 [internal function]: CodeIgniter\Debug\Exceptions->shutdownHandler()
CRITICAL - 2024-12-15 07:30:18 --> Uncaught ErrorException: Cannot modify header information - headers already sent in D:\laragon\www\method-oldagehome\system\HTTP\ResponseTrait.php:774
Stack trace:
#0 [internal function]: CodeIgniter\Debug\Exceptions->errorHandler(2, 'Cannot modify h...', 'D:\\laragon\\www\\...', 774)
#1 D:\laragon\www\method-oldagehome\system\HTTP\ResponseTrait.php(774): setcookie('ci_session', 'q9n2n06ug1t07hg...', Array)
#2 D:\laragon\www\method-oldagehome\system\HTTP\ResponseTrait.php(750): CodeIgniter\HTTP\Response->doSetCookie('ci_session', 'q9n2n06ug1t07hg...', Array)
#3 D:\laragon\www\method-oldagehome\system\HTTP\ResponseTrait.php(730): CodeIgniter\HTTP\Response->dispatchCookies()
#4 D:\laragon\www\method-oldagehome\system\HTTP\ResponseTrait.php(447): CodeIgniter\HTTP\Response->sendCookies()
#5 D:\laragon\www\method-oldagehome\system\Debug\ExceptionHandler.php(78): CodeIgniter\HTTP\Response->send()
#6 D:\laragon\www\method-oldagehome\system\Debug\Exceptions.php(147): CodeIgniter\Debug\ExceptionHandler->handle(Object(CodeIgniter\Exceptions\PageNotFoundException), Object(CodeIgniter\HTTP\IncomingRequest), Object(CodeIgniter\HTTP\Response), 404, 1)
#7 [internal function]: CodeIgniter\Debug\Exceptions->exceptionHandler(Object(CodeIgniter\Exceptions\PageNotFoundException))
#8 {main}
  thrown
【Previous Exception】
CodeIgniter\Exceptions\PageNotFoundException
Page Not Found
#0 D:\laragon\www\method-oldagehome\system\CodeIgniter.php(967): CodeIgniter\Exceptions\PageNotFoundException::forPageNotFound(NULL)
#1 D:\laragon\www\method-oldagehome\system\CodeIgniter.php(362): CodeIgniter\CodeIgniter->display404errors(Object(CodeIgniter\Exceptions\PageNotFoundException))
#2 D:\laragon\www\method-oldagehome\public\index.php(79): CodeIgniter\CodeIgniter->run()
#3 D:\laragon\www\method-oldagehome\system\Commands\Server\rewrite.php(47): require_once('D:\\laragon\\www\\...')
#4 {main}
in SYSTEMPATH\HTTP\ResponseTrait.php on line 774.
 1 [internal function]: CodeIgniter\Debug\Exceptions->shutdownHandler()
CRITICAL - 2024-12-15 07:30:18 --> Uncaught ErrorException: Cannot modify header information - headers already sent in D:\laragon\www\method-oldagehome\system\HTTP\ResponseTrait.php:774
Stack trace:
#0 [internal function]: CodeIgniter\Debug\Exceptions->errorHandler(2, 'Cannot modify h...', 'D:\\laragon\\www\\...', 774)
#1 D:\laragon\www\method-oldagehome\system\HTTP\ResponseTrait.php(774): setcookie('ci_session', 'q9n2n06ug1t07hg...', Array)
#2 D:\laragon\www\method-oldagehome\system\HTTP\ResponseTrait.php(750): CodeIgniter\HTTP\Response->doSetCookie('ci_session', 'q9n2n06ug1t07hg...', Array)
#3 D:\laragon\www\method-oldagehome\system\HTTP\ResponseTrait.php(730): CodeIgniter\HTTP\Response->dispatchCookies()
#4 D:\laragon\www\method-oldagehome\system\HTTP\ResponseTrait.php(447): CodeIgniter\HTTP\Response->sendCookies()
#5 D:\laragon\www\method-oldagehome\system\Debug\ExceptionHandler.php(78): CodeIgniter\HTTP\Response->send()
#6 D:\laragon\www\method-oldagehome\system\Debug\Exceptions.php(147): CodeIgniter\Debug\ExceptionHandler->handle(Object(CodeIgniter\Exceptions\PageNotFoundException), Object(CodeIgniter\HTTP\IncomingRequest), Object(CodeIgniter\HTTP\Response), 404, 1)
#7 [internal function]: CodeIgniter\Debug\Exceptions->exceptionHandler(Object(CodeIgniter\Exceptions\PageNotFoundException))
#8 {main}
  thrown
【Previous Exception】
CodeIgniter\Exceptions\PageNotFoundException
Page Not Found
#0 D:\laragon\www\method-oldagehome\system\CodeIgniter.php(967): CodeIgniter\Exceptions\PageNotFoundException::forPageNotFound(NULL)
#1 D:\laragon\www\method-oldagehome\system\CodeIgniter.php(362): CodeIgniter\CodeIgniter->display404errors(Object(CodeIgniter\Exceptions\PageNotFoundException))
#2 D:\laragon\www\method-oldagehome\public\index.php(79): CodeIgniter\CodeIgniter->run()
#3 D:\laragon\www\method-oldagehome\system\Commands\Server\rewrite.php(47): require_once('D:\\laragon\\www\\...')
#4 {main}
in SYSTEMPATH\HTTP\ResponseTrait.php on line 774.
 1 [internal function]: CodeIgniter\Debug\Exceptions->shutdownHandler()
CRITICAL - 2024-12-15 07:30:19 --> Uncaught ErrorException: Cannot modify header information - headers already sent in D:\laragon\www\method-oldagehome\system\HTTP\ResponseTrait.php:774
Stack trace:
#0 [internal function]: CodeIgniter\Debug\Exceptions->errorHandler(2, 'Cannot modify h...', 'D:\\laragon\\www\\...', 774)
#1 D:\laragon\www\method-oldagehome\system\HTTP\ResponseTrait.php(774): setcookie('ci_session', 'q9n2n06ug1t07hg...', Array)
#2 D:\laragon\www\method-oldagehome\system\HTTP\ResponseTrait.php(750): CodeIgniter\HTTP\Response->doSetCookie('ci_session', 'q9n2n06ug1t07hg...', Array)
#3 D:\laragon\www\method-oldagehome\system\HTTP\ResponseTrait.php(730): CodeIgniter\HTTP\Response->dispatchCookies()
#4 D:\laragon\www\method-oldagehome\system\HTTP\ResponseTrait.php(447): CodeIgniter\HTTP\Response->sendCookies()
#5 D:\laragon\www\method-oldagehome\system\Debug\ExceptionHandler.php(78): CodeIgniter\HTTP\Response->send()
#6 D:\laragon\www\method-oldagehome\system\Debug\Exceptions.php(147): CodeIgniter\Debug\ExceptionHandler->handle(Object(CodeIgniter\Exceptions\PageNotFoundException), Object(CodeIgniter\HTTP\IncomingRequest), Object(CodeIgniter\HTTP\Response), 404, 1)
#7 [internal function]: CodeIgniter\Debug\Exceptions->exceptionHandler(Object(CodeIgniter\Exceptions\PageNotFoundException))
#8 {main}
  thrown
【Previous Exception】
CodeIgniter\Exceptions\PageNotFoundException
Page Not Found
#0 D:\laragon\www\method-oldagehome\system\CodeIgniter.php(967): CodeIgniter\Exceptions\PageNotFoundException::forPageNotFound(NULL)
#1 D:\laragon\www\method-oldagehome\system\CodeIgniter.php(362): CodeIgniter\CodeIgniter->display404errors(Object(CodeIgniter\Exceptions\PageNotFoundException))
#2 D:\laragon\www\method-oldagehome\public\index.php(79): CodeIgniter\CodeIgniter->run()
#3 D:\laragon\www\method-oldagehome\system\Commands\Server\rewrite.php(47): require_once('D:\\laragon\\www\\...')
#4 {main}
in SYSTEMPATH\HTTP\ResponseTrait.php on line 774.
 1 [internal function]: CodeIgniter\Debug\Exceptions->shutdownHandler()
CRITICAL - 2024-12-15 07:30:20 --> Uncaught ErrorException: Cannot modify header information - headers already sent in D:\laragon\www\method-oldagehome\system\HTTP\ResponseTrait.php:774
Stack trace:
#0 [internal function]: CodeIgniter\Debug\Exceptions->errorHandler(2, 'Cannot modify h...', 'D:\\laragon\\www\\...', 774)
#1 D:\laragon\www\method-oldagehome\system\HTTP\ResponseTrait.php(774): setcookie('ci_session', 'q9n2n06ug1t07hg...', Array)
#2 D:\laragon\www\method-oldagehome\system\HTTP\ResponseTrait.php(750): CodeIgniter\HTTP\Response->doSetCookie('ci_session', 'q9n2n06ug1t07hg...', Array)
#3 D:\laragon\www\method-oldagehome\system\HTTP\ResponseTrait.php(730): CodeIgniter\HTTP\Response->dispatchCookies()
#4 D:\laragon\www\method-oldagehome\system\HTTP\ResponseTrait.php(447): CodeIgniter\HTTP\Response->sendCookies()
#5 D:\laragon\www\method-oldagehome\system\Debug\ExceptionHandler.php(78): CodeIgniter\HTTP\Response->send()
#6 D:\laragon\www\method-oldagehome\system\Debug\Exceptions.php(147): CodeIgniter\Debug\ExceptionHandler->handle(Object(CodeIgniter\Exceptions\PageNotFoundException), Object(CodeIgniter\HTTP\IncomingRequest), Object(CodeIgniter\HTTP\Response), 404, 1)
#7 [internal function]: CodeIgniter\Debug\Exceptions->exceptionHandler(Object(CodeIgniter\Exceptions\PageNotFoundException))
#8 {main}
  thrown
【Previous Exception】
CodeIgniter\Exceptions\PageNotFoundException
Page Not Found
#0 D:\laragon\www\method-oldagehome\system\CodeIgniter.php(967): CodeIgniter\Exceptions\PageNotFoundException::forPageNotFound(NULL)
#1 D:\laragon\www\method-oldagehome\system\CodeIgniter.php(362): CodeIgniter\CodeIgniter->display404errors(Object(CodeIgniter\Exceptions\PageNotFoundException))
#2 D:\laragon\www\method-oldagehome\public\index.php(79): CodeIgniter\CodeIgniter->run()
#3 D:\laragon\www\method-oldagehome\system\Commands\Server\rewrite.php(47): require_once('D:\\laragon\\www\\...')
#4 {main}
in SYSTEMPATH\HTTP\ResponseTrait.php on line 774.
 1 [internal function]: CodeIgniter\Debug\Exceptions->shutdownHandler()
CRITICAL - 2024-12-15 07:30:21 --> Uncaught ErrorException: Cannot modify header information - headers already sent in D:\laragon\www\method-oldagehome\system\HTTP\ResponseTrait.php:774
Stack trace:
#0 [internal function]: CodeIgniter\Debug\Exceptions->errorHandler(2, 'Cannot modify h...', 'D:\\laragon\\www\\...', 774)
#1 D:\laragon\www\method-oldagehome\system\HTTP\ResponseTrait.php(774): setcookie('ci_session', 'q9n2n06ug1t07hg...', Array)
#2 D:\laragon\www\method-oldagehome\system\HTTP\ResponseTrait.php(750): CodeIgniter\HTTP\Response->doSetCookie('ci_session', 'q9n2n06ug1t07hg...', Array)
#3 D:\laragon\www\method-oldagehome\system\HTTP\ResponseTrait.php(730): CodeIgniter\HTTP\Response->dispatchCookies()
#4 D:\laragon\www\method-oldagehome\system\HTTP\ResponseTrait.php(447): CodeIgniter\HTTP\Response->sendCookies()
#5 D:\laragon\www\method-oldagehome\system\Debug\ExceptionHandler.php(78): CodeIgniter\HTTP\Response->send()
#6 D:\laragon\www\method-oldagehome\system\Debug\Exceptions.php(147): CodeIgniter\Debug\ExceptionHandler->handle(Object(CodeIgniter\Exceptions\PageNotFoundException), Object(CodeIgniter\HTTP\IncomingRequest), Object(CodeIgniter\HTTP\Response), 404, 1)
#7 [internal function]: CodeIgniter\Debug\Exceptions->exceptionHandler(Object(CodeIgniter\Exceptions\PageNotFoundException))
#8 {main}
  thrown
【Previous Exception】
CodeIgniter\Exceptions\PageNotFoundException
Page Not Found
#0 D:\laragon\www\method-oldagehome\system\CodeIgniter.php(967): CodeIgniter\Exceptions\PageNotFoundException::forPageNotFound(NULL)
#1 D:\laragon\www\method-oldagehome\system\CodeIgniter.php(362): CodeIgniter\CodeIgniter->display404errors(Object(CodeIgniter\Exceptions\PageNotFoundException))
#2 D:\laragon\www\method-oldagehome\public\index.php(79): CodeIgniter\CodeIgniter->run()
#3 D:\laragon\www\method-oldagehome\system\Commands\Server\rewrite.php(47): require_once('D:\\laragon\\www\\...')
#4 {main}
in SYSTEMPATH\HTTP\ResponseTrait.php on line 774.
 1 [internal function]: CodeIgniter\Debug\Exceptions->shutdownHandler()
CRITICAL - 2024-12-15 07:30:22 --> Uncaught ErrorException: Cannot modify header information - headers already sent in D:\laragon\www\method-oldagehome\system\HTTP\ResponseTrait.php:774
Stack trace:
#0 [internal function]: CodeIgniter\Debug\Exceptions->errorHandler(2, 'Cannot modify h...', 'D:\\laragon\\www\\...', 774)
#1 D:\laragon\www\method-oldagehome\system\HTTP\ResponseTrait.php(774): setcookie('ci_session', 'q9n2n06ug1t07hg...', Array)
#2 D:\laragon\www\method-oldagehome\system\HTTP\ResponseTrait.php(750): CodeIgniter\HTTP\Response->doSetCookie('ci_session', 'q9n2n06ug1t07hg...', Array)
#3 D:\laragon\www\method-oldagehome\system\HTTP\ResponseTrait.php(730): CodeIgniter\HTTP\Response->dispatchCookies()
#4 D:\laragon\www\method-oldagehome\system\HTTP\ResponseTrait.php(447): CodeIgniter\HTTP\Response->sendCookies()
#5 D:\laragon\www\method-oldagehome\system\Debug\ExceptionHandler.php(78): CodeIgniter\HTTP\Response->send()
#6 D:\laragon\www\method-oldagehome\system\Debug\Exceptions.php(147): CodeIgniter\Debug\ExceptionHandler->handle(Object(CodeIgniter\Exceptions\PageNotFoundException), Object(CodeIgniter\HTTP\IncomingRequest), Object(CodeIgniter\HTTP\Response), 404, 1)
#7 [internal function]: CodeIgniter\Debug\Exceptions->exceptionHandler(Object(CodeIgniter\Exceptions\PageNotFoundException))
#8 {main}
  thrown
【Previous Exception】
CodeIgniter\Exceptions\PageNotFoundException
Page Not Found
#0 D:\laragon\www\method-oldagehome\system\CodeIgniter.php(967): CodeIgniter\Exceptions\PageNotFoundException::forPageNotFound(NULL)
#1 D:\laragon\www\method-oldagehome\system\CodeIgniter.php(362): CodeIgniter\CodeIgniter->display404errors(Object(CodeIgniter\Exceptions\PageNotFoundException))
#2 D:\laragon\www\method-oldagehome\public\index.php(79): CodeIgniter\CodeIgniter->run()
#3 D:\laragon\www\method-oldagehome\system\Commands\Server\rewrite.php(47): require_once('D:\\laragon\\www\\...')
#4 {main}
in SYSTEMPATH\HTTP\ResponseTrait.php on line 774.
 1 [internal function]: CodeIgniter\Debug\Exceptions->shutdownHandler()
CRITICAL - 2024-12-15 07:30:23 --> Uncaught ErrorException: Cannot modify header information - headers already sent in D:\laragon\www\method-oldagehome\system\HTTP\ResponseTrait.php:774
Stack trace:
#0 [internal function]: CodeIgniter\Debug\Exceptions->errorHandler(2, 'Cannot modify h...', 'D:\\laragon\\www\\...', 774)
#1 D:\laragon\www\method-oldagehome\system\HTTP\ResponseTrait.php(774): setcookie('ci_session', 'q9n2n06ug1t07hg...', Array)
#2 D:\laragon\www\method-oldagehome\system\HTTP\ResponseTrait.php(750): CodeIgniter\HTTP\Response->doSetCookie('ci_session', 'q9n2n06ug1t07hg...', Array)
#3 D:\laragon\www\method-oldagehome\system\HTTP\ResponseTrait.php(730): CodeIgniter\HTTP\Response->dispatchCookies()
#4 D:\laragon\www\method-oldagehome\system\HTTP\ResponseTrait.php(447): CodeIgniter\HTTP\Response->sendCookies()
#5 D:\laragon\www\method-oldagehome\system\Debug\ExceptionHandler.php(78): CodeIgniter\HTTP\Response->send()
#6 D:\laragon\www\method-oldagehome\system\Debug\Exceptions.php(147): CodeIgniter\Debug\ExceptionHandler->handle(Object(CodeIgniter\Exceptions\PageNotFoundException), Object(CodeIgniter\HTTP\IncomingRequest), Object(CodeIgniter\HTTP\Response), 404, 1)
#7 [internal function]: CodeIgniter\Debug\Exceptions->exceptionHandler(Object(CodeIgniter\Exceptions\PageNotFoundException))
#8 {main}
  thrown
【Previous Exception】
CodeIgniter\Exceptions\PageNotFoundException
Page Not Found
#0 D:\laragon\www\method-oldagehome\system\CodeIgniter.php(967): CodeIgniter\Exceptions\PageNotFoundException::forPageNotFound(NULL)
#1 D:\laragon\www\method-oldagehome\system\CodeIgniter.php(362): CodeIgniter\CodeIgniter->display404errors(Object(CodeIgniter\Exceptions\PageNotFoundException))
#2 D:\laragon\www\method-oldagehome\public\index.php(79): CodeIgniter\CodeIgniter->run()
#3 D:\laragon\www\method-oldagehome\system\Commands\Server\rewrite.php(47): require_once('D:\\laragon\\www\\...')
#4 {main}
in SYSTEMPATH\HTTP\ResponseTrait.php on line 774.
 1 [internal function]: CodeIgniter\Debug\Exceptions->shutdownHandler()
CRITICAL - 2024-12-15 07:30:24 --> Uncaught ErrorException: Cannot modify header information - headers already sent in D:\laragon\www\method-oldagehome\system\HTTP\ResponseTrait.php:774
Stack trace:
#0 [internal function]: CodeIgniter\Debug\Exceptions->errorHandler(2, 'Cannot modify h...', 'D:\\laragon\\www\\...', 774)
#1 D:\laragon\www\method-oldagehome\system\HTTP\ResponseTrait.php(774): setcookie('ci_session', 'q9n2n06ug1t07hg...', Array)
#2 D:\laragon\www\method-oldagehome\system\HTTP\ResponseTrait.php(750): CodeIgniter\HTTP\Response->doSetCookie('ci_session', 'q9n2n06ug1t07hg...', Array)
#3 D:\laragon\www\method-oldagehome\system\HTTP\ResponseTrait.php(730): CodeIgniter\HTTP\Response->dispatchCookies()
#4 D:\laragon\www\method-oldagehome\system\HTTP\ResponseTrait.php(447): CodeIgniter\HTTP\Response->sendCookies()
#5 D:\laragon\www\method-oldagehome\system\Debug\ExceptionHandler.php(78): CodeIgniter\HTTP\Response->send()
#6 D:\laragon\www\method-oldagehome\system\Debug\Exceptions.php(147): CodeIgniter\Debug\ExceptionHandler->handle(Object(CodeIgniter\Exceptions\PageNotFoundException), Object(CodeIgniter\HTTP\IncomingRequest), Object(CodeIgniter\HTTP\Response), 404, 1)
#7 [internal function]: CodeIgniter\Debug\Exceptions->exceptionHandler(Object(CodeIgniter\Exceptions\PageNotFoundException))
#8 {main}
  thrown
【Previous Exception】
CodeIgniter\Exceptions\PageNotFoundException
Page Not Found
#0 D:\laragon\www\method-oldagehome\system\CodeIgniter.php(967): CodeIgniter\Exceptions\PageNotFoundException::forPageNotFound(NULL)
#1 D:\laragon\www\method-oldagehome\system\CodeIgniter.php(362): CodeIgniter\CodeIgniter->display404errors(Object(CodeIgniter\Exceptions\PageNotFoundException))
#2 D:\laragon\www\method-oldagehome\public\index.php(79): CodeIgniter\CodeIgniter->run()
#3 D:\laragon\www\method-oldagehome\system\Commands\Server\rewrite.php(47): require_once('D:\\laragon\\www\\...')
#4 {main}
in SYSTEMPATH\HTTP\ResponseTrait.php on line 774.
 1 [internal function]: CodeIgniter\Debug\Exceptions->shutdownHandler()
CRITICAL - 2024-12-15 07:30:25 --> Uncaught ErrorException: Cannot modify header information - headers already sent in D:\laragon\www\method-oldagehome\system\HTTP\ResponseTrait.php:774
Stack trace:
#0 [internal function]: CodeIgniter\Debug\Exceptions->errorHandler(2, 'Cannot modify h...', 'D:\\laragon\\www\\...', 774)
#1 D:\laragon\www\method-oldagehome\system\HTTP\ResponseTrait.php(774): setcookie('ci_session', 'q9n2n06ug1t07hg...', Array)
#2 D:\laragon\www\method-oldagehome\system\HTTP\ResponseTrait.php(750): CodeIgniter\HTTP\Response->doSetCookie('ci_session', 'q9n2n06ug1t07hg...', Array)
#3 D:\laragon\www\method-oldagehome\system\HTTP\ResponseTrait.php(730): CodeIgniter\HTTP\Response->dispatchCookies()
#4 D:\laragon\www\method-oldagehome\system\HTTP\ResponseTrait.php(447): CodeIgniter\HTTP\Response->sendCookies()
#5 D:\laragon\www\method-oldagehome\system\Debug\ExceptionHandler.php(78): CodeIgniter\HTTP\Response->send()
#6 D:\laragon\www\method-oldagehome\system\Debug\Exceptions.php(147): CodeIgniter\Debug\ExceptionHandler->handle(Object(CodeIgniter\Exceptions\PageNotFoundException), Object(CodeIgniter\HTTP\IncomingRequest), Object(CodeIgniter\HTTP\Response), 404, 1)
#7 [internal function]: CodeIgniter\Debug\Exceptions->exceptionHandler(Object(CodeIgniter\Exceptions\PageNotFoundException))
#8 {main}
  thrown
【Previous Exception】
CodeIgniter\Exceptions\PageNotFoundException
Page Not Found
#0 D:\laragon\www\method-oldagehome\system\CodeIgniter.php(967): CodeIgniter\Exceptions\PageNotFoundException::forPageNotFound(NULL)
#1 D:\laragon\www\method-oldagehome\system\CodeIgniter.php(362): CodeIgniter\CodeIgniter->display404errors(Object(CodeIgniter\Exceptions\PageNotFoundException))
#2 D:\laragon\www\method-oldagehome\public\index.php(79): CodeIgniter\CodeIgniter->run()
#3 D:\laragon\www\method-oldagehome\system\Commands\Server\rewrite.php(47): require_once('D:\\laragon\\www\\...')
#4 {main}
in SYSTEMPATH\HTTP\ResponseTrait.php on line 774.
 1 [internal function]: CodeIgniter\Debug\Exceptions->shutdownHandler()
CRITICAL - 2024-12-15 07:30:33 --> Uncaught ErrorException: Cannot modify header information - headers already sent in D:\laragon\www\method-oldagehome\system\HTTP\ResponseTrait.php:774
Stack trace:
#0 [internal function]: CodeIgniter\Debug\Exceptions->errorHandler(2, 'Cannot modify h...', 'D:\\laragon\\www\\...', 774)
#1 D:\laragon\www\method-oldagehome\system\HTTP\ResponseTrait.php(774): setcookie('ci_session', 'q9n2n06ug1t07hg...', Array)
#2 D:\laragon\www\method-oldagehome\system\HTTP\ResponseTrait.php(750): CodeIgniter\HTTP\Response->doSetCookie('ci_session', 'q9n2n06ug1t07hg...', Array)
#3 D:\laragon\www\method-oldagehome\system\HTTP\ResponseTrait.php(730): CodeIgniter\HTTP\Response->dispatchCookies()
#4 D:\laragon\www\method-oldagehome\system\HTTP\ResponseTrait.php(447): CodeIgniter\HTTP\Response->sendCookies()
#5 D:\laragon\www\method-oldagehome\system\Debug\ExceptionHandler.php(78): CodeIgniter\HTTP\Response->send()
#6 D:\laragon\www\method-oldagehome\system\Debug\Exceptions.php(147): CodeIgniter\Debug\ExceptionHandler->handle(Object(CodeIgniter\Exceptions\PageNotFoundException), Object(CodeIgniter\HTTP\IncomingRequest), Object(CodeIgniter\HTTP\Response), 404, 1)
#7 [internal function]: CodeIgniter\Debug\Exceptions->exceptionHandler(Object(CodeIgniter\Exceptions\PageNotFoundException))
#8 {main}
  thrown
【Previous Exception】
CodeIgniter\Exceptions\PageNotFoundException
Page Not Found
#0 D:\laragon\www\method-oldagehome\system\CodeIgniter.php(967): CodeIgniter\Exceptions\PageNotFoundException::forPageNotFound(NULL)
#1 D:\laragon\www\method-oldagehome\system\CodeIgniter.php(362): CodeIgniter\CodeIgniter->display404errors(Object(CodeIgniter\Exceptions\PageNotFoundException))
#2 D:\laragon\www\method-oldagehome\public\index.php(79): CodeIgniter\CodeIgniter->run()
#3 D:\laragon\www\method-oldagehome\system\Commands\Server\rewrite.php(47): require_once('D:\\laragon\\www\\...')
#4 {main}
in SYSTEMPATH\HTTP\ResponseTrait.php on line 774.
 1 [internal function]: CodeIgniter\Debug\Exceptions->shutdownHandler()
CRITICAL - 2024-12-15 07:30:34 --> Uncaught ErrorException: Cannot modify header information - headers already sent in D:\laragon\www\method-oldagehome\system\HTTP\ResponseTrait.php:774
Stack trace:
#0 [internal function]: CodeIgniter\Debug\Exceptions->errorHandler(2, 'Cannot modify h...', 'D:\\laragon\\www\\...', 774)
#1 D:\laragon\www\method-oldagehome\system\HTTP\ResponseTrait.php(774): setcookie('ci_session', 'q9n2n06ug1t07hg...', Array)
#2 D:\laragon\www\method-oldagehome\system\HTTP\ResponseTrait.php(750): CodeIgniter\HTTP\Response->doSetCookie('ci_session', 'q9n2n06ug1t07hg...', Array)
#3 D:\laragon\www\method-oldagehome\system\HTTP\ResponseTrait.php(730): CodeIgniter\HTTP\Response->dispatchCookies()
#4 D:\laragon\www\method-oldagehome\system\HTTP\ResponseTrait.php(447): CodeIgniter\HTTP\Response->sendCookies()
#5 D:\laragon\www\method-oldagehome\system\Debug\ExceptionHandler.php(78): CodeIgniter\HTTP\Response->send()
#6 D:\laragon\www\method-oldagehome\system\Debug\Exceptions.php(147): CodeIgniter\Debug\ExceptionHandler->handle(Object(CodeIgniter\Exceptions\PageNotFoundException), Object(CodeIgniter\HTTP\IncomingRequest), Object(CodeIgniter\HTTP\Response), 404, 1)
#7 [internal function]: CodeIgniter\Debug\Exceptions->exceptionHandler(Object(CodeIgniter\Exceptions\PageNotFoundException))
#8 {main}
  thrown
【Previous Exception】
CodeIgniter\Exceptions\PageNotFoundException
Page Not Found
#0 D:\laragon\www\method-oldagehome\system\CodeIgniter.php(967): CodeIgniter\Exceptions\PageNotFoundException::forPageNotFound(NULL)
#1 D:\laragon\www\method-oldagehome\system\CodeIgniter.php(362): CodeIgniter\CodeIgniter->display404errors(Object(CodeIgniter\Exceptions\PageNotFoundException))
#2 D:\laragon\www\method-oldagehome\public\index.php(79): CodeIgniter\CodeIgniter->run()
#3 D:\laragon\www\method-oldagehome\system\Commands\Server\rewrite.php(47): require_once('D:\\laragon\\www\\...')
#4 {main}
in SYSTEMPATH\HTTP\ResponseTrait.php on line 774.
 1 [internal function]: CodeIgniter\Debug\Exceptions->shutdownHandler()
CRITICAL - 2024-12-15 07:30:35 --> Uncaught ErrorException: Cannot modify header information - headers already sent in D:\laragon\www\method-oldagehome\system\HTTP\ResponseTrait.php:774
Stack trace:
#0 [internal function]: CodeIgniter\Debug\Exceptions->errorHandler(2, 'Cannot modify h...', 'D:\\laragon\\www\\...', 774)
#1 D:\laragon\www\method-oldagehome\system\HTTP\ResponseTrait.php(774): setcookie('ci_session', 'q9n2n06ug1t07hg...', Array)
#2 D:\laragon\www\method-oldagehome\system\HTTP\ResponseTrait.php(750): CodeIgniter\HTTP\Response->doSetCookie('ci_session', 'q9n2n06ug1t07hg...', Array)
#3 D:\laragon\www\method-oldagehome\system\HTTP\ResponseTrait.php(730): CodeIgniter\HTTP\Response->dispatchCookies()
#4 D:\laragon\www\method-oldagehome\system\HTTP\ResponseTrait.php(447): CodeIgniter\HTTP\Response->sendCookies()
#5 D:\laragon\www\method-oldagehome\system\Debug\ExceptionHandler.php(78): CodeIgniter\HTTP\Response->send()
#6 D:\laragon\www\method-oldagehome\system\Debug\Exceptions.php(147): CodeIgniter\Debug\ExceptionHandler->handle(Object(CodeIgniter\Exceptions\PageNotFoundException), Object(CodeIgniter\HTTP\IncomingRequest), Object(CodeIgniter\HTTP\Response), 404, 1)
#7 [internal function]: CodeIgniter\Debug\Exceptions->exceptionHandler(Object(CodeIgniter\Exceptions\PageNotFoundException))
#8 {main}
  thrown
【Previous Exception】
CodeIgniter\Exceptions\PageNotFoundException
Page Not Found
#0 D:\laragon\www\method-oldagehome\system\CodeIgniter.php(967): CodeIgniter\Exceptions\PageNotFoundException::forPageNotFound(NULL)
#1 D:\laragon\www\method-oldagehome\system\CodeIgniter.php(362): CodeIgniter\CodeIgniter->display404errors(Object(CodeIgniter\Exceptions\PageNotFoundException))
#2 D:\laragon\www\method-oldagehome\public\index.php(79): CodeIgniter\CodeIgniter->run()
#3 D:\laragon\www\method-oldagehome\system\Commands\Server\rewrite.php(47): require_once('D:\\laragon\\www\\...')
#4 {main}
in SYSTEMPATH\HTTP\ResponseTrait.php on line 774.
 1 [internal function]: CodeIgniter\Debug\Exceptions->shutdownHandler()
CRITICAL - 2024-12-15 07:30:36 --> Uncaught ErrorException: Cannot modify header information - headers already sent in D:\laragon\www\method-oldagehome\system\HTTP\ResponseTrait.php:774
Stack trace:
#0 [internal function]: CodeIgniter\Debug\Exceptions->errorHandler(2, 'Cannot modify h...', 'D:\\laragon\\www\\...', 774)
#1 D:\laragon\www\method-oldagehome\system\HTTP\ResponseTrait.php(774): setcookie('ci_session', 'q9n2n06ug1t07hg...', Array)
#2 D:\laragon\www\method-oldagehome\system\HTTP\ResponseTrait.php(750): CodeIgniter\HTTP\Response->doSetCookie('ci_session', 'q9n2n06ug1t07hg...', Array)
#3 D:\laragon\www\method-oldagehome\system\HTTP\ResponseTrait.php(730): CodeIgniter\HTTP\Response->dispatchCookies()
#4 D:\laragon\www\method-oldagehome\system\HTTP\ResponseTrait.php(447): CodeIgniter\HTTP\Response->sendCookies()
#5 D:\laragon\www\method-oldagehome\system\Debug\ExceptionHandler.php(78): CodeIgniter\HTTP\Response->send()
#6 D:\laragon\www\method-oldagehome\system\Debug\Exceptions.php(147): CodeIgniter\Debug\ExceptionHandler->handle(Object(CodeIgniter\Exceptions\PageNotFoundException), Object(CodeIgniter\HTTP\IncomingRequest), Object(CodeIgniter\HTTP\Response), 404, 1)
#7 [internal function]: CodeIgniter\Debug\Exceptions->exceptionHandler(Object(CodeIgniter\Exceptions\PageNotFoundException))
#8 {main}
  thrown
【Previous Exception】
CodeIgniter\Exceptions\PageNotFoundException
Page Not Found
#0 D:\laragon\www\method-oldagehome\system\CodeIgniter.php(967): CodeIgniter\Exceptions\PageNotFoundException::forPageNotFound(NULL)
#1 D:\laragon\www\method-oldagehome\system\CodeIgniter.php(362): CodeIgniter\CodeIgniter->display404errors(Object(CodeIgniter\Exceptions\PageNotFoundException))
#2 D:\laragon\www\method-oldagehome\public\index.php(79): CodeIgniter\CodeIgniter->run()
#3 D:\laragon\www\method-oldagehome\system\Commands\Server\rewrite.php(47): require_once('D:\\laragon\\www\\...')
#4 {main}
in SYSTEMPATH\HTTP\ResponseTrait.php on line 774.
 1 [internal function]: CodeIgniter\Debug\Exceptions->shutdownHandler()
CRITICAL - 2024-12-15 07:30:37 --> Uncaught ErrorException: Cannot modify header information - headers already sent in D:\laragon\www\method-oldagehome\system\HTTP\ResponseTrait.php:774
Stack trace:
#0 [internal function]: CodeIgniter\Debug\Exceptions->errorHandler(2, 'Cannot modify h...', 'D:\\laragon\\www\\...', 774)
#1 D:\laragon\www\method-oldagehome\system\HTTP\ResponseTrait.php(774): setcookie('ci_session', 'q9n2n06ug1t07hg...', Array)
#2 D:\laragon\www\method-oldagehome\system\HTTP\ResponseTrait.php(750): CodeIgniter\HTTP\Response->doSetCookie('ci_session', 'q9n2n06ug1t07hg...', Array)
#3 D:\laragon\www\method-oldagehome\system\HTTP\ResponseTrait.php(730): CodeIgniter\HTTP\Response->dispatchCookies()
#4 D:\laragon\www\method-oldagehome\system\HTTP\ResponseTrait.php(447): CodeIgniter\HTTP\Response->sendCookies()
#5 D:\laragon\www\method-oldagehome\system\Debug\ExceptionHandler.php(78): CodeIgniter\HTTP\Response->send()
#6 D:\laragon\www\method-oldagehome\system\Debug\Exceptions.php(147): CodeIgniter\Debug\ExceptionHandler->handle(Object(CodeIgniter\Exceptions\PageNotFoundException), Object(CodeIgniter\HTTP\IncomingRequest), Object(CodeIgniter\HTTP\Response), 404, 1)
#7 [internal function]: CodeIgniter\Debug\Exceptions->exceptionHandler(Object(CodeIgniter\Exceptions\PageNotFoundException))
#8 {main}
  thrown
【Previous Exception】
CodeIgniter\Exceptions\PageNotFoundException
Page Not Found
#0 D:\laragon\www\method-oldagehome\system\CodeIgniter.php(967): CodeIgniter\Exceptions\PageNotFoundException::forPageNotFound(NULL)
#1 D:\laragon\www\method-oldagehome\system\CodeIgniter.php(362): CodeIgniter\CodeIgniter->display404errors(Object(CodeIgniter\Exceptions\PageNotFoundException))
#2 D:\laragon\www\method-oldagehome\public\index.php(79): CodeIgniter\CodeIgniter->run()
#3 D:\laragon\www\method-oldagehome\system\Commands\Server\rewrite.php(47): require_once('D:\\laragon\\www\\...')
#4 {main}
in SYSTEMPATH\HTTP\ResponseTrait.php on line 774.
 1 [internal function]: CodeIgniter\Debug\Exceptions->shutdownHandler()
CRITICAL - 2024-12-15 07:30:38 --> Uncaught ErrorException: Cannot modify header information - headers already sent in D:\laragon\www\method-oldagehome\system\HTTP\ResponseTrait.php:774
Stack trace:
#0 [internal function]: CodeIgniter\Debug\Exceptions->errorHandler(2, 'Cannot modify h...', 'D:\\laragon\\www\\...', 774)
#1 D:\laragon\www\method-oldagehome\system\HTTP\ResponseTrait.php(774): setcookie('ci_session', 'q9n2n06ug1t07hg...', Array)
#2 D:\laragon\www\method-oldagehome\system\HTTP\ResponseTrait.php(750): CodeIgniter\HTTP\Response->doSetCookie('ci_session', 'q9n2n06ug1t07hg...', Array)
#3 D:\laragon\www\method-oldagehome\system\HTTP\ResponseTrait.php(730): CodeIgniter\HTTP\Response->dispatchCookies()
#4 D:\laragon\www\method-oldagehome\system\HTTP\ResponseTrait.php(447): CodeIgniter\HTTP\Response->sendCookies()
#5 D:\laragon\www\method-oldagehome\system\Debug\ExceptionHandler.php(78): CodeIgniter\HTTP\Response->send()
#6 D:\laragon\www\method-oldagehome\system\Debug\Exceptions.php(147): CodeIgniter\Debug\ExceptionHandler->handle(Object(CodeIgniter\Exceptions\PageNotFoundException), Object(CodeIgniter\HTTP\IncomingRequest), Object(CodeIgniter\HTTP\Response), 404, 1)
#7 [internal function]: CodeIgniter\Debug\Exceptions->exceptionHandler(Object(CodeIgniter\Exceptions\PageNotFoundException))
#8 {main}
  thrown
【Previous Exception】
CodeIgniter\Exceptions\PageNotFoundException
Page Not Found
#0 D:\laragon\www\method-oldagehome\system\CodeIgniter.php(967): CodeIgniter\Exceptions\PageNotFoundException::forPageNotFound(NULL)
#1 D:\laragon\www\method-oldagehome\system\CodeIgniter.php(362): CodeIgniter\CodeIgniter->display404errors(Object(CodeIgniter\Exceptions\PageNotFoundException))
#2 D:\laragon\www\method-oldagehome\public\index.php(79): CodeIgniter\CodeIgniter->run()
#3 D:\laragon\www\method-oldagehome\system\Commands\Server\rewrite.php(47): require_once('D:\\laragon\\www\\...')
#4 {main}
in SYSTEMPATH\HTTP\ResponseTrait.php on line 774.
 1 [internal function]: CodeIgniter\Debug\Exceptions->shutdownHandler()
CRITICAL - 2024-12-15 07:30:39 --> Uncaught ErrorException: Cannot modify header information - headers already sent in D:\laragon\www\method-oldagehome\system\HTTP\ResponseTrait.php:774
Stack trace:
#0 [internal function]: CodeIgniter\Debug\Exceptions->errorHandler(2, 'Cannot modify h...', 'D:\\laragon\\www\\...', 774)
#1 D:\laragon\www\method-oldagehome\system\HTTP\ResponseTrait.php(774): setcookie('ci_session', 'q9n2n06ug1t07hg...', Array)
#2 D:\laragon\www\method-oldagehome\system\HTTP\ResponseTrait.php(750): CodeIgniter\HTTP\Response->doSetCookie('ci_session', 'q9n2n06ug1t07hg...', Array)
#3 D:\laragon\www\method-oldagehome\system\HTTP\ResponseTrait.php(730): CodeIgniter\HTTP\Response->dispatchCookies()
#4 D:\laragon\www\method-oldagehome\system\HTTP\ResponseTrait.php(447): CodeIgniter\HTTP\Response->sendCookies()
#5 D:\laragon\www\method-oldagehome\system\Debug\ExceptionHandler.php(78): CodeIgniter\HTTP\Response->send()
#6 D:\laragon\www\method-oldagehome\system\Debug\Exceptions.php(147): CodeIgniter\Debug\ExceptionHandler->handle(Object(CodeIgniter\Exceptions\PageNotFoundException), Object(CodeIgniter\HTTP\IncomingRequest), Object(CodeIgniter\HTTP\Response), 404, 1)
#7 [internal function]: CodeIgniter\Debug\Exceptions->exceptionHandler(Object(CodeIgniter\Exceptions\PageNotFoundException))
#8 {main}
  thrown
【Previous Exception】
CodeIgniter\Exceptions\PageNotFoundException
Page Not Found
#0 D:\laragon\www\method-oldagehome\system\CodeIgniter.php(967): CodeIgniter\Exceptions\PageNotFoundException::forPageNotFound(NULL)
#1 D:\laragon\www\method-oldagehome\system\CodeIgniter.php(362): CodeIgniter\CodeIgniter->display404errors(Object(CodeIgniter\Exceptions\PageNotFoundException))
#2 D:\laragon\www\method-oldagehome\public\index.php(79): CodeIgniter\CodeIgniter->run()
#3 D:\laragon\www\method-oldagehome\system\Commands\Server\rewrite.php(47): require_once('D:\\laragon\\www\\...')
#4 {main}
in SYSTEMPATH\HTTP\ResponseTrait.php on line 774.
 1 [internal function]: CodeIgniter\Debug\Exceptions->shutdownHandler()
CRITICAL - 2024-12-15 07:30:40 --> Uncaught ErrorException: Cannot modify header information - headers already sent in D:\laragon\www\method-oldagehome\system\HTTP\ResponseTrait.php:774
Stack trace:
#0 [internal function]: CodeIgniter\Debug\Exceptions->errorHandler(2, 'Cannot modify h...', 'D:\\laragon\\www\\...', 774)
#1 D:\laragon\www\method-oldagehome\system\HTTP\ResponseTrait.php(774): setcookie('ci_session', 'q9n2n06ug1t07hg...', Array)
#2 D:\laragon\www\method-oldagehome\system\HTTP\ResponseTrait.php(750): CodeIgniter\HTTP\Response->doSetCookie('ci_session', 'q9n2n06ug1t07hg...', Array)
#3 D:\laragon\www\method-oldagehome\system\HTTP\ResponseTrait.php(730): CodeIgniter\HTTP\Response->dispatchCookies()
#4 D:\laragon\www\method-oldagehome\system\HTTP\ResponseTrait.php(447): CodeIgniter\HTTP\Response->sendCookies()
#5 D:\laragon\www\method-oldagehome\system\Debug\ExceptionHandler.php(78): CodeIgniter\HTTP\Response->send()
#6 D:\laragon\www\method-oldagehome\system\Debug\Exceptions.php(147): CodeIgniter\Debug\ExceptionHandler->handle(Object(CodeIgniter\Exceptions\PageNotFoundException), Object(CodeIgniter\HTTP\IncomingRequest), Object(CodeIgniter\HTTP\Response), 404, 1)
#7 [internal function]: CodeIgniter\Debug\Exceptions->exceptionHandler(Object(CodeIgniter\Exceptions\PageNotFoundException))
#8 {main}
  thrown
【Previous Exception】
CodeIgniter\Exceptions\PageNotFoundException
Page Not Found
#0 D:\laragon\www\method-oldagehome\system\CodeIgniter.php(967): CodeIgniter\Exceptions\PageNotFoundException::forPageNotFound(NULL)
#1 D:\laragon\www\method-oldagehome\system\CodeIgniter.php(362): CodeIgniter\CodeIgniter->display404errors(Object(CodeIgniter\Exceptions\PageNotFoundException))
#2 D:\laragon\www\method-oldagehome\public\index.php(79): CodeIgniter\CodeIgniter->run()
#3 D:\laragon\www\method-oldagehome\system\Commands\Server\rewrite.php(47): require_once('D:\\laragon\\www\\...')
#4 {main}
in SYSTEMPATH\HTTP\ResponseTrait.php on line 774.
 1 [internal function]: CodeIgniter\Debug\Exceptions->shutdownHandler()
CRITICAL - 2024-12-15 07:30:41 --> Uncaught ErrorException: Cannot modify header information - headers already sent in D:\laragon\www\method-oldagehome\system\HTTP\ResponseTrait.php:774
Stack trace:
#0 [internal function]: CodeIgniter\Debug\Exceptions->errorHandler(2, 'Cannot modify h...', 'D:\\laragon\\www\\...', 774)
#1 D:\laragon\www\method-oldagehome\system\HTTP\ResponseTrait.php(774): setcookie('ci_session', 'q9n2n06ug1t07hg...', Array)
#2 D:\laragon\www\method-oldagehome\system\HTTP\ResponseTrait.php(750): CodeIgniter\HTTP\Response->doSetCookie('ci_session', 'q9n2n06ug1t07hg...', Array)
#3 D:\laragon\www\method-oldagehome\system\HTTP\ResponseTrait.php(730): CodeIgniter\HTTP\Response->dispatchCookies()
#4 D:\laragon\www\method-oldagehome\system\HTTP\ResponseTrait.php(447): CodeIgniter\HTTP\Response->sendCookies()
#5 D:\laragon\www\method-oldagehome\system\Debug\ExceptionHandler.php(78): CodeIgniter\HTTP\Response->send()
#6 D:\laragon\www\method-oldagehome\system\Debug\Exceptions.php(147): CodeIgniter\Debug\ExceptionHandler->handle(Object(CodeIgniter\Exceptions\PageNotFoundException), Object(CodeIgniter\HTTP\IncomingRequest), Object(CodeIgniter\HTTP\Response), 404, 1)
#7 [internal function]: CodeIgniter\Debug\Exceptions->exceptionHandler(Object(CodeIgniter\Exceptions\PageNotFoundException))
#8 {main}
  thrown
【Previous Exception】
CodeIgniter\Exceptions\PageNotFoundException
Page Not Found
#0 D:\laragon\www\method-oldagehome\system\CodeIgniter.php(967): CodeIgniter\Exceptions\PageNotFoundException::forPageNotFound(NULL)
#1 D:\laragon\www\method-oldagehome\system\CodeIgniter.php(362): CodeIgniter\CodeIgniter->display404errors(Object(CodeIgniter\Exceptions\PageNotFoundException))
#2 D:\laragon\www\method-oldagehome\public\index.php(79): CodeIgniter\CodeIgniter->run()
#3 D:\laragon\www\method-oldagehome\system\Commands\Server\rewrite.php(47): require_once('D:\\laragon\\www\\...')
#4 {main}
in SYSTEMPATH\HTTP\ResponseTrait.php on line 774.
 1 [internal function]: CodeIgniter\Debug\Exceptions->shutdownHandler()
CRITICAL - 2024-12-15 07:30:42 --> Uncaught ErrorException: Cannot modify header information - headers already sent in D:\laragon\www\method-oldagehome\system\HTTP\ResponseTrait.php:774
Stack trace:
#0 [internal function]: CodeIgniter\Debug\Exceptions->errorHandler(2, 'Cannot modify h...', 'D:\\laragon\\www\\...', 774)
#1 D:\laragon\www\method-oldagehome\system\HTTP\ResponseTrait.php(774): setcookie('ci_session', 'q9n2n06ug1t07hg...', Array)
#2 D:\laragon\www\method-oldagehome\system\HTTP\ResponseTrait.php(750): CodeIgniter\HTTP\Response->doSetCookie('ci_session', 'q9n2n06ug1t07hg...', Array)
#3 D:\laragon\www\method-oldagehome\system\HTTP\ResponseTrait.php(730): CodeIgniter\HTTP\Response->dispatchCookies()
#4 D:\laragon\www\method-oldagehome\system\HTTP\ResponseTrait.php(447): CodeIgniter\HTTP\Response->sendCookies()
#5 D:\laragon\www\method-oldagehome\system\Debug\ExceptionHandler.php(78): CodeIgniter\HTTP\Response->send()
#6 D:\laragon\www\method-oldagehome\system\Debug\Exceptions.php(147): CodeIgniter\Debug\ExceptionHandler->handle(Object(CodeIgniter\Exceptions\PageNotFoundException), Object(CodeIgniter\HTTP\IncomingRequest), Object(CodeIgniter\HTTP\Response), 404, 1)
#7 [internal function]: CodeIgniter\Debug\Exceptions->exceptionHandler(Object(CodeIgniter\Exceptions\PageNotFoundException))
#8 {main}
  thrown
【Previous Exception】
CodeIgniter\Exceptions\PageNotFoundException
Page Not Found
#0 D:\laragon\www\method-oldagehome\system\CodeIgniter.php(967): CodeIgniter\Exceptions\PageNotFoundException::forPageNotFound(NULL)
#1 D:\laragon\www\method-oldagehome\system\CodeIgniter.php(362): CodeIgniter\CodeIgniter->display404errors(Object(CodeIgniter\Exceptions\PageNotFoundException))
#2 D:\laragon\www\method-oldagehome\public\index.php(79): CodeIgniter\CodeIgniter->run()
#3 D:\laragon\www\method-oldagehome\system\Commands\Server\rewrite.php(47): require_once('D:\\laragon\\www\\...')
#4 {main}
in SYSTEMPATH\HTTP\ResponseTrait.php on line 774.
 1 [internal function]: CodeIgniter\Debug\Exceptions->shutdownHandler()
CRITICAL - 2024-12-15 07:30:43 --> Uncaught ErrorException: Cannot modify header information - headers already sent in D:\laragon\www\method-oldagehome\system\HTTP\ResponseTrait.php:774
Stack trace:
#0 [internal function]: CodeIgniter\Debug\Exceptions->errorHandler(2, 'Cannot modify h...', 'D:\\laragon\\www\\...', 774)
#1 D:\laragon\www\method-oldagehome\system\HTTP\ResponseTrait.php(774): setcookie('ci_session', 'q9n2n06ug1t07hg...', Array)
#2 D:\laragon\www\method-oldagehome\system\HTTP\ResponseTrait.php(750): CodeIgniter\HTTP\Response->doSetCookie('ci_session', 'q9n2n06ug1t07hg...', Array)
#3 D:\laragon\www\method-oldagehome\system\HTTP\ResponseTrait.php(730): CodeIgniter\HTTP\Response->dispatchCookies()
#4 D:\laragon\www\method-oldagehome\system\HTTP\ResponseTrait.php(447): CodeIgniter\HTTP\Response->sendCookies()
#5 D:\laragon\www\method-oldagehome\system\Debug\ExceptionHandler.php(78): CodeIgniter\HTTP\Response->send()
#6 D:\laragon\www\method-oldagehome\system\Debug\Exceptions.php(147): CodeIgniter\Debug\ExceptionHandler->handle(Object(CodeIgniter\Exceptions\PageNotFoundException), Object(CodeIgniter\HTTP\IncomingRequest), Object(CodeIgniter\HTTP\Response), 404, 1)
#7 [internal function]: CodeIgniter\Debug\Exceptions->exceptionHandler(Object(CodeIgniter\Exceptions\PageNotFoundException))
#8 {main}
  thrown
【Previous Exception】
CodeIgniter\Exceptions\PageNotFoundException
Page Not Found
#0 D:\laragon\www\method-oldagehome\system\CodeIgniter.php(967): CodeIgniter\Exceptions\PageNotFoundException::forPageNotFound(NULL)
#1 D:\laragon\www\method-oldagehome\system\CodeIgniter.php(362): CodeIgniter\CodeIgniter->display404errors(Object(CodeIgniter\Exceptions\PageNotFoundException))
#2 D:\laragon\www\method-oldagehome\public\index.php(79): CodeIgniter\CodeIgniter->run()
#3 D:\laragon\www\method-oldagehome\system\Commands\Server\rewrite.php(47): require_once('D:\\laragon\\www\\...')
#4 {main}
in SYSTEMPATH\HTTP\ResponseTrait.php on line 774.
 1 [internal function]: CodeIgniter\Debug\Exceptions->shutdownHandler()
CRITICAL - 2024-12-15 07:30:44 --> Uncaught ErrorException: Cannot modify header information - headers already sent in D:\laragon\www\method-oldagehome\system\HTTP\ResponseTrait.php:774
Stack trace:
#0 [internal function]: CodeIgniter\Debug\Exceptions->errorHandler(2, 'Cannot modify h...', 'D:\\laragon\\www\\...', 774)
#1 D:\laragon\www\method-oldagehome\system\HTTP\ResponseTrait.php(774): setcookie('ci_session', 'q9n2n06ug1t07hg...', Array)
#2 D:\laragon\www\method-oldagehome\system\HTTP\ResponseTrait.php(750): CodeIgniter\HTTP\Response->doSetCookie('ci_session', 'q9n2n06ug1t07hg...', Array)
#3 D:\laragon\www\method-oldagehome\system\HTTP\ResponseTrait.php(730): CodeIgniter\HTTP\Response->dispatchCookies()
#4 D:\laragon\www\method-oldagehome\system\HTTP\ResponseTrait.php(447): CodeIgniter\HTTP\Response->sendCookies()
#5 D:\laragon\www\method-oldagehome\system\Debug\ExceptionHandler.php(78): CodeIgniter\HTTP\Response->send()
#6 D:\laragon\www\method-oldagehome\system\Debug\Exceptions.php(147): CodeIgniter\Debug\ExceptionHandler->handle(Object(CodeIgniter\Exceptions\PageNotFoundException), Object(CodeIgniter\HTTP\IncomingRequest), Object(CodeIgniter\HTTP\Response), 404, 1)
#7 [internal function]: CodeIgniter\Debug\Exceptions->exceptionHandler(Object(CodeIgniter\Exceptions\PageNotFoundException))
#8 {main}
  thrown
【Previous Exception】
CodeIgniter\Exceptions\PageNotFoundException
Page Not Found
#0 D:\laragon\www\method-oldagehome\system\CodeIgniter.php(967): CodeIgniter\Exceptions\PageNotFoundException::forPageNotFound(NULL)
#1 D:\laragon\www\method-oldagehome\system\CodeIgniter.php(362): CodeIgniter\CodeIgniter->display404errors(Object(CodeIgniter\Exceptions\PageNotFoundException))
#2 D:\laragon\www\method-oldagehome\public\index.php(79): CodeIgniter\CodeIgniter->run()
#3 D:\laragon\www\method-oldagehome\system\Commands\Server\rewrite.php(47): require_once('D:\\laragon\\www\\...')
#4 {main}
in SYSTEMPATH\HTTP\ResponseTrait.php on line 774.
 1 [internal function]: CodeIgniter\Debug\Exceptions->shutdownHandler()
CRITICAL - 2024-12-15 07:30:45 --> Uncaught ErrorException: Cannot modify header information - headers already sent in D:\laragon\www\method-oldagehome\system\HTTP\ResponseTrait.php:774
Stack trace:
#0 [internal function]: CodeIgniter\Debug\Exceptions->errorHandler(2, 'Cannot modify h...', 'D:\\laragon\\www\\...', 774)
#1 D:\laragon\www\method-oldagehome\system\HTTP\ResponseTrait.php(774): setcookie('ci_session', 'q9n2n06ug1t07hg...', Array)
#2 D:\laragon\www\method-oldagehome\system\HTTP\ResponseTrait.php(750): CodeIgniter\HTTP\Response->doSetCookie('ci_session', 'q9n2n06ug1t07hg...', Array)
#3 D:\laragon\www\method-oldagehome\system\HTTP\ResponseTrait.php(730): CodeIgniter\HTTP\Response->dispatchCookies()
#4 D:\laragon\www\method-oldagehome\system\HTTP\ResponseTrait.php(447): CodeIgniter\HTTP\Response->sendCookies()
#5 D:\laragon\www\method-oldagehome\system\Debug\ExceptionHandler.php(78): CodeIgniter\HTTP\Response->send()
#6 D:\laragon\www\method-oldagehome\system\Debug\Exceptions.php(147): CodeIgniter\Debug\ExceptionHandler->handle(Object(CodeIgniter\Exceptions\PageNotFoundException), Object(CodeIgniter\HTTP\IncomingRequest), Object(CodeIgniter\HTTP\Response), 404, 1)
#7 [internal function]: CodeIgniter\Debug\Exceptions->exceptionHandler(Object(CodeIgniter\Exceptions\PageNotFoundException))
#8 {main}
  thrown
【Previous Exception】
CodeIgniter\Exceptions\PageNotFoundException
Page Not Found
#0 D:\laragon\www\method-oldagehome\system\CodeIgniter.php(967): CodeIgniter\Exceptions\PageNotFoundException::forPageNotFound(NULL)
#1 D:\laragon\www\method-oldagehome\system\CodeIgniter.php(362): CodeIgniter\CodeIgniter->display404errors(Object(CodeIgniter\Exceptions\PageNotFoundException))
#2 D:\laragon\www\method-oldagehome\public\index.php(79): CodeIgniter\CodeIgniter->run()
#3 D:\laragon\www\method-oldagehome\system\Commands\Server\rewrite.php(47): require_once('D:\\laragon\\www\\...')
#4 {main}
in SYSTEMPATH\HTTP\ResponseTrait.php on line 774.
 1 [internal function]: CodeIgniter\Debug\Exceptions->shutdownHandler()
CRITICAL - 2024-12-15 07:47:23 --> Trying to access array offset on value of type null
in APPPATH\Views\dashboard\editOrganization.php on line 50.
 1 APPPATH\Views\dashboard\editOrganization.php(50): CodeIgniter\Debug\Exceptions->errorHandler(2, 'Trying to access array offset on value of type null', 'D:\\laragon\\www\\method-oldagehome\\app\\Views\\dashboard\\editOrganization.php', 50)
 2 SYSTEMPATH\View\View.php(226): include('D:\\laragon\\www\\method-oldagehome\\app\\Views\\dashboard\\editOrganization.php')
 3 SYSTEMPATH\View\View.php(229): CodeIgniter\View\View->CodeIgniter\View\{closure}()
 4 SYSTEMPATH\Common.php(1188): CodeIgniter\View\View->render('dashboard/editOrganization', [], true)
 5 APPPATH\Controllers\HomeController.php(176): view('dashboard/editOrganization', [...])
 6 SYSTEMPATH\CodeIgniter.php(919): App\Controllers\HomeController->viewedit('login', 'vendors', 'typicons', 'typicons.css')
 7 SYSTEMPATH\CodeIgniter.php(494): CodeIgniter\CodeIgniter->runController(Object(App\Controllers\HomeController))
 8 SYSTEMPATH\CodeIgniter.php(353): CodeIgniter\CodeIgniter->handleRequest(null, Object(Config\Cache), false)
 9 FCPATH\index.php(79): CodeIgniter\CodeIgniter->run()
10 SYSTEMPATH\Commands\Server\rewrite.php(47): require_once('D:\\laragon\\www\\method-oldagehome\\public\\index.php')
CRITICAL - 2024-12-15 07:47:24 --> Trying to access array offset on value of type null
in APPPATH\Views\dashboard\editOrganization.php on line 50.
 1 APPPATH\Views\dashboard\editOrganization.php(50): CodeIgniter\Debug\Exceptions->errorHandler(2, 'Trying to access array offset on value of type null', 'D:\\laragon\\www\\method-oldagehome\\app\\Views\\dashboard\\editOrganization.php', 50)
 2 SYSTEMPATH\View\View.php(226): include('D:\\laragon\\www\\method-oldagehome\\app\\Views\\dashboard\\editOrganization.php')
 3 SYSTEMPATH\View\View.php(229): CodeIgniter\View\View->CodeIgniter\View\{closure}()
 4 SYSTEMPATH\Common.php(1188): CodeIgniter\View\View->render('dashboard/editOrganization', [], true)
 5 APPPATH\Controllers\HomeController.php(176): view('dashboard/editOrganization', [...])
 6 SYSTEMPATH\CodeIgniter.php(919): App\Controllers\HomeController->viewedit('login', 'vendors', 'css', 'vendor.bundle.base.css')
 7 SYSTEMPATH\CodeIgniter.php(494): CodeIgniter\CodeIgniter->runController(Object(App\Controllers\HomeController))
 8 SYSTEMPATH\CodeIgniter.php(353): CodeIgniter\CodeIgniter->handleRequest(null, Object(Config\Cache), false)
 9 FCPATH\index.php(79): CodeIgniter\CodeIgniter->run()
10 SYSTEMPATH\Commands\Server\rewrite.php(47): require_once('D:\\laragon\\www\\method-oldagehome\\public\\index.php')
CRITICAL - 2024-12-15 07:47:24 --> Trying to access array offset on value of type null
in APPPATH\Views\dashboard\editOrganization.php on line 50.
 1 APPPATH\Views\dashboard\editOrganization.php(50): CodeIgniter\Debug\Exceptions->errorHandler(2, 'Trying to access array offset on value of type null', 'D:\\laragon\\www\\method-oldagehome\\app\\Views\\dashboard\\editOrganization.php', 50)
 2 SYSTEMPATH\View\View.php(226): include('D:\\laragon\\www\\method-oldagehome\\app\\Views\\dashboard\\editOrganization.php')
 3 SYSTEMPATH\View\View.php(229): CodeIgniter\View\View->CodeIgniter\View\{closure}()
 4 SYSTEMPATH\Common.php(1188): CodeIgniter\View\View->render('dashboard/editOrganization', [], true)
 5 APPPATH\Controllers\HomeController.php(176): view('dashboard/editOrganization', [...])
 6 SYSTEMPATH\CodeIgniter.php(919): App\Controllers\HomeController->viewedit('login', 'vendors', 'select2', 'select2.min.css')
 7 SYSTEMPATH\CodeIgniter.php(494): CodeIgniter\CodeIgniter->runController(Object(App\Controllers\HomeController))
 8 SYSTEMPATH\CodeIgniter.php(353): CodeIgniter\CodeIgniter->handleRequest(null, Object(Config\Cache), false)
 9 FCPATH\index.php(79): CodeIgniter\CodeIgniter->run()
10 SYSTEMPATH\Commands\Server\rewrite.php(47): require_once('D:\\laragon\\www\\method-oldagehome\\public\\index.php')
CRITICAL - 2024-12-15 07:47:24 --> Trying to access array offset on value of type null
in APPPATH\Views\dashboard\editOrganization.php on line 50.
 1 APPPATH\Views\dashboard\editOrganization.php(50): CodeIgniter\Debug\Exceptions->errorHandler(2, 'Trying to access array offset on value of type null', 'D:\\laragon\\www\\method-oldagehome\\app\\Views\\dashboard\\editOrganization.php', 50)
 2 SYSTEMPATH\View\View.php(226): include('D:\\laragon\\www\\method-oldagehome\\app\\Views\\dashboard\\editOrganization.php')
 3 SYSTEMPATH\View\View.php(229): CodeIgniter\View\View->CodeIgniter\View\{closure}()
 4 SYSTEMPATH\Common.php(1188): CodeIgniter\View\View->render('dashboard/editOrganization', [], true)
 5 APPPATH\Controllers\HomeController.php(176): view('dashboard/editOrganization', [...])
 6 SYSTEMPATH\CodeIgniter.php(919): App\Controllers\HomeController->viewedit('login', 'vendors', 'select2-bootstrap-theme', 'select2-bootstrap.min.css')
 7 SYSTEMPATH\CodeIgniter.php(494): CodeIgniter\CodeIgniter->runController(Object(App\Controllers\HomeController))
 8 SYSTEMPATH\CodeIgniter.php(353): CodeIgniter\CodeIgniter->handleRequest(null, Object(Config\Cache), false)
 9 FCPATH\index.php(79): CodeIgniter\CodeIgniter->run()
10 SYSTEMPATH\Commands\Server\rewrite.php(47): require_once('D:\\laragon\\www\\method-oldagehome\\public\\index.php')
CRITICAL - 2024-12-15 07:47:24 --> Trying to access array offset on value of type null
in APPPATH\Views\dashboard\editOrganization.php on line 50.
 1 APPPATH\Views\dashboard\editOrganization.php(50): CodeIgniter\Debug\Exceptions->errorHandler(2, 'Trying to access array offset on value of type null', 'D:\\laragon\\www\\method-oldagehome\\app\\Views\\dashboard\\editOrganization.php', 50)
 2 SYSTEMPATH\View\View.php(226): include('D:\\laragon\\www\\method-oldagehome\\app\\Views\\dashboard\\editOrganization.php')
 3 SYSTEMPATH\View\View.php(229): CodeIgniter\View\View->CodeIgniter\View\{closure}()
 4 SYSTEMPATH\Common.php(1188): CodeIgniter\View\View->render('dashboard/editOrganization', [], true)
 5 APPPATH\Controllers\HomeController.php(176): view('dashboard/editOrganization', [...])
 6 SYSTEMPATH\CodeIgniter.php(919): App\Controllers\HomeController->viewedit('login', 'css', 'vertical-layout-light', 'style.css')
 7 SYSTEMPATH\CodeIgniter.php(494): CodeIgniter\CodeIgniter->runController(Object(App\Controllers\HomeController))
 8 SYSTEMPATH\CodeIgniter.php(353): CodeIgniter\CodeIgniter->handleRequest(null, Object(Config\Cache), false)
 9 FCPATH\index.php(79): CodeIgniter\CodeIgniter->run()
10 SYSTEMPATH\Commands\Server\rewrite.php(47): require_once('D:\\laragon\\www\\method-oldagehome\\public\\index.php')
CRITICAL - 2024-12-15 07:48:26 --> Trying to access array offset on value of type null
in APPPATH\Views\dashboard\editOrganization.php on line 50.
 1 APPPATH\Views\dashboard\editOrganization.php(50): CodeIgniter\Debug\Exceptions->errorHandler(2, 'Trying to access array offset on value of type null', 'D:\\laragon\\www\\method-oldagehome\\app\\Views\\dashboard\\editOrganization.php', 50)
 2 SYSTEMPATH\View\View.php(226): include('D:\\laragon\\www\\method-oldagehome\\app\\Views\\dashboard\\editOrganization.php')
 3 SYSTEMPATH\View\View.php(229): CodeIgniter\View\View->CodeIgniter\View\{closure}()
 4 SYSTEMPATH\Common.php(1188): CodeIgniter\View\View->render('dashboard/editOrganization', [], true)
 5 APPPATH\Controllers\HomeController.php(176): view('dashboard/editOrganization', [...])
 6 SYSTEMPATH\CodeIgniter.php(919): App\Controllers\HomeController->viewedit('login', 'vendors', 'typicons', 'typicons.css')
 7 SYSTEMPATH\CodeIgniter.php(494): CodeIgniter\CodeIgniter->runController(Object(App\Controllers\HomeController))
 8 SYSTEMPATH\CodeIgniter.php(353): CodeIgniter\CodeIgniter->handleRequest(null, Object(Config\Cache), false)
 9 FCPATH\index.php(79): CodeIgniter\CodeIgniter->run()
10 SYSTEMPATH\Commands\Server\rewrite.php(47): require_once('D:\\laragon\\www\\method-oldagehome\\public\\index.php')
CRITICAL - 2024-12-15 07:48:26 --> Trying to access array offset on value of type null
in APPPATH\Views\dashboard\editOrganization.php on line 50.
 1 APPPATH\Views\dashboard\editOrganization.php(50): CodeIgniter\Debug\Exceptions->errorHandler(2, 'Trying to access array offset on value of type null', 'D:\\laragon\\www\\method-oldagehome\\app\\Views\\dashboard\\editOrganization.php', 50)
 2 SYSTEMPATH\View\View.php(226): include('D:\\laragon\\www\\method-oldagehome\\app\\Views\\dashboard\\editOrganization.php')
 3 SYSTEMPATH\View\View.php(229): CodeIgniter\View\View->CodeIgniter\View\{closure}()
 4 SYSTEMPATH\Common.php(1188): CodeIgniter\View\View->render('dashboard/editOrganization', [], true)
 5 APPPATH\Controllers\HomeController.php(176): view('dashboard/editOrganization', [...])
 6 SYSTEMPATH\CodeIgniter.php(919): App\Controllers\HomeController->viewedit('login', 'vendors', 'css', 'vendor.bundle.base.css')
 7 SYSTEMPATH\CodeIgniter.php(494): CodeIgniter\CodeIgniter->runController(Object(App\Controllers\HomeController))
 8 SYSTEMPATH\CodeIgniter.php(353): CodeIgniter\CodeIgniter->handleRequest(null, Object(Config\Cache), false)
 9 FCPATH\index.php(79): CodeIgniter\CodeIgniter->run()
10 SYSTEMPATH\Commands\Server\rewrite.php(47): require_once('D:\\laragon\\www\\method-oldagehome\\public\\index.php')
CRITICAL - 2024-12-15 07:48:26 --> Trying to access array offset on value of type null
in APPPATH\Views\dashboard\editOrganization.php on line 50.
 1 APPPATH\Views\dashboard\editOrganization.php(50): CodeIgniter\Debug\Exceptions->errorHandler(2, 'Trying to access array offset on value of type null', 'D:\\laragon\\www\\method-oldagehome\\app\\Views\\dashboard\\editOrganization.php', 50)
 2 SYSTEMPATH\View\View.php(226): include('D:\\laragon\\www\\method-oldagehome\\app\\Views\\dashboard\\editOrganization.php')
 3 SYSTEMPATH\View\View.php(229): CodeIgniter\View\View->CodeIgniter\View\{closure}()
 4 SYSTEMPATH\Common.php(1188): CodeIgniter\View\View->render('dashboard/editOrganization', [], true)
 5 APPPATH\Controllers\HomeController.php(176): view('dashboard/editOrganization', [...])
 6 SYSTEMPATH\CodeIgniter.php(919): App\Controllers\HomeController->viewedit('login', 'vendors', 'select2', 'select2.min.css')
 7 SYSTEMPATH\CodeIgniter.php(494): CodeIgniter\CodeIgniter->runController(Object(App\Controllers\HomeController))
 8 SYSTEMPATH\CodeIgniter.php(353): CodeIgniter\CodeIgniter->handleRequest(null, Object(Config\Cache), false)
 9 FCPATH\index.php(79): CodeIgniter\CodeIgniter->run()
10 SYSTEMPATH\Commands\Server\rewrite.php(47): require_once('D:\\laragon\\www\\method-oldagehome\\public\\index.php')
CRITICAL - 2024-12-15 07:48:26 --> Trying to access array offset on value of type null
in APPPATH\Views\dashboard\editOrganization.php on line 50.
 1 APPPATH\Views\dashboard\editOrganization.php(50): CodeIgniter\Debug\Exceptions->errorHandler(2, 'Trying to access array offset on value of type null', 'D:\\laragon\\www\\method-oldagehome\\app\\Views\\dashboard\\editOrganization.php', 50)
 2 SYSTEMPATH\View\View.php(226): include('D:\\laragon\\www\\method-oldagehome\\app\\Views\\dashboard\\editOrganization.php')
 3 SYSTEMPATH\View\View.php(229): CodeIgniter\View\View->CodeIgniter\View\{closure}()
 4 SYSTEMPATH\Common.php(1188): CodeIgniter\View\View->render('dashboard/editOrganization', [], true)
 5 APPPATH\Controllers\HomeController.php(176): view('dashboard/editOrganization', [...])
 6 SYSTEMPATH\CodeIgniter.php(919): App\Controllers\HomeController->viewedit('login', 'vendors', 'select2-bootstrap-theme', 'select2-bootstrap.min.css')
 7 SYSTEMPATH\CodeIgniter.php(494): CodeIgniter\CodeIgniter->runController(Object(App\Controllers\HomeController))
 8 SYSTEMPATH\CodeIgniter.php(353): CodeIgniter\CodeIgniter->handleRequest(null, Object(Config\Cache), false)
 9 FCPATH\index.php(79): CodeIgniter\CodeIgniter->run()
10 SYSTEMPATH\Commands\Server\rewrite.php(47): require_once('D:\\laragon\\www\\method-oldagehome\\public\\index.php')
CRITICAL - 2024-12-15 07:48:26 --> Trying to access array offset on value of type null
in APPPATH\Views\dashboard\editOrganization.php on line 50.
 1 APPPATH\Views\dashboard\editOrganization.php(50): CodeIgniter\Debug\Exceptions->errorHandler(2, 'Trying to access array offset on value of type null', 'D:\\laragon\\www\\method-oldagehome\\app\\Views\\dashboard\\editOrganization.php', 50)
 2 SYSTEMPATH\View\View.php(226): include('D:\\laragon\\www\\method-oldagehome\\app\\Views\\dashboard\\editOrganization.php')
 3 SYSTEMPATH\View\View.php(229): CodeIgniter\View\View->CodeIgniter\View\{closure}()
 4 SYSTEMPATH\Common.php(1188): CodeIgniter\View\View->render('dashboard/editOrganization', [], true)
 5 APPPATH\Controllers\HomeController.php(176): view('dashboard/editOrganization', [...])
 6 SYSTEMPATH\CodeIgniter.php(919): App\Controllers\HomeController->viewedit('login', 'css', 'vertical-layout-light', 'style.css')
 7 SYSTEMPATH\CodeIgniter.php(494): CodeIgniter\CodeIgniter->runController(Object(App\Controllers\HomeController))
 8 SYSTEMPATH\CodeIgniter.php(353): CodeIgniter\CodeIgniter->handleRequest(null, Object(Config\Cache), false)
 9 FCPATH\index.php(79): CodeIgniter\CodeIgniter->run()
10 SYSTEMPATH\Commands\Server\rewrite.php(47): require_once('D:\\laragon\\www\\method-oldagehome\\public\\index.php')
CRITICAL - 2024-12-15 07:48:32 --> Trying to access array offset on value of type null
in APPPATH\Views\dashboard\editOrganization.php on line 50.
 1 APPPATH\Views\dashboard\editOrganization.php(50): CodeIgniter\Debug\Exceptions->errorHandler(2, 'Trying to access array offset on value of type null', 'D:\\laragon\\www\\method-oldagehome\\app\\Views\\dashboard\\editOrganization.php', 50)
 2 SYSTEMPATH\View\View.php(226): include('D:\\laragon\\www\\method-oldagehome\\app\\Views\\dashboard\\editOrganization.php')
 3 SYSTEMPATH\View\View.php(229): CodeIgniter\View\View->CodeIgniter\View\{closure}()
 4 SYSTEMPATH\Common.php(1188): CodeIgniter\View\View->render('dashboard/editOrganization', [], true)
 5 APPPATH\Controllers\HomeController.php(176): view('dashboard/editOrganization', [...])
 6 SYSTEMPATH\CodeIgniter.php(919): App\Controllers\HomeController->viewedit('login', 'vendors', 'typicons', 'typicons.css')
 7 SYSTEMPATH\CodeIgniter.php(494): CodeIgniter\CodeIgniter->runController(Object(App\Controllers\HomeController))
 8 SYSTEMPATH\CodeIgniter.php(353): CodeIgniter\CodeIgniter->handleRequest(null, Object(Config\Cache), false)
 9 FCPATH\index.php(79): CodeIgniter\CodeIgniter->run()
10 SYSTEMPATH\Commands\Server\rewrite.php(47): require_once('D:\\laragon\\www\\method-oldagehome\\public\\index.php')
CRITICAL - 2024-12-15 07:48:32 --> Trying to access array offset on value of type null
in APPPATH\Views\dashboard\editOrganization.php on line 50.
 1 APPPATH\Views\dashboard\editOrganization.php(50): CodeIgniter\Debug\Exceptions->errorHandler(2, 'Trying to access array offset on value of type null', 'D:\\laragon\\www\\method-oldagehome\\app\\Views\\dashboard\\editOrganization.php', 50)
 2 SYSTEMPATH\View\View.php(226): include('D:\\laragon\\www\\method-oldagehome\\app\\Views\\dashboard\\editOrganization.php')
 3 SYSTEMPATH\View\View.php(229): CodeIgniter\View\View->CodeIgniter\View\{closure}()
 4 SYSTEMPATH\Common.php(1188): CodeIgniter\View\View->render('dashboard/editOrganization', [], true)
 5 APPPATH\Controllers\HomeController.php(176): view('dashboard/editOrganization', [...])
 6 SYSTEMPATH\CodeIgniter.php(919): App\Controllers\HomeController->viewedit('login', 'vendors', 'css', 'vendor.bundle.base.css')
 7 SYSTEMPATH\CodeIgniter.php(494): CodeIgniter\CodeIgniter->runController(Object(App\Controllers\HomeController))
 8 SYSTEMPATH\CodeIgniter.php(353): CodeIgniter\CodeIgniter->handleRequest(null, Object(Config\Cache), false)
 9 FCPATH\index.php(79): CodeIgniter\CodeIgniter->run()
10 SYSTEMPATH\Commands\Server\rewrite.php(47): require_once('D:\\laragon\\www\\method-oldagehome\\public\\index.php')
CRITICAL - 2024-12-15 07:48:32 --> Trying to access array offset on value of type null
in APPPATH\Views\dashboard\editOrganization.php on line 50.
 1 APPPATH\Views\dashboard\editOrganization.php(50): CodeIgniter\Debug\Exceptions->errorHandler(2, 'Trying to access array offset on value of type null', 'D:\\laragon\\www\\method-oldagehome\\app\\Views\\dashboard\\editOrganization.php', 50)
 2 SYSTEMPATH\View\View.php(226): include('D:\\laragon\\www\\method-oldagehome\\app\\Views\\dashboard\\editOrganization.php')
 3 SYSTEMPATH\View\View.php(229): CodeIgniter\View\View->CodeIgniter\View\{closure}()
 4 SYSTEMPATH\Common.php(1188): CodeIgniter\View\View->render('dashboard/editOrganization', [], true)
 5 APPPATH\Controllers\HomeController.php(176): view('dashboard/editOrganization', [...])
 6 SYSTEMPATH\CodeIgniter.php(919): App\Controllers\HomeController->viewedit('login', 'vendors', 'select2', 'select2.min.css')
 7 SYSTEMPATH\CodeIgniter.php(494): CodeIgniter\CodeIgniter->runController(Object(App\Controllers\HomeController))
 8 SYSTEMPATH\CodeIgniter.php(353): CodeIgniter\CodeIgniter->handleRequest(null, Object(Config\Cache), false)
 9 FCPATH\index.php(79): CodeIgniter\CodeIgniter->run()
10 SYSTEMPATH\Commands\Server\rewrite.php(47): require_once('D:\\laragon\\www\\method-oldagehome\\public\\index.php')
CRITICAL - 2024-12-15 07:48:32 --> Trying to access array offset on value of type null
in APPPATH\Views\dashboard\editOrganization.php on line 50.
 1 APPPATH\Views\dashboard\editOrganization.php(50): CodeIgniter\Debug\Exceptions->errorHandler(2, 'Trying to access array offset on value of type null', 'D:\\laragon\\www\\method-oldagehome\\app\\Views\\dashboard\\editOrganization.php', 50)
 2 SYSTEMPATH\View\View.php(226): include('D:\\laragon\\www\\method-oldagehome\\app\\Views\\dashboard\\editOrganization.php')
 3 SYSTEMPATH\View\View.php(229): CodeIgniter\View\View->CodeIgniter\View\{closure}()
 4 SYSTEMPATH\Common.php(1188): CodeIgniter\View\View->render('dashboard/editOrganization', [], true)
 5 APPPATH\Controllers\HomeController.php(176): view('dashboard/editOrganization', [...])
 6 SYSTEMPATH\CodeIgniter.php(919): App\Controllers\HomeController->viewedit('login', 'vendors', 'select2-bootstrap-theme', 'select2-bootstrap.min.css')
 7 SYSTEMPATH\CodeIgniter.php(494): CodeIgniter\CodeIgniter->runController(Object(App\Controllers\HomeController))
 8 SYSTEMPATH\CodeIgniter.php(353): CodeIgniter\CodeIgniter->handleRequest(null, Object(Config\Cache), false)
 9 FCPATH\index.php(79): CodeIgniter\CodeIgniter->run()
10 SYSTEMPATH\Commands\Server\rewrite.php(47): require_once('D:\\laragon\\www\\method-oldagehome\\public\\index.php')
CRITICAL - 2024-12-15 07:48:33 --> Trying to access array offset on value of type null
in APPPATH\Views\dashboard\editOrganization.php on line 50.
 1 APPPATH\Views\dashboard\editOrganization.php(50): CodeIgniter\Debug\Exceptions->errorHandler(2, 'Trying to access array offset on value of type null', 'D:\\laragon\\www\\method-oldagehome\\app\\Views\\dashboard\\editOrganization.php', 50)
 2 SYSTEMPATH\View\View.php(226): include('D:\\laragon\\www\\method-oldagehome\\app\\Views\\dashboard\\editOrganization.php')
 3 SYSTEMPATH\View\View.php(229): CodeIgniter\View\View->CodeIgniter\View\{closure}()
 4 SYSTEMPATH\Common.php(1188): CodeIgniter\View\View->render('dashboard/editOrganization', [], true)
 5 APPPATH\Controllers\HomeController.php(176): view('dashboard/editOrganization', [...])
 6 SYSTEMPATH\CodeIgniter.php(919): App\Controllers\HomeController->viewedit('login', 'css', 'vertical-layout-light', 'style.css')
 7 SYSTEMPATH\CodeIgniter.php(494): CodeIgniter\CodeIgniter->runController(Object(App\Controllers\HomeController))
 8 SYSTEMPATH\CodeIgniter.php(353): CodeIgniter\CodeIgniter->handleRequest(null, Object(Config\Cache), false)
 9 FCPATH\index.php(79): CodeIgniter\CodeIgniter->run()
10 SYSTEMPATH\Commands\Server\rewrite.php(47): require_once('D:\\laragon\\www\\method-oldagehome\\public\\index.php')
CRITICAL - 2024-12-15 07:48:41 --> Trying to access array offset on value of type null
in APPPATH\Views\dashboard\editOrganization.php on line 50.
 1 APPPATH\Views\dashboard\editOrganization.php(50): CodeIgniter\Debug\Exceptions->errorHandler(2, 'Trying to access array offset on value of type null', 'D:\\laragon\\www\\method-oldagehome\\app\\Views\\dashboard\\editOrganization.php', 50)
 2 SYSTEMPATH\View\View.php(226): include('D:\\laragon\\www\\method-oldagehome\\app\\Views\\dashboard\\editOrganization.php')
 3 SYSTEMPATH\View\View.php(229): CodeIgniter\View\View->CodeIgniter\View\{closure}()
 4 SYSTEMPATH\Common.php(1188): CodeIgniter\View\View->render('dashboard/editOrganization', [], true)
 5 APPPATH\Controllers\HomeController.php(176): view('dashboard/editOrganization', [...])
 6 SYSTEMPATH\CodeIgniter.php(919): App\Controllers\HomeController->viewedit('login', 'vendors', 'typicons', 'typicons.css')
 7 SYSTEMPATH\CodeIgniter.php(494): CodeIgniter\CodeIgniter->runController(Object(App\Controllers\HomeController))
 8 SYSTEMPATH\CodeIgniter.php(353): CodeIgniter\CodeIgniter->handleRequest(null, Object(Config\Cache), false)
 9 FCPATH\index.php(79): CodeIgniter\CodeIgniter->run()
10 SYSTEMPATH\Commands\Server\rewrite.php(47): require_once('D:\\laragon\\www\\method-oldagehome\\public\\index.php')
CRITICAL - 2024-12-15 07:48:42 --> Trying to access array offset on value of type null
in APPPATH\Views\dashboard\editOrganization.php on line 50.
 1 APPPATH\Views\dashboard\editOrganization.php(50): CodeIgniter\Debug\Exceptions->errorHandler(2, 'Trying to access array offset on value of type null', 'D:\\laragon\\www\\method-oldagehome\\app\\Views\\dashboard\\editOrganization.php', 50)
 2 SYSTEMPATH\View\View.php(226): include('D:\\laragon\\www\\method-oldagehome\\app\\Views\\dashboard\\editOrganization.php')
 3 SYSTEMPATH\View\View.php(229): CodeIgniter\View\View->CodeIgniter\View\{closure}()
 4 SYSTEMPATH\Common.php(1188): CodeIgniter\View\View->render('dashboard/editOrganization', [], true)
 5 APPPATH\Controllers\HomeController.php(176): view('dashboard/editOrganization', [...])
 6 SYSTEMPATH\CodeIgniter.php(919): App\Controllers\HomeController->viewedit('login', 'vendors', 'css', 'vendor.bundle.base.css')
 7 SYSTEMPATH\CodeIgniter.php(494): CodeIgniter\CodeIgniter->runController(Object(App\Controllers\HomeController))
 8 SYSTEMPATH\CodeIgniter.php(353): CodeIgniter\CodeIgniter->handleRequest(null, Object(Config\Cache), false)
 9 FCPATH\index.php(79): CodeIgniter\CodeIgniter->run()
10 SYSTEMPATH\Commands\Server\rewrite.php(47): require_once('D:\\laragon\\www\\method-oldagehome\\public\\index.php')
CRITICAL - 2024-12-15 07:48:42 --> Trying to access array offset on value of type null
in APPPATH\Views\dashboard\editOrganization.php on line 50.
 1 APPPATH\Views\dashboard\editOrganization.php(50): CodeIgniter\Debug\Exceptions->errorHandler(2, 'Trying to access array offset on value of type null', 'D:\\laragon\\www\\method-oldagehome\\app\\Views\\dashboard\\editOrganization.php', 50)
 2 SYSTEMPATH\View\View.php(226): include('D:\\laragon\\www\\method-oldagehome\\app\\Views\\dashboard\\editOrganization.php')
 3 SYSTEMPATH\View\View.php(229): CodeIgniter\View\View->CodeIgniter\View\{closure}()
 4 SYSTEMPATH\Common.php(1188): CodeIgniter\View\View->render('dashboard/editOrganization', [], true)
 5 APPPATH\Controllers\HomeController.php(176): view('dashboard/editOrganization', [...])
 6 SYSTEMPATH\CodeIgniter.php(919): App\Controllers\HomeController->viewedit('login', 'vendors', 'select2', 'select2.min.css')
 7 SYSTEMPATH\CodeIgniter.php(494): CodeIgniter\CodeIgniter->runController(Object(App\Controllers\HomeController))
 8 SYSTEMPATH\CodeIgniter.php(353): CodeIgniter\CodeIgniter->handleRequest(null, Object(Config\Cache), false)
 9 FCPATH\index.php(79): CodeIgniter\CodeIgniter->run()
10 SYSTEMPATH\Commands\Server\rewrite.php(47): require_once('D:\\laragon\\www\\method-oldagehome\\public\\index.php')
CRITICAL - 2024-12-15 07:48:42 --> Trying to access array offset on value of type null
in APPPATH\Views\dashboard\editOrganization.php on line 50.
 1 APPPATH\Views\dashboard\editOrganization.php(50): CodeIgniter\Debug\Exceptions->errorHandler(2, 'Trying to access array offset on value of type null', 'D:\\laragon\\www\\method-oldagehome\\app\\Views\\dashboard\\editOrganization.php', 50)
 2 SYSTEMPATH\View\View.php(226): include('D:\\laragon\\www\\method-oldagehome\\app\\Views\\dashboard\\editOrganization.php')
 3 SYSTEMPATH\View\View.php(229): CodeIgniter\View\View->CodeIgniter\View\{closure}()
 4 SYSTEMPATH\Common.php(1188): CodeIgniter\View\View->render('dashboard/editOrganization', [], true)
 5 APPPATH\Controllers\HomeController.php(176): view('dashboard/editOrganization', [...])
 6 SYSTEMPATH\CodeIgniter.php(919): App\Controllers\HomeController->viewedit('login', 'vendors', 'select2-bootstrap-theme', 'select2-bootstrap.min.css')
 7 SYSTEMPATH\CodeIgniter.php(494): CodeIgniter\CodeIgniter->runController(Object(App\Controllers\HomeController))
 8 SYSTEMPATH\CodeIgniter.php(353): CodeIgniter\CodeIgniter->handleRequest(null, Object(Config\Cache), false)
 9 FCPATH\index.php(79): CodeIgniter\CodeIgniter->run()
10 SYSTEMPATH\Commands\Server\rewrite.php(47): require_once('D:\\laragon\\www\\method-oldagehome\\public\\index.php')
CRITICAL - 2024-12-15 07:48:42 --> Trying to access array offset on value of type null
in APPPATH\Views\dashboard\editOrganization.php on line 50.
 1 APPPATH\Views\dashboard\editOrganization.php(50): CodeIgniter\Debug\Exceptions->errorHandler(2, 'Trying to access array offset on value of type null', 'D:\\laragon\\www\\method-oldagehome\\app\\Views\\dashboard\\editOrganization.php', 50)
 2 SYSTEMPATH\View\View.php(226): include('D:\\laragon\\www\\method-oldagehome\\app\\Views\\dashboard\\editOrganization.php')
 3 SYSTEMPATH\View\View.php(229): CodeIgniter\View\View->CodeIgniter\View\{closure}()
 4 SYSTEMPATH\Common.php(1188): CodeIgniter\View\View->render('dashboard/editOrganization', [], true)
 5 APPPATH\Controllers\HomeController.php(176): view('dashboard/editOrganization', [...])
 6 SYSTEMPATH\CodeIgniter.php(919): App\Controllers\HomeController->viewedit('login', 'css', 'vertical-layout-light', 'style.css')
 7 SYSTEMPATH\CodeIgniter.php(494): CodeIgniter\CodeIgniter->runController(Object(App\Controllers\HomeController))
 8 SYSTEMPATH\CodeIgniter.php(353): CodeIgniter\CodeIgniter->handleRequest(null, Object(Config\Cache), false)
 9 FCPATH\index.php(79): CodeIgniter\CodeIgniter->run()
10 SYSTEMPATH\Commands\Server\rewrite.php(47): require_once('D:\\laragon\\www\\method-oldagehome\\public\\index.php')
CRITICAL - 2024-12-15 07:49:22 --> Trying to access array offset on value of type null
in APPPATH\Views\dashboard\editOrganization.php on line 50.
 1 APPPATH\Views\dashboard\editOrganization.php(50): CodeIgniter\Debug\Exceptions->errorHandler(2, 'Trying to access array offset on value of type null', 'D:\\laragon\\www\\method-oldagehome\\app\\Views\\dashboard\\editOrganization.php', 50)
 2 SYSTEMPATH\View\View.php(226): include('D:\\laragon\\www\\method-oldagehome\\app\\Views\\dashboard\\editOrganization.php')
 3 SYSTEMPATH\View\View.php(229): CodeIgniter\View\View->CodeIgniter\View\{closure}()
 4 SYSTEMPATH\Common.php(1188): CodeIgniter\View\View->render('dashboard/editOrganization', [], true)
 5 APPPATH\Controllers\HomeController.php(176): view('dashboard/editOrganization', [...])
 6 SYSTEMPATH\CodeIgniter.php(919): App\Controllers\HomeController->viewedit('login', 'vendors', 'typicons', 'typicons.css')
 7 SYSTEMPATH\CodeIgniter.php(494): CodeIgniter\CodeIgniter->runController(Object(App\Controllers\HomeController))
 8 SYSTEMPATH\CodeIgniter.php(353): CodeIgniter\CodeIgniter->handleRequest(null, Object(Config\Cache), false)
 9 FCPATH\index.php(79): CodeIgniter\CodeIgniter->run()
10 SYSTEMPATH\Commands\Server\rewrite.php(47): require_once('D:\\laragon\\www\\method-oldagehome\\public\\index.php')
CRITICAL - 2024-12-15 07:49:22 --> Trying to access array offset on value of type null
in APPPATH\Views\dashboard\editOrganization.php on line 50.
 1 APPPATH\Views\dashboard\editOrganization.php(50): CodeIgniter\Debug\Exceptions->errorHandler(2, 'Trying to access array offset on value of type null', 'D:\\laragon\\www\\method-oldagehome\\app\\Views\\dashboard\\editOrganization.php', 50)
 2 SYSTEMPATH\View\View.php(226): include('D:\\laragon\\www\\method-oldagehome\\app\\Views\\dashboard\\editOrganization.php')
 3 SYSTEMPATH\View\View.php(229): CodeIgniter\View\View->CodeIgniter\View\{closure}()
 4 SYSTEMPATH\Common.php(1188): CodeIgniter\View\View->render('dashboard/editOrganization', [], true)
 5 APPPATH\Controllers\HomeController.php(176): view('dashboard/editOrganization', [...])
 6 SYSTEMPATH\CodeIgniter.php(919): App\Controllers\HomeController->viewedit('login', 'vendors', 'css', 'vendor.bundle.base.css')
 7 SYSTEMPATH\CodeIgniter.php(494): CodeIgniter\CodeIgniter->runController(Object(App\Controllers\HomeController))
 8 SYSTEMPATH\CodeIgniter.php(353): CodeIgniter\CodeIgniter->handleRequest(null, Object(Config\Cache), false)
 9 FCPATH\index.php(79): CodeIgniter\CodeIgniter->run()
10 SYSTEMPATH\Commands\Server\rewrite.php(47): require_once('D:\\laragon\\www\\method-oldagehome\\public\\index.php')
CRITICAL - 2024-12-15 07:49:22 --> Trying to access array offset on value of type null
in APPPATH\Views\dashboard\editOrganization.php on line 50.
 1 APPPATH\Views\dashboard\editOrganization.php(50): CodeIgniter\Debug\Exceptions->errorHandler(2, 'Trying to access array offset on value of type null', 'D:\\laragon\\www\\method-oldagehome\\app\\Views\\dashboard\\editOrganization.php', 50)
 2 SYSTEMPATH\View\View.php(226): include('D:\\laragon\\www\\method-oldagehome\\app\\Views\\dashboard\\editOrganization.php')
 3 SYSTEMPATH\View\View.php(229): CodeIgniter\View\View->CodeIgniter\View\{closure}()
 4 SYSTEMPATH\Common.php(1188): CodeIgniter\View\View->render('dashboard/editOrganization', [], true)
 5 APPPATH\Controllers\HomeController.php(176): view('dashboard/editOrganization', [...])
 6 SYSTEMPATH\CodeIgniter.php(919): App\Controllers\HomeController->viewedit('login', 'vendors', 'select2', 'select2.min.css')
 7 SYSTEMPATH\CodeIgniter.php(494): CodeIgniter\CodeIgniter->runController(Object(App\Controllers\HomeController))
 8 SYSTEMPATH\CodeIgniter.php(353): CodeIgniter\CodeIgniter->handleRequest(null, Object(Config\Cache), false)
 9 FCPATH\index.php(79): CodeIgniter\CodeIgniter->run()
10 SYSTEMPATH\Commands\Server\rewrite.php(47): require_once('D:\\laragon\\www\\method-oldagehome\\public\\index.php')
CRITICAL - 2024-12-15 07:49:22 --> Trying to access array offset on value of type null
in APPPATH\Views\dashboard\editOrganization.php on line 50.
 1 APPPATH\Views\dashboard\editOrganization.php(50): CodeIgniter\Debug\Exceptions->errorHandler(2, 'Trying to access array offset on value of type null', 'D:\\laragon\\www\\method-oldagehome\\app\\Views\\dashboard\\editOrganization.php', 50)
 2 SYSTEMPATH\View\View.php(226): include('D:\\laragon\\www\\method-oldagehome\\app\\Views\\dashboard\\editOrganization.php')
 3 SYSTEMPATH\View\View.php(229): CodeIgniter\View\View->CodeIgniter\View\{closure}()
 4 SYSTEMPATH\Common.php(1188): CodeIgniter\View\View->render('dashboard/editOrganization', [], true)
 5 APPPATH\Controllers\HomeController.php(176): view('dashboard/editOrganization', [...])
 6 SYSTEMPATH\CodeIgniter.php(919): App\Controllers\HomeController->viewedit('login', 'vendors', 'select2-bootstrap-theme', 'select2-bootstrap.min.css')
 7 SYSTEMPATH\CodeIgniter.php(494): CodeIgniter\CodeIgniter->runController(Object(App\Controllers\HomeController))
 8 SYSTEMPATH\CodeIgniter.php(353): CodeIgniter\CodeIgniter->handleRequest(null, Object(Config\Cache), false)
 9 FCPATH\index.php(79): CodeIgniter\CodeIgniter->run()
10 SYSTEMPATH\Commands\Server\rewrite.php(47): require_once('D:\\laragon\\www\\method-oldagehome\\public\\index.php')
CRITICAL - 2024-12-15 07:49:23 --> Trying to access array offset on value of type null
in APPPATH\Views\dashboard\editOrganization.php on line 50.
 1 APPPATH\Views\dashboard\editOrganization.php(50): CodeIgniter\Debug\Exceptions->errorHandler(2, 'Trying to access array offset on value of type null', 'D:\\laragon\\www\\method-oldagehome\\app\\Views\\dashboard\\editOrganization.php', 50)
 2 SYSTEMPATH\View\View.php(226): include('D:\\laragon\\www\\method-oldagehome\\app\\Views\\dashboard\\editOrganization.php')
 3 SYSTEMPATH\View\View.php(229): CodeIgniter\View\View->CodeIgniter\View\{closure}()
 4 SYSTEMPATH\Common.php(1188): CodeIgniter\View\View->render('dashboard/editOrganization', [], true)
 5 APPPATH\Controllers\HomeController.php(176): view('dashboard/editOrganization', [...])
 6 SYSTEMPATH\CodeIgniter.php(919): App\Controllers\HomeController->viewedit('login', 'css', 'vertical-layout-light', 'style.css')
 7 SYSTEMPATH\CodeIgniter.php(494): CodeIgniter\CodeIgniter->runController(Object(App\Controllers\HomeController))
 8 SYSTEMPATH\CodeIgniter.php(353): CodeIgniter\CodeIgniter->handleRequest(null, Object(Config\Cache), false)
 9 FCPATH\index.php(79): CodeIgniter\CodeIgniter->run()
10 SYSTEMPATH\Commands\Server\rewrite.php(47): require_once('D:\\laragon\\www\\method-oldagehome\\public\\index.php')
CRITICAL - 2024-12-15 07:50:07 --> Trying to access array offset on value of type null
in APPPATH\Views\dashboard\editOrganization.php on line 50.
 1 APPPATH\Views\dashboard\editOrganization.php(50): CodeIgniter\Debug\Exceptions->errorHandler(2, 'Trying to access array offset on value of type null', 'D:\\laragon\\www\\method-oldagehome\\app\\Views\\dashboard\\editOrganization.php', 50)
 2 SYSTEMPATH\View\View.php(226): include('D:\\laragon\\www\\method-oldagehome\\app\\Views\\dashboard\\editOrganization.php')
 3 SYSTEMPATH\View\View.php(229): CodeIgniter\View\View->CodeIgniter\View\{closure}()
 4 SYSTEMPATH\Common.php(1188): CodeIgniter\View\View->render('dashboard/editOrganization', [], true)
 5 APPPATH\Controllers\HomeController.php(176): view('dashboard/editOrganization', [...])
 6 SYSTEMPATH\CodeIgniter.php(919): App\Controllers\HomeController->viewedit('login', 'vendors', 'css', 'vendor.bundle.base.css')
 7 SYSTEMPATH\CodeIgniter.php(494): CodeIgniter\CodeIgniter->runController(Object(App\Controllers\HomeController))
 8 SYSTEMPATH\CodeIgniter.php(353): CodeIgniter\CodeIgniter->handleRequest(null, Object(Config\Cache), false)
 9 FCPATH\index.php(79): CodeIgniter\CodeIgniter->run()
10 SYSTEMPATH\Commands\Server\rewrite.php(47): require_once('D:\\laragon\\www\\method-oldagehome\\public\\index.php')
CRITICAL - 2024-12-15 07:50:07 --> Trying to access array offset on value of type null
in APPPATH\Views\dashboard\editOrganization.php on line 50.
 1 APPPATH\Views\dashboard\editOrganization.php(50): CodeIgniter\Debug\Exceptions->errorHandler(2, 'Trying to access array offset on value of type null', 'D:\\laragon\\www\\method-oldagehome\\app\\Views\\dashboard\\editOrganization.php', 50)
 2 SYSTEMPATH\View\View.php(226): include('D:\\laragon\\www\\method-oldagehome\\app\\Views\\dashboard\\editOrganization.php')
 3 SYSTEMPATH\View\View.php(229): CodeIgniter\View\View->CodeIgniter\View\{closure}()
 4 SYSTEMPATH\Common.php(1188): CodeIgniter\View\View->render('dashboard/editOrganization', [], true)
 5 APPPATH\Controllers\HomeController.php(176): view('dashboard/editOrganization', [...])
 6 SYSTEMPATH\CodeIgniter.php(919): App\Controllers\HomeController->viewedit('login', 'vendors', 'typicons', 'typicons.css')
 7 SYSTEMPATH\CodeIgniter.php(494): CodeIgniter\CodeIgniter->runController(Object(App\Controllers\HomeController))
 8 SYSTEMPATH\CodeIgniter.php(353): CodeIgniter\CodeIgniter->handleRequest(null, Object(Config\Cache), false)
 9 FCPATH\index.php(79): CodeIgniter\CodeIgniter->run()
10 SYSTEMPATH\Commands\Server\rewrite.php(47): require_once('D:\\laragon\\www\\method-oldagehome\\public\\index.php')
CRITICAL - 2024-12-15 07:50:07 --> Trying to access array offset on value of type null
in APPPATH\Views\dashboard\editOrganization.php on line 50.
 1 APPPATH\Views\dashboard\editOrganization.php(50): CodeIgniter\Debug\Exceptions->errorHandler(2, 'Trying to access array offset on value of type null', 'D:\\laragon\\www\\method-oldagehome\\app\\Views\\dashboard\\editOrganization.php', 50)
 2 SYSTEMPATH\View\View.php(226): include('D:\\laragon\\www\\method-oldagehome\\app\\Views\\dashboard\\editOrganization.php')
 3 SYSTEMPATH\View\View.php(229): CodeIgniter\View\View->CodeIgniter\View\{closure}()
 4 SYSTEMPATH\Common.php(1188): CodeIgniter\View\View->render('dashboard/editOrganization', [], true)
 5 APPPATH\Controllers\HomeController.php(176): view('dashboard/editOrganization', [...])
 6 SYSTEMPATH\CodeIgniter.php(919): App\Controllers\HomeController->viewedit('login', 'vendors', 'select2', 'select2.min.css')
 7 SYSTEMPATH\CodeIgniter.php(494): CodeIgniter\CodeIgniter->runController(Object(App\Controllers\HomeController))
 8 SYSTEMPATH\CodeIgniter.php(353): CodeIgniter\CodeIgniter->handleRequest(null, Object(Config\Cache), false)
 9 FCPATH\index.php(79): CodeIgniter\CodeIgniter->run()
10 SYSTEMPATH\Commands\Server\rewrite.php(47): require_once('D:\\laragon\\www\\method-oldagehome\\public\\index.php')
CRITICAL - 2024-12-15 07:50:08 --> Trying to access array offset on value of type null
in APPPATH\Views\dashboard\editOrganization.php on line 50.
 1 APPPATH\Views\dashboard\editOrganization.php(50): CodeIgniter\Debug\Exceptions->errorHandler(2, 'Trying to access array offset on value of type null', 'D:\\laragon\\www\\method-oldagehome\\app\\Views\\dashboard\\editOrganization.php', 50)
 2 SYSTEMPATH\View\View.php(226): include('D:\\laragon\\www\\method-oldagehome\\app\\Views\\dashboard\\editOrganization.php')
 3 SYSTEMPATH\View\View.php(229): CodeIgniter\View\View->CodeIgniter\View\{closure}()
 4 SYSTEMPATH\Common.php(1188): CodeIgniter\View\View->render('dashboard/editOrganization', [], true)
 5 APPPATH\Controllers\HomeController.php(176): view('dashboard/editOrganization', [...])
 6 SYSTEMPATH\CodeIgniter.php(919): App\Controllers\HomeController->viewedit('login', 'vendors', 'select2-bootstrap-theme', 'select2-bootstrap.min.css')
 7 SYSTEMPATH\CodeIgniter.php(494): CodeIgniter\CodeIgniter->runController(Object(App\Controllers\HomeController))
 8 SYSTEMPATH\CodeIgniter.php(353): CodeIgniter\CodeIgniter->handleRequest(null, Object(Config\Cache), false)
 9 FCPATH\index.php(79): CodeIgniter\CodeIgniter->run()
10 SYSTEMPATH\Commands\Server\rewrite.php(47): require_once('D:\\laragon\\www\\method-oldagehome\\public\\index.php')
CRITICAL - 2024-12-15 07:50:08 --> Trying to access array offset on value of type null
in APPPATH\Views\dashboard\editOrganization.php on line 50.
 1 APPPATH\Views\dashboard\editOrganization.php(50): CodeIgniter\Debug\Exceptions->errorHandler(2, 'Trying to access array offset on value of type null', 'D:\\laragon\\www\\method-oldagehome\\app\\Views\\dashboard\\editOrganization.php', 50)
 2 SYSTEMPATH\View\View.php(226): include('D:\\laragon\\www\\method-oldagehome\\app\\Views\\dashboard\\editOrganization.php')
 3 SYSTEMPATH\View\View.php(229): CodeIgniter\View\View->CodeIgniter\View\{closure}()
 4 SYSTEMPATH\Common.php(1188): CodeIgniter\View\View->render('dashboard/editOrganization', [], true)
 5 APPPATH\Controllers\HomeController.php(176): view('dashboard/editOrganization', [...])
 6 SYSTEMPATH\CodeIgniter.php(919): App\Controllers\HomeController->viewedit('login', 'css', 'vertical-layout-light', 'style.css')
 7 SYSTEMPATH\CodeIgniter.php(494): CodeIgniter\CodeIgniter->runController(Object(App\Controllers\HomeController))
 8 SYSTEMPATH\CodeIgniter.php(353): CodeIgniter\CodeIgniter->handleRequest(null, Object(Config\Cache), false)
 9 FCPATH\index.php(79): CodeIgniter\CodeIgniter->run()
10 SYSTEMPATH\Commands\Server\rewrite.php(47): require_once('D:\\laragon\\www\\method-oldagehome\\public\\index.php')
CRITICAL - 2024-12-15 07:52:34 --> Uncaught ErrorException: Cannot modify header information - headers already sent in D:\laragon\www\method-oldagehome\system\HTTP\ResponseTrait.php:774
Stack trace:
#0 [internal function]: CodeIgniter\Debug\Exceptions->errorHandler(2, 'Cannot modify h...', 'D:\\laragon\\www\\...', 774)
#1 D:\laragon\www\method-oldagehome\system\HTTP\ResponseTrait.php(774): setcookie('ci_session', 'bkeusofj9hh5o2h...', Array)
#2 D:\laragon\www\method-oldagehome\system\HTTP\ResponseTrait.php(750): CodeIgniter\HTTP\Response->doSetCookie('ci_session', 'bkeusofj9hh5o2h...', Array)
#3 D:\laragon\www\method-oldagehome\system\HTTP\ResponseTrait.php(730): CodeIgniter\HTTP\Response->dispatchCookies()
#4 D:\laragon\www\method-oldagehome\system\HTTP\ResponseTrait.php(447): CodeIgniter\HTTP\Response->sendCookies()
#5 D:\laragon\www\method-oldagehome\system\Debug\ExceptionHandler.php(78): CodeIgniter\HTTP\Response->send()
#6 D:\laragon\www\method-oldagehome\system\Debug\Exceptions.php(147): CodeIgniter\Debug\ExceptionHandler->handle(Object(CodeIgniter\Exceptions\PageNotFoundException), Object(CodeIgniter\HTTP\IncomingRequest), Object(CodeIgniter\HTTP\Response), 404, 1)
#7 [internal function]: CodeIgniter\Debug\Exceptions->exceptionHandler(Object(CodeIgniter\Exceptions\PageNotFoundException))
#8 {main}
  thrown
【Previous Exception】
CodeIgniter\Exceptions\PageNotFoundException
Page Not Found
#0 D:\laragon\www\method-oldagehome\system\CodeIgniter.php(967): CodeIgniter\Exceptions\PageNotFoundException::forPageNotFound(NULL)
#1 D:\laragon\www\method-oldagehome\system\CodeIgniter.php(362): CodeIgniter\CodeIgniter->display404errors(Object(CodeIgniter\Exceptions\PageNotFoundException))
#2 D:\laragon\www\method-oldagehome\public\index.php(79): CodeIgniter\CodeIgniter->run()
#3 D:\laragon\www\method-oldagehome\system\Commands\Server\rewrite.php(47): require_once('D:\\laragon\\www\\...')
#4 {main}
in SYSTEMPATH\HTTP\ResponseTrait.php on line 774.
 1 [internal function]: CodeIgniter\Debug\Exceptions->shutdownHandler()
CRITICAL - 2024-12-15 07:52:35 --> Uncaught ErrorException: Cannot modify header information - headers already sent in D:\laragon\www\method-oldagehome\system\HTTP\ResponseTrait.php:774
Stack trace:
#0 [internal function]: CodeIgniter\Debug\Exceptions->errorHandler(2, 'Cannot modify h...', 'D:\\laragon\\www\\...', 774)
#1 D:\laragon\www\method-oldagehome\system\HTTP\ResponseTrait.php(774): setcookie('ci_session', 'bkeusofj9hh5o2h...', Array)
#2 D:\laragon\www\method-oldagehome\system\HTTP\ResponseTrait.php(750): CodeIgniter\HTTP\Response->doSetCookie('ci_session', 'bkeusofj9hh5o2h...', Array)
#3 D:\laragon\www\method-oldagehome\system\HTTP\ResponseTrait.php(730): CodeIgniter\HTTP\Response->dispatchCookies()
#4 D:\laragon\www\method-oldagehome\system\HTTP\ResponseTrait.php(447): CodeIgniter\HTTP\Response->sendCookies()
#5 D:\laragon\www\method-oldagehome\system\Debug\ExceptionHandler.php(78): CodeIgniter\HTTP\Response->send()
#6 D:\laragon\www\method-oldagehome\system\Debug\Exceptions.php(147): CodeIgniter\Debug\ExceptionHandler->handle(Object(CodeIgniter\Exceptions\PageNotFoundException), Object(CodeIgniter\HTTP\IncomingRequest), Object(CodeIgniter\HTTP\Response), 404, 1)
#7 [internal function]: CodeIgniter\Debug\Exceptions->exceptionHandler(Object(CodeIgniter\Exceptions\PageNotFoundException))
#8 {main}
  thrown
【Previous Exception】
CodeIgniter\Exceptions\PageNotFoundException
Page Not Found
#0 D:\laragon\www\method-oldagehome\system\CodeIgniter.php(967): CodeIgniter\Exceptions\PageNotFoundException::forPageNotFound(NULL)
#1 D:\laragon\www\method-oldagehome\system\CodeIgniter.php(362): CodeIgniter\CodeIgniter->display404errors(Object(CodeIgniter\Exceptions\PageNotFoundException))
#2 D:\laragon\www\method-oldagehome\public\index.php(79): CodeIgniter\CodeIgniter->run()
#3 D:\laragon\www\method-oldagehome\system\Commands\Server\rewrite.php(47): require_once('D:\\laragon\\www\\...')
#4 {main}
in SYSTEMPATH\HTTP\ResponseTrait.php on line 774.
 1 [internal function]: CodeIgniter\Debug\Exceptions->shutdownHandler()
CRITICAL - 2024-12-15 07:52:36 --> Uncaught ErrorException: Cannot modify header information - headers already sent in D:\laragon\www\method-oldagehome\system\HTTP\ResponseTrait.php:774
Stack trace:
#0 [internal function]: CodeIgniter\Debug\Exceptions->errorHandler(2, 'Cannot modify h...', 'D:\\laragon\\www\\...', 774)
#1 D:\laragon\www\method-oldagehome\system\HTTP\ResponseTrait.php(774): setcookie('ci_session', 'bkeusofj9hh5o2h...', Array)
#2 D:\laragon\www\method-oldagehome\system\HTTP\ResponseTrait.php(750): CodeIgniter\HTTP\Response->doSetCookie('ci_session', 'bkeusofj9hh5o2h...', Array)
#3 D:\laragon\www\method-oldagehome\system\HTTP\ResponseTrait.php(730): CodeIgniter\HTTP\Response->dispatchCookies()
#4 D:\laragon\www\method-oldagehome\system\HTTP\ResponseTrait.php(447): CodeIgniter\HTTP\Response->sendCookies()
#5 D:\laragon\www\method-oldagehome\system\Debug\ExceptionHandler.php(78): CodeIgniter\HTTP\Response->send()
#6 D:\laragon\www\method-oldagehome\system\Debug\Exceptions.php(147): CodeIgniter\Debug\ExceptionHandler->handle(Object(CodeIgniter\Exceptions\PageNotFoundException), Object(CodeIgniter\HTTP\IncomingRequest), Object(CodeIgniter\HTTP\Response), 404, 1)
#7 [internal function]: CodeIgniter\Debug\Exceptions->exceptionHandler(Object(CodeIgniter\Exceptions\PageNotFoundException))
#8 {main}
  thrown
【Previous Exception】
CodeIgniter\Exceptions\PageNotFoundException
Page Not Found
#0 D:\laragon\www\method-oldagehome\system\CodeIgniter.php(967): CodeIgniter\Exceptions\PageNotFoundException::forPageNotFound(NULL)
#1 D:\laragon\www\method-oldagehome\system\CodeIgniter.php(362): CodeIgniter\CodeIgniter->display404errors(Object(CodeIgniter\Exceptions\PageNotFoundException))
#2 D:\laragon\www\method-oldagehome\public\index.php(79): CodeIgniter\CodeIgniter->run()
#3 D:\laragon\www\method-oldagehome\system\Commands\Server\rewrite.php(47): require_once('D:\\laragon\\www\\...')
#4 {main}
in SYSTEMPATH\HTTP\ResponseTrait.php on line 774.
 1 [internal function]: CodeIgniter\Debug\Exceptions->shutdownHandler()
CRITICAL - 2024-12-15 07:52:37 --> Uncaught ErrorException: Cannot modify header information - headers already sent in D:\laragon\www\method-oldagehome\system\HTTP\ResponseTrait.php:774
Stack trace:
#0 [internal function]: CodeIgniter\Debug\Exceptions->errorHandler(2, 'Cannot modify h...', 'D:\\laragon\\www\\...', 774)
#1 D:\laragon\www\method-oldagehome\system\HTTP\ResponseTrait.php(774): setcookie('ci_session', 'bkeusofj9hh5o2h...', Array)
#2 D:\laragon\www\method-oldagehome\system\HTTP\ResponseTrait.php(750): CodeIgniter\HTTP\Response->doSetCookie('ci_session', 'bkeusofj9hh5o2h...', Array)
#3 D:\laragon\www\method-oldagehome\system\HTTP\ResponseTrait.php(730): CodeIgniter\HTTP\Response->dispatchCookies()
#4 D:\laragon\www\method-oldagehome\system\HTTP\ResponseTrait.php(447): CodeIgniter\HTTP\Response->sendCookies()
#5 D:\laragon\www\method-oldagehome\system\Debug\ExceptionHandler.php(78): CodeIgniter\HTTP\Response->send()
#6 D:\laragon\www\method-oldagehome\system\Debug\Exceptions.php(147): CodeIgniter\Debug\ExceptionHandler->handle(Object(CodeIgniter\Exceptions\PageNotFoundException), Object(CodeIgniter\HTTP\IncomingRequest), Object(CodeIgniter\HTTP\Response), 404, 1)
#7 [internal function]: CodeIgniter\Debug\Exceptions->exceptionHandler(Object(CodeIgniter\Exceptions\PageNotFoundException))
#8 {main}
  thrown
【Previous Exception】
CodeIgniter\Exceptions\PageNotFoundException
Page Not Found
#0 D:\laragon\www\method-oldagehome\system\CodeIgniter.php(967): CodeIgniter\Exceptions\PageNotFoundException::forPageNotFound(NULL)
#1 D:\laragon\www\method-oldagehome\system\CodeIgniter.php(362): CodeIgniter\CodeIgniter->display404errors(Object(CodeIgniter\Exceptions\PageNotFoundException))
#2 D:\laragon\www\method-oldagehome\public\index.php(79): CodeIgniter\CodeIgniter->run()
#3 D:\laragon\www\method-oldagehome\system\Commands\Server\rewrite.php(47): require_once('D:\\laragon\\www\\...')
#4 {main}
in SYSTEMPATH\HTTP\ResponseTrait.php on line 774.
 1 [internal function]: CodeIgniter\Debug\Exceptions->shutdownHandler()
CRITICAL - 2024-12-15 07:52:38 --> Uncaught ErrorException: Cannot modify header information - headers already sent in D:\laragon\www\method-oldagehome\system\HTTP\ResponseTrait.php:774
Stack trace:
#0 [internal function]: CodeIgniter\Debug\Exceptions->errorHandler(2, 'Cannot modify h...', 'D:\\laragon\\www\\...', 774)
#1 D:\laragon\www\method-oldagehome\system\HTTP\ResponseTrait.php(774): setcookie('ci_session', 'bkeusofj9hh5o2h...', Array)
#2 D:\laragon\www\method-oldagehome\system\HTTP\ResponseTrait.php(750): CodeIgniter\HTTP\Response->doSetCookie('ci_session', 'bkeusofj9hh5o2h...', Array)
#3 D:\laragon\www\method-oldagehome\system\HTTP\ResponseTrait.php(730): CodeIgniter\HTTP\Response->dispatchCookies()
#4 D:\laragon\www\method-oldagehome\system\HTTP\ResponseTrait.php(447): CodeIgniter\HTTP\Response->sendCookies()
#5 D:\laragon\www\method-oldagehome\system\Debug\ExceptionHandler.php(78): CodeIgniter\HTTP\Response->send()
#6 D:\laragon\www\method-oldagehome\system\Debug\Exceptions.php(147): CodeIgniter\Debug\ExceptionHandler->handle(Object(CodeIgniter\Exceptions\PageNotFoundException), Object(CodeIgniter\HTTP\IncomingRequest), Object(CodeIgniter\HTTP\Response), 404, 1)
#7 [internal function]: CodeIgniter\Debug\Exceptions->exceptionHandler(Object(CodeIgniter\Exceptions\PageNotFoundException))
#8 {main}
  thrown
【Previous Exception】
CodeIgniter\Exceptions\PageNotFoundException
Page Not Found
#0 D:\laragon\www\method-oldagehome\system\CodeIgniter.php(967): CodeIgniter\Exceptions\PageNotFoundException::forPageNotFound(NULL)
#1 D:\laragon\www\method-oldagehome\system\CodeIgniter.php(362): CodeIgniter\CodeIgniter->display404errors(Object(CodeIgniter\Exceptions\PageNotFoundException))
#2 D:\laragon\www\method-oldagehome\public\index.php(79): CodeIgniter\CodeIgniter->run()
#3 D:\laragon\www\method-oldagehome\system\Commands\Server\rewrite.php(47): require_once('D:\\laragon\\www\\...')
#4 {main}
in SYSTEMPATH\HTTP\ResponseTrait.php on line 774.
 1 [internal function]: CodeIgniter\Debug\Exceptions->shutdownHandler()
CRITICAL - 2024-12-15 07:52:39 --> Uncaught ErrorException: Cannot modify header information - headers already sent in D:\laragon\www\method-oldagehome\system\HTTP\ResponseTrait.php:774
Stack trace:
#0 [internal function]: CodeIgniter\Debug\Exceptions->errorHandler(2, 'Cannot modify h...', 'D:\\laragon\\www\\...', 774)
#1 D:\laragon\www\method-oldagehome\system\HTTP\ResponseTrait.php(774): setcookie('ci_session', 'bkeusofj9hh5o2h...', Array)
#2 D:\laragon\www\method-oldagehome\system\HTTP\ResponseTrait.php(750): CodeIgniter\HTTP\Response->doSetCookie('ci_session', 'bkeusofj9hh5o2h...', Array)
#3 D:\laragon\www\method-oldagehome\system\HTTP\ResponseTrait.php(730): CodeIgniter\HTTP\Response->dispatchCookies()
#4 D:\laragon\www\method-oldagehome\system\HTTP\ResponseTrait.php(447): CodeIgniter\HTTP\Response->sendCookies()
#5 D:\laragon\www\method-oldagehome\system\Debug\ExceptionHandler.php(78): CodeIgniter\HTTP\Response->send()
#6 D:\laragon\www\method-oldagehome\system\Debug\Exceptions.php(147): CodeIgniter\Debug\ExceptionHandler->handle(Object(CodeIgniter\Exceptions\PageNotFoundException), Object(CodeIgniter\HTTP\IncomingRequest), Object(CodeIgniter\HTTP\Response), 404, 1)
#7 [internal function]: CodeIgniter\Debug\Exceptions->exceptionHandler(Object(CodeIgniter\Exceptions\PageNotFoundException))
#8 {main}
  thrown
【Previous Exception】
CodeIgniter\Exceptions\PageNotFoundException
Page Not Found
#0 D:\laragon\www\method-oldagehome\system\CodeIgniter.php(967): CodeIgniter\Exceptions\PageNotFoundException::forPageNotFound(NULL)
#1 D:\laragon\www\method-oldagehome\system\CodeIgniter.php(362): CodeIgniter\CodeIgniter->display404errors(Object(CodeIgniter\Exceptions\PageNotFoundException))
#2 D:\laragon\www\method-oldagehome\public\index.php(79): CodeIgniter\CodeIgniter->run()
#3 D:\laragon\www\method-oldagehome\system\Commands\Server\rewrite.php(47): require_once('D:\\laragon\\www\\...')
#4 {main}
in SYSTEMPATH\HTTP\ResponseTrait.php on line 774.
 1 [internal function]: CodeIgniter\Debug\Exceptions->shutdownHandler()
CRITICAL - 2024-12-15 07:52:40 --> Uncaught ErrorException: Cannot modify header information - headers already sent in D:\laragon\www\method-oldagehome\system\HTTP\ResponseTrait.php:774
Stack trace:
#0 [internal function]: CodeIgniter\Debug\Exceptions->errorHandler(2, 'Cannot modify h...', 'D:\\laragon\\www\\...', 774)
#1 D:\laragon\www\method-oldagehome\system\HTTP\ResponseTrait.php(774): setcookie('ci_session', 'bkeusofj9hh5o2h...', Array)
#2 D:\laragon\www\method-oldagehome\system\HTTP\ResponseTrait.php(750): CodeIgniter\HTTP\Response->doSetCookie('ci_session', 'bkeusofj9hh5o2h...', Array)
#3 D:\laragon\www\method-oldagehome\system\HTTP\ResponseTrait.php(730): CodeIgniter\HTTP\Response->dispatchCookies()
#4 D:\laragon\www\method-oldagehome\system\HTTP\ResponseTrait.php(447): CodeIgniter\HTTP\Response->sendCookies()
#5 D:\laragon\www\method-oldagehome\system\Debug\ExceptionHandler.php(78): CodeIgniter\HTTP\Response->send()
#6 D:\laragon\www\method-oldagehome\system\Debug\Exceptions.php(147): CodeIgniter\Debug\ExceptionHandler->handle(Object(CodeIgniter\Exceptions\PageNotFoundException), Object(CodeIgniter\HTTP\IncomingRequest), Object(CodeIgniter\HTTP\Response), 404, 1)
#7 [internal function]: CodeIgniter\Debug\Exceptions->exceptionHandler(Object(CodeIgniter\Exceptions\PageNotFoundException))
#8 {main}
  thrown
【Previous Exception】
CodeIgniter\Exceptions\PageNotFoundException
Page Not Found
#0 D:\laragon\www\method-oldagehome\system\CodeIgniter.php(967): CodeIgniter\Exceptions\PageNotFoundException::forPageNotFound(NULL)
#1 D:\laragon\www\method-oldagehome\system\CodeIgniter.php(362): CodeIgniter\CodeIgniter->display404errors(Object(CodeIgniter\Exceptions\PageNotFoundException))
#2 D:\laragon\www\method-oldagehome\public\index.php(79): CodeIgniter\CodeIgniter->run()
#3 D:\laragon\www\method-oldagehome\system\Commands\Server\rewrite.php(47): require_once('D:\\laragon\\www\\...')
#4 {main}
in SYSTEMPATH\HTTP\ResponseTrait.php on line 774.
 1 [internal function]: CodeIgniter\Debug\Exceptions->shutdownHandler()
CRITICAL - 2024-12-15 07:52:41 --> Uncaught ErrorException: Cannot modify header information - headers already sent in D:\laragon\www\method-oldagehome\system\HTTP\ResponseTrait.php:774
Stack trace:
#0 [internal function]: CodeIgniter\Debug\Exceptions->errorHandler(2, 'Cannot modify h...', 'D:\\laragon\\www\\...', 774)
#1 D:\laragon\www\method-oldagehome\system\HTTP\ResponseTrait.php(774): setcookie('ci_session', 'bkeusofj9hh5o2h...', Array)
#2 D:\laragon\www\method-oldagehome\system\HTTP\ResponseTrait.php(750): CodeIgniter\HTTP\Response->doSetCookie('ci_session', 'bkeusofj9hh5o2h...', Array)
#3 D:\laragon\www\method-oldagehome\system\HTTP\ResponseTrait.php(730): CodeIgniter\HTTP\Response->dispatchCookies()
#4 D:\laragon\www\method-oldagehome\system\HTTP\ResponseTrait.php(447): CodeIgniter\HTTP\Response->sendCookies()
#5 D:\laragon\www\method-oldagehome\system\Debug\ExceptionHandler.php(78): CodeIgniter\HTTP\Response->send()
#6 D:\laragon\www\method-oldagehome\system\Debug\Exceptions.php(147): CodeIgniter\Debug\ExceptionHandler->handle(Object(CodeIgniter\Exceptions\PageNotFoundException), Object(CodeIgniter\HTTP\IncomingRequest), Object(CodeIgniter\HTTP\Response), 404, 1)
#7 [internal function]: CodeIgniter\Debug\Exceptions->exceptionHandler(Object(CodeIgniter\Exceptions\PageNotFoundException))
#8 {main}
  thrown
【Previous Exception】
CodeIgniter\Exceptions\PageNotFoundException
Page Not Found
#0 D:\laragon\www\method-oldagehome\system\CodeIgniter.php(967): CodeIgniter\Exceptions\PageNotFoundException::forPageNotFound(NULL)
#1 D:\laragon\www\method-oldagehome\system\CodeIgniter.php(362): CodeIgniter\CodeIgniter->display404errors(Object(CodeIgniter\Exceptions\PageNotFoundException))
#2 D:\laragon\www\method-oldagehome\public\index.php(79): CodeIgniter\CodeIgniter->run()
#3 D:\laragon\www\method-oldagehome\system\Commands\Server\rewrite.php(47): require_once('D:\\laragon\\www\\...')
#4 {main}
in SYSTEMPATH\HTTP\ResponseTrait.php on line 774.
 1 [internal function]: CodeIgniter\Debug\Exceptions->shutdownHandler()
CRITICAL - 2024-12-15 07:52:42 --> Uncaught ErrorException: Cannot modify header information - headers already sent in D:\laragon\www\method-oldagehome\system\HTTP\ResponseTrait.php:774
Stack trace:
#0 [internal function]: CodeIgniter\Debug\Exceptions->errorHandler(2, 'Cannot modify h...', 'D:\\laragon\\www\\...', 774)
#1 D:\laragon\www\method-oldagehome\system\HTTP\ResponseTrait.php(774): setcookie('ci_session', 'bkeusofj9hh5o2h...', Array)
#2 D:\laragon\www\method-oldagehome\system\HTTP\ResponseTrait.php(750): CodeIgniter\HTTP\Response->doSetCookie('ci_session', 'bkeusofj9hh5o2h...', Array)
#3 D:\laragon\www\method-oldagehome\system\HTTP\ResponseTrait.php(730): CodeIgniter\HTTP\Response->dispatchCookies()
#4 D:\laragon\www\method-oldagehome\system\HTTP\ResponseTrait.php(447): CodeIgniter\HTTP\Response->sendCookies()
#5 D:\laragon\www\method-oldagehome\system\Debug\ExceptionHandler.php(78): CodeIgniter\HTTP\Response->send()
#6 D:\laragon\www\method-oldagehome\system\Debug\Exceptions.php(147): CodeIgniter\Debug\ExceptionHandler->handle(Object(CodeIgniter\Exceptions\PageNotFoundException), Object(CodeIgniter\HTTP\IncomingRequest), Object(CodeIgniter\HTTP\Response), 404, 1)
#7 [internal function]: CodeIgniter\Debug\Exceptions->exceptionHandler(Object(CodeIgniter\Exceptions\PageNotFoundException))
#8 {main}
  thrown
【Previous Exception】
CodeIgniter\Exceptions\PageNotFoundException
Page Not Found
#0 D:\laragon\www\method-oldagehome\system\CodeIgniter.php(967): CodeIgniter\Exceptions\PageNotFoundException::forPageNotFound(NULL)
#1 D:\laragon\www\method-oldagehome\system\CodeIgniter.php(362): CodeIgniter\CodeIgniter->display404errors(Object(CodeIgniter\Exceptions\PageNotFoundException))
#2 D:\laragon\www\method-oldagehome\public\index.php(79): CodeIgniter\CodeIgniter->run()
#3 D:\laragon\www\method-oldagehome\system\Commands\Server\rewrite.php(47): require_once('D:\\laragon\\www\\...')
#4 {main}
in SYSTEMPATH\HTTP\ResponseTrait.php on line 774.
 1 [internal function]: CodeIgniter\Debug\Exceptions->shutdownHandler()
CRITICAL - 2024-12-15 07:52:43 --> Uncaught ErrorException: Cannot modify header information - headers already sent in D:\laragon\www\method-oldagehome\system\HTTP\ResponseTrait.php:774
Stack trace:
#0 [internal function]: CodeIgniter\Debug\Exceptions->errorHandler(2, 'Cannot modify h...', 'D:\\laragon\\www\\...', 774)
#1 D:\laragon\www\method-oldagehome\system\HTTP\ResponseTrait.php(774): setcookie('ci_session', 'bkeusofj9hh5o2h...', Array)
#2 D:\laragon\www\method-oldagehome\system\HTTP\ResponseTrait.php(750): CodeIgniter\HTTP\Response->doSetCookie('ci_session', 'bkeusofj9hh5o2h...', Array)
#3 D:\laragon\www\method-oldagehome\system\HTTP\ResponseTrait.php(730): CodeIgniter\HTTP\Response->dispatchCookies()
#4 D:\laragon\www\method-oldagehome\system\HTTP\ResponseTrait.php(447): CodeIgniter\HTTP\Response->sendCookies()
#5 D:\laragon\www\method-oldagehome\system\Debug\ExceptionHandler.php(78): CodeIgniter\HTTP\Response->send()
#6 D:\laragon\www\method-oldagehome\system\Debug\Exceptions.php(147): CodeIgniter\Debug\ExceptionHandler->handle(Object(CodeIgniter\Exceptions\PageNotFoundException), Object(CodeIgniter\HTTP\IncomingRequest), Object(CodeIgniter\HTTP\Response), 404, 1)
#7 [internal function]: CodeIgniter\Debug\Exceptions->exceptionHandler(Object(CodeIgniter\Exceptions\PageNotFoundException))
#8 {main}
  thrown
【Previous Exception】
CodeIgniter\Exceptions\PageNotFoundException
Page Not Found
#0 D:\laragon\www\method-oldagehome\system\CodeIgniter.php(967): CodeIgniter\Exceptions\PageNotFoundException::forPageNotFound(NULL)
#1 D:\laragon\www\method-oldagehome\system\CodeIgniter.php(362): CodeIgniter\CodeIgniter->display404errors(Object(CodeIgniter\Exceptions\PageNotFoundException))
#2 D:\laragon\www\method-oldagehome\public\index.php(79): CodeIgniter\CodeIgniter->run()
#3 D:\laragon\www\method-oldagehome\system\Commands\Server\rewrite.php(47): require_once('D:\\laragon\\www\\...')
#4 {main}
in SYSTEMPATH\HTTP\ResponseTrait.php on line 774.
 1 [internal function]: CodeIgniter\Debug\Exceptions->shutdownHandler()
CRITICAL - 2024-12-15 07:52:44 --> Uncaught ErrorException: Cannot modify header information - headers already sent in D:\laragon\www\method-oldagehome\system\HTTP\ResponseTrait.php:774
Stack trace:
#0 [internal function]: CodeIgniter\Debug\Exceptions->errorHandler(2, 'Cannot modify h...', 'D:\\laragon\\www\\...', 774)
#1 D:\laragon\www\method-oldagehome\system\HTTP\ResponseTrait.php(774): setcookie('ci_session', 'bkeusofj9hh5o2h...', Array)
#2 D:\laragon\www\method-oldagehome\system\HTTP\ResponseTrait.php(750): CodeIgniter\HTTP\Response->doSetCookie('ci_session', 'bkeusofj9hh5o2h...', Array)
#3 D:\laragon\www\method-oldagehome\system\HTTP\ResponseTrait.php(730): CodeIgniter\HTTP\Response->dispatchCookies()
#4 D:\laragon\www\method-oldagehome\system\HTTP\ResponseTrait.php(447): CodeIgniter\HTTP\Response->sendCookies()
#5 D:\laragon\www\method-oldagehome\system\Debug\ExceptionHandler.php(78): CodeIgniter\HTTP\Response->send()
#6 D:\laragon\www\method-oldagehome\system\Debug\Exceptions.php(147): CodeIgniter\Debug\ExceptionHandler->handle(Object(CodeIgniter\Exceptions\PageNotFoundException), Object(CodeIgniter\HTTP\IncomingRequest), Object(CodeIgniter\HTTP\Response), 404, 1)
#7 [internal function]: CodeIgniter\Debug\Exceptions->exceptionHandler(Object(CodeIgniter\Exceptions\PageNotFoundException))
#8 {main}
  thrown
【Previous Exception】
CodeIgniter\Exceptions\PageNotFoundException
Page Not Found
#0 D:\laragon\www\method-oldagehome\system\CodeIgniter.php(967): CodeIgniter\Exceptions\PageNotFoundException::forPageNotFound(NULL)
#1 D:\laragon\www\method-oldagehome\system\CodeIgniter.php(362): CodeIgniter\CodeIgniter->display404errors(Object(CodeIgniter\Exceptions\PageNotFoundException))
#2 D:\laragon\www\method-oldagehome\public\index.php(79): CodeIgniter\CodeIgniter->run()
#3 D:\laragon\www\method-oldagehome\system\Commands\Server\rewrite.php(47): require_once('D:\\laragon\\www\\...')
#4 {main}
in SYSTEMPATH\HTTP\ResponseTrait.php on line 774.
 1 [internal function]: CodeIgniter\Debug\Exceptions->shutdownHandler()
CRITICAL - 2024-12-15 07:52:45 --> Uncaught ErrorException: Cannot modify header information - headers already sent in D:\laragon\www\method-oldagehome\system\HTTP\ResponseTrait.php:774
Stack trace:
#0 [internal function]: CodeIgniter\Debug\Exceptions->errorHandler(2, 'Cannot modify h...', 'D:\\laragon\\www\\...', 774)
#1 D:\laragon\www\method-oldagehome\system\HTTP\ResponseTrait.php(774): setcookie('ci_session', 'bkeusofj9hh5o2h...', Array)
#2 D:\laragon\www\method-oldagehome\system\HTTP\ResponseTrait.php(750): CodeIgniter\HTTP\Response->doSetCookie('ci_session', 'bkeusofj9hh5o2h...', Array)
#3 D:\laragon\www\method-oldagehome\system\HTTP\ResponseTrait.php(730): CodeIgniter\HTTP\Response->dispatchCookies()
#4 D:\laragon\www\method-oldagehome\system\HTTP\ResponseTrait.php(447): CodeIgniter\HTTP\Response->sendCookies()
#5 D:\laragon\www\method-oldagehome\system\Debug\ExceptionHandler.php(78): CodeIgniter\HTTP\Response->send()
#6 D:\laragon\www\method-oldagehome\system\Debug\Exceptions.php(147): CodeIgniter\Debug\ExceptionHandler->handle(Object(CodeIgniter\Exceptions\PageNotFoundException), Object(CodeIgniter\HTTP\IncomingRequest), Object(CodeIgniter\HTTP\Response), 404, 1)
#7 [internal function]: CodeIgniter\Debug\Exceptions->exceptionHandler(Object(CodeIgniter\Exceptions\PageNotFoundException))
#8 {main}
  thrown
【Previous Exception】
CodeIgniter\Exceptions\PageNotFoundException
Page Not Found
#0 D:\laragon\www\method-oldagehome\system\CodeIgniter.php(967): CodeIgniter\Exceptions\PageNotFoundException::forPageNotFound(NULL)
#1 D:\laragon\www\method-oldagehome\system\CodeIgniter.php(362): CodeIgniter\CodeIgniter->display404errors(Object(CodeIgniter\Exceptions\PageNotFoundException))
#2 D:\laragon\www\method-oldagehome\public\index.php(79): CodeIgniter\CodeIgniter->run()
#3 D:\laragon\www\method-oldagehome\system\Commands\Server\rewrite.php(47): require_once('D:\\laragon\\www\\...')
#4 {main}
in SYSTEMPATH\HTTP\ResponseTrait.php on line 774.
 1 [internal function]: CodeIgniter\Debug\Exceptions->shutdownHandler()
CRITICAL - 2024-12-15 07:52:46 --> Uncaught ErrorException: Cannot modify header information - headers already sent in D:\laragon\www\method-oldagehome\system\HTTP\ResponseTrait.php:774
Stack trace:
#0 [internal function]: CodeIgniter\Debug\Exceptions->errorHandler(2, 'Cannot modify h...', 'D:\\laragon\\www\\...', 774)
#1 D:\laragon\www\method-oldagehome\system\HTTP\ResponseTrait.php(774): setcookie('ci_session', 'bkeusofj9hh5o2h...', Array)
#2 D:\laragon\www\method-oldagehome\system\HTTP\ResponseTrait.php(750): CodeIgniter\HTTP\Response->doSetCookie('ci_session', 'bkeusofj9hh5o2h...', Array)
#3 D:\laragon\www\method-oldagehome\system\HTTP\ResponseTrait.php(730): CodeIgniter\HTTP\Response->dispatchCookies()
#4 D:\laragon\www\method-oldagehome\system\HTTP\ResponseTrait.php(447): CodeIgniter\HTTP\Response->sendCookies()
#5 D:\laragon\www\method-oldagehome\system\Debug\ExceptionHandler.php(78): CodeIgniter\HTTP\Response->send()
#6 D:\laragon\www\method-oldagehome\system\Debug\Exceptions.php(147): CodeIgniter\Debug\ExceptionHandler->handle(Object(CodeIgniter\Exceptions\PageNotFoundException), Object(CodeIgniter\HTTP\IncomingRequest), Object(CodeIgniter\HTTP\Response), 404, 1)
#7 [internal function]: CodeIgniter\Debug\Exceptions->exceptionHandler(Object(CodeIgniter\Exceptions\PageNotFoundException))
#8 {main}
  thrown
【Previous Exception】
CodeIgniter\Exceptions\PageNotFoundException
Page Not Found
#0 D:\laragon\www\method-oldagehome\system\CodeIgniter.php(967): CodeIgniter\Exceptions\PageNotFoundException::forPageNotFound(NULL)
#1 D:\laragon\www\method-oldagehome\system\CodeIgniter.php(362): CodeIgniter\CodeIgniter->display404errors(Object(CodeIgniter\Exceptions\PageNotFoundException))
#2 D:\laragon\www\method-oldagehome\public\index.php(79): CodeIgniter\CodeIgniter->run()
#3 D:\laragon\www\method-oldagehome\system\Commands\Server\rewrite.php(47): require_once('D:\\laragon\\www\\...')
#4 {main}
in SYSTEMPATH\HTTP\ResponseTrait.php on line 774.
 1 [internal function]: CodeIgniter\Debug\Exceptions->shutdownHandler()
