CRITICAL - 2024-12-09 06:50:01 --> Undefined variable $main
in APPPATH\Controllers\NewController.php on line 52.
 1 APPPATH\Controllers\NewController.php(52): CodeIgniter\Debug\Exceptions->errorHandler(2, 'Undefined variable $main', 'D:\\laragon\\www\\method-oldagehome\\app\\Controllers\\NewController.php', 52)
 2 SYSTEMPATH\CodeIgniter.php(919): App\Controllers\NewController->test()
 3 SYSTEMPATH\CodeIgniter.php(494): CodeIgniter\CodeIgniter->runController(Object(App\Controllers\NewController))
 4 SYSTEMPATH\CodeIgniter.php(353): CodeIgniter\CodeIgniter->handleRequest(null, Object(Config\Cache), false)
 5 FCPATH\index.php(79): CodeIgniter\CodeIgniter->run()
 6 SYSTEMPATH\Commands\Server\rewrite.php(47): require_once('D:\\laragon\\www\\method-oldagehome\\public\\index.php')
CRITICAL - 2024-12-09 06:51:53 --> Undefined variable $main
in APPPATH\Controllers\NewController.php on line 54.
 1 APPPATH\Controllers\NewController.php(54): CodeIgniter\Debug\Exceptions->errorHandler(2, 'Undefined variable $main', 'D:\\laragon\\www\\method-oldagehome\\app\\Controllers\\NewController.php', 54)
 2 SYSTEMPATH\CodeIgniter.php(919): App\Controllers\NewController->test()
 3 SYSTEMPATH\CodeIgniter.php(494): CodeIgniter\CodeIgniter->runController(Object(App\Controllers\NewController))
 4 SYSTEMPATH\CodeIgniter.php(353): CodeIgniter\CodeIgniter->handleRequest(null, Object(Config\Cache), false)
 5 FCPATH\index.php(79): CodeIgniter\CodeIgniter->run()
 6 SYSTEMPATH\Commands\Server\rewrite.php(47): require_once('D:\\laragon\\www\\method-oldagehome\\public\\index.php')
CRITICAL - 2024-12-09 06:56:01 --> Undefined variable $currentDate
in APPPATH\Controllers\NewController.php on line 45.
 1 APPPATH\Controllers\NewController.php(45): CodeIgniter\Debug\Exceptions->errorHandler(2, 'Undefined variable $currentDate', 'D:\\laragon\\www\\method-oldagehome\\app\\Controllers\\NewController.php', 45)
 2 SYSTEMPATH\CodeIgniter.php(919): App\Controllers\NewController->test()
 3 SYSTEMPATH\CodeIgniter.php(494): CodeIgniter\CodeIgniter->runController(Object(App\Controllers\NewController))
 4 SYSTEMPATH\CodeIgniter.php(353): CodeIgniter\CodeIgniter->handleRequest(null, Object(Config\Cache), false)
 5 FCPATH\index.php(79): CodeIgniter\CodeIgniter->run()
 6 SYSTEMPATH\Commands\Server\rewrite.php(47): require_once('D:\\laragon\\www\\method-oldagehome\\public\\index.php')
CRITICAL - 2024-12-09 06:56:33 --> Undefined array key "age"
in APPPATH\Views\dashboard\managescdetails.php on line 111.
 1 APPPATH\Views\dashboard\managescdetails.php(111): CodeIgniter\Debug\Exceptions->errorHandler(2, 'Undefined array key "age"', 'D:\\laragon\\www\\method-oldagehome\\app\\Views\\dashboard\\managescdetails.php', 111)
 2 SYSTEMPATH\View\View.php(226): include('D:\\laragon\\www\\method-oldagehome\\app\\Views\\dashboard\\managescdetails.php')
 3 SYSTEMPATH\View\View.php(229): CodeIgniter\View\View->CodeIgniter\View\{closure}()
 4 SYSTEMPATH\Common.php(1188): CodeIgniter\View\View->render('dashboard/managescdetails', [], true)
 5 APPPATH\Controllers\NewController.php(85): view('dashboard/managescdetails', [...])
 6 SYSTEMPATH\CodeIgniter.php(919): App\Controllers\NewController->test()
 7 SYSTEMPATH\CodeIgniter.php(494): CodeIgniter\CodeIgniter->runController(Object(App\Controllers\NewController))
 8 SYSTEMPATH\CodeIgniter.php(353): CodeIgniter\CodeIgniter->handleRequest(null, Object(Config\Cache), false)
 9 FCPATH\index.php(79): CodeIgniter\CodeIgniter->run()
10 SYSTEMPATH\Commands\Server\rewrite.php(47): require_once('D:\\laragon\\www\\method-oldagehome\\public\\index.php')
CRITICAL - 2024-12-09 06:57:02 --> Undefined variable $countNotifs
in APPPATH\Views\dashboard\includes\header.php on line 86.
 1 APPPATH\Views\dashboard\includes\header.php(86): CodeIgniter\Debug\Exceptions->errorHandler(2, 'Undefined variable $countNotifs', 'D:\\laragon\\www\\method-oldagehome\\app\\Views\\dashboard\\includes\\header.php', 86)
 2 APPPATH\Views\dashboard\managescdetails.php(39): include_once('D:\\laragon\\www\\method-oldagehome\\app\\Views\\dashboard\\includes\\header.php')
 3 SYSTEMPATH\View\View.php(226): include('D:\\laragon\\www\\method-oldagehome\\app\\Views\\dashboard\\managescdetails.php')
 4 SYSTEMPATH\View\View.php(229): CodeIgniter\View\View->CodeIgniter\View\{closure}()
 5 SYSTEMPATH\Common.php(1188): CodeIgniter\View\View->render('dashboard/managescdetails', [], true)
 6 APPPATH\Controllers\NewController.php(85): view('dashboard/managescdetails')
 7 SYSTEMPATH\CodeIgniter.php(919): App\Controllers\NewController->test()
 8 SYSTEMPATH\CodeIgniter.php(494): CodeIgniter\CodeIgniter->runController(Object(App\Controllers\NewController))
 9 SYSTEMPATH\CodeIgniter.php(353): CodeIgniter\CodeIgniter->handleRequest(null, Object(Config\Cache), false)
10 FCPATH\index.php(79): CodeIgniter\CodeIgniter->run()
11 SYSTEMPATH\Commands\Server\rewrite.php(47): require_once('D:\\laragon\\www\\method-oldagehome\\public\\index.php')
CRITICAL - 2024-12-09 06:57:04 --> Undefined variable $countNotifs
in APPPATH\Views\dashboard\includes\header.php on line 86.
 1 APPPATH\Views\dashboard\includes\header.php(86): CodeIgniter\Debug\Exceptions->errorHandler(2, 'Undefined variable $countNotifs', 'D:\\laragon\\www\\method-oldagehome\\app\\Views\\dashboard\\includes\\header.php', 86)
 2 APPPATH\Views\dashboard\managescdetails.php(39): include_once('D:\\laragon\\www\\method-oldagehome\\app\\Views\\dashboard\\includes\\header.php')
 3 SYSTEMPATH\View\View.php(226): include('D:\\laragon\\www\\method-oldagehome\\app\\Views\\dashboard\\managescdetails.php')
 4 SYSTEMPATH\View\View.php(229): CodeIgniter\View\View->CodeIgniter\View\{closure}()
 5 SYSTEMPATH\Common.php(1188): CodeIgniter\View\View->render('dashboard/managescdetails', [], true)
 6 APPPATH\Controllers\NewController.php(85): view('dashboard/managescdetails')
 7 SYSTEMPATH\CodeIgniter.php(919): App\Controllers\NewController->test()
 8 SYSTEMPATH\CodeIgniter.php(494): CodeIgniter\CodeIgniter->runController(Object(App\Controllers\NewController))
 9 SYSTEMPATH\CodeIgniter.php(353): CodeIgniter\CodeIgniter->handleRequest(null, Object(Config\Cache), false)
10 FCPATH\index.php(79): CodeIgniter\CodeIgniter->run()
11 SYSTEMPATH\Commands\Server\rewrite.php(47): require_once('D:\\laragon\\www\\method-oldagehome\\public\\index.php')
CRITICAL - 2024-12-09 07:00:05 --> Undefined array key "age"
in APPPATH\Views\dashboard\managescdetails.php on line 110.
 1 APPPATH\Views\dashboard\managescdetails.php(110): CodeIgniter\Debug\Exceptions->errorHandler(2, 'Undefined array key "age"', 'D:\\laragon\\www\\method-oldagehome\\app\\Views\\dashboard\\managescdetails.php', 110)
 2 SYSTEMPATH\View\View.php(226): include('D:\\laragon\\www\\method-oldagehome\\app\\Views\\dashboard\\managescdetails.php')
 3 SYSTEMPATH\View\View.php(229): CodeIgniter\View\View->CodeIgniter\View\{closure}()
 4 SYSTEMPATH\Common.php(1188): CodeIgniter\View\View->render('dashboard/managescdetails', [], true)
 5 APPPATH\Controllers\NewController.php(85): view('dashboard/managescdetails', [...])
 6 SYSTEMPATH\CodeIgniter.php(919): App\Controllers\NewController->test()
 7 SYSTEMPATH\CodeIgniter.php(494): CodeIgniter\CodeIgniter->runController(Object(App\Controllers\NewController))
 8 SYSTEMPATH\CodeIgniter.php(353): CodeIgniter\CodeIgniter->handleRequest(null, Object(Config\Cache), false)
 9 FCPATH\index.php(79): CodeIgniter\CodeIgniter->run()
10 SYSTEMPATH\Commands\Server\rewrite.php(47): require_once('D:\\laragon\\www\\method-oldagehome\\public\\index.php')
CRITICAL - 2024-12-09 07:10:46 --> foreach() argument must be of type array|object, null given
in APPPATH\Controllers\NewController.php on line 85.
 1 APPPATH\Controllers\NewController.php(85): CodeIgniter\Debug\Exceptions->errorHandler(2, 'foreach() argument must be of type array|object, null given', 'D:\\laragon\\www\\method-oldagehome\\app\\Controllers\\NewController.php', 85)
 2 SYSTEMPATH\CodeIgniter.php(919): App\Controllers\NewController->archives()
 3 SYSTEMPATH\CodeIgniter.php(494): CodeIgniter\CodeIgniter->runController(Object(App\Controllers\NewController))
 4 SYSTEMPATH\CodeIgniter.php(353): CodeIgniter\CodeIgniter->handleRequest(null, Object(Config\Cache), false)
 5 FCPATH\index.php(79): CodeIgniter\CodeIgniter->run()
 6 SYSTEMPATH\Commands\Server\rewrite.php(47): require_once('D:\\laragon\\www\\method-oldagehome\\public\\index.php')
ERROR - 2024-12-09 07:11:26 --> mysqli_sql_exception: Unknown column 'users.LastName' in 'field list' in D:\laragon\www\method-oldagehome\system\Database\MySQLi\Connection.php:306
Stack trace:
#0 D:\laragon\www\method-oldagehome\system\Database\MySQLi\Connection.php(306): mysqli->query('SELECT `userboo...', 0)
#1 D:\laragon\www\method-oldagehome\system\Database\BaseConnection.php(692): CodeIgniter\Database\MySQLi\Connection->execute('SELECT `userboo...')
#2 D:\laragon\www\method-oldagehome\system\Database\BaseConnection.php(606): CodeIgniter\Database\BaseConnection->simpleQuery('SELECT `userboo...')
#3 D:\laragon\www\method-oldagehome\system\Database\BaseBuilder.php(1615): CodeIgniter\Database\BaseConnection->query('SELECT `userboo...', Array, false)
#4 D:\laragon\www\method-oldagehome\system\Model.php(237): CodeIgniter\Database\BaseBuilder->get()
#5 D:\laragon\www\method-oldagehome\system\BaseModel.php(624): CodeIgniter\Model->doFindAll(0, 0)
#6 D:\laragon\www\method-oldagehome\app\Controllers\NewController.php(97): CodeIgniter\BaseModel->findAll()
#7 D:\laragon\www\method-oldagehome\system\CodeIgniter.php(919): App\Controllers\NewController->archives()
#8 D:\laragon\www\method-oldagehome\system\CodeIgniter.php(494): CodeIgniter\CodeIgniter->runController(Object(App\Controllers\NewController))
#9 D:\laragon\www\method-oldagehome\system\CodeIgniter.php(353): CodeIgniter\CodeIgniter->handleRequest(NULL, Object(Config\Cache), false)
#10 D:\laragon\www\method-oldagehome\public\index.php(79): CodeIgniter\CodeIgniter->run()
#11 D:\laragon\www\method-oldagehome\system\Commands\Server\rewrite.php(47): require_once('D:\\laragon\\www\\...')
#12 {main}
CRITICAL - 2024-12-09 07:11:26 --> Unknown column 'users.LastName' in 'field list'
in SYSTEMPATH\Database\BaseConnection.php on line 646.
 1 SYSTEMPATH\Database\BaseBuilder.php(1615): CodeIgniter\Database\BaseConnection->query('SELECT `userbooking`.`bookingId`, `userbooking`.`lastname`, `userbooking`.`firstname`, `userbooking`.`middlename`, `userbooking`.`contactnum`, `userbooking`.`event`, `userbooking`.`time`, `userbooking`.`prefferdate`, `userbooking`.`equipment`, `userbooking`.`comments`, `userbooking`.`status`, `userbooking`.`usersignsId`, `user`.`userID`, `users`.`LastName`, `user`.`FirstName`
FROM `userbooking`
JOIN `user` ON `user`.`userID` = `userbooking`.`usersignsId`
WHERE `userbooking`.`status` = :userbooking.status:
OR `userbooking`.`status` = :userbooking.status.1:', [...], false)
 2 SYSTEMPATH\Model.php(237): CodeIgniter\Database\BaseBuilder->get()
 3 SYSTEMPATH\BaseModel.php(624): CodeIgniter\Model->doFindAll(0, 0)
 4 APPPATH\Controllers\NewController.php(97): CodeIgniter\BaseModel->findAll()
 5 SYSTEMPATH\CodeIgniter.php(919): App\Controllers\NewController->archives()
 6 SYSTEMPATH\CodeIgniter.php(494): CodeIgniter\CodeIgniter->runController(Object(App\Controllers\NewController))
 7 SYSTEMPATH\CodeIgniter.php(353): CodeIgniter\CodeIgniter->handleRequest(null, Object(Config\Cache), false)
 8 FCPATH\index.php(79): CodeIgniter\CodeIgniter->run()
 9 SYSTEMPATH\Commands\Server\rewrite.php(47): require_once('D:\\laragon\\www\\method-oldagehome\\public\\index.php')
ERROR - 2024-12-09 07:11:52 --> mysqli_sql_exception: Unknown column 'users.LastName' in 'field list' in D:\laragon\www\method-oldagehome\system\Database\MySQLi\Connection.php:306
Stack trace:
#0 D:\laragon\www\method-oldagehome\system\Database\MySQLi\Connection.php(306): mysqli->query('SELECT `userboo...', 0)
#1 D:\laragon\www\method-oldagehome\system\Database\BaseConnection.php(692): CodeIgniter\Database\MySQLi\Connection->execute('SELECT `userboo...')
#2 D:\laragon\www\method-oldagehome\system\Database\BaseConnection.php(606): CodeIgniter\Database\BaseConnection->simpleQuery('SELECT `userboo...')
#3 D:\laragon\www\method-oldagehome\system\Database\BaseBuilder.php(1615): CodeIgniter\Database\BaseConnection->query('SELECT `userboo...', Array, false)
#4 D:\laragon\www\method-oldagehome\system\Model.php(237): CodeIgniter\Database\BaseBuilder->get()
#5 D:\laragon\www\method-oldagehome\system\BaseModel.php(624): CodeIgniter\Model->doFindAll(0, 0)
#6 D:\laragon\www\method-oldagehome\app\Controllers\NewController.php(97): CodeIgniter\BaseModel->findAll()
#7 D:\laragon\www\method-oldagehome\system\CodeIgniter.php(919): App\Controllers\NewController->archives()
#8 D:\laragon\www\method-oldagehome\system\CodeIgniter.php(494): CodeIgniter\CodeIgniter->runController(Object(App\Controllers\NewController))
#9 D:\laragon\www\method-oldagehome\system\CodeIgniter.php(353): CodeIgniter\CodeIgniter->handleRequest(NULL, Object(Config\Cache), false)
#10 D:\laragon\www\method-oldagehome\public\index.php(79): CodeIgniter\CodeIgniter->run()
#11 D:\laragon\www\method-oldagehome\system\Commands\Server\rewrite.php(47): require_once('D:\\laragon\\www\\...')
#12 {main}
CRITICAL - 2024-12-09 07:11:52 --> Unknown column 'users.LastName' in 'field list'
in SYSTEMPATH\Database\BaseConnection.php on line 646.
 1 SYSTEMPATH\Database\BaseBuilder.php(1615): CodeIgniter\Database\BaseConnection->query('SELECT `userbooking`.`bookingId`, `userbooking`.`lastname`, `userbooking`.`firstname`, `userbooking`.`middlename`, `userbooking`.`contactnum`, `userbooking`.`event`, `userbooking`.`time`, `userbooking`.`prefferdate`, `userbooking`.`equipment`, `userbooking`.`comments`, `userbooking`.`status`, `userbooking`.`usersignsId`, `user`.`userID`, `users`.`LastName`, `user`.`FirstName`
FROM `userbooking`
JOIN `user` ON `user`.`userID` = `userbooking`.`usersignsId`
WHERE `userbooking`.`status` = :userbooking.status:
OR `userbooking`.`status` = :userbooking.status.1:', [...], false)
 2 SYSTEMPATH\Model.php(237): CodeIgniter\Database\BaseBuilder->get()
 3 SYSTEMPATH\BaseModel.php(624): CodeIgniter\Model->doFindAll(0, 0)
 4 APPPATH\Controllers\NewController.php(97): CodeIgniter\BaseModel->findAll()
 5 SYSTEMPATH\CodeIgniter.php(919): App\Controllers\NewController->archives()
 6 SYSTEMPATH\CodeIgniter.php(494): CodeIgniter\CodeIgniter->runController(Object(App\Controllers\NewController))
 7 SYSTEMPATH\CodeIgniter.php(353): CodeIgniter\CodeIgniter->handleRequest(null, Object(Config\Cache), false)
 8 FCPATH\index.php(79): CodeIgniter\CodeIgniter->run()
 9 SYSTEMPATH\Commands\Server\rewrite.php(47): require_once('D:\\laragon\\www\\method-oldagehome\\public\\index.php')
ERROR - 2024-12-09 07:12:39 --> mysqli_sql_exception: Unknown column 'users.LastName' in 'field list' in D:\laragon\www\method-oldagehome\system\Database\MySQLi\Connection.php:306
Stack trace:
#0 D:\laragon\www\method-oldagehome\system\Database\MySQLi\Connection.php(306): mysqli->query('SELECT `userboo...', 0)
#1 D:\laragon\www\method-oldagehome\system\Database\BaseConnection.php(692): CodeIgniter\Database\MySQLi\Connection->execute('SELECT `userboo...')
#2 D:\laragon\www\method-oldagehome\system\Database\BaseConnection.php(606): CodeIgniter\Database\BaseConnection->simpleQuery('SELECT `userboo...')
#3 D:\laragon\www\method-oldagehome\system\Database\BaseBuilder.php(1615): CodeIgniter\Database\BaseConnection->query('SELECT `userboo...', Array, false)
#4 D:\laragon\www\method-oldagehome\system\Model.php(237): CodeIgniter\Database\BaseBuilder->get()
#5 D:\laragon\www\method-oldagehome\system\BaseModel.php(624): CodeIgniter\Model->doFindAll(0, 0)
#6 D:\laragon\www\method-oldagehome\app\Controllers\NewController.php(97): CodeIgniter\BaseModel->findAll()
#7 D:\laragon\www\method-oldagehome\system\CodeIgniter.php(919): App\Controllers\NewController->archives()
#8 D:\laragon\www\method-oldagehome\system\CodeIgniter.php(494): CodeIgniter\CodeIgniter->runController(Object(App\Controllers\NewController))
#9 D:\laragon\www\method-oldagehome\system\CodeIgniter.php(353): CodeIgniter\CodeIgniter->handleRequest(NULL, Object(Config\Cache), false)
#10 D:\laragon\www\method-oldagehome\public\index.php(79): CodeIgniter\CodeIgniter->run()
#11 D:\laragon\www\method-oldagehome\system\Commands\Server\rewrite.php(47): require_once('D:\\laragon\\www\\...')
#12 {main}
CRITICAL - 2024-12-09 07:12:39 --> Unknown column 'users.LastName' in 'field list'
in SYSTEMPATH\Database\BaseConnection.php on line 646.
 1 SYSTEMPATH\Database\BaseBuilder.php(1615): CodeIgniter\Database\BaseConnection->query('SELECT `userbooking`.`bookingId`, `userbooking`.`lastname`, `userbooking`.`firstname`, `userbooking`.`middlename`, `userbooking`.`contactnum`, `userbooking`.`event`, `userbooking`.`time`, `userbooking`.`prefferdate`, `userbooking`.`equipment`, `userbooking`.`comments`, `userbooking`.`status`, `userbooking`.`usersignsId`, `user`.`userID`, `users`.`LastName`, `user`.`FirstName`
FROM `userbooking`
JOIN `user` ON `user`.`userID` = `userbooking`.`usersignsId`
WHERE `userbooking`.`status` = :userbooking.status:
OR `userbooking`.`status` = :userbooking.status.1:', [...], false)
 2 SYSTEMPATH\Model.php(237): CodeIgniter\Database\BaseBuilder->get()
 3 SYSTEMPATH\BaseModel.php(624): CodeIgniter\Model->doFindAll(0, 0)
 4 APPPATH\Controllers\NewController.php(97): CodeIgniter\BaseModel->findAll()
 5 SYSTEMPATH\CodeIgniter.php(919): App\Controllers\NewController->archives()
 6 SYSTEMPATH\CodeIgniter.php(494): CodeIgniter\CodeIgniter->runController(Object(App\Controllers\NewController))
 7 SYSTEMPATH\CodeIgniter.php(353): CodeIgniter\CodeIgniter->handleRequest(null, Object(Config\Cache), false)
 8 FCPATH\index.php(79): CodeIgniter\CodeIgniter->run()
 9 SYSTEMPATH\Commands\Server\rewrite.php(47): require_once('D:\\laragon\\www\\method-oldagehome\\public\\index.php')
CRITICAL - 2024-12-09 07:13:31 --> Undefined array key "age"
in APPPATH\Views\dashboard\scarchived.php on line 208.
 1 APPPATH\Views\dashboard\scarchived.php(208): CodeIgniter\Debug\Exceptions->errorHandler(2, 'Undefined array key "age"', 'D:\\laragon\\www\\method-oldagehome\\app\\Views\\dashboard\\scarchived.php', 208)
 2 SYSTEMPATH\View\View.php(226): include('D:\\laragon\\www\\method-oldagehome\\app\\Views\\dashboard\\scarchived.php')
 3 SYSTEMPATH\View\View.php(229): CodeIgniter\View\View->CodeIgniter\View\{closure}()
 4 SYSTEMPATH\Common.php(1188): CodeIgniter\View\View->render('dashboard/scarchived', [], true)
 5 APPPATH\Controllers\NewController.php(103): view('dashboard/scarchived', [...])
 6 SYSTEMPATH\CodeIgniter.php(919): App\Controllers\NewController->archives()
 7 SYSTEMPATH\CodeIgniter.php(494): CodeIgniter\CodeIgniter->runController(Object(App\Controllers\NewController))
 8 SYSTEMPATH\CodeIgniter.php(353): CodeIgniter\CodeIgniter->handleRequest(null, Object(Config\Cache), false)
 9 FCPATH\index.php(79): CodeIgniter\CodeIgniter->run()
10 SYSTEMPATH\Commands\Server\rewrite.php(47): require_once('D:\\laragon\\www\\method-oldagehome\\public\\index.php')
CRITICAL - 2024-12-09 07:23:49 --> foreach() argument must be of type array|object, null given
in APPPATH\Controllers\Fullcalendar.php on line 145.
 1 APPPATH\Controllers\Fullcalendar.php(145): CodeIgniter\Debug\Exceptions->errorHandler(2, 'foreach() argument must be of type array|object, null given', 'D:\\laragon\\www\\method-oldagehome\\app\\Controllers\\Fullcalendar.php', 145)
 2 SYSTEMPATH\CodeIgniter.php(919): App\Controllers\Fullcalendar->searchRes()
 3 SYSTEMPATH\CodeIgniter.php(494): CodeIgniter\CodeIgniter->runController(Object(App\Controllers\Fullcalendar))
 4 SYSTEMPATH\CodeIgniter.php(353): CodeIgniter\CodeIgniter->handleRequest(null, Object(Config\Cache), false)
 5 FCPATH\index.php(79): CodeIgniter\CodeIgniter->run()
 6 SYSTEMPATH\Commands\Server\rewrite.php(47): require_once('D:\\laragon\\www\\method-oldagehome\\public\\index.php')
CRITICAL - 2024-12-09 07:24:05 --> foreach() argument must be of type array|object, null given
in APPPATH\Controllers\Fullcalendar.php on line 145.
 1 APPPATH\Controllers\Fullcalendar.php(145): CodeIgniter\Debug\Exceptions->errorHandler(2, 'foreach() argument must be of type array|object, null given', 'D:\\laragon\\www\\method-oldagehome\\app\\Controllers\\Fullcalendar.php', 145)
 2 SYSTEMPATH\CodeIgniter.php(919): App\Controllers\Fullcalendar->searchRes()
 3 SYSTEMPATH\CodeIgniter.php(494): CodeIgniter\CodeIgniter->runController(Object(App\Controllers\Fullcalendar))
 4 SYSTEMPATH\CodeIgniter.php(353): CodeIgniter\CodeIgniter->handleRequest(null, Object(Config\Cache), false)
 5 FCPATH\index.php(79): CodeIgniter\CodeIgniter->run()
 6 SYSTEMPATH\Commands\Server\rewrite.php(47): require_once('D:\\laragon\\www\\method-oldagehome\\public\\index.php')
CRITICAL - 2024-12-09 07:24:54 --> foreach() argument must be of type array|object, null given
in APPPATH\Controllers\Fullcalendar.php on line 145.
 1 APPPATH\Controllers\Fullcalendar.php(145): CodeIgniter\Debug\Exceptions->errorHandler(2, 'foreach() argument must be of type array|object, null given', 'D:\\laragon\\www\\method-oldagehome\\app\\Controllers\\Fullcalendar.php', 145)
 2 SYSTEMPATH\CodeIgniter.php(919): App\Controllers\Fullcalendar->searchRes()
 3 SYSTEMPATH\CodeIgniter.php(494): CodeIgniter\CodeIgniter->runController(Object(App\Controllers\Fullcalendar))
 4 SYSTEMPATH\CodeIgniter.php(353): CodeIgniter\CodeIgniter->handleRequest(null, Object(Config\Cache), false)
 5 FCPATH\index.php(79): CodeIgniter\CodeIgniter->run()
 6 SYSTEMPATH\Commands\Server\rewrite.php(47): require_once('D:\\laragon\\www\\method-oldagehome\\public\\index.php')
ERROR - 2024-12-09 08:03:33 --> mysqli_sql_exception: Column 'age' cannot be null in D:\laragon\www\method-oldagehome\system\Database\MySQLi\Connection.php:306
Stack trace:
#0 D:\laragon\www\method-oldagehome\system\Database\MySQLi\Connection.php(306): mysqli->query('INSERT INTO `tb...', 0)
#1 D:\laragon\www\method-oldagehome\system\Database\BaseConnection.php(692): CodeIgniter\Database\MySQLi\Connection->execute('INSERT INTO `tb...')
#2 D:\laragon\www\method-oldagehome\system\Database\BaseConnection.php(606): CodeIgniter\Database\BaseConnection->simpleQuery('INSERT INTO `tb...')
#3 D:\laragon\www\method-oldagehome\system\Database\BaseBuilder.php(2308): CodeIgniter\Database\BaseConnection->query('INSERT INTO `tb...', Array, false)
#4 D:\laragon\www\method-oldagehome\system\Model.php(319): CodeIgniter\Database\BaseBuilder->insert()
#5 D:\laragon\www\method-oldagehome\system\BaseModel.php(788): CodeIgniter\Model->doInsert(Array)
#6 D:\laragon\www\method-oldagehome\system\Model.php(715): CodeIgniter\BaseModel->insert(Array, false)
#7 D:\laragon\www\method-oldagehome\system\BaseModel.php(698): CodeIgniter\Model->insert(Array, false)
#8 D:\laragon\www\method-oldagehome\app\Controllers\NewController.php(683): CodeIgniter\BaseModel->save(Array)
#9 D:\laragon\www\method-oldagehome\system\CodeIgniter.php(919): App\Controllers\NewController->save()
#10 D:\laragon\www\method-oldagehome\system\CodeIgniter.php(494): CodeIgniter\CodeIgniter->runController(Object(App\Controllers\NewController))
#11 D:\laragon\www\method-oldagehome\system\CodeIgniter.php(353): CodeIgniter\CodeIgniter->handleRequest(NULL, Object(Config\Cache), false)
#12 D:\laragon\www\method-oldagehome\public\index.php(79): CodeIgniter\CodeIgniter->run()
#13 D:\laragon\www\method-oldagehome\system\Commands\Server\rewrite.php(47): require_once('D:\\laragon\\www\\...')
#14 {main}
CRITICAL - 2024-12-09 08:03:33 --> Column 'age' cannot be null
in SYSTEMPATH\Database\BaseConnection.php on line 646.
 1 SYSTEMPATH\Database\BaseBuilder.php(2308): CodeIgniter\Database\BaseConnection->query('INSERT INTO `tblscdetails` (`lastname`, `firstname`, `middlename`, `nickname`, `DateBirth`, `age`, `gender`, `marital_stat`, `ContNum`, `ComAdd`, `EmergencyAdd`, `EmergencyContNum`, `RegDate`, `scstatus`, `adminId`, `ProfPic`) VALUES (:lastname:, :firstname:, :middlename:, :nickname:, :DateBirth:, :age:, :gender:, :marital_stat:, :ContNum:, :ComAdd:, :EmergencyAdd:, :EmergencyContNum:, :RegDate:, :scstatus:, :adminId:, :ProfPic:)', [...], false)
 2 SYSTEMPATH\Model.php(319): CodeIgniter\Database\BaseBuilder->insert()
 3 SYSTEMPATH\BaseModel.php(788): CodeIgniter\Model->doInsert([...])
 4 SYSTEMPATH\Model.php(715): CodeIgniter\BaseModel->insert([...], false)
 5 SYSTEMPATH\BaseModel.php(698): CodeIgniter\Model->insert([...], false)
 6 APPPATH\Controllers\NewController.php(683): CodeIgniter\BaseModel->save([...])
 7 SYSTEMPATH\CodeIgniter.php(919): App\Controllers\NewController->save()
 8 SYSTEMPATH\CodeIgniter.php(494): CodeIgniter\CodeIgniter->runController(Object(App\Controllers\NewController))
 9 SYSTEMPATH\CodeIgniter.php(353): CodeIgniter\CodeIgniter->handleRequest(null, Object(Config\Cache), false)
10 FCPATH\index.php(79): CodeIgniter\CodeIgniter->run()
11 SYSTEMPATH\Commands\Server\rewrite.php(47): require_once('D:\\laragon\\www\\method-oldagehome\\public\\index.php')
CRITICAL - 2024-12-09 08:24:57 --> Trying to access array offset on value of type null
in APPPATH\Views\dashboard\editdeceasedelder.php on line 50.
 1 APPPATH\Views\dashboard\editdeceasedelder.php(50): CodeIgniter\Debug\Exceptions->errorHandler(2, 'Trying to access array offset on value of type null', 'D:\\laragon\\www\\method-oldagehome\\app\\Views\\dashboard\\editdeceasedelder.php', 50)
 2 SYSTEMPATH\View\View.php(226): include('D:\\laragon\\www\\method-oldagehome\\app\\Views\\dashboard\\editdeceasedelder.php')
 3 SYSTEMPATH\View\View.php(229): CodeIgniter\View\View->CodeIgniter\View\{closure}()
 4 SYSTEMPATH\Common.php(1188): CodeIgniter\View\View->render('dashboard/editdeceasedelder', [], true)
 5 APPPATH\Controllers\NewController.php(975): view('dashboard/editdeceasedelder', [...])
 6 SYSTEMPATH\CodeIgniter.php(919): App\Controllers\NewController->ViewEditDeceased('login', 'vendors', 'typicons', 'typicons.css')
 7 SYSTEMPATH\CodeIgniter.php(494): CodeIgniter\CodeIgniter->runController(Object(App\Controllers\NewController))
 8 SYSTEMPATH\CodeIgniter.php(353): CodeIgniter\CodeIgniter->handleRequest(null, Object(Config\Cache), false)
 9 FCPATH\index.php(79): CodeIgniter\CodeIgniter->run()
10 SYSTEMPATH\Commands\Server\rewrite.php(47): require_once('D:\\laragon\\www\\method-oldagehome\\public\\index.php')
CRITICAL - 2024-12-09 08:24:57 --> Trying to access array offset on value of type null
in APPPATH\Views\dashboard\editdeceasedelder.php on line 50.
 1 APPPATH\Views\dashboard\editdeceasedelder.php(50): CodeIgniter\Debug\Exceptions->errorHandler(2, 'Trying to access array offset on value of type null', 'D:\\laragon\\www\\method-oldagehome\\app\\Views\\dashboard\\editdeceasedelder.php', 50)
 2 SYSTEMPATH\View\View.php(226): include('D:\\laragon\\www\\method-oldagehome\\app\\Views\\dashboard\\editdeceasedelder.php')
 3 SYSTEMPATH\View\View.php(229): CodeIgniter\View\View->CodeIgniter\View\{closure}()
 4 SYSTEMPATH\Common.php(1188): CodeIgniter\View\View->render('dashboard/editdeceasedelder', [], true)
 5 APPPATH\Controllers\NewController.php(975): view('dashboard/editdeceasedelder', [...])
 6 SYSTEMPATH\CodeIgniter.php(919): App\Controllers\NewController->ViewEditDeceased('login', 'vendors', 'css', 'vendor.bundle.base.css')
 7 SYSTEMPATH\CodeIgniter.php(494): CodeIgniter\CodeIgniter->runController(Object(App\Controllers\NewController))
 8 SYSTEMPATH\CodeIgniter.php(353): CodeIgniter\CodeIgniter->handleRequest(null, Object(Config\Cache), false)
 9 FCPATH\index.php(79): CodeIgniter\CodeIgniter->run()
10 SYSTEMPATH\Commands\Server\rewrite.php(47): require_once('D:\\laragon\\www\\method-oldagehome\\public\\index.php')
CRITICAL - 2024-12-09 08:24:58 --> Trying to access array offset on value of type null
in APPPATH\Views\dashboard\editdeceasedelder.php on line 50.
 1 APPPATH\Views\dashboard\editdeceasedelder.php(50): CodeIgniter\Debug\Exceptions->errorHandler(2, 'Trying to access array offset on value of type null', 'D:\\laragon\\www\\method-oldagehome\\app\\Views\\dashboard\\editdeceasedelder.php', 50)
 2 SYSTEMPATH\View\View.php(226): include('D:\\laragon\\www\\method-oldagehome\\app\\Views\\dashboard\\editdeceasedelder.php')
 3 SYSTEMPATH\View\View.php(229): CodeIgniter\View\View->CodeIgniter\View\{closure}()
 4 SYSTEMPATH\Common.php(1188): CodeIgniter\View\View->render('dashboard/editdeceasedelder', [], true)
 5 APPPATH\Controllers\NewController.php(975): view('dashboard/editdeceasedelder', [...])
 6 SYSTEMPATH\CodeIgniter.php(919): App\Controllers\NewController->ViewEditDeceased('login', 'vendors', 'select2', 'select2.min.css')
 7 SYSTEMPATH\CodeIgniter.php(494): CodeIgniter\CodeIgniter->runController(Object(App\Controllers\NewController))
 8 SYSTEMPATH\CodeIgniter.php(353): CodeIgniter\CodeIgniter->handleRequest(null, Object(Config\Cache), false)
 9 FCPATH\index.php(79): CodeIgniter\CodeIgniter->run()
10 SYSTEMPATH\Commands\Server\rewrite.php(47): require_once('D:\\laragon\\www\\method-oldagehome\\public\\index.php')
CRITICAL - 2024-12-09 08:24:58 --> Trying to access array offset on value of type null
in APPPATH\Views\dashboard\editdeceasedelder.php on line 50.
 1 APPPATH\Views\dashboard\editdeceasedelder.php(50): CodeIgniter\Debug\Exceptions->errorHandler(2, 'Trying to access array offset on value of type null', 'D:\\laragon\\www\\method-oldagehome\\app\\Views\\dashboard\\editdeceasedelder.php', 50)
 2 SYSTEMPATH\View\View.php(226): include('D:\\laragon\\www\\method-oldagehome\\app\\Views\\dashboard\\editdeceasedelder.php')
 3 SYSTEMPATH\View\View.php(229): CodeIgniter\View\View->CodeIgniter\View\{closure}()
 4 SYSTEMPATH\Common.php(1188): CodeIgniter\View\View->render('dashboard/editdeceasedelder', [], true)
 5 APPPATH\Controllers\NewController.php(975): view('dashboard/editdeceasedelder', [...])
 6 SYSTEMPATH\CodeIgniter.php(919): App\Controllers\NewController->ViewEditDeceased('login', 'vendors', 'select2-bootstrap-theme', 'select2-bootstrap.min.css')
 7 SYSTEMPATH\CodeIgniter.php(494): CodeIgniter\CodeIgniter->runController(Object(App\Controllers\NewController))
 8 SYSTEMPATH\CodeIgniter.php(353): CodeIgniter\CodeIgniter->handleRequest(null, Object(Config\Cache), false)
 9 FCPATH\index.php(79): CodeIgniter\CodeIgniter->run()
10 SYSTEMPATH\Commands\Server\rewrite.php(47): require_once('D:\\laragon\\www\\method-oldagehome\\public\\index.php')
CRITICAL - 2024-12-09 08:24:59 --> Trying to access array offset on value of type null
in APPPATH\Views\dashboard\editdeceasedelder.php on line 50.
 1 APPPATH\Views\dashboard\editdeceasedelder.php(50): CodeIgniter\Debug\Exceptions->errorHandler(2, 'Trying to access array offset on value of type null', 'D:\\laragon\\www\\method-oldagehome\\app\\Views\\dashboard\\editdeceasedelder.php', 50)
 2 SYSTEMPATH\View\View.php(226): include('D:\\laragon\\www\\method-oldagehome\\app\\Views\\dashboard\\editdeceasedelder.php')
 3 SYSTEMPATH\View\View.php(229): CodeIgniter\View\View->CodeIgniter\View\{closure}()
 4 SYSTEMPATH\Common.php(1188): CodeIgniter\View\View->render('dashboard/editdeceasedelder', [], true)
 5 APPPATH\Controllers\NewController.php(975): view('dashboard/editdeceasedelder', [...])
 6 SYSTEMPATH\CodeIgniter.php(919): App\Controllers\NewController->ViewEditDeceased('login', 'css', 'vertical-layout-light', 'style.css')
 7 SYSTEMPATH\CodeIgniter.php(494): CodeIgniter\CodeIgniter->runController(Object(App\Controllers\NewController))
 8 SYSTEMPATH\CodeIgniter.php(353): CodeIgniter\CodeIgniter->handleRequest(null, Object(Config\Cache), false)
 9 FCPATH\index.php(79): CodeIgniter\CodeIgniter->run()
10 SYSTEMPATH\Commands\Server\rewrite.php(47): require_once('D:\\laragon\\www\\method-oldagehome\\public\\index.php')
CRITICAL - 2024-12-09 08:24:59 --> Trying to access array offset on value of type null
in APPPATH\Views\dashboard\editdeceasedelder.php on line 50.
 1 APPPATH\Views\dashboard\editdeceasedelder.php(50): CodeIgniter\Debug\Exceptions->errorHandler(2, 'Trying to access array offset on value of type null', 'D:\\laragon\\www\\method-oldagehome\\app\\Views\\dashboard\\editdeceasedelder.php', 50)
 2 SYSTEMPATH\View\View.php(226): include('D:\\laragon\\www\\method-oldagehome\\app\\Views\\dashboard\\editdeceasedelder.php')
 3 SYSTEMPATH\View\View.php(229): CodeIgniter\View\View->CodeIgniter\View\{closure}()
 4 SYSTEMPATH\Common.php(1188): CodeIgniter\View\View->render('dashboard/editdeceasedelder', [], true)
 5 APPPATH\Controllers\NewController.php(975): view('dashboard/editdeceasedelder', [...])
 6 SYSTEMPATH\CodeIgniter.php(919): App\Controllers\NewController->ViewEditDeceased('vendors', 'js', 'vendor.bundle.base.js')
 7 SYSTEMPATH\CodeIgniter.php(494): CodeIgniter\CodeIgniter->runController(Object(App\Controllers\NewController))
 8 SYSTEMPATH\CodeIgniter.php(353): CodeIgniter\CodeIgniter->handleRequest(null, Object(Config\Cache), false)
 9 FCPATH\index.php(79): CodeIgniter\CodeIgniter->run()
10 SYSTEMPATH\Commands\Server\rewrite.php(47): require_once('D:\\laragon\\www\\method-oldagehome\\public\\index.php')
CRITICAL - 2024-12-09 08:25:00 --> Trying to access array offset on value of type null
in APPPATH\Views\dashboard\editdeceasedelder.php on line 50.
 1 APPPATH\Views\dashboard\editdeceasedelder.php(50): CodeIgniter\Debug\Exceptions->errorHandler(2, 'Trying to access array offset on value of type null', 'D:\\laragon\\www\\method-oldagehome\\app\\Views\\dashboard\\editdeceasedelder.php', 50)
 2 SYSTEMPATH\View\View.php(226): include('D:\\laragon\\www\\method-oldagehome\\app\\Views\\dashboard\\editdeceasedelder.php')
 3 SYSTEMPATH\View\View.php(229): CodeIgniter\View\View->CodeIgniter\View\{closure}()
 4 SYSTEMPATH\Common.php(1188): CodeIgniter\View\View->render('dashboard/editdeceasedelder', [], true)
 5 APPPATH\Controllers\NewController.php(975): view('dashboard/editdeceasedelder', [...])
 6 SYSTEMPATH\CodeIgniter.php(919): App\Controllers\NewController->ViewEditDeceased('js', 'off-canvas.js')
 7 SYSTEMPATH\CodeIgniter.php(494): CodeIgniter\CodeIgniter->runController(Object(App\Controllers\NewController))
 8 SYSTEMPATH\CodeIgniter.php(353): CodeIgniter\CodeIgniter->handleRequest(null, Object(Config\Cache), false)
 9 FCPATH\index.php(79): CodeIgniter\CodeIgniter->run()
10 SYSTEMPATH\Commands\Server\rewrite.php(47): require_once('D:\\laragon\\www\\method-oldagehome\\public\\index.php')
CRITICAL - 2024-12-09 08:25:00 --> Trying to access array offset on value of type null
in APPPATH\Views\dashboard\editdeceasedelder.php on line 50.
 1 APPPATH\Views\dashboard\editdeceasedelder.php(50): CodeIgniter\Debug\Exceptions->errorHandler(2, 'Trying to access array offset on value of type null', 'D:\\laragon\\www\\method-oldagehome\\app\\Views\\dashboard\\editdeceasedelder.php', 50)
 2 SYSTEMPATH\View\View.php(226): include('D:\\laragon\\www\\method-oldagehome\\app\\Views\\dashboard\\editdeceasedelder.php')
 3 SYSTEMPATH\View\View.php(229): CodeIgniter\View\View->CodeIgniter\View\{closure}()
 4 SYSTEMPATH\Common.php(1188): CodeIgniter\View\View->render('dashboard/editdeceasedelder', [], true)
 5 APPPATH\Controllers\NewController.php(975): view('dashboard/editdeceasedelder', [...])
 6 SYSTEMPATH\CodeIgniter.php(919): App\Controllers\NewController->ViewEditDeceased('js', 'hoverable-collapse.js')
 7 SYSTEMPATH\CodeIgniter.php(494): CodeIgniter\CodeIgniter->runController(Object(App\Controllers\NewController))
 8 SYSTEMPATH\CodeIgniter.php(353): CodeIgniter\CodeIgniter->handleRequest(null, Object(Config\Cache), false)
 9 FCPATH\index.php(79): CodeIgniter\CodeIgniter->run()
10 SYSTEMPATH\Commands\Server\rewrite.php(47): require_once('D:\\laragon\\www\\method-oldagehome\\public\\index.php')
CRITICAL - 2024-12-09 08:25:01 --> Trying to access array offset on value of type null
in APPPATH\Views\dashboard\editdeceasedelder.php on line 50.
 1 APPPATH\Views\dashboard\editdeceasedelder.php(50): CodeIgniter\Debug\Exceptions->errorHandler(2, 'Trying to access array offset on value of type null', 'D:\\laragon\\www\\method-oldagehome\\app\\Views\\dashboard\\editdeceasedelder.php', 50)
 2 SYSTEMPATH\View\View.php(226): include('D:\\laragon\\www\\method-oldagehome\\app\\Views\\dashboard\\editdeceasedelder.php')
 3 SYSTEMPATH\View\View.php(229): CodeIgniter\View\View->CodeIgniter\View\{closure}()
 4 SYSTEMPATH\Common.php(1188): CodeIgniter\View\View->render('dashboard/editdeceasedelder', [], true)
 5 APPPATH\Controllers\NewController.php(975): view('dashboard/editdeceasedelder', [...])
 6 SYSTEMPATH\CodeIgniter.php(919): App\Controllers\NewController->ViewEditDeceased('js', 'template.js')
 7 SYSTEMPATH\CodeIgniter.php(494): CodeIgniter\CodeIgniter->runController(Object(App\Controllers\NewController))
 8 SYSTEMPATH\CodeIgniter.php(353): CodeIgniter\CodeIgniter->handleRequest(null, Object(Config\Cache), false)
 9 FCPATH\index.php(79): CodeIgniter\CodeIgniter->run()
10 SYSTEMPATH\Commands\Server\rewrite.php(47): require_once('D:\\laragon\\www\\method-oldagehome\\public\\index.php')
CRITICAL - 2024-12-09 08:25:01 --> Trying to access array offset on value of type null
in APPPATH\Views\dashboard\editdeceasedelder.php on line 50.
 1 APPPATH\Views\dashboard\editdeceasedelder.php(50): CodeIgniter\Debug\Exceptions->errorHandler(2, 'Trying to access array offset on value of type null', 'D:\\laragon\\www\\method-oldagehome\\app\\Views\\dashboard\\editdeceasedelder.php', 50)
 2 SYSTEMPATH\View\View.php(226): include('D:\\laragon\\www\\method-oldagehome\\app\\Views\\dashboard\\editdeceasedelder.php')
 3 SYSTEMPATH\View\View.php(229): CodeIgniter\View\View->CodeIgniter\View\{closure}()
 4 SYSTEMPATH\Common.php(1188): CodeIgniter\View\View->render('dashboard/editdeceasedelder', [], true)
 5 APPPATH\Controllers\NewController.php(975): view('dashboard/editdeceasedelder', [...])
 6 SYSTEMPATH\CodeIgniter.php(919): App\Controllers\NewController->ViewEditDeceased('js', 'settings.js')
 7 SYSTEMPATH\CodeIgniter.php(494): CodeIgniter\CodeIgniter->runController(Object(App\Controllers\NewController))
 8 SYSTEMPATH\CodeIgniter.php(353): CodeIgniter\CodeIgniter->handleRequest(null, Object(Config\Cache), false)
 9 FCPATH\index.php(79): CodeIgniter\CodeIgniter->run()
10 SYSTEMPATH\Commands\Server\rewrite.php(47): require_once('D:\\laragon\\www\\method-oldagehome\\public\\index.php')
CRITICAL - 2024-12-09 08:25:02 --> Trying to access array offset on value of type null
in APPPATH\Views\dashboard\editdeceasedelder.php on line 50.
 1 APPPATH\Views\dashboard\editdeceasedelder.php(50): CodeIgniter\Debug\Exceptions->errorHandler(2, 'Trying to access array offset on value of type null', 'D:\\laragon\\www\\method-oldagehome\\app\\Views\\dashboard\\editdeceasedelder.php', 50)
 2 SYSTEMPATH\View\View.php(226): include('D:\\laragon\\www\\method-oldagehome\\app\\Views\\dashboard\\editdeceasedelder.php')
 3 SYSTEMPATH\View\View.php(229): CodeIgniter\View\View->CodeIgniter\View\{closure}()
 4 SYSTEMPATH\Common.php(1188): CodeIgniter\View\View->render('dashboard/editdeceasedelder', [], true)
 5 APPPATH\Controllers\NewController.php(975): view('dashboard/editdeceasedelder', [...])
 6 SYSTEMPATH\CodeIgniter.php(919): App\Controllers\NewController->ViewEditDeceased('js', 'todolist.js')
 7 SYSTEMPATH\CodeIgniter.php(494): CodeIgniter\CodeIgniter->runController(Object(App\Controllers\NewController))
 8 SYSTEMPATH\CodeIgniter.php(353): CodeIgniter\CodeIgniter->handleRequest(null, Object(Config\Cache), false)
 9 FCPATH\index.php(79): CodeIgniter\CodeIgniter->run()
10 SYSTEMPATH\Commands\Server\rewrite.php(47): require_once('D:\\laragon\\www\\method-oldagehome\\public\\index.php')
CRITICAL - 2024-12-09 08:25:02 --> Trying to access array offset on value of type null
in APPPATH\Views\dashboard\editdeceasedelder.php on line 50.
 1 APPPATH\Views\dashboard\editdeceasedelder.php(50): CodeIgniter\Debug\Exceptions->errorHandler(2, 'Trying to access array offset on value of type null', 'D:\\laragon\\www\\method-oldagehome\\app\\Views\\dashboard\\editdeceasedelder.php', 50)
 2 SYSTEMPATH\View\View.php(226): include('D:\\laragon\\www\\method-oldagehome\\app\\Views\\dashboard\\editdeceasedelder.php')
 3 SYSTEMPATH\View\View.php(229): CodeIgniter\View\View->CodeIgniter\View\{closure}()
 4 SYSTEMPATH\Common.php(1188): CodeIgniter\View\View->render('dashboard/editdeceasedelder', [], true)
 5 APPPATH\Controllers\NewController.php(975): view('dashboard/editdeceasedelder', [...])
 6 SYSTEMPATH\CodeIgniter.php(919): App\Controllers\NewController->ViewEditDeceased('vendors', 'typeahead.js', 'typeahead.bundle.min.js')
 7 SYSTEMPATH\CodeIgniter.php(494): CodeIgniter\CodeIgniter->runController(Object(App\Controllers\NewController))
 8 SYSTEMPATH\CodeIgniter.php(353): CodeIgniter\CodeIgniter->handleRequest(null, Object(Config\Cache), false)
 9 FCPATH\index.php(79): CodeIgniter\CodeIgniter->run()
10 SYSTEMPATH\Commands\Server\rewrite.php(47): require_once('D:\\laragon\\www\\method-oldagehome\\public\\index.php')
CRITICAL - 2024-12-09 08:25:03 --> Trying to access array offset on value of type null
in APPPATH\Views\dashboard\editdeceasedelder.php on line 50.
 1 APPPATH\Views\dashboard\editdeceasedelder.php(50): CodeIgniter\Debug\Exceptions->errorHandler(2, 'Trying to access array offset on value of type null', 'D:\\laragon\\www\\method-oldagehome\\app\\Views\\dashboard\\editdeceasedelder.php', 50)
 2 SYSTEMPATH\View\View.php(226): include('D:\\laragon\\www\\method-oldagehome\\app\\Views\\dashboard\\editdeceasedelder.php')
 3 SYSTEMPATH\View\View.php(229): CodeIgniter\View\View->CodeIgniter\View\{closure}()
 4 SYSTEMPATH\Common.php(1188): CodeIgniter\View\View->render('dashboard/editdeceasedelder', [], true)
 5 APPPATH\Controllers\NewController.php(975): view('dashboard/editdeceasedelder', [...])
 6 SYSTEMPATH\CodeIgniter.php(919): App\Controllers\NewController->ViewEditDeceased('vendors', 'select2', 'select2.min.js')
 7 SYSTEMPATH\CodeIgniter.php(494): CodeIgniter\CodeIgniter->runController(Object(App\Controllers\NewController))
 8 SYSTEMPATH\CodeIgniter.php(353): CodeIgniter\CodeIgniter->handleRequest(null, Object(Config\Cache), false)
 9 FCPATH\index.php(79): CodeIgniter\CodeIgniter->run()
10 SYSTEMPATH\Commands\Server\rewrite.php(47): require_once('D:\\laragon\\www\\method-oldagehome\\public\\index.php')
CRITICAL - 2024-12-09 08:25:03 --> Trying to access array offset on value of type null
in APPPATH\Views\dashboard\editdeceasedelder.php on line 50.
 1 APPPATH\Views\dashboard\editdeceasedelder.php(50): CodeIgniter\Debug\Exceptions->errorHandler(2, 'Trying to access array offset on value of type null', 'D:\\laragon\\www\\method-oldagehome\\app\\Views\\dashboard\\editdeceasedelder.php', 50)
 2 SYSTEMPATH\View\View.php(226): include('D:\\laragon\\www\\method-oldagehome\\app\\Views\\dashboard\\editdeceasedelder.php')
 3 SYSTEMPATH\View\View.php(229): CodeIgniter\View\View->CodeIgniter\View\{closure}()
 4 SYSTEMPATH\Common.php(1188): CodeIgniter\View\View->render('dashboard/editdeceasedelder', [], true)
 5 APPPATH\Controllers\NewController.php(975): view('dashboard/editdeceasedelder', [...])
 6 SYSTEMPATH\CodeIgniter.php(919): App\Controllers\NewController->ViewEditDeceased('js', 'file-upload.js')
 7 SYSTEMPATH\CodeIgniter.php(494): CodeIgniter\CodeIgniter->runController(Object(App\Controllers\NewController))
 8 SYSTEMPATH\CodeIgniter.php(353): CodeIgniter\CodeIgniter->handleRequest(null, Object(Config\Cache), false)
 9 FCPATH\index.php(79): CodeIgniter\CodeIgniter->run()
10 SYSTEMPATH\Commands\Server\rewrite.php(47): require_once('D:\\laragon\\www\\method-oldagehome\\public\\index.php')
CRITICAL - 2024-12-09 08:25:04 --> Trying to access array offset on value of type null
in APPPATH\Views\dashboard\editdeceasedelder.php on line 50.
 1 APPPATH\Views\dashboard\editdeceasedelder.php(50): CodeIgniter\Debug\Exceptions->errorHandler(2, 'Trying to access array offset on value of type null', 'D:\\laragon\\www\\method-oldagehome\\app\\Views\\dashboard\\editdeceasedelder.php', 50)
 2 SYSTEMPATH\View\View.php(226): include('D:\\laragon\\www\\method-oldagehome\\app\\Views\\dashboard\\editdeceasedelder.php')
 3 SYSTEMPATH\View\View.php(229): CodeIgniter\View\View->CodeIgniter\View\{closure}()
 4 SYSTEMPATH\Common.php(1188): CodeIgniter\View\View->render('dashboard/editdeceasedelder', [], true)
 5 APPPATH\Controllers\NewController.php(975): view('dashboard/editdeceasedelder', [...])
 6 SYSTEMPATH\CodeIgniter.php(919): App\Controllers\NewController->ViewEditDeceased('js', 'typeahead.js')
 7 SYSTEMPATH\CodeIgniter.php(494): CodeIgniter\CodeIgniter->runController(Object(App\Controllers\NewController))
 8 SYSTEMPATH\CodeIgniter.php(353): CodeIgniter\CodeIgniter->handleRequest(null, Object(Config\Cache), false)
 9 FCPATH\index.php(79): CodeIgniter\CodeIgniter->run()
10 SYSTEMPATH\Commands\Server\rewrite.php(47): require_once('D:\\laragon\\www\\method-oldagehome\\public\\index.php')
CRITICAL - 2024-12-09 08:25:04 --> Trying to access array offset on value of type null
in APPPATH\Views\dashboard\editdeceasedelder.php on line 50.
 1 APPPATH\Views\dashboard\editdeceasedelder.php(50): CodeIgniter\Debug\Exceptions->errorHandler(2, 'Trying to access array offset on value of type null', 'D:\\laragon\\www\\method-oldagehome\\app\\Views\\dashboard\\editdeceasedelder.php', 50)
 2 SYSTEMPATH\View\View.php(226): include('D:\\laragon\\www\\method-oldagehome\\app\\Views\\dashboard\\editdeceasedelder.php')
 3 SYSTEMPATH\View\View.php(229): CodeIgniter\View\View->CodeIgniter\View\{closure}()
 4 SYSTEMPATH\Common.php(1188): CodeIgniter\View\View->render('dashboard/editdeceasedelder', [], true)
 5 APPPATH\Controllers\NewController.php(975): view('dashboard/editdeceasedelder', [...])
 6 SYSTEMPATH\CodeIgniter.php(919): App\Controllers\NewController->ViewEditDeceased('js', 'select2.js')
 7 SYSTEMPATH\CodeIgniter.php(494): CodeIgniter\CodeIgniter->runController(Object(App\Controllers\NewController))
 8 SYSTEMPATH\CodeIgniter.php(353): CodeIgniter\CodeIgniter->handleRequest(null, Object(Config\Cache), false)
 9 FCPATH\index.php(79): CodeIgniter\CodeIgniter->run()
10 SYSTEMPATH\Commands\Server\rewrite.php(47): require_once('D:\\laragon\\www\\method-oldagehome\\public\\index.php')
CRITICAL - 2024-12-09 09:12:10 --> Undefined array key "DateBirth"
in APPPATH\Controllers\UserbookingController.php on line 62.
 1 APPPATH\Controllers\UserbookingController.php(62): CodeIgniter\Debug\Exceptions->errorHandler(2, 'Undefined array key "DateBirth"', 'D:\\laragon\\www\\method-oldagehome\\app\\Controllers\\UserbookingController.php', 62)
 2 SYSTEMPATH\CodeIgniter.php(919): App\Controllers\UserbookingController->index2()
 3 SYSTEMPATH\CodeIgniter.php(494): CodeIgniter\CodeIgniter->runController(Object(App\Controllers\UserbookingController))
 4 SYSTEMPATH\CodeIgniter.php(353): CodeIgniter\CodeIgniter->handleRequest(null, Object(Config\Cache), false)
 5 FCPATH\index.php(79): CodeIgniter\CodeIgniter->run()
 6 SYSTEMPATH\Commands\Server\rewrite.php(47): require_once('D:\\laragon\\www\\method-oldagehome\\public\\index.php')
CRITICAL - 2024-12-09 09:20:21 --> Undefined variable $getAge
in APPPATH\Controllers\UserbookingController.php on line 81.
 1 APPPATH\Controllers\UserbookingController.php(81): CodeIgniter\Debug\Exceptions->errorHandler(2, 'Undefined variable $getAge', 'D:\\laragon\\www\\method-oldagehome\\app\\Controllers\\UserbookingController.php', 81)
 2 SYSTEMPATH\CodeIgniter.php(919): App\Controllers\UserbookingController->ageDistribution()
 3 SYSTEMPATH\CodeIgniter.php(494): CodeIgniter\CodeIgniter->runController(Object(App\Controllers\UserbookingController))
 4 SYSTEMPATH\CodeIgniter.php(353): CodeIgniter\CodeIgniter->handleRequest(null, Object(Config\Cache), false)
 5 FCPATH\index.php(79): CodeIgniter\CodeIgniter->run()
 6 SYSTEMPATH\Commands\Server\rewrite.php(47): require_once('D:\\laragon\\www\\method-oldagehome\\public\\index.php')
CRITICAL - 2024-12-09 09:39:26 --> Undefined array key "deathdate"
in APPPATH\Controllers\UserbookingController.php on line 92.
 1 APPPATH\Controllers\UserbookingController.php(92): CodeIgniter\Debug\Exceptions->errorHandler(2, 'Undefined array key "deathdate"', 'D:\\laragon\\www\\method-oldagehome\\app\\Controllers\\UserbookingController.php', 92)
 2 SYSTEMPATH\CodeIgniter.php(919): App\Controllers\UserbookingController->ageDeathDistribution()
 3 SYSTEMPATH\CodeIgniter.php(494): CodeIgniter\CodeIgniter->runController(Object(App\Controllers\UserbookingController))
 4 SYSTEMPATH\CodeIgniter.php(353): CodeIgniter\CodeIgniter->handleRequest(null, Object(Config\Cache), false)
 5 FCPATH\index.php(79): CodeIgniter\CodeIgniter->run()
 6 SYSTEMPATH\Commands\Server\rewrite.php(47): require_once('D:\\laragon\\www\\method-oldagehome\\public\\index.php')
CRITICAL - 2024-12-09 09:39:48 --> Undefined array key "datedeath"
in APPPATH\Controllers\UserbookingController.php on line 92.
 1 APPPATH\Controllers\UserbookingController.php(92): CodeIgniter\Debug\Exceptions->errorHandler(2, 'Undefined array key "datedeath"', 'D:\\laragon\\www\\method-oldagehome\\app\\Controllers\\UserbookingController.php', 92)
 2 SYSTEMPATH\CodeIgniter.php(919): App\Controllers\UserbookingController->ageDeathDistribution()
 3 SYSTEMPATH\CodeIgniter.php(494): CodeIgniter\CodeIgniter->runController(Object(App\Controllers\UserbookingController))
 4 SYSTEMPATH\CodeIgniter.php(353): CodeIgniter\CodeIgniter->handleRequest(null, Object(Config\Cache), false)
 5 FCPATH\index.php(79): CodeIgniter\CodeIgniter->run()
 6 SYSTEMPATH\Commands\Server\rewrite.php(47): require_once('D:\\laragon\\www\\method-oldagehome\\public\\index.php')
CRITICAL - 2024-12-09 09:40:32 --> Undefined array key "datedeath"
in APPPATH\Controllers\UserbookingController.php on line 92.
 1 APPPATH\Controllers\UserbookingController.php(92): CodeIgniter\Debug\Exceptions->errorHandler(2, 'Undefined array key "datedeath"', 'D:\\laragon\\www\\method-oldagehome\\app\\Controllers\\UserbookingController.php', 92)
 2 SYSTEMPATH\CodeIgniter.php(919): App\Controllers\UserbookingController->ageDeathDistribution()
 3 SYSTEMPATH\CodeIgniter.php(494): CodeIgniter\CodeIgniter->runController(Object(App\Controllers\UserbookingController))
 4 SYSTEMPATH\CodeIgniter.php(353): CodeIgniter\CodeIgniter->handleRequest(null, Object(Config\Cache), false)
 5 FCPATH\index.php(79): CodeIgniter\CodeIgniter->run()
 6 SYSTEMPATH\Commands\Server\rewrite.php(47): require_once('D:\\laragon\\www\\method-oldagehome\\public\\index.php')
ERROR - 2024-12-09 09:40:51 --> mysqli_sql_exception: Unknown column 'datedaeth' in 'field list' in D:\laragon\www\method-oldagehome\system\Database\MySQLi\Connection.php:306
Stack trace:
#0 D:\laragon\www\method-oldagehome\system\Database\MySQLi\Connection.php(306): mysqli->query('SELECT `DateBir...', 0)
#1 D:\laragon\www\method-oldagehome\system\Database\BaseConnection.php(692): CodeIgniter\Database\MySQLi\Connection->execute('SELECT `DateBir...')
#2 D:\laragon\www\method-oldagehome\system\Database\BaseConnection.php(606): CodeIgniter\Database\BaseConnection->simpleQuery('SELECT `DateBir...')
#3 D:\laragon\www\method-oldagehome\system\Database\BaseBuilder.php(1615): CodeIgniter\Database\BaseConnection->query('SELECT `DateBir...', Array, false)
#4 D:\laragon\www\method-oldagehome\system\Model.php(237): CodeIgniter\Database\BaseBuilder->get()
#5 D:\laragon\www\method-oldagehome\system\BaseModel.php(624): CodeIgniter\Model->doFindAll(0, 0)
#6 D:\laragon\www\method-oldagehome\app\Models\MainModel.php(58): CodeIgniter\BaseModel->findAll()
#7 D:\laragon\www\method-oldagehome\app\Controllers\UserbookingController.php(86): App\Models\MainModel->getAgeDeath()
#8 D:\laragon\www\method-oldagehome\system\CodeIgniter.php(919): App\Controllers\UserbookingController->ageDeathDistribution()
#9 D:\laragon\www\method-oldagehome\system\CodeIgniter.php(494): CodeIgniter\CodeIgniter->runController(Object(App\Controllers\UserbookingController))
#10 D:\laragon\www\method-oldagehome\system\CodeIgniter.php(353): CodeIgniter\CodeIgniter->handleRequest(NULL, Object(Config\Cache), false)
#11 D:\laragon\www\method-oldagehome\public\index.php(79): CodeIgniter\CodeIgniter->run()
#12 D:\laragon\www\method-oldagehome\system\Commands\Server\rewrite.php(47): require_once('D:\\laragon\\www\\...')
#13 {main}
CRITICAL - 2024-12-09 09:40:51 --> Unknown column 'datedaeth' in 'field list'
in SYSTEMPATH\Database\BaseConnection.php on line 646.
 1 SYSTEMPATH\Database\BaseBuilder.php(1615): CodeIgniter\Database\BaseConnection->query('SELECT `DateBirth`, `datedaeth`
FROM `tblscdetails`
WHERE `scstatus` = :scstatus:', [...], false)
 2 SYSTEMPATH\Model.php(237): CodeIgniter\Database\BaseBuilder->get()
 3 SYSTEMPATH\BaseModel.php(624): CodeIgniter\Model->doFindAll(0, 0)
 4 APPPATH\Models\MainModel.php(58): CodeIgniter\BaseModel->findAll()
 5 APPPATH\Controllers\UserbookingController.php(86): App\Models\MainModel->getAgeDeath()
 6 SYSTEMPATH\CodeIgniter.php(919): App\Controllers\UserbookingController->ageDeathDistribution()
 7 SYSTEMPATH\CodeIgniter.php(494): CodeIgniter\CodeIgniter->runController(Object(App\Controllers\UserbookingController))
 8 SYSTEMPATH\CodeIgniter.php(353): CodeIgniter\CodeIgniter->handleRequest(null, Object(Config\Cache), false)
 9 FCPATH\index.php(79): CodeIgniter\CodeIgniter->run()
10 SYSTEMPATH\Commands\Server\rewrite.php(47): require_once('D:\\laragon\\www\\method-oldagehome\\public\\index.php')
CRITICAL - 2024-12-09 10:31:48 --> Class "App\Controllers\Options" not found
in APPPATH\Controllers\NewController.php on line 1987.
 1 SYSTEMPATH\CodeIgniter.php(919): App\Controllers\NewController->printSlip('126')
 2 SYSTEMPATH\CodeIgniter.php(494): CodeIgniter\CodeIgniter->runController(Object(App\Controllers\NewController))
 3 SYSTEMPATH\CodeIgniter.php(353): CodeIgniter\CodeIgniter->handleRequest(null, Object(Config\Cache), false)
 4 FCPATH\index.php(79): CodeIgniter\CodeIgniter->run()
 5 SYSTEMPATH\Commands\Server\rewrite.php(47): require_once('D:\\laragon\\www\\method-oldagehome\\public\\index.php')
CRITICAL - 2024-12-09 10:34:40 --> Invalid file: "pdf_template.php"
in SYSTEMPATH\Exceptions\FrameworkException.php on line 39.
 1 SYSTEMPATH\View\View.php(214): CodeIgniter\Exceptions\FrameworkException::forInvalidFile('pdf_template.php')
 2 SYSTEMPATH\Common.php(1188): CodeIgniter\View\View->render('pdf_template', [], true)
 3 APPPATH\Controllers\NewController.php(1996): view('pdf_template')
 4 SYSTEMPATH\CodeIgniter.php(919): App\Controllers\NewController->printSlip('126')
 5 SYSTEMPATH\CodeIgniter.php(494): CodeIgniter\CodeIgniter->runController(Object(App\Controllers\NewController))
 6 SYSTEMPATH\CodeIgniter.php(353): CodeIgniter\CodeIgniter->handleRequest(null, Object(Config\Cache), false)
 7 FCPATH\index.php(79): CodeIgniter\CodeIgniter->run()
 8 SYSTEMPATH\Commands\Server\rewrite.php(47): require_once('D:\\laragon\\www\\method-oldagehome\\public\\index.php')
CRITICAL - 2024-12-09 10:45:20 --> Call to undefined method App\Controllers\NewController::generate_pdf()
in APPPATH\Controllers\NewController.php on line 1982.
 1 SYSTEMPATH\CodeIgniter.php(919): App\Controllers\NewController->addmissionWithDatapreviewtosave('126')
 2 SYSTEMPATH\CodeIgniter.php(494): CodeIgniter\CodeIgniter->runController(Object(App\Controllers\NewController))
 3 SYSTEMPATH\CodeIgniter.php(353): CodeIgniter\CodeIgniter->handleRequest(null, Object(Config\Cache), false)
 4 FCPATH\index.php(79): CodeIgniter\CodeIgniter->run()
 5 SYSTEMPATH\Commands\Server\rewrite.php(47): require_once('D:\\laragon\\www\\method-oldagehome\\public\\index.php')
CRITICAL - 2024-12-09 10:47:50 --> Invalid file: "view_with_pdf.php"
in SYSTEMPATH\Exceptions\FrameworkException.php on line 39.
 1 SYSTEMPATH\View\View.php(214): CodeIgniter\Exceptions\FrameworkException::forInvalidFile('view_with_pdf.php')
 2 SYSTEMPATH\Common.php(1188): CodeIgniter\View\View->render('view_with_pdf', [], true)
 3 APPPATH\Controllers\NewController.php(1998): view('view_with_pdf')
 4 APPPATH\Controllers\NewController.php(1982): App\Controllers\NewController->printSlip()
 5 SYSTEMPATH\CodeIgniter.php(919): App\Controllers\NewController->addmissionWithDatapreviewtosave('126')
 6 SYSTEMPATH\CodeIgniter.php(494): CodeIgniter\CodeIgniter->runController(Object(App\Controllers\NewController))
 7 SYSTEMPATH\CodeIgniter.php(353): CodeIgniter\CodeIgniter->handleRequest(null, Object(Config\Cache), false)
 8 FCPATH\index.php(79): CodeIgniter\CodeIgniter->run()
 9 SYSTEMPATH\Commands\Server\rewrite.php(47): require_once('D:\\laragon\\www\\method-oldagehome\\public\\index.php')
CRITICAL - 2024-12-09 10:48:07 --> Invalid file: "addmissionWithDatapreviewtosave.php"
in SYSTEMPATH\Exceptions\FrameworkException.php on line 39.
 1 SYSTEMPATH\View\View.php(214): CodeIgniter\Exceptions\FrameworkException::forInvalidFile('addmissionWithDatapreviewtosave.php')
 2 SYSTEMPATH\Common.php(1188): CodeIgniter\View\View->render('addmissionWithDatapreviewtosave', [], true)
 3 APPPATH\Controllers\NewController.php(1998): view('addmissionWithDatapreviewtosave')
 4 APPPATH\Controllers\NewController.php(1982): App\Controllers\NewController->printSlip()
 5 SYSTEMPATH\CodeIgniter.php(919): App\Controllers\NewController->addmissionWithDatapreviewtosave('126')
 6 SYSTEMPATH\CodeIgniter.php(494): CodeIgniter\CodeIgniter->runController(Object(App\Controllers\NewController))
 7 SYSTEMPATH\CodeIgniter.php(353): CodeIgniter\CodeIgniter->handleRequest(null, Object(Config\Cache), false)
 8 FCPATH\index.php(79): CodeIgniter\CodeIgniter->run()
 9 SYSTEMPATH\Commands\Server\rewrite.php(47): require_once('D:\\laragon\\www\\method-oldagehome\\public\\index.php')
CRITICAL - 2024-12-09 11:14:03 --> Undefined variable $dompdf
in APPPATH\Controllers\NewController.php on line 2083.
 1 APPPATH\Controllers\NewController.php(2083): CodeIgniter\Debug\Exceptions->errorHandler(2, 'Undefined variable $dompdf', 'D:\\laragon\\www\\method-oldagehome\\app\\Controllers\\NewController.php', 2083)
 2 SYSTEMPATH\CodeIgniter.php(919): App\Controllers\NewController->printSlip('126')
 3 SYSTEMPATH\CodeIgniter.php(494): CodeIgniter\CodeIgniter->runController(Object(App\Controllers\NewController))
 4 SYSTEMPATH\CodeIgniter.php(353): CodeIgniter\CodeIgniter->handleRequest(null, Object(Config\Cache), false)
 5 FCPATH\index.php(79): CodeIgniter\CodeIgniter->run()
 6 SYSTEMPATH\Commands\Server\rewrite.php(47): require_once('D:\\laragon\\www\\method-oldagehome\\public\\index.php')
CRITICAL - 2024-12-09 11:14:30 --> Class "App\Controllers\Options" not found
in APPPATH\Controllers\NewController.php on line 1987.
 1 SYSTEMPATH\CodeIgniter.php(919): App\Controllers\NewController->printSlip('126')
 2 SYSTEMPATH\CodeIgniter.php(494): CodeIgniter\CodeIgniter->runController(Object(App\Controllers\NewController))
 3 SYSTEMPATH\CodeIgniter.php(353): CodeIgniter\CodeIgniter->handleRequest(null, Object(Config\Cache), false)
 4 FCPATH\index.php(79): CodeIgniter\CodeIgniter->run()
 5 SYSTEMPATH\Commands\Server\rewrite.php(47): require_once('D:\\laragon\\www\\method-oldagehome\\public\\index.php')
CRITICAL - 2024-12-09 11:18:10 --> Undefined array key "ROOT_DOCUMENTS"
in APPPATH\Controllers\NewController.php on line 2102.
 1 APPPATH\Controllers\NewController.php(2102): CodeIgniter\Debug\Exceptions->errorHandler(2, 'Undefined array key "ROOT_DOCUMENTS"', 'D:\\laragon\\www\\method-oldagehome\\app\\Controllers\\NewController.php', 2102)
 2 SYSTEMPATH\CodeIgniter.php(919): App\Controllers\NewController->printSlip('126')
 3 SYSTEMPATH\CodeIgniter.php(494): CodeIgniter\CodeIgniter->runController(Object(App\Controllers\NewController))
 4 SYSTEMPATH\CodeIgniter.php(353): CodeIgniter\CodeIgniter->handleRequest(null, Object(Config\Cache), false)
 5 FCPATH\index.php(79): CodeIgniter\CodeIgniter->run()
 6 SYSTEMPATH\Commands\Server\rewrite.php(47): require_once('D:\\laragon\\www\\method-oldagehome\\public\\index.php')
CRITICAL - 2024-12-09 11:18:21 --> Undefined array key "ROOT_DOCUMENT"
in APPPATH\Controllers\NewController.php on line 2102.
 1 APPPATH\Controllers\NewController.php(2102): CodeIgniter\Debug\Exceptions->errorHandler(2, 'Undefined array key "ROOT_DOCUMENT"', 'D:\\laragon\\www\\method-oldagehome\\app\\Controllers\\NewController.php', 2102)
 2 SYSTEMPATH\CodeIgniter.php(919): App\Controllers\NewController->printSlip('126')
 3 SYSTEMPATH\CodeIgniter.php(494): CodeIgniter\CodeIgniter->runController(Object(App\Controllers\NewController))
 4 SYSTEMPATH\CodeIgniter.php(353): CodeIgniter\CodeIgniter->handleRequest(null, Object(Config\Cache), false)
 5 FCPATH\index.php(79): CodeIgniter\CodeIgniter->run()
 6 SYSTEMPATH\Commands\Server\rewrite.php(47): require_once('D:\\laragon\\www\\method-oldagehome\\public\\index.php')
CRITICAL - 2024-12-09 11:18:32 --> file_put_contents(D:\laragon\www\method-oldagehome\publicuploads/Addmission_Slip.pdf): Failed to open stream: No such file or directory
in APPPATH\Controllers\NewController.php on line 2103.
 1 [internal function]: CodeIgniter\Debug\Exceptions->errorHandler(2, 'file_put_contents(D:\\laragon\\www\\method-oldagehome\\publicuploads/Addmission_Slip.pdf): Failed to open stream: No such file or directory', 'D:\\laragon\\www\\method-oldagehome\\app\\Controllers\\NewController.php', 2103)
 2 APPPATH\Controllers\NewController.php(2103): file_put_contents('D:\\laragon\\www\\method-oldagehome\\publicuploads/Addmission_Slip.pdf', '%PDF-1.7
1 0 obj
<< /Type /Catalog
/Outlines 2 0 R
/Pages 3 0 R >>
endobj
2 0 obj
<< /Type /Outlines /Count 0 >>
endobj
3 0 obj
<< /Type /Pages
/Kids [6 0 R
10 0 R
]
/Count 2
/Resources <<
/ProcSet 4 0 R
/Font << 
/F1 8 0 R
/F2 9 0 R
>>
/ExtGState << 
/GS1 12 0 R
/GS2 13 0 R
>>
>>
/MediaBox [0.000 0.000 612.000 1008.000]
 >>
endobj
4 0 obj
[/PDF /Text ]
endobj
5 0 obj
<<
/Producer (şÿ' . "\0" . 'd' . "\0" . 'o' . "\0" . 'm' . "\0" . 'p' . "\0" . 'd' . "\0" . 'f' . "\0" . ' ' . "\0" . '3' . "\0" . '.' . "\0" . '0' . "\0" . '.' . "\0" . '0' . "\0" . ' ' . "\0" . '+' . "\0" . ' ' . "\0" . 'C' . "\0" . 'P' . "\0" . 'D' . "\0" . 'F)
/CreationDate (D:20241209111832+00\'00\')
/ModDate (D:20241209111832+00\'00\')
/Title (şÿ' . "\0" . 'P' . "\0" . 'r' . "\0" . 'e' . "\0" . 'v' . "\0" . 'i' . "\0" . 'e' . "\0" . 'w' . "\0" . ' ' . "\0" . 'A' . "\0" . 'd' . "\0" . 'm' . "\0" . 'i' . "\0" . 's' . "\0" . 's' . "\0" . 'i' . "\0" . 'o' . "\0" . 'n' . "\0" . ' ' . "\0" . 'S' . "\0" . 'l' . "\0" . 'i' . "\0" . 'p)
>>
endobj
6 0 obj
<< /Type /Page
/MediaBox [0.000 0.000 612.000 1008.000]
/Parent 3 0 R
/Contents 7 0 R
>>
endobj
7 0 obj
<< /Filter /FlateDecode
/Length 3539 >>
stream
xœ…œKsÇF÷ú³LªœÉ¼ÚQÏÈeQ,‰Z¤\\^À$,A"HI+ö¿Ï}ûÜ ½%Ÿ:İóè9`ô¤*çf.ìkÛ._»¾¸ıô¤íÊªŠı}×–ó0s;ïş¼]¿=©Ëªª
~ÍãşÕ4UÙUC14}ÙŒC1õC9ÍÕÃÈjgó«|v^´UUÕ¼;ÜdƒÏ/‹¿jŠº.›âü·¢øù\'/Ş¾ùğáÍ»ÓâÃOoÎşùKqşcñòüÈ„ï_ûâEUüXü\\¿Ø_.ŸtóÃõÔ]Ùu±-¦¦ìšÊÁUñá‰ ­¿/»n’2³ºÉş6EK˜YS]ö•XÂ¶EcëÛ1XÊÌêÆ²†h	3kªÊ~î£%l[´u[M,efuC9ôb	3Ëf¯úxvãÛ¹Ş¡©LÚƒn¶«júcO@ß”ãröö L]å€íşx±º_7¿\'—ÛÍİææúiqzó}½ıu}[TÓES5?íhÇ÷µ«mşº‰g&Ì¬®/Ç®–0³Æ©Çøè(ÛÚßj{”£¥Ì¬ÎnKŸ0efc9É}U¶-»[ÓŸefÙìÍ¯q¹_ÃÔb‘á*Ë^°oèÁJDÖ²Ú‡ÇàÑÅ|¾º[Ûú•¾bû<—‰f»AgÈ3;)EJÊrÁ–ó–°œ\'-e9Ï`	ËyKXÎ“–²œg°„ÅEuKXN…–²œJ°„åT‚%,§BKYN%XÂr*Á–S¡¥,§Î>í^Ë«[íl4§¡dÉ	¬%”¶)+{UíìAkìÏ#¡\\mÖ×÷™Œ}Ù¶Ìd˜‰;$eÈ„–0dBK2¥™Ğ†Lh	C&°”!ZÂò«-_e{Â+.{oÎÔÉ«X7Ôå0[ÏÓÕvı´øz÷e{ñõæîËÅò×‹­})¾|½üüıë—Ëï_^Æò©y‡<5ah“–°¥Í¹¬»xc}7ğët/4mñ_é‡õO‹Wëíêj_K¿ëæ™ã$”!}ZÂ>-aH–2¤Ï[˜6®ü$‚›“SO–“x;uwÿ½…Ï7ß7&ß¯î¿{Z¼]İŞnÖ—{Í:ö3ö‚=à^àwIöZÂ°Ğ†½' . "\0" . '–2ì´„a/ %{,eØh	‹¿[Â%,eÈ’–°øL¹%İÀR†nh	C7´„¡XÊĞÏ>m•CY·öÎ¶/§ZªqÉ	,ì°ÅÓLG¢9¹¼¼]ßY/—_mKıò}÷¿/Û#á´v¨‰áìÃqÇ#¤ì!œ©oƒåW;ØÓÌË¯‡²éZ½°¦)ûşØ…=ÛÜŞ.–ƒüJ–ÃÕUËHıñ4…¡IXÊĞ$-ah’–04	Kš¤%¯Ï¼Æ´;ù]vosİ×+ôè}şñ÷«?‹jş¡¨çáğGÊ|8×Z¢§%ÑÓ†èa)Cô´„!zZÂ=,eˆË–6I_\'Xy²œÄeóï7ş&³«ÕÅú t›k¨\'”¾,İ¯’²øx¹%9Ò†a)C´„!GZÂ#,eÈ‘–°¸®n	C-°”¡ZÂP-a¨–2ÔBKj¡%µÀR†Zxöù%aÛüÑÎæŒÒŠK‰Ğ²Vì\'I["»­USÎvè#ßX¾{{vrº¼™úñÌ¾ìŞ[µÿÒnÚy,«İ$€n²“¡¤,w,a¹›`	ËİĞR–»	–°ÜM°„=t3Ïñ}©F»!\\;{>êª‘×÷e#ëêc‹²ûÑ0¿ŞØ‘špçRy<¶²\\c°„åÃuË5KX®1XÂr´”åƒ%,×,a¹FZÊrá~íwÂ¼¤N°¦¹¾d9‰+ßî‚ÿbéŸß\\ß¯.î½#ºÌÕ#Ü6è÷I¤%Ò†a)Cƒ´„¡AZÂĞ ,$7ÙÎ—ìííAƒC»{ûñ3Ì‡OÉáğÊ!-aÈ—"Ò†i	C†°”!CZÂ!-aÈ–2dÈû…èVÕ	–•Ñ=XNââ{†®şûõÕê~ss]Üß÷Ÿ×Åñ7_—içŠEî‹tÇëƒ¤EÒ†"i	C‘°”¡HZÂP$-aqY’¥áĞ†ph	C8°”!ZÂ-a–2„CKÂ¡%áÀR†pxöió›ÊfânØš3Ô1—œÀZ¾›\\^;är ñh6/_½zùşÍéëâìäıùzi§²mô²ìÅo’2ôBKz¡%½ÀR†^h	C/´„¡XÊĞ-aè…–0ôKz¡%½Ğ†^`)C/´„¡ZÂĞ,eè…gŸò°‹¨kôRO»?C/.9…ï1šn÷öÿß}ŸŸ"±I–a9’=`$îx”!ZÂ	-aˆ–2DBK"¡%‘ÀR†Hh	C$´„!XÊ	-aˆ„–0DK"¡%‘Ğ†H`)C$<ûÔÄò©!"iæÉÎ¤Š‘¸”-DRõeİ‹äàñ}\'Íl3Ï}î$ı)îœee:{€–ò<©N$ã a&˜ƒãT:ç’‘9Ë0—Œ„Å¹dd7Ì%#aa.™ç\\:ç’‘y#sÉHXœKFæí"Ì%#aa.™7Î¥#aq.™·0—Œ„Å¹ddŞ Â\\2æÒ‘yıÈHXœKFæÍ.Ì%#aq.™·Ä0—Œ„…¹tdŞ89—„Å¹ddŞ^Ã\\2ç’‘ysÉHX˜KGæ­šséHX¼÷iÿË~¬°¡›ÓôqCÏ’XyCo¦~÷9Îãoq]ã-®İ/şÚV»lC}[6mşUÁÖñ÷ÙËŸŞ¾¶Ÿ.>¼´ƒm‡ËPËo²Ô£ƒåœÙVYÙ	×SÒšz|4ÛÔƒmhúÑlÓ4åÔ}ëUW¶Ilß2.7GVfÖ`?ˆÍC´„™e¯£UÓDK˜m™ÍhñÅkUfV¿¼×ÒGKØ²ıeSÕÑ¶}xs¥‰K [&-aËf8”cÏk¹«S×b©œÄµªmÛ-ó£‹õñÛÍu±Úÿ1>ßÊªâ…wÕPÖU\\eÛ‡_Ohã‚(3k°.ú9ZÂ¶¿/8õòˆFf{LÓÛãD™Y½ıüÑÆG@™YSgk\\eËNÔÙŞ`eØc¸¸vWÛ©Â²9Á²ùâ–“¸¸Ë‹İîÉøëÅ}±¹»ø¼ºıtğAğ2İ\\MØ1ö€;†;¾c@òÂ˜ğaO=›3ì•ícã±ó¬lùÀisÀ•aÃ %-aØ0`)Ã†AK6ZÂ°aÀR†ƒ–0l¼FßÒJ%Â¥òê}./œ‹.ÕÓ†êi	Cõá1‹ÕÃR†êi	Cõ´„¡zXÊP=WÈO÷>ŞûÜx²¡µ/·Ç²mQn(7;©\\Jª=Õ5Ëµo¼ÚY?"ª§¶«cïv6‡åâÀûJy`e¹Ü`	ËåKX.—–²\\n°„årƒ%,—KKY.7XÂr¹á½Ó´RN°T©Ü<Wª4,º°\\n°„årƒ%,—³Èr¹´”årƒ%,—,a¹\\ZÊr¹a…¼ÓtïàŞçN“åV*×Ğ8Œ(wX®;^.$u*ëgÔö' . "\0" . 'OÍA¹ƒ]h{¬ÜöH¹ùÀ©RXÊ¥%åÒ†ra)C¹´„¡\\ZÂP.,e(—–0”ËkôNÓJ9ÁRy¹>—WÊE†ri	C¹´„¡Üğ˜E†ra)C¹´„¡\\ZÂP.,e(—+ä¦{ï÷>wš,\'°R¹½I3Ëİ–ë—ÉC]:b¹VÓëG&µ]V?{7¸;Rn>pªV†ri	C¹´„¡\\XÊP.-a(—–0”KÊ¥%åò½Ó´RN°T^®Ïå•rÑ…¡\\ZÂP.-a(7<f‘¡\\XÊP.-a(—–0”KÊå
y§éŞ;Á½Ï&Ë	¬T®¡¡Pî°\\w¼\\HªMXáÓº6g:(·éÊy>Vn¤Ü|àT)¬åÒ†ri	C¹°”¡\\ZÂP.-a(–2”KKÊå5z§i¥œ`©¼\\ŸË+å¢C¹´„¡\\ZÂPnxÌ"C¹°”¡\\ZÂP.-a(–2”ËòNÓ½w‚{Ÿ;M–X©ÜÚşìYîÀ™ç²›ú¬ìÿ›mû,Ş6¦‰Ã²ƒy¼vC-ò_>d¨õMÿºêË®9ö¦ÿp¤ş|j©tœZ²ò¹í%œ›ÃÁ™âÀ,q&‡]„3ÅYâL2;gŠ³„™tv#Ì$³Ä™dv,Îf‰3É8ìjœ)ÌfÒqØù0“Ìg’qØ9S˜%®ï—éaOO»o ~8ß,y¸½å‡KÓ’qØd™z˜%Î$ã°s¦80KœIÆa³æLq`–ÂÆÇaCY˜%Ì¤ã°éc&˜%Î$ãğÂÀ™âÀ,q&‡Îf	3é8¼À`&˜%†à/9éñMo~ÅIR"qGo&Ë£éíŒ›²Ú´¥Ûæï¿"ıí÷_¯6Ë¿Ä³üŠôÙçÍÕæÛ·Íõúë6Sc»¯ÍSUå<4‡óœİŞ|ß\\_ìşEŸw·Ë¯Y¯®Š·›ëË›Û›0ÑØíşeŒ~šígÃúp¢g«ÛÕõ§ÕŸÅÛÕõêÓ·ÍÅóÕÕêÛêºx¾¹ÿ3LU/¿!kSvnŸş©ÿœœ¼.NŞ|}R¼z÷ñôÅÉùòÿ‘zsúüİû³wïOÎ_¾Hş.j
endstream
endobj
8 0 obj
<< /Type /Font
/Subtype /Type1
/Name /F1
/BaseFont /Helvetica
/Encoding /WinAnsiEncoding
>>
endobj
9 0 obj
<< /Type /Font
/Subtype /Type1
/Name /F2
/BaseFont /Helvetica-Bold
/Encoding /WinAnsiEncoding
>>
endobj
10 0 obj
<< /Type /Page
/MediaBox [0.000 0.000 612.000 1008.000]
/Parent 3 0 R
/Contents 11 0 R
>>
endobj
11 0 obj
<< /Filter /FlateDecode
/Length 2072 >>
stream
xœšÁoä¶Gïş+x*š#Q¢$ö ’C›îÈ!Èa›]mtêl‘ÿ¾Ÿf†ÖI.öâá‘‘|’w×wC†!ğëùãİkøækƒkÿCø6üÂö‡÷ÆJ*¦”iÚ¿Îy=Íq—pû–ç)–¥„2•Ë÷ó)|¸/“òk7kÊ–”cZ—°å%ne¸œËÅ)ë—¡„Ç°–hüŞŞ	zãPb·N²‰¦2^PÙf“*Èæ,óÅ9\\›¯îCNq]ìCd»£u÷ïÃ—Kv•˜Ãı‡~øó¿ø1Üşz7[œ—ŸfÚb^‡îÓ(3kÙb*Ko	3«lqH©·„=†”Ö¸Îıı+3+¯q¶-î,afmkLÃØ[ÂÃ4.v2úmQfÖ¼Ä%Ï½%Ì¬u±“×®}U·yÂö9Áşí#‡Ÿ~–8ıª*3kÊq›úUUfÖ’cÎ¥·„íÇÊNñ–åìõìÑNT¶sİ¯ª2³ò×©ßGefm³¸~U•=†eœãXúS¨Ì¬y¶×®}U§mÀÚ;ÁÚ/{ö·R¯–X5g»‰abÎ7Àœİñœ!y½vŸ#sŞ*eº8(wâ<¬ånå¶×Jqae(—–0”KKÊ…¥åÒ†ri	C¹°”¡\\ZÂP.ïÑ;­;å[ååú\\^)7]Ê¥%åÒ†r»cÖ3”KÊ¥%åÒ†ra)C¹Ü!ï´®½¬}ë´ZN`Õr§ùI+÷X®;^.$„ºŸ‚V®İRN¯ÊMƒmæQ¹å ÜváZ).¬åÒ†ri	C¹°”¡\\ZÂP.-a(–2”KKÊå=¢ÓëN9ÁVy¹>—WÊM†ri	C¹´„¡Üî˜õåÂR†ri	C¹´„¡\\XÊP.w^×Ş	Ö^-\'°j¹†¶Âro€åºãåBòP÷ŸÓQîVæXrÒr‡1&ûşº\\ûãëtÛ•k¦¸²2¤KKÒ¥%éÂR†ti	Cº´„!]XÊ.-aH—÷è¡Ö­ª„{åéú\\)w]Ò¥%éÒ†t»sÖ3¤KÒ¥%éÒ†ta)CºÜ!µ®}%\\ûjµ*¡uKw³™ìhxº İæÔt)y©9®CBº«9›¦»mc\\Êaºãëtqå[¦¼²²–ng	kév–°–.-e-İÎÖÒí,a-]ZÊZº%¬¥Ûİ£‡Z·Ê	öª¦Ûæª™v».¬¥ÛYÂZº%¬¥ÛŸ³µti)kév–°–ng	kéÒRÖÒívÈC­kïkßB­–X5]Ckfº7Àtİñt!y©¶—ÓÍ¶m¶ˆ’î’â˜òQºé İvåš)®¬éÒ†ti	Cº°”!]ZÂ.-aH–2¤KKÒå=z¨u«œ`¯<]ŸË3å®Cº´„!]ZÂnwÎz†ta)Cº´„!]ZÂ.,eH—;ä¡Öµw‚µo¡VË	¬šn6i[î0]w<]H^êó2"İi‰i~•îœl›ÓÒmW®™âÊÊ.-aH—–0¤KÒ¥%éÒ†ta)Cº´„!]Ş£‡Z·Ê	öÊÓõ¹<Sîº0¤KKÒ¥%évç¬gH–2¤KKÒ¥%éÂR†t¹Cj]{\'XûjµœÀªéZF¦{L×OJ-…éÚ¡[,,I7¥Ë?z¤;¤Û®\\3Å••!]ZÂ.-aH–2¤KKÒ¥%éÂR†ti	Cº¼G„zİ*\'Ø+O×çòL¹ëÂ.-aH—–0¤Û³!]XÊ.-aH—–0¤KÒå!ÔëÚ;ÁÚ3Ô«åVMwÿßà9#İ`ºîxº¼T;¯ihé®eµÍ}•î0]şÕû İ|n»rÍWV†ti	Cº´„!]XÊ.-aH—–0¤KÒ¥%éò=ÔºU•p¯<]ŸË3å®Cº´„!]ZÂnwÎz†ta)Cº´„!]ZÂ.,eH—;ä¡Öµ¯„kßB­V%´néîh?fntÒ—oæ
w›‡Ç¡N$ã a&ØzåT:ç’‘­ên.	‹sÉÈÖ~7—Œ„Å¹dd{BtsÉHX˜KG¶ççÒ‘°8—ŒlO›n.	‹sÉÈöLêæ’‘°0—lO.Î¥#aq.Ùoİ\\2æÂëiË|_™“&ÿ[¢íãZl®½R;³¯ßWß<}:=½<ŸNïÃ¿~ıKğ——×5NöşZ—Ù~Põ_a²&oƒ¿;?<½ØÀ¿¿{<…çO§sxûğñéİË/çS7½-ÇÕNÓ´Æ<½5ï9?…ì¼<æ3${R¯å}†ú2h_üİÂWËŞ-.¼Œl¯ŒîÁ%#aq.Ù^,İ\\2ç’‘íõÓÍ%#au‡«Ù^RıÃ¹	séÈö*ã\\:ç’‘í…×Í%#aq.Ù^‹İ\\2æÒ‘íåÉ¹t$,>$ğB½–íió…zµœô€yâ:Ú†/v‰­´÷æôÓéá“ô•ä?¯s\\l¦u´LÓKï?wi/Ï3»zœ·ıùF¶ù9Ìéó¤()õ}\'ß‡§îzö÷şıˆ§ìKóÏ»/¿~;†ÿİ¿§ıûç~3-c—),k¶­¼=½F®àåşÿÔn><oNNg[Ÿá»wç—_ÖcM6ïÀõXÇÁ½t@Ê8p=œìëñ›M—Ãó”¹p7òûn÷_ê³…Ë[óÑÂ½}şéá}Êçó¿OçºDÿlÙ²
endstream
endobj
12 0 obj
<< /Type /ExtGState
/BM /Normal
/CA 1
>>
endobj
13 0 obj
<< /Type /ExtGState
/BM /Normal
/ca 1
>>
endobj
xref
0 14
0000000000 65535 f 
0000000009 00000 n 
0000000074 00000 n 
0000000120 00000 n 
0000000334 00000 n 
0000000363 00000 n 
0000000568 00000 n 
0000000672 00000 n 
0000004284 00000 n 
0000004391 00000 n 
0000004503 00000 n 
0000004609 00000 n 
0000006755 00000 n 
0000006812 00000 n 
trailer
<<
/Size 14
/Root 1 0 R
/Info 5 0 R
/ID[<7f3ef14f120a1f3f58106317aaba99dc><7f3ef14f120a1f3f58106317aaba99dc>]
>>
startxref
6869
%%EOF
')
 3 SYSTEMPATH\CodeIgniter.php(919): App\Controllers\NewController->printSlip('126')
 4 SYSTEMPATH\CodeIgniter.php(494): CodeIgniter\CodeIgniter->runController(Object(App\Controllers\NewController))
 5 SYSTEMPATH\CodeIgniter.php(353): CodeIgniter\CodeIgniter->handleRequest(null, Object(Config\Cache), false)
 6 FCPATH\index.php(79): CodeIgniter\CodeIgniter->run()
 7 SYSTEMPATH\Commands\Server\rewrite.php(47): require_once('D:\\laragon\\www\\method-oldagehome\\public\\index.php')
CRITICAL - 2024-12-09 11:19:08 --> file_put_contents(D:\laragon\www\method-oldagehome\publicupload/Addmission_Slip.pdf): Failed to open stream: No such file or directory
in APPPATH\Controllers\NewController.php on line 2103.
 1 [internal function]: CodeIgniter\Debug\Exceptions->errorHandler(2, 'file_put_contents(D:\\laragon\\www\\method-oldagehome\\publicupload/Addmission_Slip.pdf): Failed to open stream: No such file or directory', 'D:\\laragon\\www\\method-oldagehome\\app\\Controllers\\NewController.php', 2103)
 2 APPPATH\Controllers\NewController.php(2103): file_put_contents('D:\\laragon\\www\\method-oldagehome\\publicupload/Addmission_Slip.pdf', '%PDF-1.7
1 0 obj
<< /Type /Catalog
/Outlines 2 0 R
/Pages 3 0 R >>
endobj
2 0 obj
<< /Type /Outlines /Count 0 >>
endobj
3 0 obj
<< /Type /Pages
/Kids [6 0 R
10 0 R
]
/Count 2
/Resources <<
/ProcSet 4 0 R
/Font << 
/F1 8 0 R
/F2 9 0 R
>>
/ExtGState << 
/GS1 12 0 R
/GS2 13 0 R
>>
>>
/MediaBox [0.000 0.000 612.000 1008.000]
 >>
endobj
4 0 obj
[/PDF /Text ]
endobj
5 0 obj
<<
/Producer (şÿ' . "\0" . 'd' . "\0" . 'o' . "\0" . 'm' . "\0" . 'p' . "\0" . 'd' . "\0" . 'f' . "\0" . ' ' . "\0" . '3' . "\0" . '.' . "\0" . '0' . "\0" . '.' . "\0" . '0' . "\0" . ' ' . "\0" . '+' . "\0" . ' ' . "\0" . 'C' . "\0" . 'P' . "\0" . 'D' . "\0" . 'F)
/CreationDate (D:20241209111908+00\'00\')
/ModDate (D:20241209111908+00\'00\')
/Title (şÿ' . "\0" . 'P' . "\0" . 'r' . "\0" . 'e' . "\0" . 'v' . "\0" . 'i' . "\0" . 'e' . "\0" . 'w' . "\0" . ' ' . "\0" . 'A' . "\0" . 'd' . "\0" . 'm' . "\0" . 'i' . "\0" . 's' . "\0" . 's' . "\0" . 'i' . "\0" . 'o' . "\0" . 'n' . "\0" . ' ' . "\0" . 'S' . "\0" . 'l' . "\0" . 'i' . "\0" . 'p)
>>
endobj
6 0 obj
<< /Type /Page
/MediaBox [0.000 0.000 612.000 1008.000]
/Parent 3 0 R
/Contents 7 0 R
>>
endobj
7 0 obj
<< /Filter /FlateDecode
/Length 3539 >>
stream
xœ…œKsÇF÷ú³LªœÉ¼ÚQÏÈeQ,‰Z¤\\^À$,A"HI+ö¿Ï}ûÜ ½%Ÿ:İóè9`ô¤*çf.ìkÛ._»¾¸ıô¤íÊªŠı}×–ó0s;ïş¼]¿=©Ëªª
~ÍãşÕ4UÙUC14}ÙŒC1õC9ÍÕÃÈjgó«|v^´UUÕ¼;ÜdƒÏ/‹¿jŠº.›âü·¢øù\'/Ş¾ùğáÍ»ÓâÃOoÎşùKqşcñòüÈ„ï_ûâEUüXü\\¿Ø_.ŸtóÃõÔ]Ùu±-¦¦ìšÊÁUñá‰ ­¿/»n’2³ºÉş6EK˜YS]ö•XÂ¶EcëÛ1XÊÌêÆ²†h	3kªÊ~î£%l[´u[M,efuC9ôb	3Ëf¯úxvãÛ¹Ş¡©LÚƒn¶«júcO@ß”ãröö L]å€íşx±º_7¿\'—ÛÍİææúiqzó}½ıu}[TÓES5?íhÇ÷µ«mşº‰g&Ì¬®/Ç®–0³Æ©Çøè(ÛÚßj{”£¥Ì¬ÎnKŸ0efc9É}U¶-»[ÓŸefÙìÍ¯q¹_ÃÔb‘á*Ë^°oèÁJDÖ²Ú‡ÇàÑÅ|¾º[Ûú•¾bû<—‰f»AgÈ3;)EJÊrÁ–ó–°œ\'-e9Ï`	ËyKXÎ“–²œg°„ÅEuKXN…–²œJ°„åT‚%,§BKYN%XÂr*Á–S¡¥,§Î>í^Ë«[íl4§¡dÉ	¬%”¶)+{UíìAkìÏ#¡\\mÖ×÷™Œ}Ù¶Ìd˜‰;$eÈ„–0dBK2¥™Ğ†Lh	C&°”!ZÂò«-_e{Â+.{oÎÔÉ«X7Ôå0[ÏÓÕvı´øz÷e{ñõæîËÅò×‹­})¾|½üüıë—Ëï_^Æò©y‡<5ah“–°¥Í¹¬»xc}7ğët/4mñ_é‡õO‹Wëíêj_K¿ëæ™ã$”!}ZÂ>-aH–2¤Ï[˜6®ü$‚›“SO–“x;uwÿ½…Ï7ß7&ß¯î¿{Z¼]İŞnÖ—{Í:ö3ö‚=à^àwIöZÂ°Ğ†½' . "\0" . '–2ì´„a/ %{,eØh	‹¿[Â%,eÈ’–°øL¹%İÀR†nh	C7´„¡XÊĞÏ>m•CY·öÎ¶/§ZªqÉ	,ì°ÅÓLG¢9¹¼¼]ßY/—_mKıò}÷¿/Û#á´v¨‰áìÃqÇ#¤ì!œ©oƒåW;ØÓÌË¯‡²éZ½°¦)ûşØ…=ÛÜŞ.–ƒüJ–ÃÕUËHıñ4…¡IXÊĞ$-ah’–04	Kš¤%¯Ï¼Æ´;ù]vosİ×+ôè}şñ÷«?‹jş¡¨çáğGÊ|8×Z¢§%ÑÓ†èa)Cô´„!zZÂ=,eˆË–6I_\'Xy²œÄeóï7ş&³«ÕÅú t›k¨\'”¾,İ¯’²øx¹%9Ò†a)C´„!GZÂ#,eÈ‘–°¸®n	C-°”¡ZÂP-a¨–2ÔBKj¡%µÀR†Zxöù%aÛüÑÎæŒÒŠK‰Ğ²Vì\'I["»­USÎvè#ßX¾{{vrº¼™úñÌ¾ìŞ[µÿÒnÚy,«İ$€n²“¡¤,w,a¹›`	ËİĞR–»	–°ÜM°„=t3Ïñ}©F»!\\;{>êª‘×÷e#ëêc‹²ûÑ0¿ŞØ‘špçRy<¶²\\c°„åÃuË5KX®1XÂr´”åƒ%,×,a¹FZÊrá~íwÂ¼¤N°¦¹¾d9‰+ßî‚ÿbéŸß\\ß¯.î½#ºÌÕ#Ü6è÷I¤%Ò†a)Cƒ´„¡AZÂĞ ,$7ÙÎ—ìííAƒC»{ûñ3Ì‡OÉáğÊ!-aÈ—"Ò†i	C†°”!CZÂ!-aÈ–2dÈû…èVÕ	–•Ñ=XNââ{†®şûõÕê~ss]Üß÷Ÿ×Åñ7_—içŠEî‹tÇëƒ¤EÒ†"i	C‘°”¡HZÂP$-aqY’¥áĞ†ph	C8°”!ZÂ-a–2„CKÂ¡%áÀR†pxöió›ÊfânØš3Ô1—œÀZ¾›\\^;är ñh6/_½zùşÍéëâìäıùzi§²mô²ìÅo’2ôBKz¡%½ÀR†^h	C/´„¡XÊĞ-aè…–0ôKz¡%½Ğ†^`)C/´„¡ZÂĞ,eè…gŸò°‹¨kôRO»?C/.9…ï1šn÷öÿß}ŸŸ"±I–a9’=`$îx”!ZÂ	-aˆ–2DBK"¡%‘ÀR†Hh	C$´„!XÊ	-aˆ„–0DK"¡%‘Ğ†H`)C$<ûÔÄò©!"iæÉÎ¤Š‘¸”-DRõeİ‹äàñ}\'Íl3Ï}î$ı)îœee:{€–ò<©N$ã a&˜ƒãT:ç’‘9Ë0—Œ„Å¹dd7Ì%#aa.™ç\\:ç’‘y#sÉHXœKFæí"Ì%#aa.™7Î¥#aq.™·0—Œ„Å¹ddŞ Â\\2æÒ‘yıÈHXœKFæÍ.Ì%#aq.™·Ä0—Œ„…¹tdŞ89—„Å¹ddŞ^Ã\\2ç’‘ysÉHX˜KGæ­šséHX¼÷iÿË~¬°¡›ÓôqCÏ’XyCo¦~÷9Îãoq]ã-®İ/şÚV»lC}[6mşUÁÖñ÷ÙËŸŞ¾¶Ÿ.>¼´ƒm‡ËPËo²Ô£ƒåœÙVYÙ	×SÒšz|4ÛÔƒmhúÑlÓ4åÔ}ëUW¶Ilß2.7GVfÖ`?ˆÍC´„™e¯£UÓDK˜m™ÍhñÅkUfV¿¼×ÒGKØ²ıeSÕÑ¶}xs¥‰K [&-aËf8”cÏk¹«S×b©œÄµªmÛ-ó£‹õñÛÍu±Úÿ1>ßÊªâ…wÕPÖU\\eÛ‡_Ohã‚(3k°.ú9ZÂ¶¿/8õòˆFf{LÓÛãD™Y½ıüÑÆG@™YSgk\\eËNÔÙŞ`eØc¸¸vWÛ©Â²9Á²ùâ–“¸¸Ë‹İîÉøëÅ}±¹»ø¼ºıtğAğ2İ\\MØ1ö€;†;¾c@òÂ˜ğaO=›3ì•ícã±ó¬lùÀisÀ•aÃ %-aØ0`)Ã†AK6ZÂ°aÀR†ƒ–0l¼FßÒJ%Â¥òê}./œ‹.ÕÓ†êi	Cõá1‹ÕÃR†êi	Cõ´„¡zXÊP=WÈO÷>ŞûÜx²¡µ/·Ç²mQn(7;©\\Jª=Õ5Ëµo¼ÚY?"ª§¶«cïv6‡åâÀûJy`e¹Ü`	ËåKX.—–²\\n°„årƒ%,—KKY.7XÂr¹á½Ó´RN°T©Ü<Wª4,º°\\n°„årƒ%,—³Èr¹´”årƒ%,—,a¹\\ZÊr¹a…¼ÓtïàŞçN“åV*×Ğ8Œ(wX®;^.$u*ëgÔö' . "\0" . 'OÍA¹ƒ]h{¬ÜöH¹ùÀ©RXÊ¥%åÒ†ra)C¹´„¡\\ZÂP.,e(—–0”ËkôNÓJ9ÁRy¹>—WÊE†ri	C¹´„¡Üğ˜E†ra)C¹´„¡\\ZÂP.,e(—+ä¦{ï÷>wš,\'°R¹½I3Ëİ–ë—ÉC]:b¹VÓëG&µ]V?{7¸;Rn>pªV†ri	C¹´„¡\\XÊP.-a(—–0”KÊ¥%åò½Ó´RN°T^®Ïå•rÑ…¡\\ZÂP.-a(7<f‘¡\\XÊP.-a(—–0”KÊå
y§éŞ;Á½Ï&Ë	¬T®¡¡Pî°\\w¼\\HªMXáÓº6g:(·éÊy>Vn¤Ü|àT)¬åÒ†ri	C¹°”¡\\ZÂP.-a(–2”KKÊå5z§i¥œ`©¼\\ŸË+å¢C¹´„¡\\ZÂPnxÌ"C¹°”¡\\ZÂP.-a(–2”ËòNÓ½w‚{Ÿ;M–X©ÜÚşìYîÀ™ç²›ú¬ìÿ›mû,Ş6¦‰Ã²ƒy¼vC-ò_>d¨õMÿºêË®9ö¦ÿp¤ş|j©tœZ²ò¹í%œ›ÃÁ™âÀ,q&‡]„3ÅYâL2;gŠ³„™tv#Ì$³Ä™dv,Îf‰3É8ìjœ)ÌfÒqØù0“Ìg’qØ9S˜%®ï—éaOO»o ~8ß,y¸½å‡KÓ’qØd™z˜%Î$ã°s¦80KœIÆa³æLq`–ÂÆÇaCY˜%Ì¤ã°éc&˜%Î$ãğÂÀ™âÀ,q&‡Îf	3é8¼À`&˜%†à/9éñMo~ÅIR"qGo&Ë£éíŒ›²Ú´¥Ûæï¿"ıí÷_¯6Ë¿Ä³üŠôÙçÍÕæÛ·Íõúë6Sc»¯ÍSUå<4‡óœİŞ|ß\\_ìşEŸw·Ë¯Y¯®Š·›ëË›Û›0ÑØíşeŒ~šígÃúp¢g«ÛÕõ§ÕŸÅÛÕõêÓ·ÍÅóÕÕêÛêºx¾¹ÿ3LU/¿!kSvnŸş©ÿœœ¼.NŞ|}R¼z÷ñôÅÉùòÿ‘zsúüİû³wïOÎ_¾Hş.j
endstream
endobj
8 0 obj
<< /Type /Font
/Subtype /Type1
/Name /F1
/BaseFont /Helvetica
/Encoding /WinAnsiEncoding
>>
endobj
9 0 obj
<< /Type /Font
/Subtype /Type1
/Name /F2
/BaseFont /Helvetica-Bold
/Encoding /WinAnsiEncoding
>>
endobj
10 0 obj
<< /Type /Page
/MediaBox [0.000 0.000 612.000 1008.000]
/Parent 3 0 R
/Contents 11 0 R
>>
endobj
11 0 obj
<< /Filter /FlateDecode
/Length 2072 >>
stream
xœšÁoä¶Gïş+x*š#Q¢$ö ’C›îÈ!Èa›]mtêl‘ÿ¾Ÿf†ÖI.öâá‘‘|’w×wC†!ğëùãİkøækƒkÿCø6üÂö‡÷ÆJ*¦”iÚ¿Îy=Íq—pû–ç)–¥„2•Ë÷ó)|¸/“òk7kÊ–”cZ—°å%ne¸œËÅ)ë—¡„Ç°–hüŞŞ	zãPb·N²‰¦2^PÙf“*Èæ,óÅ9\\›¯îCNq]ìCd»£u÷ïÃ—Kv•˜Ãı‡~øó¿ø1Üşz7[œ—ŸfÚb^‡îÓ(3kÙb*Ko	3«lqH©·„=†”Ö¸Îıı+3+¯q¶-î,afmkLÃØ[ÂÃ4.v2úmQfÖ¼Ä%Ï½%Ì¬u±“×®}U·yÂö9Áşí#‡Ÿ~–8ıª*3kÊq›úUUfÖ’cÎ¥·„íÇÊNñ–åìõìÑNT¶sİ¯ª2³ò×©ßGefm³¸~U•=†eœãXúS¨Ì¬y¶×®}U§mÀÚ;ÁÚ/{ö·R¯–X5g»‰abÎ7Àœİñœ!y½vŸ#sŞ*eº8(wâ<¬ånå¶×Jqae(—–0”KKÊ…¥åÒ†ri	C¹°”¡\\ZÂP.ïÑ;­;å[ååú\\^)7]Ê¥%åÒ†r»cÖ3”KÊ¥%åÒ†ra)C¹Ü!ï´®½¬}ë´ZN`Õr§ùI+÷X®;^.$„ºŸ‚V®İRN¯ÊMƒmæQ¹å ÜváZ).¬åÒ†ri	C¹°”¡\\ZÂP.-a(–2”KKÊå=¢ÓëN9ÁVy¹>—WÊM†ri	C¹´„¡Üî˜õåÂR†ri	C¹´„¡\\XÊP.w^×Ş	Ö^-\'°j¹†¶Âro€åºãåBòP÷ŸÓQîVæXrÒr‡1&ûşº\\ûãëtÛ•k¦¸²2¤KKÒ¥%éÂR†ti	Cº´„!]XÊ.-aH—÷è¡Ö­ª„{åéú\\)w]Ò¥%éÒ†t»sÖ3¤KÒ¥%éÒ†ta)CºÜ!µ®}%\\ûjµ*¡uKw³™ìhxº İæÔt)y©9®CBº«9›¦»mc\\Êaºãëtqå[¦¼²²–ng	kév–°–.-e-İÎÖÒí,a-]ZÊZº%¬¥Ûİ£‡Z·Ê	öª¦Ûæª™v».¬¥ÛYÂZº%¬¥ÛŸ³µti)kév–°–ng	kéÒRÖÒívÈC­kïkßB­–X5]Ckfº7Àtİñt!y©¶—ÓÍ¶m¶ˆ’î’â˜òQºé İvåš)®¬éÒ†ti	Cº°”!]ZÂ.-aH–2¤KKÒå=z¨u«œ`¯<]ŸË3å®Cº´„!]ZÂnwÎz†ta)Cº´„!]ZÂ.,eH—;ä¡Öµw‚µo¡VË	¬šn6i[î0]w<]H^êó2"İi‰i~•îœl›ÓÒmW®™âÊÊ.-aH—–0¤KÒ¥%éÒ†ta)Cº´„!]Ş£‡Z·Ê	öÊÓõ¹<Sîº0¤KKÒ¥%évç¬gH–2¤KKÒ¥%éÂR†t¹Cj]{\'XûjµœÀªéZF¦{L×OJ-…éÚ¡[,,I7¥Ë?z¤;¤Û®\\3Å••!]ZÂ.-aH–2¤KKÒ¥%éÂR†ti	Cº¼G„zİ*\'Ø+O×çòL¹ëÂ.-aH—–0¤Û³!]XÊ.-aH—–0¤KÒå!ÔëÚ;ÁÚ3Ô«åVMwÿßà9#İ`ºîxº¼T;¯ihé®eµÍ}•î0]şÕû İ|n»rÍWV†ti	Cº´„!]XÊ.-aH—–0¤KÒ¥%éò=ÔºU•p¯<]ŸË3å®Cº´„!]ZÂnwÎz†ta)Cº´„!]ZÂ.,eH—;ä¡Öµ¯„kßB­V%´néîh?fntÒ—oæ
w›‡Ç¡N$ã a&ØzåT:ç’‘­ên.	‹sÉÈÖ~7—Œ„Å¹dd{BtsÉHX˜KG¶ççÒ‘°8—ŒlO›n.	‹sÉÈöLêæ’‘°0—lO.Î¥#aq.Ùoİ\\2æÂëiË|_™“&ÿ[¢íãZl®½R;³¯ßWß<}:=½<ŸNïÃ¿~ıKğ——×5NöşZ—Ù~Põ_a²&oƒ¿;?<½ØÀ¿¿{<…çO§sxûğñéİË/çS7½-ÇÕNÓ´Æ<½5ï9?…ì¼<æ3${R¯å}†ú2h_üİÂWËŞ-.¼Œl¯ŒîÁ%#aq.Ù^,İ\\2ç’‘íõÓÍ%#au‡«Ù^RıÃ¹	séÈö*ã\\:ç’‘í…×Í%#aq.Ù^‹İ\\2æÒ‘íåÉ¹t$,>$ğB½–íió…zµœô€yâ:Ú†/v‰­´÷æôÓéá“ô•ä?¯s\\l¦u´LÓKï?wi/Ï3»zœ·ıùF¶ù9Ìéó¤()õ}\'ß‡§îzö÷şıˆ§ìKóÏ»/¿~;†ÿİ¿§ıûç~3-c—),k¶­¼=½F®àåşÿÔn><oNNg[Ÿá»wç—_ÖcM6ïÀõXÇÁ½t@Ê8p=œìëñ›M—Ãó”¹p7òûn÷_ê³…Ë[óÑÂ½}şéá}Êçó¿OçºDÿlÙ²
endstream
endobj
12 0 obj
<< /Type /ExtGState
/BM /Normal
/CA 1
>>
endobj
13 0 obj
<< /Type /ExtGState
/BM /Normal
/ca 1
>>
endobj
xref
0 14
0000000000 65535 f 
0000000009 00000 n 
0000000074 00000 n 
0000000120 00000 n 
0000000334 00000 n 
0000000363 00000 n 
0000000568 00000 n 
0000000672 00000 n 
0000004284 00000 n 
0000004391 00000 n 
0000004503 00000 n 
0000004609 00000 n 
0000006755 00000 n 
0000006812 00000 n 
trailer
<<
/Size 14
/Root 1 0 R
/Info 5 0 R
/ID[<fe3f73f83b63dccd639498a190976d50><fe3f73f83b63dccd639498a190976d50>]
>>
startxref
6869
%%EOF
')
 3 SYSTEMPATH\CodeIgniter.php(919): App\Controllers\NewController->printSlip('126')
 4 SYSTEMPATH\CodeIgniter.php(494): CodeIgniter\CodeIgniter->runController(Object(App\Controllers\NewController))
 5 SYSTEMPATH\CodeIgniter.php(353): CodeIgniter\CodeIgniter->handleRequest(null, Object(Config\Cache), false)
 6 FCPATH\index.php(79): CodeIgniter\CodeIgniter->run()
 7 SYSTEMPATH\Commands\Server\rewrite.php(47): require_once('D:\\laragon\\www\\method-oldagehome\\public\\index.php')
CRITICAL - 2024-12-09 11:20:15 --> Undefined variable $num1Admision
in APPPATH\Views\admin\topdf\addmission_pdf.php on line 335.
 1 APPPATH\Views\admin\topdf\addmission_pdf.php(335): CodeIgniter\Debug\Exceptions->errorHandler(2, 'Undefined variable $num1Admision', 'D:\\laragon\\www\\method-oldagehome\\app\\Views\\admin\\topdf\\addmission_pdf.php', 335)
 2 SYSTEMPATH\View\View.php(226): include('D:\\laragon\\www\\method-oldagehome\\app\\Views\\admin\\topdf\\addmission_pdf.php')
 3 SYSTEMPATH\View\View.php(229): CodeIgniter\View\View->CodeIgniter\View\{closure}()
 4 SYSTEMPATH\Common.php(1188): CodeIgniter\View\View->render('admin/topdf/addmission_pdf', [], true)
 5 APPPATH\Controllers\NewController.php(2023): view('admin/topdf/addmission_pdf', [...])
 6 SYSTEMPATH\CodeIgniter.php(919): App\Controllers\NewController->printSlip('126')
 7 SYSTEMPATH\CodeIgniter.php(494): CodeIgniter\CodeIgniter->runController(Object(App\Controllers\NewController))
 8 SYSTEMPATH\CodeIgniter.php(353): CodeIgniter\CodeIgniter->handleRequest(null, Object(Config\Cache), false)
 9 FCPATH\index.php(79): CodeIgniter\CodeIgniter->run()
10 SYSTEMPATH\Commands\Server\rewrite.php(47): require_once('D:\\laragon\\www\\method-oldagehome\\public\\index.php')
CRITICAL - 2024-12-09 11:20:41 --> file_put_contents(D:\laragon\www\method-oldagehome\publicupload/Addmission_Slip.pdf): Failed to open stream: No such file or directory
in APPPATH\Controllers\NewController.php on line 2103.
 1 [internal function]: CodeIgniter\Debug\Exceptions->errorHandler(2, 'file_put_contents(D:\\laragon\\www\\method-oldagehome\\publicupload/Addmission_Slip.pdf): Failed to open stream: No such file or directory', 'D:\\laragon\\www\\method-oldagehome\\app\\Controllers\\NewController.php', 2103)
 2 APPPATH\Controllers\NewController.php(2103): file_put_contents('D:\\laragon\\www\\method-oldagehome\\publicupload/Addmission_Slip.pdf', '%PDF-1.7
1 0 obj
<< /Type /Catalog
/Outlines 2 0 R
/Pages 3 0 R >>
endobj
2 0 obj
<< /Type /Outlines /Count 0 >>
endobj
3 0 obj
<< /Type /Pages
/Kids [6 0 R
10 0 R
]
/Count 2
/Resources <<
/ProcSet 4 0 R
/Font << 
/F1 8 0 R
/F2 9 0 R
>>
/ExtGState << 
/GS1 12 0 R
/GS2 13 0 R
>>
>>
/MediaBox [0.000 0.000 612.000 1008.000]
 >>
endobj
4 0 obj
[/PDF /Text ]
endobj
5 0 obj
<<
/Producer (şÿ' . "\0" . 'd' . "\0" . 'o' . "\0" . 'm' . "\0" . 'p' . "\0" . 'd' . "\0" . 'f' . "\0" . ' ' . "\0" . '3' . "\0" . '.' . "\0" . '0' . "\0" . '.' . "\0" . '0' . "\0" . ' ' . "\0" . '+' . "\0" . ' ' . "\0" . 'C' . "\0" . 'P' . "\0" . 'D' . "\0" . 'F)
/CreationDate (D:20241209112040+00\'00\')
/ModDate (D:20241209112040+00\'00\')
/Title (şÿ' . "\0" . 'P' . "\0" . 'r' . "\0" . 'e' . "\0" . 'v' . "\0" . 'i' . "\0" . 'e' . "\0" . 'w' . "\0" . ' ' . "\0" . 'A' . "\0" . 'd' . "\0" . 'm' . "\0" . 'i' . "\0" . 's' . "\0" . 's' . "\0" . 'i' . "\0" . 'o' . "\0" . 'n' . "\0" . ' ' . "\0" . 'S' . "\0" . 'l' . "\0" . 'i' . "\0" . 'p)
>>
endobj
6 0 obj
<< /Type /Page
/MediaBox [0.000 0.000 612.000 1008.000]
/Parent 3 0 R
/Contents 7 0 R
>>
endobj
7 0 obj
<< /Filter /FlateDecode
/Length 3539 >>
stream
xœ…œKsÇF÷ú³LªœÉ¼ÚQÏÈeQ,‰Z¤\\^À$,A"HI+ö¿Ï}ûÜ ½%Ÿ:İóè9`ô¤*çf.ìkÛ._»¾¸ıô¤íÊªŠı}×–ó0s;ïş¼]¿=©Ëªª
~ÍãşÕ4UÙUC14}ÙŒC1õC9ÍÕÃÈjgó«|v^´UUÕ¼;ÜdƒÏ/‹¿jŠº.›âü·¢øù\'/Ş¾ùğáÍ»ÓâÃOoÎşùKqşcñòüÈ„ï_ûâEUüXü\\¿Ø_.ŸtóÃõÔ]Ùu±-¦¦ìšÊÁUñá‰ ­¿/»n’2³ºÉş6EK˜YS]ö•XÂ¶EcëÛ1XÊÌêÆ²†h	3kªÊ~î£%l[´u[M,efuC9ôb	3Ëf¯úxvãÛ¹Ş¡©LÚƒn¶«júcO@ß”ãröö L]å€íşx±º_7¿\'—ÛÍİææúiqzó}½ıu}[TÓES5?íhÇ÷µ«mşº‰g&Ì¬®/Ç®–0³Æ©Çøè(ÛÚßj{”£¥Ì¬ÎnKŸ0efc9É}U¶-»[ÓŸefÙìÍ¯q¹_ÃÔb‘á*Ë^°oèÁJDÖ²Ú‡ÇàÑÅ|¾º[Ûú•¾bû<—‰f»AgÈ3;)EJÊrÁ–ó–°œ\'-e9Ï`	ËyKXÎ“–²œg°„ÅEuKXN…–²œJ°„åT‚%,§BKYN%XÂr*Á–S¡¥,§Î>í^Ë«[íl4§¡dÉ	¬%”¶)+{UíìAkìÏ#¡\\mÖ×÷™Œ}Ù¶Ìd˜‰;$eÈ„–0dBK2¥™Ğ†Lh	C&°”!ZÂò«-_e{Â+.{oÎÔÉ«X7Ôå0[ÏÓÕvı´øz÷e{ñõæîËÅò×‹­})¾|½üüıë—Ëï_^Æò©y‡<5ah“–°¥Í¹¬»xc}7ğët/4mñ_é‡õO‹Wëíêj_K¿ëæ™ã$”!}ZÂ>-aH–2¤Ï[˜6®ü$‚›“SO–“x;uwÿ½…Ï7ß7&ß¯î¿{Z¼]İŞnÖ—{Í:ö3ö‚=à^àwIöZÂ°Ğ†½' . "\0" . '–2ì´„a/ %{,eØh	‹¿[Â%,eÈ’–°øL¹%İÀR†nh	C7´„¡XÊĞÏ>m•CY·öÎ¶/§ZªqÉ	,ì°ÅÓLG¢9¹¼¼]ßY/—_mKıò}÷¿/Û#á´v¨‰áìÃqÇ#¤ì!œ©oƒåW;ØÓÌË¯‡²éZ½°¦)ûşØ…=ÛÜŞ.–ƒüJ–ÃÕUËHıñ4…¡IXÊĞ$-ah’–04	Kš¤%¯Ï¼Æ´;ù]vosİ×+ôè}şñ÷«?‹jş¡¨çáğGÊ|8×Z¢§%ÑÓ†èa)Cô´„!zZÂ=,eˆË–6I_\'Xy²œÄeóï7ş&³«ÕÅú t›k¨\'”¾,İ¯’²øx¹%9Ò†a)C´„!GZÂ#,eÈ‘–°¸®n	C-°”¡ZÂP-a¨–2ÔBKj¡%µÀR†Zxöù%aÛüÑÎæŒÒŠK‰Ğ²Vì\'I["»­USÎvè#ßX¾{{vrº¼™úñÌ¾ìŞ[µÿÒnÚy,«İ$€n²“¡¤,w,a¹›`	ËİĞR–»	–°ÜM°„=t3Ïñ}©F»!\\;{>êª‘×÷e#ëêc‹²ûÑ0¿ŞØ‘špçRy<¶²\\c°„åÃuË5KX®1XÂr´”åƒ%,×,a¹FZÊrá~íwÂ¼¤N°¦¹¾d9‰+ßî‚ÿbéŸß\\ß¯.î½#ºÌÕ#Ü6è÷I¤%Ò†a)Cƒ´„¡AZÂĞ ,$7ÙÎ—ìííAƒC»{ûñ3Ì‡OÉáğÊ!-aÈ—"Ò†i	C†°”!CZÂ!-aÈ–2dÈû…èVÕ	–•Ñ=XNââ{†®şûõÕê~ss]Üß÷Ÿ×Åñ7_—içŠEî‹tÇëƒ¤EÒ†"i	C‘°”¡HZÂP$-aqY’¥áĞ†ph	C8°”!ZÂ-a–2„CKÂ¡%áÀR†pxöió›ÊfânØš3Ô1—œÀZ¾›\\^;är ñh6/_½zùşÍéëâìäıùzi§²mô²ìÅo’2ôBKz¡%½ÀR†^h	C/´„¡XÊĞ-aè…–0ôKz¡%½Ğ†^`)C/´„¡ZÂĞ,eè…gŸò°‹¨kôRO»?C/.9…ï1šn÷öÿß}ŸŸ"±I–a9’=`$îx”!ZÂ	-aˆ–2DBK"¡%‘ÀR†Hh	C$´„!XÊ	-aˆ„–0DK"¡%‘Ğ†H`)C$<ûÔÄò©!"iæÉÎ¤Š‘¸”-DRõeİ‹äàñ}\'Íl3Ï}î$ı)îœee:{€–ò<©N$ã a&˜ƒãT:ç’‘9Ë0—Œ„Å¹dd7Ì%#aa.™ç\\:ç’‘y#sÉHXœKFæí"Ì%#aa.™7Î¥#aq.™·0—Œ„Å¹ddŞ Â\\2æÒ‘yıÈHXœKFæÍ.Ì%#aq.™·Ä0—Œ„…¹tdŞ89—„Å¹ddŞ^Ã\\2ç’‘ysÉHX˜KGæ­šséHX¼÷iÿË~¬°¡›ÓôqCÏ’XyCo¦~÷9Îãoq]ã-®İ/şÚV»lC}[6mşUÁÖñ÷ÙËŸŞ¾¶Ÿ.>¼´ƒm‡ËPËo²Ô£ƒåœÙVYÙ	×SÒšz|4ÛÔƒmhúÑlÓ4åÔ}ëUW¶Ilß2.7GVfÖ`?ˆÍC´„™e¯£UÓDK˜m™ÍhñÅkUfV¿¼×ÒGKØ²ıeSÕÑ¶}xs¥‰K [&-aËf8”cÏk¹«S×b©œÄµªmÛ-ó£‹õñÛÍu±Úÿ1>ßÊªâ…wÕPÖU\\eÛ‡_Ohã‚(3k°.ú9ZÂ¶¿/8õòˆFf{LÓÛãD™Y½ıüÑÆG@™YSgk\\eËNÔÙŞ`eØc¸¸vWÛ©Â²9Á²ùâ–“¸¸Ë‹İîÉøëÅ}±¹»ø¼ºıtğAğ2İ\\MØ1ö€;†;¾c@òÂ˜ğaO=›3ì•ícã±ó¬lùÀisÀ•aÃ %-aØ0`)Ã†AK6ZÂ°aÀR†ƒ–0l¼FßÒJ%Â¥òê}./œ‹.ÕÓ†êi	Cõá1‹ÕÃR†êi	Cõ´„¡zXÊP=WÈO÷>ŞûÜx²¡µ/·Ç²mQn(7;©\\Jª=Õ5Ëµo¼ÚY?"ª§¶«cïv6‡åâÀûJy`e¹Ü`	ËåKX.—–²\\n°„årƒ%,—KKY.7XÂr¹á½Ó´RN°T©Ü<Wª4,º°\\n°„årƒ%,—³Èr¹´”årƒ%,—,a¹\\ZÊr¹a…¼ÓtïàŞçN“åV*×Ğ8Œ(wX®;^.$u*ëgÔö' . "\0" . 'OÍA¹ƒ]h{¬ÜöH¹ùÀ©RXÊ¥%åÒ†ra)C¹´„¡\\ZÂP.,e(—–0”ËkôNÓJ9ÁRy¹>—WÊE†ri	C¹´„¡Üğ˜E†ra)C¹´„¡\\ZÂP.,e(—+ä¦{ï÷>wš,\'°R¹½I3Ëİ–ë—ÉC]:b¹VÓëG&µ]V?{7¸;Rn>pªV†ri	C¹´„¡\\XÊP.-a(—–0”KÊ¥%åò½Ó´RN°T^®Ïå•rÑ…¡\\ZÂP.-a(7<f‘¡\\XÊP.-a(—–0”KÊå
y§éŞ;Á½Ï&Ë	¬T®¡¡Pî°\\w¼\\HªMXáÓº6g:(·éÊy>Vn¤Ü|àT)¬åÒ†ri	C¹°”¡\\ZÂP.-a(–2”KKÊå5z§i¥œ`©¼\\ŸË+å¢C¹´„¡\\ZÂPnxÌ"C¹°”¡\\ZÂP.-a(–2”ËòNÓ½w‚{Ÿ;M–X©ÜÚşìYîÀ™ç²›ú¬ìÿ›mû,Ş6¦‰Ã²ƒy¼vC-ò_>d¨õMÿºêË®9ö¦ÿp¤ş|j©tœZ²ò¹í%œ›ÃÁ™âÀ,q&‡]„3ÅYâL2;gŠ³„™tv#Ì$³Ä™dv,Îf‰3É8ìjœ)ÌfÒqØù0“Ìg’qØ9S˜%®ï—éaOO»o ~8ß,y¸½å‡KÓ’qØd™z˜%Î$ã°s¦80KœIÆa³æLq`–ÂÆÇaCY˜%Ì¤ã°éc&˜%Î$ãğÂÀ™âÀ,q&‡Îf	3é8¼À`&˜%†à/9éñMo~ÅIR"qGo&Ë£éíŒ›²Ú´¥Ûæï¿"ıí÷_¯6Ë¿Ä³üŠôÙçÍÕæÛ·Íõúë6Sc»¯ÍSUå<4‡óœİŞ|ß\\_ìşEŸw·Ë¯Y¯®Š·›ëË›Û›0ÑØíşeŒ~šígÃúp¢g«ÛÕõ§ÕŸÅÛÕõêÓ·ÍÅóÕÕêÛêºx¾¹ÿ3LU/¿!kSvnŸş©ÿœœ¼.NŞ|}R¼z÷ñôÅÉùòÿ‘zsúüİû³wïOÎ_¾Hş.j
endstream
endobj
8 0 obj
<< /Type /Font
/Subtype /Type1
/Name /F1
/BaseFont /Helvetica
/Encoding /WinAnsiEncoding
>>
endobj
9 0 obj
<< /Type /Font
/Subtype /Type1
/Name /F2
/BaseFont /Helvetica-Bold
/Encoding /WinAnsiEncoding
>>
endobj
10 0 obj
<< /Type /Page
/MediaBox [0.000 0.000 612.000 1008.000]
/Parent 3 0 R
/Contents 11 0 R
>>
endobj
11 0 obj
<< /Filter /FlateDecode
/Length 2072 >>
stream
xœšÁoä¶Gïş+x*š#Q¢$ö ’C›îÈ!Èa›]mtêl‘ÿ¾Ÿf†ÖI.öâá‘‘|’w×wC†!ğëùãİkøækƒkÿCø6üÂö‡÷ÆJ*¦”iÚ¿Îy=Íq—pû–ç)–¥„2•Ë÷ó)|¸/“òk7kÊ–”cZ—°å%ne¸œËÅ)ë—¡„Ç°–hüŞŞ	zãPb·N²‰¦2^PÙf“*Èæ,óÅ9\\›¯îCNq]ìCd»£u÷ïÃ—Kv•˜Ãı‡~øó¿ø1Üşz7[œ—ŸfÚb^‡îÓ(3kÙb*Ko	3«lqH©·„=†”Ö¸Îıı+3+¯q¶-î,afmkLÃØ[ÂÃ4.v2úmQfÖ¼Ä%Ï½%Ì¬u±“×®}U·yÂö9Áşí#‡Ÿ~–8ıª*3kÊq›úUUfÖ’cÎ¥·„íÇÊNñ–åìõìÑNT¶sİ¯ª2³ò×©ßGefm³¸~U•=†eœãXúS¨Ì¬y¶×®}U§mÀÚ;ÁÚ/{ö·R¯–X5g»‰abÎ7Àœİñœ!y½vŸ#sŞ*eº8(wâ<¬ånå¶×Jqae(—–0”KKÊ…¥åÒ†ri	C¹°”¡\\ZÂP.ïÑ;­;å[ååú\\^)7]Ê¥%åÒ†r»cÖ3”KÊ¥%åÒ†ra)C¹Ü!ï´®½¬}ë´ZN`Õr§ùI+÷X®;^.$„ºŸ‚V®İRN¯ÊMƒmæQ¹å ÜváZ).¬åÒ†ri	C¹°”¡\\ZÂP.-a(–2”KKÊå=¢ÓëN9ÁVy¹>—WÊM†ri	C¹´„¡Üî˜õåÂR†ri	C¹´„¡\\XÊP.w^×Ş	Ö^-\'°j¹†¶Âro€åºãåBòP÷ŸÓQîVæXrÒr‡1&ûşº\\ûãëtÛ•k¦¸²2¤KKÒ¥%éÂR†ti	Cº´„!]XÊ.-aH—÷è¡Ö­ª„{åéú\\)w]Ò¥%éÒ†t»sÖ3¤KÒ¥%éÒ†ta)CºÜ!µ®}%\\ûjµ*¡uKw³™ìhxº İæÔt)y©9®CBº«9›¦»mc\\Êaºãëtqå[¦¼²²–ng	kév–°–.-e-İÎÖÒí,a-]ZÊZº%¬¥Ûİ£‡Z·Ê	öª¦Ûæª™v».¬¥ÛYÂZº%¬¥ÛŸ³µti)kév–°–ng	kéÒRÖÒívÈC­kïkßB­–X5]Ckfº7Àtİñt!y©¶—ÓÍ¶m¶ˆ’î’â˜òQºé İvåš)®¬éÒ†ti	Cº°”!]ZÂ.-aH–2¤KKÒå=z¨u«œ`¯<]ŸË3å®Cº´„!]ZÂnwÎz†ta)Cº´„!]ZÂ.,eH—;ä¡Öµw‚µo¡VË	¬šn6i[î0]w<]H^êó2"İi‰i~•îœl›ÓÒmW®™âÊÊ.-aH—–0¤KÒ¥%éÒ†ta)Cº´„!]Ş£‡Z·Ê	öÊÓõ¹<Sîº0¤KKÒ¥%évç¬gH–2¤KKÒ¥%éÂR†t¹Cj]{\'XûjµœÀªéZF¦{L×OJ-…éÚ¡[,,I7¥Ë?z¤;¤Û®\\3Å••!]ZÂ.-aH–2¤KKÒ¥%éÂR†ti	Cº¼G„zİ*\'Ø+O×çòL¹ëÂ.-aH—–0¤Û³!]XÊ.-aH—–0¤KÒå!ÔëÚ;ÁÚ3Ô«åVMwÿßà9#İ`ºîxº¼T;¯ihé®eµÍ}•î0]şÕû İ|n»rÍWV†ti	Cº´„!]XÊ.-aH—–0¤KÒ¥%éò=ÔºU•p¯<]ŸË3å®Cº´„!]ZÂnwÎz†ta)Cº´„!]ZÂ.,eH—;ä¡Öµ¯„kßB­V%´néîh?fntÒ—oæ
w›‡Ç¡N$ã a&ØzåT:ç’‘­ên.	‹sÉÈÖ~7—Œ„Å¹dd{BtsÉHX˜KG¶ççÒ‘°8—ŒlO›n.	‹sÉÈöLêæ’‘°0—lO.Î¥#aq.Ùoİ\\2æÂëiË|_™“&ÿ[¢íãZl®½R;³¯ßWß<}:=½<ŸNïÃ¿~ıKğ——×5NöşZ—Ù~Põ_a²&oƒ¿;?<½ØÀ¿¿{<…çO§sxûğñéİË/çS7½-ÇÕNÓ´Æ<½5ï9?…ì¼<æ3${R¯å}†ú2h_üİÂWËŞ-.¼Œl¯ŒîÁ%#aq.Ù^,İ\\2ç’‘íõÓÍ%#au‡«Ù^RıÃ¹	séÈö*ã\\:ç’‘í…×Í%#aq.Ù^‹İ\\2æÒ‘íåÉ¹t$,>$ğB½–íió…zµœô€yâ:Ú†/v‰­´÷æôÓéá“ô•ä?¯s\\l¦u´LÓKï?wi/Ï3»zœ·ıùF¶ù9Ìéó¤()õ}\'ß‡§îzö÷şıˆ§ìKóÏ»/¿~;†ÿİ¿§ıûç~3-c—),k¶­¼=½F®àåşÿÔn><oNNg[Ÿá»wç—_ÖcM6ïÀõXÇÁ½t@Ê8p=œìëñ›M—Ãó”¹p7òûn÷_ê³…Ë[óÑÂ½}şéá}Êçó¿OçºDÿlÙ²
endstream
endobj
12 0 obj
<< /Type /ExtGState
/BM /Normal
/CA 1
>>
endobj
13 0 obj
<< /Type /ExtGState
/BM /Normal
/ca 1
>>
endobj
xref
0 14
0000000000 65535 f 
0000000009 00000 n 
0000000074 00000 n 
0000000120 00000 n 
0000000334 00000 n 
0000000363 00000 n 
0000000568 00000 n 
0000000672 00000 n 
0000004284 00000 n 
0000004391 00000 n 
0000004503 00000 n 
0000004609 00000 n 
0000006755 00000 n 
0000006812 00000 n 
trailer
<<
/Size 14
/Root 1 0 R
/Info 5 0 R
/ID[<a468b1aa4bf1790c6a839f9c7a25bd49><a468b1aa4bf1790c6a839f9c7a25bd49>]
>>
startxref
6869
%%EOF
')
 3 SYSTEMPATH\CodeIgniter.php(919): App\Controllers\NewController->printSlip('126')
 4 SYSTEMPATH\CodeIgniter.php(494): CodeIgniter\CodeIgniter->runController(Object(App\Controllers\NewController))
 5 SYSTEMPATH\CodeIgniter.php(353): CodeIgniter\CodeIgniter->handleRequest(null, Object(Config\Cache), false)
 6 FCPATH\index.php(79): CodeIgniter\CodeIgniter->run()
 7 SYSTEMPATH\Commands\Server\rewrite.php(47): require_once('D:\\laragon\\www\\method-oldagehome\\public\\index.php')
CRITICAL - 2024-12-09 11:20:53 --> file_put_contents(D:\laragon\www\method-oldagehome\public\public/uploads/Addmission_Slip.pdf): Failed to open stream: No such file or directory
in APPPATH\Controllers\NewController.php on line 2104.
 1 [internal function]: CodeIgniter\Debug\Exceptions->errorHandler(2, 'file_put_contents(D:\\laragon\\www\\method-oldagehome\\public\\public/uploads/Addmission_Slip.pdf): Failed to open stream: No such file or directory', 'D:\\laragon\\www\\method-oldagehome\\app\\Controllers\\NewController.php', 2104)
 2 APPPATH\Controllers\NewController.php(2104): file_put_contents('D:\\laragon\\www\\method-oldagehome\\public\\public/uploads/Addmission_Slip.pdf', '%PDF-1.7
1 0 obj
<< /Type /Catalog
/Outlines 2 0 R
/Pages 3 0 R >>
endobj
2 0 obj
<< /Type /Outlines /Count 0 >>
endobj
3 0 obj
<< /Type /Pages
/Kids [6 0 R
10 0 R
]
/Count 2
/Resources <<
/ProcSet 4 0 R
/Font << 
/F1 8 0 R
/F2 9 0 R
>>
/ExtGState << 
/GS1 12 0 R
/GS2 13 0 R
>>
>>
/MediaBox [0.000 0.000 612.000 1008.000]
 >>
endobj
4 0 obj
[/PDF /Text ]
endobj
5 0 obj
<<
/Producer (şÿ' . "\0" . 'd' . "\0" . 'o' . "\0" . 'm' . "\0" . 'p' . "\0" . 'd' . "\0" . 'f' . "\0" . ' ' . "\0" . '3' . "\0" . '.' . "\0" . '0' . "\0" . '.' . "\0" . '0' . "\0" . ' ' . "\0" . '+' . "\0" . ' ' . "\0" . 'C' . "\0" . 'P' . "\0" . 'D' . "\0" . 'F)
/CreationDate (D:20241209112053+00\'00\')
/ModDate (D:20241209112053+00\'00\')
/Title (şÿ' . "\0" . 'P' . "\0" . 'r' . "\0" . 'e' . "\0" . 'v' . "\0" . 'i' . "\0" . 'e' . "\0" . 'w' . "\0" . ' ' . "\0" . 'A' . "\0" . 'd' . "\0" . 'm' . "\0" . 'i' . "\0" . 's' . "\0" . 's' . "\0" . 'i' . "\0" . 'o' . "\0" . 'n' . "\0" . ' ' . "\0" . 'S' . "\0" . 'l' . "\0" . 'i' . "\0" . 'p)
>>
endobj
6 0 obj
<< /Type /Page
/MediaBox [0.000 0.000 612.000 1008.000]
/Parent 3 0 R
/Contents 7 0 R
>>
endobj
7 0 obj
<< /Filter /FlateDecode
/Length 3539 >>
stream
xœ…œKsÇF÷ú³LªœÉ¼ÚQÏÈeQ,‰Z¤\\^À$,A"HI+ö¿Ï}ûÜ ½%Ÿ:İóè9`ô¤*çf.ìkÛ._»¾¸ıô¤íÊªŠı}×–ó0s;ïş¼]¿=©Ëªª
~ÍãşÕ4UÙUC14}ÙŒC1õC9ÍÕÃÈjgó«|v^´UUÕ¼;ÜdƒÏ/‹¿jŠº.›âü·¢øù\'/Ş¾ùğáÍ»ÓâÃOoÎşùKqşcñòüÈ„ï_ûâEUüXü\\¿Ø_.ŸtóÃõÔ]Ùu±-¦¦ìšÊÁUñá‰ ­¿/»n’2³ºÉş6EK˜YS]ö•XÂ¶EcëÛ1XÊÌêÆ²†h	3kªÊ~î£%l[´u[M,efuC9ôb	3Ëf¯úxvãÛ¹Ş¡©LÚƒn¶«júcO@ß”ãröö L]å€íşx±º_7¿\'—ÛÍİææúiqzó}½ıu}[TÓES5?íhÇ÷µ«mşº‰g&Ì¬®/Ç®–0³Æ©Çøè(ÛÚßj{”£¥Ì¬ÎnKŸ0efc9É}U¶-»[ÓŸefÙìÍ¯q¹_ÃÔb‘á*Ë^°oèÁJDÖ²Ú‡ÇàÑÅ|¾º[Ûú•¾bû<—‰f»AgÈ3;)EJÊrÁ–ó–°œ\'-e9Ï`	ËyKXÎ“–²œg°„ÅEuKXN…–²œJ°„åT‚%,§BKYN%XÂr*Á–S¡¥,§Î>í^Ë«[íl4§¡dÉ	¬%”¶)+{UíìAkìÏ#¡\\mÖ×÷™Œ}Ù¶Ìd˜‰;$eÈ„–0dBK2¥™Ğ†Lh	C&°”!ZÂò«-_e{Â+.{oÎÔÉ«X7Ôå0[ÏÓÕvı´øz÷e{ñõæîËÅò×‹­})¾|½üüıë—Ëï_^Æò©y‡<5ah“–°¥Í¹¬»xc}7ğët/4mñ_é‡õO‹Wëíêj_K¿ëæ™ã$”!}ZÂ>-aH–2¤Ï[˜6®ü$‚›“SO–“x;uwÿ½…Ï7ß7&ß¯î¿{Z¼]İŞnÖ—{Í:ö3ö‚=à^àwIöZÂ°Ğ†½' . "\0" . '–2ì´„a/ %{,eØh	‹¿[Â%,eÈ’–°øL¹%İÀR†nh	C7´„¡XÊĞÏ>m•CY·öÎ¶/§ZªqÉ	,ì°ÅÓLG¢9¹¼¼]ßY/—_mKıò}÷¿/Û#á´v¨‰áìÃqÇ#¤ì!œ©oƒåW;ØÓÌË¯‡²éZ½°¦)ûşØ…=ÛÜŞ.–ƒüJ–ÃÕUËHıñ4…¡IXÊĞ$-ah’–04	Kš¤%¯Ï¼Æ´;ù]vosİ×+ôè}şñ÷«?‹jş¡¨çáğGÊ|8×Z¢§%ÑÓ†èa)Cô´„!zZÂ=,eˆË–6I_\'Xy²œÄeóï7ş&³«ÕÅú t›k¨\'”¾,İ¯’²øx¹%9Ò†a)C´„!GZÂ#,eÈ‘–°¸®n	C-°”¡ZÂP-a¨–2ÔBKj¡%µÀR†Zxöù%aÛüÑÎæŒÒŠK‰Ğ²Vì\'I["»­USÎvè#ßX¾{{vrº¼™úñÌ¾ìŞ[µÿÒnÚy,«İ$€n²“¡¤,w,a¹›`	ËİĞR–»	–°ÜM°„=t3Ïñ}©F»!\\;{>êª‘×÷e#ëêc‹²ûÑ0¿ŞØ‘špçRy<¶²\\c°„åÃuË5KX®1XÂr´”åƒ%,×,a¹FZÊrá~íwÂ¼¤N°¦¹¾d9‰+ßî‚ÿbéŸß\\ß¯.î½#ºÌÕ#Ü6è÷I¤%Ò†a)Cƒ´„¡AZÂĞ ,$7ÙÎ—ìííAƒC»{ûñ3Ì‡OÉáğÊ!-aÈ—"Ò†i	C†°”!CZÂ!-aÈ–2dÈû…èVÕ	–•Ñ=XNââ{†®şûõÕê~ss]Üß÷Ÿ×Åñ7_—içŠEî‹tÇëƒ¤EÒ†"i	C‘°”¡HZÂP$-aqY’¥áĞ†ph	C8°”!ZÂ-a–2„CKÂ¡%áÀR†pxöió›ÊfânØš3Ô1—œÀZ¾›\\^;är ñh6/_½zùşÍéëâìäıùzi§²mô²ìÅo’2ôBKz¡%½ÀR†^h	C/´„¡XÊĞ-aè…–0ôKz¡%½Ğ†^`)C/´„¡ZÂĞ,eè…gŸò°‹¨kôRO»?C/.9…ï1šn÷öÿß}ŸŸ"±I–a9’=`$îx”!ZÂ	-aˆ–2DBK"¡%‘ÀR†Hh	C$´„!XÊ	-aˆ„–0DK"¡%‘Ğ†H`)C$<ûÔÄò©!"iæÉÎ¤Š‘¸”-DRõeİ‹äàñ}\'Íl3Ï}î$ı)îœee:{€–ò<©N$ã a&˜ƒãT:ç’‘9Ë0—Œ„Å¹dd7Ì%#aa.™ç\\:ç’‘y#sÉHXœKFæí"Ì%#aa.™7Î¥#aq.™·0—Œ„Å¹ddŞ Â\\2æÒ‘yıÈHXœKFæÍ.Ì%#aq.™·Ä0—Œ„…¹tdŞ89—„Å¹ddŞ^Ã\\2ç’‘ysÉHX˜KGæ­šséHX¼÷iÿË~¬°¡›ÓôqCÏ’XyCo¦~÷9Îãoq]ã-®İ/şÚV»lC}[6mşUÁÖñ÷ÙËŸŞ¾¶Ÿ.>¼´ƒm‡ËPËo²Ô£ƒåœÙVYÙ	×SÒšz|4ÛÔƒmhúÑlÓ4åÔ}ëUW¶Ilß2.7GVfÖ`?ˆÍC´„™e¯£UÓDK˜m™ÍhñÅkUfV¿¼×ÒGKØ²ıeSÕÑ¶}xs¥‰K [&-aËf8”cÏk¹«S×b©œÄµªmÛ-ó£‹õñÛÍu±Úÿ1>ßÊªâ…wÕPÖU\\eÛ‡_Ohã‚(3k°.ú9ZÂ¶¿/8õòˆFf{LÓÛãD™Y½ıüÑÆG@™YSgk\\eËNÔÙŞ`eØc¸¸vWÛ©Â²9Á²ùâ–“¸¸Ë‹İîÉøëÅ}±¹»ø¼ºıtğAğ2İ\\MØ1ö€;†;¾c@òÂ˜ğaO=›3ì•ícã±ó¬lùÀisÀ•aÃ %-aØ0`)Ã†AK6ZÂ°aÀR†ƒ–0l¼FßÒJ%Â¥òê}./œ‹.ÕÓ†êi	Cõá1‹ÕÃR†êi	Cõ´„¡zXÊP=WÈO÷>ŞûÜx²¡µ/·Ç²mQn(7;©\\Jª=Õ5Ëµo¼ÚY?"ª§¶«cïv6‡åâÀûJy`e¹Ü`	ËåKX.—–²\\n°„årƒ%,—KKY.7XÂr¹á½Ó´RN°T©Ü<Wª4,º°\\n°„årƒ%,—³Èr¹´”årƒ%,—,a¹\\ZÊr¹a…¼ÓtïàŞçN“åV*×Ğ8Œ(wX®;^.$u*ëgÔö' . "\0" . 'OÍA¹ƒ]h{¬ÜöH¹ùÀ©RXÊ¥%åÒ†ra)C¹´„¡\\ZÂP.,e(—–0”ËkôNÓJ9ÁRy¹>—WÊE†ri	C¹´„¡Üğ˜E†ra)C¹´„¡\\ZÂP.,e(—+ä¦{ï÷>wš,\'°R¹½I3Ëİ–ë—ÉC]:b¹VÓëG&µ]V?{7¸;Rn>pªV†ri	C¹´„¡\\XÊP.-a(—–0”KÊ¥%åò½Ó´RN°T^®Ïå•rÑ…¡\\ZÂP.-a(7<f‘¡\\XÊP.-a(—–0”KÊå
y§éŞ;Á½Ï&Ë	¬T®¡¡Pî°\\w¼\\HªMXáÓº6g:(·éÊy>Vn¤Ü|àT)¬åÒ†ri	C¹°”¡\\ZÂP.-a(–2”KKÊå5z§i¥œ`©¼\\ŸË+å¢C¹´„¡\\ZÂPnxÌ"C¹°”¡\\ZÂP.-a(–2”ËòNÓ½w‚{Ÿ;M–X©ÜÚşìYîÀ™ç²›ú¬ìÿ›mû,Ş6¦‰Ã²ƒy¼vC-ò_>d¨õMÿºêË®9ö¦ÿp¤ş|j©tœZ²ò¹í%œ›ÃÁ™âÀ,q&‡]„3ÅYâL2;gŠ³„™tv#Ì$³Ä™dv,Îf‰3É8ìjœ)ÌfÒqØù0“Ìg’qØ9S˜%®ï—éaOO»o ~8ß,y¸½å‡KÓ’qØd™z˜%Î$ã°s¦80KœIÆa³æLq`–ÂÆÇaCY˜%Ì¤ã°éc&˜%Î$ãğÂÀ™âÀ,q&‡Îf	3é8¼À`&˜%†à/9éñMo~ÅIR"qGo&Ë£éíŒ›²Ú´¥Ûæï¿"ıí÷_¯6Ë¿Ä³üŠôÙçÍÕæÛ·Íõúë6Sc»¯ÍSUå<4‡óœİŞ|ß\\_ìşEŸw·Ë¯Y¯®Š·›ëË›Û›0ÑØíşeŒ~šígÃúp¢g«ÛÕõ§ÕŸÅÛÕõêÓ·ÍÅóÕÕêÛêºx¾¹ÿ3LU/¿!kSvnŸş©ÿœœ¼.NŞ|}R¼z÷ñôÅÉùòÿ‘zsúüİû³wïOÎ_¾Hş.j
endstream
endobj
8 0 obj
<< /Type /Font
/Subtype /Type1
/Name /F1
/BaseFont /Helvetica
/Encoding /WinAnsiEncoding
>>
endobj
9 0 obj
<< /Type /Font
/Subtype /Type1
/Name /F2
/BaseFont /Helvetica-Bold
/Encoding /WinAnsiEncoding
>>
endobj
10 0 obj
<< /Type /Page
/MediaBox [0.000 0.000 612.000 1008.000]
/Parent 3 0 R
/Contents 11 0 R
>>
endobj
11 0 obj
<< /Filter /FlateDecode
/Length 2072 >>
stream
xœšÁoä¶Gïş+x*š#Q¢$ö ’C›îÈ!Èa›]mtêl‘ÿ¾Ÿf†ÖI.öâá‘‘|’w×wC†!ğëùãİkøækƒkÿCø6üÂö‡÷ÆJ*¦”iÚ¿Îy=Íq—pû–ç)–¥„2•Ë÷ó)|¸/“òk7kÊ–”cZ—°å%ne¸œËÅ)ë—¡„Ç°–hüŞŞ	zãPb·N²‰¦2^PÙf“*Èæ,óÅ9\\›¯îCNq]ìCd»£u÷ïÃ—Kv•˜Ãı‡~øó¿ø1Üşz7[œ—ŸfÚb^‡îÓ(3kÙb*Ko	3«lqH©·„=†”Ö¸Îıı+3+¯q¶-î,afmkLÃØ[ÂÃ4.v2úmQfÖ¼Ä%Ï½%Ì¬u±“×®}U·yÂö9Áşí#‡Ÿ~–8ıª*3kÊq›úUUfÖ’cÎ¥·„íÇÊNñ–åìõìÑNT¶sİ¯ª2³ò×©ßGefm³¸~U•=†eœãXúS¨Ì¬y¶×®}U§mÀÚ;ÁÚ/{ö·R¯–X5g»‰abÎ7Àœİñœ!y½vŸ#sŞ*eº8(wâ<¬ånå¶×Jqae(—–0”KKÊ…¥åÒ†ri	C¹°”¡\\ZÂP.ïÑ;­;å[ååú\\^)7]Ê¥%åÒ†r»cÖ3”KÊ¥%åÒ†ra)C¹Ü!ï´®½¬}ë´ZN`Õr§ùI+÷X®;^.$„ºŸ‚V®İRN¯ÊMƒmæQ¹å ÜváZ).¬åÒ†ri	C¹°”¡\\ZÂP.-a(–2”KKÊå=¢ÓëN9ÁVy¹>—WÊM†ri	C¹´„¡Üî˜õåÂR†ri	C¹´„¡\\XÊP.w^×Ş	Ö^-\'°j¹†¶Âro€åºãåBòP÷ŸÓQîVæXrÒr‡1&ûşº\\ûãëtÛ•k¦¸²2¤KKÒ¥%éÂR†ti	Cº´„!]XÊ.-aH—÷è¡Ö­ª„{åéú\\)w]Ò¥%éÒ†t»sÖ3¤KÒ¥%éÒ†ta)CºÜ!µ®}%\\ûjµ*¡uKw³™ìhxº İæÔt)y©9®CBº«9›¦»mc\\Êaºãëtqå[¦¼²²–ng	kév–°–.-e-İÎÖÒí,a-]ZÊZº%¬¥Ûİ£‡Z·Ê	öª¦Ûæª™v».¬¥ÛYÂZº%¬¥ÛŸ³µti)kév–°–ng	kéÒRÖÒívÈC­kïkßB­–X5]Ckfº7Àtİñt!y©¶—ÓÍ¶m¶ˆ’î’â˜òQºé İvåš)®¬éÒ†ti	Cº°”!]ZÂ.-aH–2¤KKÒå=z¨u«œ`¯<]ŸË3å®Cº´„!]ZÂnwÎz†ta)Cº´„!]ZÂ.,eH—;ä¡Öµw‚µo¡VË	¬šn6i[î0]w<]H^êó2"İi‰i~•îœl›ÓÒmW®™âÊÊ.-aH—–0¤KÒ¥%éÒ†ta)Cº´„!]Ş£‡Z·Ê	öÊÓõ¹<Sîº0¤KKÒ¥%évç¬gH–2¤KKÒ¥%éÂR†t¹Cj]{\'XûjµœÀªéZF¦{L×OJ-…éÚ¡[,,I7¥Ë?z¤;¤Û®\\3Å••!]ZÂ.-aH–2¤KKÒ¥%éÂR†ti	Cº¼G„zİ*\'Ø+O×çòL¹ëÂ.-aH—–0¤Û³!]XÊ.-aH—–0¤KÒå!ÔëÚ;ÁÚ3Ô«åVMwÿßà9#İ`ºîxº¼T;¯ihé®eµÍ}•î0]şÕû İ|n»rÍWV†ti	Cº´„!]XÊ.-aH—–0¤KÒ¥%éò=ÔºU•p¯<]ŸË3å®Cº´„!]ZÂnwÎz†ta)Cº´„!]ZÂ.,eH—;ä¡Öµ¯„kßB­V%´néîh?fntÒ—oæ
w›‡Ç¡N$ã a&ØzåT:ç’‘­ên.	‹sÉÈÖ~7—Œ„Å¹dd{BtsÉHX˜KG¶ççÒ‘°8—ŒlO›n.	‹sÉÈöLêæ’‘°0—lO.Î¥#aq.Ùoİ\\2æÂëiË|_™“&ÿ[¢íãZl®½R;³¯ßWß<}:=½<ŸNïÃ¿~ıKğ——×5NöşZ—Ù~Põ_a²&oƒ¿;?<½ØÀ¿¿{<…çO§sxûğñéİË/çS7½-ÇÕNÓ´Æ<½5ï9?…ì¼<æ3${R¯å}†ú2h_üİÂWËŞ-.¼Œl¯ŒîÁ%#aq.Ù^,İ\\2ç’‘íõÓÍ%#au‡«Ù^RıÃ¹	séÈö*ã\\:ç’‘í…×Í%#aq.Ù^‹İ\\2æÒ‘íåÉ¹t$,>$ğB½–íió…zµœô€yâ:Ú†/v‰­´÷æôÓéá“ô•ä?¯s\\l¦u´LÓKï?wi/Ï3»zœ·ıùF¶ù9Ìéó¤()õ}\'ß‡§îzö÷şıˆ§ìKóÏ»/¿~;†ÿİ¿§ıûç~3-c—),k¶­¼=½F®àåşÿÔn><oNNg[Ÿá»wç—_ÖcM6ïÀõXÇÁ½t@Ê8p=œìëñ›M—Ãó”¹p7òûn÷_ê³…Ë[óÑÂ½}şéá}Êçó¿OçºDÿlÙ²
endstream
endobj
12 0 obj
<< /Type /ExtGState
/BM /Normal
/CA 1
>>
endobj
13 0 obj
<< /Type /ExtGState
/BM /Normal
/ca 1
>>
endobj
xref
0 14
0000000000 65535 f 
0000000009 00000 n 
0000000074 00000 n 
0000000120 00000 n 
0000000334 00000 n 
0000000363 00000 n 
0000000568 00000 n 
0000000672 00000 n 
0000004284 00000 n 
0000004391 00000 n 
0000004503 00000 n 
0000004609 00000 n 
0000006755 00000 n 
0000006812 00000 n 
trailer
<<
/Size 14
/Root 1 0 R
/Info 5 0 R
/ID[<5746219d5f9b60b010dd491f93d43475><5746219d5f9b60b010dd491f93d43475>]
>>
startxref
6869
%%EOF
')
 3 SYSTEMPATH\CodeIgniter.php(919): App\Controllers\NewController->printSlip('126')
 4 SYSTEMPATH\CodeIgniter.php(494): CodeIgniter\CodeIgniter->runController(Object(App\Controllers\NewController))
 5 SYSTEMPATH\CodeIgniter.php(353): CodeIgniter\CodeIgniter->handleRequest(null, Object(Config\Cache), false)
 6 FCPATH\index.php(79): CodeIgniter\CodeIgniter->run()
 7 SYSTEMPATH\Commands\Server\rewrite.php(47): require_once('D:\\laragon\\www\\method-oldagehome\\public\\index.php')
CRITICAL - 2024-12-09 11:35:13 --> Undefined variable $elder
in APPPATH\Controllers\NewController.php on line 2096.
 1 APPPATH\Controllers\NewController.php(2096): CodeIgniter\Debug\Exceptions->errorHandler(2, 'Undefined variable $elder', 'D:\\laragon\\www\\method-oldagehome\\app\\Controllers\\NewController.php', 2096)
 2 SYSTEMPATH\CodeIgniter.php(919): App\Controllers\NewController->printSlip('126')
 3 SYSTEMPATH\CodeIgniter.php(494): CodeIgniter\CodeIgniter->runController(Object(App\Controllers\NewController))
 4 SYSTEMPATH\CodeIgniter.php(353): CodeIgniter\CodeIgniter->handleRequest(null, Object(Config\Cache), false)
 5 FCPATH\index.php(79): CodeIgniter\CodeIgniter->run()
 6 SYSTEMPATH\Commands\Server\rewrite.php(47): require_once('D:\\laragon\\www\\method-oldagehome\\public\\index.php')
CRITICAL - 2024-12-09 11:35:55 --> syntax error, unexpected token ","
in APPPATH\Controllers\NewController.php on line 2049.
 1 SYSTEMPATH\Autoloader\Autoloader.php(285): CodeIgniter\Autoloader\Autoloader->includeFile('D:\\laragon\\www\\method-oldagehome\\app\\Controllers\\NewController.php')
 2 SYSTEMPATH\Autoloader\Autoloader.php(263): CodeIgniter\Autoloader\Autoloader->loadInNamespace('App\\Controllers\\NewController')
 3 [internal function]: CodeIgniter\Autoloader\Autoloader->loadClass('App\\Controllers\\NewController')
 4 SYSTEMPATH\CodeIgniter.php(877): class_exists('\\App\\Controllers\\NewController', true)
 5 SYSTEMPATH\CodeIgniter.php(481): CodeIgniter\CodeIgniter->startController()
 6 SYSTEMPATH\CodeIgniter.php(353): CodeIgniter\CodeIgniter->handleRequest(null, Object(Config\Cache), false)
 7 FCPATH\index.php(79): CodeIgniter\CodeIgniter->run()
 8 SYSTEMPATH\Commands\Server\rewrite.php(47): require_once('D:\\laragon\\www\\method-oldagehome\\public\\index.php')
CRITICAL - 2024-12-09 11:36:08 --> Undefined variable $mydata
in APPPATH\Views\admin\topdf\addmission_pdf.php on line 115.
 1 APPPATH\Views\admin\topdf\addmission_pdf.php(115): CodeIgniter\Debug\Exceptions->errorHandler(2, 'Undefined variable $mydata', 'D:\\laragon\\www\\method-oldagehome\\app\\Views\\admin\\topdf\\addmission_pdf.php', 115)
 2 SYSTEMPATH\View\View.php(226): include('D:\\laragon\\www\\method-oldagehome\\app\\Views\\admin\\topdf\\addmission_pdf.php')
 3 SYSTEMPATH\View\View.php(229): CodeIgniter\View\View->CodeIgniter\View\{closure}()
 4 SYSTEMPATH\Common.php(1188): CodeIgniter\View\View->render('admin/topdf/addmission_pdf', [], true)
 5 APPPATH\Controllers\NewController.php(2099): view('admin/topdf/addmission_pdf')
 6 SYSTEMPATH\CodeIgniter.php(919): App\Controllers\NewController->printSlip('126')
 7 SYSTEMPATH\CodeIgniter.php(494): CodeIgniter\CodeIgniter->runController(Object(App\Controllers\NewController))
 8 SYSTEMPATH\CodeIgniter.php(353): CodeIgniter\CodeIgniter->handleRequest(null, Object(Config\Cache), false)
 9 FCPATH\index.php(79): CodeIgniter\CodeIgniter->run()
10 SYSTEMPATH\Commands\Server\rewrite.php(47): require_once('D:\\laragon\\www\\method-oldagehome\\public\\index.php')
CRITICAL - 2024-12-09 11:36:34 --> Undefined variable $casenum
in APPPATH\Views\admin\topdf\addmission_pdf.php on line 116.
 1 APPPATH\Views\admin\topdf\addmission_pdf.php(116): CodeIgniter\Debug\Exceptions->errorHandler(2, 'Undefined variable $casenum', 'D:\\laragon\\www\\method-oldagehome\\app\\Views\\admin\\topdf\\addmission_pdf.php', 116)
 2 SYSTEMPATH\View\View.php(226): include('D:\\laragon\\www\\method-oldagehome\\app\\Views\\admin\\topdf\\addmission_pdf.php')
 3 SYSTEMPATH\View\View.php(229): CodeIgniter\View\View->CodeIgniter\View\{closure}()
 4 SYSTEMPATH\Common.php(1188): CodeIgniter\View\View->render('admin/topdf/addmission_pdf', [], true)
 5 APPPATH\Controllers\NewController.php(2099): view('admin/topdf/addmission_pdf')
 6 SYSTEMPATH\CodeIgniter.php(919): App\Controllers\NewController->printSlip('126')
 7 SYSTEMPATH\CodeIgniter.php(494): CodeIgniter\CodeIgniter->runController(Object(App\Controllers\NewController))
 8 SYSTEMPATH\CodeIgniter.php(353): CodeIgniter\CodeIgniter->handleRequest(null, Object(Config\Cache), false)
 9 FCPATH\index.php(79): CodeIgniter\CodeIgniter->run()
10 SYSTEMPATH\Commands\Server\rewrite.php(47): require_once('D:\\laragon\\www\\method-oldagehome\\public\\index.php')
CRITICAL - 2024-12-09 12:59:13 --> Undefined variable $imageSrc
in APPPATH\Views\admin\topdf\addmission_pdf.php on line 26.
 1 APPPATH\Views\admin\topdf\addmission_pdf.php(26): CodeIgniter\Debug\Exceptions->errorHandler(2, 'Undefined variable $imageSrc', 'D:\\laragon\\www\\method-oldagehome\\app\\Views\\admin\\topdf\\addmission_pdf.php', 26)
 2 SYSTEMPATH\View\View.php(226): include('D:\\laragon\\www\\method-oldagehome\\app\\Views\\admin\\topdf\\addmission_pdf.php')
 3 SYSTEMPATH\View\View.php(229): CodeIgniter\View\View->CodeIgniter\View\{closure}()
 4 SYSTEMPATH\Common.php(1188): CodeIgniter\View\View->render('admin/topdf/addmission_pdf', [], true)
 5 APPPATH\Controllers\NewController.php(2099): view('admin/topdf/addmission_pdf', [...])
 6 SYSTEMPATH\CodeIgniter.php(919): App\Controllers\NewController->printSlip('126')
 7 SYSTEMPATH\CodeIgniter.php(494): CodeIgniter\CodeIgniter->runController(Object(App\Controllers\NewController))
 8 SYSTEMPATH\CodeIgniter.php(353): CodeIgniter\CodeIgniter->handleRequest(null, Object(Config\Cache), false)
 9 FCPATH\index.php(79): CodeIgniter\CodeIgniter->run()
10 SYSTEMPATH\Commands\Server\rewrite.php(47): require_once('D:\\laragon\\www\\method-oldagehome\\public\\index.php')
CRITICAL - 2024-12-09 13:01:45 --> syntax error, unexpected token "public"
in APPPATH\Controllers\NewController.php on line 1986.
 1 SYSTEMPATH\Autoloader\Autoloader.php(285): CodeIgniter\Autoloader\Autoloader->includeFile('D:\\laragon\\www\\method-oldagehome\\app\\Controllers\\NewController.php')
 2 SYSTEMPATH\Autoloader\Autoloader.php(263): CodeIgniter\Autoloader\Autoloader->loadInNamespace('App\\Controllers\\NewController')
 3 [internal function]: CodeIgniter\Autoloader\Autoloader->loadClass('App\\Controllers\\NewController')
 4 SYSTEMPATH\CodeIgniter.php(877): class_exists('\\App\\Controllers\\NewController', true)
 5 SYSTEMPATH\CodeIgniter.php(481): CodeIgniter\CodeIgniter->startController()
 6 SYSTEMPATH\CodeIgniter.php(353): CodeIgniter\CodeIgniter->handleRequest(null, Object(Config\Cache), false)
 7 FCPATH\index.php(79): CodeIgniter\CodeIgniter->run()
 8 SYSTEMPATH\Commands\Server\rewrite.php(47): require_once('D:\\laragon\\www\\method-oldagehome\\public\\index.php')
CRITICAL - 2024-12-09 13:48:02 --> Undefined variable $elder
in APPPATH\Controllers\NewController.php on line 2095.
 1 APPPATH\Controllers\NewController.php(2095): CodeIgniter\Debug\Exceptions->errorHandler(2, 'Undefined variable $elder', 'D:\\laragon\\www\\method-oldagehome\\app\\Controllers\\NewController.php', 2095)
 2 SYSTEMPATH\CodeIgniter.php(919): App\Controllers\NewController->printSlip('126')
 3 SYSTEMPATH\CodeIgniter.php(494): CodeIgniter\CodeIgniter->runController(Object(App\Controllers\NewController))
 4 SYSTEMPATH\CodeIgniter.php(353): CodeIgniter\CodeIgniter->handleRequest(null, Object(Config\Cache), false)
 5 FCPATH\index.php(79): CodeIgniter\CodeIgniter->run()
 6 SYSTEMPATH\Commands\Server\rewrite.php(47): require_once('D:\\laragon\\www\\method-oldagehome\\public\\index.php')
CRITICAL - 2024-12-09 14:06:57 --> Undefined variable $casenum
in APPPATH\Views\admin\admissionwithdata.php on line 341.
 1 APPPATH\Views\admin\admissionwithdata.php(341): CodeIgniter\Debug\Exceptions->errorHandler(2, 'Undefined variable $casenum', 'D:\\laragon\\www\\method-oldagehome\\app\\Views\\admin\\admissionwithdata.php', 341)
 2 SYSTEMPATH\View\View.php(226): include('D:\\laragon\\www\\method-oldagehome\\app\\Views\\admin\\admissionwithdata.php')
 3 SYSTEMPATH\View\View.php(229): CodeIgniter\View\View->CodeIgniter\View\{closure}()
 4 SYSTEMPATH\Common.php(1188): CodeIgniter\View\View->render('admin/admissionwithdata', [], true)
 5 APPPATH\Controllers\NewController.php(1870): view('admin/admissionwithdata', [...])
 6 SYSTEMPATH\CodeIgniter.php(919): App\Controllers\NewController->admisionWithData('127')
 7 SYSTEMPATH\CodeIgniter.php(494): CodeIgniter\CodeIgniter->runController(Object(App\Controllers\NewController))
 8 SYSTEMPATH\CodeIgniter.php(353): CodeIgniter\CodeIgniter->handleRequest(null, Object(Config\Cache), false)
 9 FCPATH\index.php(79): CodeIgniter\CodeIgniter->run()
10 SYSTEMPATH\Commands\Server\rewrite.php(47): require_once('D:\\laragon\\www\\method-oldagehome\\public\\index.php')
CRITICAL - 2024-12-09 15:03:26 --> Undefined variable $casenum
in APPPATH\Views\admin\admissionwithdata.php on line 341.
 1 APPPATH\Views\admin\admissionwithdata.php(341): CodeIgniter\Debug\Exceptions->errorHandler(2, 'Undefined variable $casenum', 'D:\\laragon\\www\\method-oldagehome\\app\\Views\\admin\\admissionwithdata.php', 341)
 2 SYSTEMPATH\View\View.php(226): include('D:\\laragon\\www\\method-oldagehome\\app\\Views\\admin\\admissionwithdata.php')
 3 SYSTEMPATH\View\View.php(229): CodeIgniter\View\View->CodeIgniter\View\{closure}()
 4 SYSTEMPATH\Common.php(1188): CodeIgniter\View\View->render('admin/admissionwithdata', [], true)
 5 APPPATH\Controllers\NewController.php(1878): view('admin/admissionwithdata', [...])
 6 SYSTEMPATH\CodeIgniter.php(919): App\Controllers\NewController->admisionWithData('129')
 7 SYSTEMPATH\CodeIgniter.php(494): CodeIgniter\CodeIgniter->runController(Object(App\Controllers\NewController))
 8 SYSTEMPATH\CodeIgniter.php(353): CodeIgniter\CodeIgniter->handleRequest(null, Object(Config\Cache), false)
 9 FCPATH\index.php(79): CodeIgniter\CodeIgniter->run()
10 SYSTEMPATH\Commands\Server\rewrite.php(47): require_once('D:\\laragon\\www\\method-oldagehome\\public\\index.php')
CRITICAL - 2024-12-09 15:03:30 --> Undefined variable $casenum
in APPPATH\Views\admin\admissionwithdata.php on line 341.
 1 APPPATH\Views\admin\admissionwithdata.php(341): CodeIgniter\Debug\Exceptions->errorHandler(2, 'Undefined variable $casenum', 'D:\\laragon\\www\\method-oldagehome\\app\\Views\\admin\\admissionwithdata.php', 341)
 2 SYSTEMPATH\View\View.php(226): include('D:\\laragon\\www\\method-oldagehome\\app\\Views\\admin\\admissionwithdata.php')
 3 SYSTEMPATH\View\View.php(229): CodeIgniter\View\View->CodeIgniter\View\{closure}()
 4 SYSTEMPATH\Common.php(1188): CodeIgniter\View\View->render('admin/admissionwithdata', [], true)
 5 APPPATH\Controllers\NewController.php(1878): view('admin/admissionwithdata', [...])
 6 SYSTEMPATH\CodeIgniter.php(919): App\Controllers\NewController->admisionWithData('129')
 7 SYSTEMPATH\CodeIgniter.php(494): CodeIgniter\CodeIgniter->runController(Object(App\Controllers\NewController))
 8 SYSTEMPATH\CodeIgniter.php(353): CodeIgniter\CodeIgniter->handleRequest(null, Object(Config\Cache), false)
 9 FCPATH\index.php(79): CodeIgniter\CodeIgniter->run()
10 SYSTEMPATH\Commands\Server\rewrite.php(47): require_once('D:\\laragon\\www\\method-oldagehome\\public\\index.php')
CRITICAL - 2024-12-09 15:05:52 --> Undefined variable $casenum
in APPPATH\Views\admin\admissionwithdata.php on line 341.
 1 APPPATH\Views\admin\admissionwithdata.php(341): CodeIgniter\Debug\Exceptions->errorHandler(2, 'Undefined variable $casenum', 'D:\\laragon\\www\\method-oldagehome\\app\\Views\\admin\\admissionwithdata.php', 341)
 2 SYSTEMPATH\View\View.php(226): include('D:\\laragon\\www\\method-oldagehome\\app\\Views\\admin\\admissionwithdata.php')
 3 SYSTEMPATH\View\View.php(229): CodeIgniter\View\View->CodeIgniter\View\{closure}()
 4 SYSTEMPATH\Common.php(1188): CodeIgniter\View\View->render('admin/admissionwithdata', [], true)
 5 APPPATH\Controllers\NewController.php(1878): view('admin/admissionwithdata', [...])
 6 SYSTEMPATH\CodeIgniter.php(919): App\Controllers\NewController->admisionWithData('129')
 7 SYSTEMPATH\CodeIgniter.php(494): CodeIgniter\CodeIgniter->runController(Object(App\Controllers\NewController))
 8 SYSTEMPATH\CodeIgniter.php(353): CodeIgniter\CodeIgniter->handleRequest(null, Object(Config\Cache), false)
 9 FCPATH\index.php(79): CodeIgniter\CodeIgniter->run()
10 SYSTEMPATH\Commands\Server\rewrite.php(47): require_once('D:\\laragon\\www\\method-oldagehome\\public\\index.php')
CRITICAL - 2024-12-09 15:07:27 --> Undefined variable $casenum
in APPPATH\Views\admin\admissionwithdata.php on line 341.
 1 APPPATH\Views\admin\admissionwithdata.php(341): CodeIgniter\Debug\Exceptions->errorHandler(2, 'Undefined variable $casenum', 'D:\\laragon\\www\\method-oldagehome\\app\\Views\\admin\\admissionwithdata.php', 341)
 2 SYSTEMPATH\View\View.php(226): include('D:\\laragon\\www\\method-oldagehome\\app\\Views\\admin\\admissionwithdata.php')
 3 SYSTEMPATH\View\View.php(229): CodeIgniter\View\View->CodeIgniter\View\{closure}()
 4 SYSTEMPATH\Common.php(1188): CodeIgniter\View\View->render('admin/admissionwithdata', [], true)
 5 APPPATH\Controllers\NewController.php(1878): view('admin/admissionwithdata', [...])
 6 SYSTEMPATH\CodeIgniter.php(919): App\Controllers\NewController->admisionWithData('129')
 7 SYSTEMPATH\CodeIgniter.php(494): CodeIgniter\CodeIgniter->runController(Object(App\Controllers\NewController))
 8 SYSTEMPATH\CodeIgniter.php(353): CodeIgniter\CodeIgniter->handleRequest(null, Object(Config\Cache), false)
 9 FCPATH\index.php(79): CodeIgniter\CodeIgniter->run()
10 SYSTEMPATH\Commands\Server\rewrite.php(47): require_once('D:\\laragon\\www\\method-oldagehome\\public\\index.php')
CRITICAL - 2024-12-09 15:10:05 --> Undefined variable $casenum
in APPPATH\Views\admin\admissionwithdata.php on line 341.
 1 APPPATH\Views\admin\admissionwithdata.php(341): CodeIgniter\Debug\Exceptions->errorHandler(2, 'Undefined variable $casenum', 'D:\\laragon\\www\\method-oldagehome\\app\\Views\\admin\\admissionwithdata.php', 341)
 2 SYSTEMPATH\View\View.php(226): include('D:\\laragon\\www\\method-oldagehome\\app\\Views\\admin\\admissionwithdata.php')
 3 SYSTEMPATH\View\View.php(229): CodeIgniter\View\View->CodeIgniter\View\{closure}()
 4 SYSTEMPATH\Common.php(1188): CodeIgniter\View\View->render('admin/admissionwithdata', [], true)
 5 APPPATH\Controllers\NewController.php(1878): view('admin/admissionwithdata', [...])
 6 SYSTEMPATH\CodeIgniter.php(919): App\Controllers\NewController->admisionWithData('129')
 7 SYSTEMPATH\CodeIgniter.php(494): CodeIgniter\CodeIgniter->runController(Object(App\Controllers\NewController))
 8 SYSTEMPATH\CodeIgniter.php(353): CodeIgniter\CodeIgniter->handleRequest(null, Object(Config\Cache), false)
 9 FCPATH\index.php(79): CodeIgniter\CodeIgniter->run()
10 SYSTEMPATH\Commands\Server\rewrite.php(47): require_once('D:\\laragon\\www\\method-oldagehome\\public\\index.php')
CRITICAL - 2024-12-09 15:10:49 --> Undefined array key "casenum"
in APPPATH\Views\admin\admissionwithdata.php on line 341.
 1 APPPATH\Views\admin\admissionwithdata.php(341): CodeIgniter\Debug\Exceptions->errorHandler(2, 'Undefined array key "casenum"', 'D:\\laragon\\www\\method-oldagehome\\app\\Views\\admin\\admissionwithdata.php', 341)
 2 SYSTEMPATH\View\View.php(226): include('D:\\laragon\\www\\method-oldagehome\\app\\Views\\admin\\admissionwithdata.php')
 3 SYSTEMPATH\View\View.php(229): CodeIgniter\View\View->CodeIgniter\View\{closure}()
 4 SYSTEMPATH\Common.php(1188): CodeIgniter\View\View->render('admin/admissionwithdata', [], true)
 5 APPPATH\Controllers\NewController.php(1878): view('admin/admissionwithdata', [...])
 6 SYSTEMPATH\CodeIgniter.php(919): App\Controllers\NewController->admisionWithData('129')
 7 SYSTEMPATH\CodeIgniter.php(494): CodeIgniter\CodeIgniter->runController(Object(App\Controllers\NewController))
 8 SYSTEMPATH\CodeIgniter.php(353): CodeIgniter\CodeIgniter->handleRequest(null, Object(Config\Cache), false)
 9 FCPATH\index.php(79): CodeIgniter\CodeIgniter->run()
10 SYSTEMPATH\Commands\Server\rewrite.php(47): require_once('D:\\laragon\\www\\method-oldagehome\\public\\index.php')
CRITICAL - 2024-12-09 15:10:53 --> Undefined array key "casenum"
in APPPATH\Views\admin\admissionwithdata.php on line 341.
 1 APPPATH\Views\admin\admissionwithdata.php(341): CodeIgniter\Debug\Exceptions->errorHandler(2, 'Undefined array key "casenum"', 'D:\\laragon\\www\\method-oldagehome\\app\\Views\\admin\\admissionwithdata.php', 341)
 2 SYSTEMPATH\View\View.php(226): include('D:\\laragon\\www\\method-oldagehome\\app\\Views\\admin\\admissionwithdata.php')
 3 SYSTEMPATH\View\View.php(229): CodeIgniter\View\View->CodeIgniter\View\{closure}()
 4 SYSTEMPATH\Common.php(1188): CodeIgniter\View\View->render('admin/admissionwithdata', [], true)
 5 APPPATH\Controllers\NewController.php(1878): view('admin/admissionwithdata', [...])
 6 SYSTEMPATH\CodeIgniter.php(919): App\Controllers\NewController->admisionWithData('129')
 7 SYSTEMPATH\CodeIgniter.php(494): CodeIgniter\CodeIgniter->runController(Object(App\Controllers\NewController))
 8 SYSTEMPATH\CodeIgniter.php(353): CodeIgniter\CodeIgniter->handleRequest(null, Object(Config\Cache), false)
 9 FCPATH\index.php(79): CodeIgniter\CodeIgniter->run()
10 SYSTEMPATH\Commands\Server\rewrite.php(47): require_once('D:\\laragon\\www\\method-oldagehome\\public\\index.php')
CRITICAL - 2024-12-09 15:11:05 --> Undefined array key "casenum"
in APPPATH\Views\admin\admissionwithdata.php on line 341.
 1 APPPATH\Views\admin\admissionwithdata.php(341): CodeIgniter\Debug\Exceptions->errorHandler(2, 'Undefined array key "casenum"', 'D:\\laragon\\www\\method-oldagehome\\app\\Views\\admin\\admissionwithdata.php', 341)
 2 SYSTEMPATH\View\View.php(226): include('D:\\laragon\\www\\method-oldagehome\\app\\Views\\admin\\admissionwithdata.php')
 3 SYSTEMPATH\View\View.php(229): CodeIgniter\View\View->CodeIgniter\View\{closure}()
 4 SYSTEMPATH\Common.php(1188): CodeIgniter\View\View->render('admin/admissionwithdata', [], true)
 5 APPPATH\Controllers\NewController.php(1878): view('admin/admissionwithdata', [...])
 6 SYSTEMPATH\CodeIgniter.php(919): App\Controllers\NewController->admisionWithData('129')
 7 SYSTEMPATH\CodeIgniter.php(494): CodeIgniter\CodeIgniter->runController(Object(App\Controllers\NewController))
 8 SYSTEMPATH\CodeIgniter.php(353): CodeIgniter\CodeIgniter->handleRequest(null, Object(Config\Cache), false)
 9 FCPATH\index.php(79): CodeIgniter\CodeIgniter->run()
10 SYSTEMPATH\Commands\Server\rewrite.php(47): require_once('D:\\laragon\\www\\method-oldagehome\\public\\index.php')
CRITICAL - 2024-12-09 16:14:28 --> Uncaught ErrorException: Cannot modify header information - headers already sent in D:\laragon\www\method-oldagehome\system\HTTP\ResponseTrait.php:774
Stack trace:
#0 [internal function]: CodeIgniter\Debug\Exceptions->errorHandler(2, 'Cannot modify h...', 'D:\\laragon\\www\\...', 774)
#1 D:\laragon\www\method-oldagehome\system\HTTP\ResponseTrait.php(774): setcookie('ci_session', 'j0u2cf8pvi5p3ak...', Array)
#2 D:\laragon\www\method-oldagehome\system\HTTP\ResponseTrait.php(750): CodeIgniter\HTTP\Response->doSetCookie('ci_session', 'j0u2cf8pvi5p3ak...', Array)
#3 D:\laragon\www\method-oldagehome\system\HTTP\ResponseTrait.php(730): CodeIgniter\HTTP\Response->dispatchCookies()
#4 D:\laragon\www\method-oldagehome\system\HTTP\ResponseTrait.php(447): CodeIgniter\HTTP\Response->sendCookies()
#5 D:\laragon\www\method-oldagehome\system\Debug\ExceptionHandler.php(78): CodeIgniter\HTTP\Response->send()
#6 D:\laragon\www\method-oldagehome\system\Debug\Exceptions.php(147): CodeIgniter\Debug\ExceptionHandler->handle(Object(CodeIgniter\Exceptions\PageNotFoundException), Object(CodeIgniter\HTTP\IncomingRequest), Object(CodeIgniter\HTTP\Response), 404, 1)
#7 [internal function]: CodeIgniter\Debug\Exceptions->exceptionHandler(Object(CodeIgniter\Exceptions\PageNotFoundException))
#8 {main}
  thrown
ã€Previous Exceptionã€‘
CodeIgniter\Exceptions\PageNotFoundException
Page Not Found
#0 D:\laragon\www\method-oldagehome\system\CodeIgniter.php(967): CodeIgniter\Exceptions\PageNotFoundException::forPageNotFound(NULL)
#1 D:\laragon\www\method-oldagehome\system\CodeIgniter.php(362): CodeIgniter\CodeIgniter->display404errors(Object(CodeIgniter\Exceptions\PageNotFoundException))
#2 D:\laragon\www\method-oldagehome\public\index.php(79): CodeIgniter\CodeIgniter->run()
#3 D:\laragon\www\method-oldagehome\system\Commands\Server\rewrite.php(47): require_once('D:\\laragon\\www\\...')
#4 {main}
in SYSTEMPATH\HTTP\ResponseTrait.php on line 774.
 1 [internal function]: CodeIgniter\Debug\Exceptions->shutdownHandler()
CRITICAL - 2024-12-09 16:14:29 --> Uncaught ErrorException: Cannot modify header information - headers already sent in D:\laragon\www\method-oldagehome\system\HTTP\ResponseTrait.php:774
Stack trace:
#0 [internal function]: CodeIgniter\Debug\Exceptions->errorHandler(2, 'Cannot modify h...', 'D:\\laragon\\www\\...', 774)
#1 D:\laragon\www\method-oldagehome\system\HTTP\ResponseTrait.php(774): setcookie('ci_session', 'j0u2cf8pvi5p3ak...', Array)
#2 D:\laragon\www\method-oldagehome\system\HTTP\ResponseTrait.php(750): CodeIgniter\HTTP\Response->doSetCookie('ci_session', 'j0u2cf8pvi5p3ak...', Array)
#3 D:\laragon\www\method-oldagehome\system\HTTP\ResponseTrait.php(730): CodeIgniter\HTTP\Response->dispatchCookies()
#4 D:\laragon\www\method-oldagehome\system\HTTP\ResponseTrait.php(447): CodeIgniter\HTTP\Response->sendCookies()
#5 D:\laragon\www\method-oldagehome\system\Debug\ExceptionHandler.php(78): CodeIgniter\HTTP\Response->send()
#6 D:\laragon\www\method-oldagehome\system\Debug\Exceptions.php(147): CodeIgniter\Debug\ExceptionHandler->handle(Object(CodeIgniter\Exceptions\PageNotFoundException), Object(CodeIgniter\HTTP\IncomingRequest), Object(CodeIgniter\HTTP\Response), 404, 1)
#7 [internal function]: CodeIgniter\Debug\Exceptions->exceptionHandler(Object(CodeIgniter\Exceptions\PageNotFoundException))
#8 {main}
  thrown
ã€Previous Exceptionã€‘
CodeIgniter\Exceptions\PageNotFoundException
Page Not Found
#0 D:\laragon\www\method-oldagehome\system\CodeIgniter.php(967): CodeIgniter\Exceptions\PageNotFoundException::forPageNotFound(NULL)
#1 D:\laragon\www\method-oldagehome\system\CodeIgniter.php(362): CodeIgniter\CodeIgniter->display404errors(Object(CodeIgniter\Exceptions\PageNotFoundException))
#2 D:\laragon\www\method-oldagehome\public\index.php(79): CodeIgniter\CodeIgniter->run()
#3 D:\laragon\www\method-oldagehome\system\Commands\Server\rewrite.php(47): require_once('D:\\laragon\\www\\...')
#4 {main}
in SYSTEMPATH\HTTP\ResponseTrait.php on line 774.
 1 [internal function]: CodeIgniter\Debug\Exceptions->shutdownHandler()
CRITICAL - 2024-12-09 16:14:30 --> Uncaught ErrorException: Cannot modify header information - headers already sent in D:\laragon\www\method-oldagehome\system\HTTP\ResponseTrait.php:774
Stack trace:
#0 [internal function]: CodeIgniter\Debug\Exceptions->errorHandler(2, 'Cannot modify h...', 'D:\\laragon\\www\\...', 774)
#1 D:\laragon\www\method-oldagehome\system\HTTP\ResponseTrait.php(774): setcookie('ci_session', 'j0u2cf8pvi5p3ak...', Array)
#2 D:\laragon\www\method-oldagehome\system\HTTP\ResponseTrait.php(750): CodeIgniter\HTTP\Response->doSetCookie('ci_session', 'j0u2cf8pvi5p3ak...', Array)
#3 D:\laragon\www\method-oldagehome\system\HTTP\ResponseTrait.php(730): CodeIgniter\HTTP\Response->dispatchCookies()
#4 D:\laragon\www\method-oldagehome\system\HTTP\ResponseTrait.php(447): CodeIgniter\HTTP\Response->sendCookies()
#5 D:\laragon\www\method-oldagehome\system\Debug\ExceptionHandler.php(78): CodeIgniter\HTTP\Response->send()
#6 D:\laragon\www\method-oldagehome\system\Debug\Exceptions.php(147): CodeIgniter\Debug\ExceptionHandler->handle(Object(CodeIgniter\Exceptions\PageNotFoundException), Object(CodeIgniter\HTTP\IncomingRequest), Object(CodeIgniter\HTTP\Response), 404, 1)
#7 [internal function]: CodeIgniter\Debug\Exceptions->exceptionHandler(Object(CodeIgniter\Exceptions\PageNotFoundException))
#8 {main}
  thrown
ã€Previous Exceptionã€‘
CodeIgniter\Exceptions\PageNotFoundException
Page Not Found
#0 D:\laragon\www\method-oldagehome\system\CodeIgniter.php(967): CodeIgniter\Exceptions\PageNotFoundException::forPageNotFound(NULL)
#1 D:\laragon\www\method-oldagehome\system\CodeIgniter.php(362): CodeIgniter\CodeIgniter->display404errors(Object(CodeIgniter\Exceptions\PageNotFoundException))
#2 D:\laragon\www\method-oldagehome\public\index.php(79): CodeIgniter\CodeIgniter->run()
#3 D:\laragon\www\method-oldagehome\system\Commands\Server\rewrite.php(47): require_once('D:\\laragon\\www\\...')
#4 {main}
in SYSTEMPATH\HTTP\ResponseTrait.php on line 774.
 1 [internal function]: CodeIgniter\Debug\Exceptions->shutdownHandler()
CRITICAL - 2024-12-09 16:14:31 --> Uncaught ErrorException: Cannot modify header information - headers already sent in D:\laragon\www\method-oldagehome\system\HTTP\ResponseTrait.php:774
Stack trace:
#0 [internal function]: CodeIgniter\Debug\Exceptions->errorHandler(2, 'Cannot modify h...', 'D:\\laragon\\www\\...', 774)
#1 D:\laragon\www\method-oldagehome\system\HTTP\ResponseTrait.php(774): setcookie('ci_session', 'j0u2cf8pvi5p3ak...', Array)
#2 D:\laragon\www\method-oldagehome\system\HTTP\ResponseTrait.php(750): CodeIgniter\HTTP\Response->doSetCookie('ci_session', 'j0u2cf8pvi5p3ak...', Array)
#3 D:\laragon\www\method-oldagehome\system\HTTP\ResponseTrait.php(730): CodeIgniter\HTTP\Response->dispatchCookies()
#4 D:\laragon\www\method-oldagehome\system\HTTP\ResponseTrait.php(447): CodeIgniter\HTTP\Response->sendCookies()
#5 D:\laragon\www\method-oldagehome\system\Debug\ExceptionHandler.php(78): CodeIgniter\HTTP\Response->send()
#6 D:\laragon\www\method-oldagehome\system\Debug\Exceptions.php(147): CodeIgniter\Debug\ExceptionHandler->handle(Object(CodeIgniter\Exceptions\PageNotFoundException), Object(CodeIgniter\HTTP\IncomingRequest), Object(CodeIgniter\HTTP\Response), 404, 1)
#7 [internal function]: CodeIgniter\Debug\Exceptions->exceptionHandler(Object(CodeIgniter\Exceptions\PageNotFoundException))
#8 {main}
  thrown
ã€Previous Exceptionã€‘
CodeIgniter\Exceptions\PageNotFoundException
Page Not Found
#0 D:\laragon\www\method-oldagehome\system\CodeIgniter.php(967): CodeIgniter\Exceptions\PageNotFoundException::forPageNotFound(NULL)
#1 D:\laragon\www\method-oldagehome\system\CodeIgniter.php(362): CodeIgniter\CodeIgniter->display404errors(Object(CodeIgniter\Exceptions\PageNotFoundException))
#2 D:\laragon\www\method-oldagehome\public\index.php(79): CodeIgniter\CodeIgniter->run()
#3 D:\laragon\www\method-oldagehome\system\Commands\Server\rewrite.php(47): require_once('D:\\laragon\\www\\...')
#4 {main}
in SYSTEMPATH\HTTP\ResponseTrait.php on line 774.
 1 [internal function]: CodeIgniter\Debug\Exceptions->shutdownHandler()
CRITICAL - 2024-12-09 16:14:32 --> Uncaught ErrorException: Cannot modify header information - headers already sent in D:\laragon\www\method-oldagehome\system\HTTP\ResponseTrait.php:774
Stack trace:
#0 [internal function]: CodeIgniter\Debug\Exceptions->errorHandler(2, 'Cannot modify h...', 'D:\\laragon\\www\\...', 774)
#1 D:\laragon\www\method-oldagehome\system\HTTP\ResponseTrait.php(774): setcookie('ci_session', 'j0u2cf8pvi5p3ak...', Array)
#2 D:\laragon\www\method-oldagehome\system\HTTP\ResponseTrait.php(750): CodeIgniter\HTTP\Response->doSetCookie('ci_session', 'j0u2cf8pvi5p3ak...', Array)
#3 D:\laragon\www\method-oldagehome\system\HTTP\ResponseTrait.php(730): CodeIgniter\HTTP\Response->dispatchCookies()
#4 D:\laragon\www\method-oldagehome\system\HTTP\ResponseTrait.php(447): CodeIgniter\HTTP\Response->sendCookies()
#5 D:\laragon\www\method-oldagehome\system\Debug\ExceptionHandler.php(78): CodeIgniter\HTTP\Response->send()
#6 D:\laragon\www\method-oldagehome\system\Debug\Exceptions.php(147): CodeIgniter\Debug\ExceptionHandler->handle(Object(CodeIgniter\Exceptions\PageNotFoundException), Object(CodeIgniter\HTTP\IncomingRequest), Object(CodeIgniter\HTTP\Response), 404, 1)
#7 [internal function]: CodeIgniter\Debug\Exceptions->exceptionHandler(Object(CodeIgniter\Exceptions\PageNotFoundException))
#8 {main}
  thrown
ã€Previous Exceptionã€‘
CodeIgniter\Exceptions\PageNotFoundException
Page Not Found
#0 D:\laragon\www\method-oldagehome\system\CodeIgniter.php(967): CodeIgniter\Exceptions\PageNotFoundException::forPageNotFound(NULL)
#1 D:\laragon\www\method-oldagehome\system\CodeIgniter.php(362): CodeIgniter\CodeIgniter->display404errors(Object(CodeIgniter\Exceptions\PageNotFoundException))
#2 D:\laragon\www\method-oldagehome\public\index.php(79): CodeIgniter\CodeIgniter->run()
#3 D:\laragon\www\method-oldagehome\system\Commands\Server\rewrite.php(47): require_once('D:\\laragon\\www\\...')
#4 {main}
in SYSTEMPATH\HTTP\ResponseTrait.php on line 774.
 1 [internal function]: CodeIgniter\Debug\Exceptions->shutdownHandler()
CRITICAL - 2024-12-09 16:14:33 --> Uncaught ErrorException: Cannot modify header information - headers already sent in D:\laragon\www\method-oldagehome\system\HTTP\ResponseTrait.php:774
Stack trace:
#0 [internal function]: CodeIgniter\Debug\Exceptions->errorHandler(2, 'Cannot modify h...', 'D:\\laragon\\www\\...', 774)
#1 D:\laragon\www\method-oldagehome\system\HTTP\ResponseTrait.php(774): setcookie('ci_session', 'j0u2cf8pvi5p3ak...', Array)
#2 D:\laragon\www\method-oldagehome\system\HTTP\ResponseTrait.php(750): CodeIgniter\HTTP\Response->doSetCookie('ci_session', 'j0u2cf8pvi5p3ak...', Array)
#3 D:\laragon\www\method-oldagehome\system\HTTP\ResponseTrait.php(730): CodeIgniter\HTTP\Response->dispatchCookies()
#4 D:\laragon\www\method-oldagehome\system\HTTP\ResponseTrait.php(447): CodeIgniter\HTTP\Response->sendCookies()
#5 D:\laragon\www\method-oldagehome\system\Debug\ExceptionHandler.php(78): CodeIgniter\HTTP\Response->send()
#6 D:\laragon\www\method-oldagehome\system\Debug\Exceptions.php(147): CodeIgniter\Debug\ExceptionHandler->handle(Object(CodeIgniter\Exceptions\PageNotFoundException), Object(CodeIgniter\HTTP\IncomingRequest), Object(CodeIgniter\HTTP\Response), 404, 1)
#7 [internal function]: CodeIgniter\Debug\Exceptions->exceptionHandler(Object(CodeIgniter\Exceptions\PageNotFoundException))
#8 {main}
  thrown
ã€Previous Exceptionã€‘
CodeIgniter\Exceptions\PageNotFoundException
Page Not Found
#0 D:\laragon\www\method-oldagehome\system\CodeIgniter.php(967): CodeIgniter\Exceptions\PageNotFoundException::forPageNotFound(NULL)
#1 D:\laragon\www\method-oldagehome\system\CodeIgniter.php(362): CodeIgniter\CodeIgniter->display404errors(Object(CodeIgniter\Exceptions\PageNotFoundException))
#2 D:\laragon\www\method-oldagehome\public\index.php(79): CodeIgniter\CodeIgniter->run()
#3 D:\laragon\www\method-oldagehome\system\Commands\Server\rewrite.php(47): require_once('D:\\laragon\\www\\...')
#4 {main}
in SYSTEMPATH\HTTP\ResponseTrait.php on line 774.
 1 [internal function]: CodeIgniter\Debug\Exceptions->shutdownHandler()
CRITICAL - 2024-12-09 16:14:34 --> Uncaught ErrorException: Cannot modify header information - headers already sent in D:\laragon\www\method-oldagehome\system\HTTP\ResponseTrait.php:774
Stack trace:
#0 [internal function]: CodeIgniter\Debug\Exceptions->errorHandler(2, 'Cannot modify h...', 'D:\\laragon\\www\\...', 774)
#1 D:\laragon\www\method-oldagehome\system\HTTP\ResponseTrait.php(774): setcookie('ci_session', 'j0u2cf8pvi5p3ak...', Array)
#2 D:\laragon\www\method-oldagehome\system\HTTP\ResponseTrait.php(750): CodeIgniter\HTTP\Response->doSetCookie('ci_session', 'j0u2cf8pvi5p3ak...', Array)
#3 D:\laragon\www\method-oldagehome\system\HTTP\ResponseTrait.php(730): CodeIgniter\HTTP\Response->dispatchCookies()
#4 D:\laragon\www\method-oldagehome\system\HTTP\ResponseTrait.php(447): CodeIgniter\HTTP\Response->sendCookies()
#5 D:\laragon\www\method-oldagehome\system\Debug\ExceptionHandler.php(78): CodeIgniter\HTTP\Response->send()
#6 D:\laragon\www\method-oldagehome\system\Debug\Exceptions.php(147): CodeIgniter\Debug\ExceptionHandler->handle(Object(CodeIgniter\Exceptions\PageNotFoundException), Object(CodeIgniter\HTTP\IncomingRequest), Object(CodeIgniter\HTTP\Response), 404, 1)
#7 [internal function]: CodeIgniter\Debug\Exceptions->exceptionHandler(Object(CodeIgniter\Exceptions\PageNotFoundException))
#8 {main}
  thrown
ã€Previous Exceptionã€‘
CodeIgniter\Exceptions\PageNotFoundException
Page Not Found
#0 D:\laragon\www\method-oldagehome\system\CodeIgniter.php(967): CodeIgniter\Exceptions\PageNotFoundException::forPageNotFound(NULL)
#1 D:\laragon\www\method-oldagehome\system\CodeIgniter.php(362): CodeIgniter\CodeIgniter->display404errors(Object(CodeIgniter\Exceptions\PageNotFoundException))
#2 D:\laragon\www\method-oldagehome\public\index.php(79): CodeIgniter\CodeIgniter->run()
#3 D:\laragon\www\method-oldagehome\system\Commands\Server\rewrite.php(47): require_once('D:\\laragon\\www\\...')
#4 {main}
in SYSTEMPATH\HTTP\ResponseTrait.php on line 774.
 1 [internal function]: CodeIgniter\Debug\Exceptions->shutdownHandler()
CRITICAL - 2024-12-09 16:14:35 --> Uncaught ErrorException: Cannot modify header information - headers already sent in D:\laragon\www\method-oldagehome\system\HTTP\ResponseTrait.php:774
Stack trace:
#0 [internal function]: CodeIgniter\Debug\Exceptions->errorHandler(2, 'Cannot modify h...', 'D:\\laragon\\www\\...', 774)
#1 D:\laragon\www\method-oldagehome\system\HTTP\ResponseTrait.php(774): setcookie('ci_session', 'j0u2cf8pvi5p3ak...', Array)
#2 D:\laragon\www\method-oldagehome\system\HTTP\ResponseTrait.php(750): CodeIgniter\HTTP\Response->doSetCookie('ci_session', 'j0u2cf8pvi5p3ak...', Array)
#3 D:\laragon\www\method-oldagehome\system\HTTP\ResponseTrait.php(730): CodeIgniter\HTTP\Response->dispatchCookies()
#4 D:\laragon\www\method-oldagehome\system\HTTP\ResponseTrait.php(447): CodeIgniter\HTTP\Response->sendCookies()
#5 D:\laragon\www\method-oldagehome\system\Debug\ExceptionHandler.php(78): CodeIgniter\HTTP\Response->send()
#6 D:\laragon\www\method-oldagehome\system\Debug\Exceptions.php(147): CodeIgniter\Debug\ExceptionHandler->handle(Object(CodeIgniter\Exceptions\PageNotFoundException), Object(CodeIgniter\HTTP\IncomingRequest), Object(CodeIgniter\HTTP\Response), 404, 1)
#7 [internal function]: CodeIgniter\Debug\Exceptions->exceptionHandler(Object(CodeIgniter\Exceptions\PageNotFoundException))
#8 {main}
  thrown
ã€Previous Exceptionã€‘
CodeIgniter\Exceptions\PageNotFoundException
Page Not Found
#0 D:\laragon\www\method-oldagehome\system\CodeIgniter.php(967): CodeIgniter\Exceptions\PageNotFoundException::forPageNotFound(NULL)
#1 D:\laragon\www\method-oldagehome\system\CodeIgniter.php(362): CodeIgniter\CodeIgniter->display404errors(Object(CodeIgniter\Exceptions\PageNotFoundException))
#2 D:\laragon\www\method-oldagehome\public\index.php(79): CodeIgniter\CodeIgniter->run()
#3 D:\laragon\www\method-oldagehome\system\Commands\Server\rewrite.php(47): require_once('D:\\laragon\\www\\...')
#4 {main}
in SYSTEMPATH\HTTP\ResponseTrait.php on line 774.
 1 [internal function]: CodeIgniter\Debug\Exceptions->shutdownHandler()
CRITICAL - 2024-12-09 16:14:37 --> Uncaught ErrorException: Cannot modify header information - headers already sent in D:\laragon\www\method-oldagehome\system\HTTP\ResponseTrait.php:774
Stack trace:
#0 [internal function]: CodeIgniter\Debug\Exceptions->errorHandler(2, 'Cannot modify h...', 'D:\\laragon\\www\\...', 774)
#1 D:\laragon\www\method-oldagehome\system\HTTP\ResponseTrait.php(774): setcookie('ci_session', 'j0u2cf8pvi5p3ak...', Array)
#2 D:\laragon\www\method-oldagehome\system\HTTP\ResponseTrait.php(750): CodeIgniter\HTTP\Response->doSetCookie('ci_session', 'j0u2cf8pvi5p3ak...', Array)
#3 D:\laragon\www\method-oldagehome\system\HTTP\ResponseTrait.php(730): CodeIgniter\HTTP\Response->dispatchCookies()
#4 D:\laragon\www\method-oldagehome\system\HTTP\ResponseTrait.php(447): CodeIgniter\HTTP\Response->sendCookies()
#5 D:\laragon\www\method-oldagehome\system\Debug\ExceptionHandler.php(78): CodeIgniter\HTTP\Response->send()
#6 D:\laragon\www\method-oldagehome\system\Debug\Exceptions.php(147): CodeIgniter\Debug\ExceptionHandler->handle(Object(CodeIgniter\Exceptions\PageNotFoundException), Object(CodeIgniter\HTTP\IncomingRequest), Object(CodeIgniter\HTTP\Response), 404, 1)
#7 [internal function]: CodeIgniter\Debug\Exceptions->exceptionHandler(Object(CodeIgniter\Exceptions\PageNotFoundException))
#8 {main}
  thrown
ã€Previous Exceptionã€‘
CodeIgniter\Exceptions\PageNotFoundException
Page Not Found
#0 D:\laragon\www\method-oldagehome\system\CodeIgniter.php(967): CodeIgniter\Exceptions\PageNotFoundException::forPageNotFound(NULL)
#1 D:\laragon\www\method-oldagehome\system\CodeIgniter.php(362): CodeIgniter\CodeIgniter->display404errors(Object(CodeIgniter\Exceptions\PageNotFoundException))
#2 D:\laragon\www\method-oldagehome\public\index.php(79): CodeIgniter\CodeIgniter->run()
#3 D:\laragon\www\method-oldagehome\system\Commands\Server\rewrite.php(47): require_once('D:\\laragon\\www\\...')
#4 {main}
in SYSTEMPATH\HTTP\ResponseTrait.php on line 774.
 1 [internal function]: CodeIgniter\Debug\Exceptions->shutdownHandler()
CRITICAL - 2024-12-09 16:14:37 --> Uncaught ErrorException: Cannot modify header information - headers already sent in D:\laragon\www\method-oldagehome\system\HTTP\ResponseTrait.php:774
Stack trace:
#0 [internal function]: CodeIgniter\Debug\Exceptions->errorHandler(2, 'Cannot modify h...', 'D:\\laragon\\www\\...', 774)
#1 D:\laragon\www\method-oldagehome\system\HTTP\ResponseTrait.php(774): setcookie('ci_session', 'j0u2cf8pvi5p3ak...', Array)
#2 D:\laragon\www\method-oldagehome\system\HTTP\ResponseTrait.php(750): CodeIgniter\HTTP\Response->doSetCookie('ci_session', 'j0u2cf8pvi5p3ak...', Array)
#3 D:\laragon\www\method-oldagehome\system\HTTP\ResponseTrait.php(730): CodeIgniter\HTTP\Response->dispatchCookies()
#4 D:\laragon\www\method-oldagehome\system\HTTP\ResponseTrait.php(447): CodeIgniter\HTTP\Response->sendCookies()
#5 D:\laragon\www\method-oldagehome\system\Debug\ExceptionHandler.php(78): CodeIgniter\HTTP\Response->send()
#6 D:\laragon\www\method-oldagehome\system\Debug\Exceptions.php(147): CodeIgniter\Debug\ExceptionHandler->handle(Object(CodeIgniter\Exceptions\PageNotFoundException), Object(CodeIgniter\HTTP\IncomingRequest), Object(CodeIgniter\HTTP\Response), 404, 1)
#7 [internal function]: CodeIgniter\Debug\Exceptions->exceptionHandler(Object(CodeIgniter\Exceptions\PageNotFoundException))
#8 {main}
  thrown
ã€Previous Exceptionã€‘
CodeIgniter\Exceptions\PageNotFoundException
Page Not Found
#0 D:\laragon\www\method-oldagehome\system\CodeIgniter.php(967): CodeIgniter\Exceptions\PageNotFoundException::forPageNotFound(NULL)
#1 D:\laragon\www\method-oldagehome\system\CodeIgniter.php(362): CodeIgniter\CodeIgniter->display404errors(Object(CodeIgniter\Exceptions\PageNotFoundException))
#2 D:\laragon\www\method-oldagehome\public\index.php(79): CodeIgniter\CodeIgniter->run()
#3 D:\laragon\www\method-oldagehome\system\Commands\Server\rewrite.php(47): require_once('D:\\laragon\\www\\...')
#4 {main}
in SYSTEMPATH\HTTP\ResponseTrait.php on line 774.
 1 [internal function]: CodeIgniter\Debug\Exceptions->shutdownHandler()
CRITICAL - 2024-12-09 16:14:43 --> Uncaught ErrorException: Cannot modify header information - headers already sent in D:\laragon\www\method-oldagehome\system\HTTP\ResponseTrait.php:774
Stack trace:
#0 [internal function]: CodeIgniter\Debug\Exceptions->errorHandler(2, 'Cannot modify h...', 'D:\\laragon\\www\\...', 774)
#1 D:\laragon\www\method-oldagehome\system\HTTP\ResponseTrait.php(774): setcookie('ci_session', 'j0u2cf8pvi5p3ak...', Array)
#2 D:\laragon\www\method-oldagehome\system\HTTP\ResponseTrait.php(750): CodeIgniter\HTTP\Response->doSetCookie('ci_session', 'j0u2cf8pvi5p3ak...', Array)
#3 D:\laragon\www\method-oldagehome\system\HTTP\ResponseTrait.php(730): CodeIgniter\HTTP\Response->dispatchCookies()
#4 D:\laragon\www\method-oldagehome\system\HTTP\ResponseTrait.php(447): CodeIgniter\HTTP\Response->sendCookies()
#5 D:\laragon\www\method-oldagehome\system\Debug\ExceptionHandler.php(78): CodeIgniter\HTTP\Response->send()
#6 D:\laragon\www\method-oldagehome\system\Debug\Exceptions.php(147): CodeIgniter\Debug\ExceptionHandler->handle(Object(CodeIgniter\Exceptions\PageNotFoundException), Object(CodeIgniter\HTTP\IncomingRequest), Object(CodeIgniter\HTTP\Response), 404, 1)
#7 [internal function]: CodeIgniter\Debug\Exceptions->exceptionHandler(Object(CodeIgniter\Exceptions\PageNotFoundException))
#8 {main}
  thrown
ã€Previous Exceptionã€‘
CodeIgniter\Exceptions\PageNotFoundException
Page Not Found
#0 D:\laragon\www\method-oldagehome\system\CodeIgniter.php(967): CodeIgniter\Exceptions\PageNotFoundException::forPageNotFound(NULL)
#1 D:\laragon\www\method-oldagehome\system\CodeIgniter.php(362): CodeIgniter\CodeIgniter->display404errors(Object(CodeIgniter\Exceptions\PageNotFoundException))
#2 D:\laragon\www\method-oldagehome\public\index.php(79): CodeIgniter\CodeIgniter->run()
#3 D:\laragon\www\method-oldagehome\system\Commands\Server\rewrite.php(47): require_once('D:\\laragon\\www\\...')
#4 {main}
in SYSTEMPATH\HTTP\ResponseTrait.php on line 774.
 1 [internal function]: CodeIgniter\Debug\Exceptions->shutdownHandler()
CRITICAL - 2024-12-09 16:14:44 --> Uncaught ErrorException: Cannot modify header information - headers already sent in D:\laragon\www\method-oldagehome\system\HTTP\ResponseTrait.php:774
Stack trace:
#0 [internal function]: CodeIgniter\Debug\Exceptions->errorHandler(2, 'Cannot modify h...', 'D:\\laragon\\www\\...', 774)
#1 D:\laragon\www\method-oldagehome\system\HTTP\ResponseTrait.php(774): setcookie('ci_session', 'j0u2cf8pvi5p3ak...', Array)
#2 D:\laragon\www\method-oldagehome\system\HTTP\ResponseTrait.php(750): CodeIgniter\HTTP\Response->doSetCookie('ci_session', 'j0u2cf8pvi5p3ak...', Array)
#3 D:\laragon\www\method-oldagehome\system\HTTP\ResponseTrait.php(730): CodeIgniter\HTTP\Response->dispatchCookies()
#4 D:\laragon\www\method-oldagehome\system\HTTP\ResponseTrait.php(447): CodeIgniter\HTTP\Response->sendCookies()
#5 D:\laragon\www\method-oldagehome\system\Debug\ExceptionHandler.php(78): CodeIgniter\HTTP\Response->send()
#6 D:\laragon\www\method-oldagehome\system\Debug\Exceptions.php(147): CodeIgniter\Debug\ExceptionHandler->handle(Object(CodeIgniter\Exceptions\PageNotFoundException), Object(CodeIgniter\HTTP\IncomingRequest), Object(CodeIgniter\HTTP\Response), 404, 1)
#7 [internal function]: CodeIgniter\Debug\Exceptions->exceptionHandler(Object(CodeIgniter\Exceptions\PageNotFoundException))
#8 {main}
  thrown
ã€Previous Exceptionã€‘
CodeIgniter\Exceptions\PageNotFoundException
Page Not Found
#0 D:\laragon\www\method-oldagehome\system\CodeIgniter.php(967): CodeIgniter\Exceptions\PageNotFoundException::forPageNotFound(NULL)
#1 D:\laragon\www\method-oldagehome\system\CodeIgniter.php(362): CodeIgniter\CodeIgniter->display404errors(Object(CodeIgniter\Exceptions\PageNotFoundException))
#2 D:\laragon\www\method-oldagehome\public\index.php(79): CodeIgniter\CodeIgniter->run()
#3 D:\laragon\www\method-oldagehome\system\Commands\Server\rewrite.php(47): require_once('D:\\laragon\\www\\...')
#4 {main}
in SYSTEMPATH\HTTP\ResponseTrait.php on line 774.
 1 [internal function]: CodeIgniter\Debug\Exceptions->shutdownHandler()
CRITICAL - 2024-12-09 16:14:45 --> Uncaught ErrorException: Cannot modify header information - headers already sent in D:\laragon\www\method-oldagehome\system\HTTP\ResponseTrait.php:774
Stack trace:
#0 [internal function]: CodeIgniter\Debug\Exceptions->errorHandler(2, 'Cannot modify h...', 'D:\\laragon\\www\\...', 774)
#1 D:\laragon\www\method-oldagehome\system\HTTP\ResponseTrait.php(774): setcookie('ci_session', 'j0u2cf8pvi5p3ak...', Array)
#2 D:\laragon\www\method-oldagehome\system\HTTP\ResponseTrait.php(750): CodeIgniter\HTTP\Response->doSetCookie('ci_session', 'j0u2cf8pvi5p3ak...', Array)
#3 D:\laragon\www\method-oldagehome\system\HTTP\ResponseTrait.php(730): CodeIgniter\HTTP\Response->dispatchCookies()
#4 D:\laragon\www\method-oldagehome\system\HTTP\ResponseTrait.php(447): CodeIgniter\HTTP\Response->sendCookies()
#5 D:\laragon\www\method-oldagehome\system\Debug\ExceptionHandler.php(78): CodeIgniter\HTTP\Response->send()
#6 D:\laragon\www\method-oldagehome\system\Debug\Exceptions.php(147): CodeIgniter\Debug\ExceptionHandler->handle(Object(CodeIgniter\Exceptions\PageNotFoundException), Object(CodeIgniter\HTTP\IncomingRequest), Object(CodeIgniter\HTTP\Response), 404, 1)
#7 [internal function]: CodeIgniter\Debug\Exceptions->exceptionHandler(Object(CodeIgniter\Exceptions\PageNotFoundException))
#8 {main}
  thrown
ã€Previous Exceptionã€‘
CodeIgniter\Exceptions\PageNotFoundException
Page Not Found
#0 D:\laragon\www\method-oldagehome\system\CodeIgniter.php(967): CodeIgniter\Exceptions\PageNotFoundException::forPageNotFound(NULL)
#1 D:\laragon\www\method-oldagehome\system\CodeIgniter.php(362): CodeIgniter\CodeIgniter->display404errors(Object(CodeIgniter\Exceptions\PageNotFoundException))
#2 D:\laragon\www\method-oldagehome\public\index.php(79): CodeIgniter\CodeIgniter->run()
#3 D:\laragon\www\method-oldagehome\system\Commands\Server\rewrite.php(47): require_once('D:\\laragon\\www\\...')
#4 {main}
in SYSTEMPATH\HTTP\ResponseTrait.php on line 774.
 1 [internal function]: CodeIgniter\Debug\Exceptions->shutdownHandler()
CRITICAL - 2024-12-09 16:14:46 --> Uncaught ErrorException: Cannot modify header information - headers already sent in D:\laragon\www\method-oldagehome\system\HTTP\ResponseTrait.php:774
Stack trace:
#0 [internal function]: CodeIgniter\Debug\Exceptions->errorHandler(2, 'Cannot modify h...', 'D:\\laragon\\www\\...', 774)
#1 D:\laragon\www\method-oldagehome\system\HTTP\ResponseTrait.php(774): setcookie('ci_session', 'j0u2cf8pvi5p3ak...', Array)
#2 D:\laragon\www\method-oldagehome\system\HTTP\ResponseTrait.php(750): CodeIgniter\HTTP\Response->doSetCookie('ci_session', 'j0u2cf8pvi5p3ak...', Array)
#3 D:\laragon\www\method-oldagehome\system\HTTP\ResponseTrait.php(730): CodeIgniter\HTTP\Response->dispatchCookies()
#4 D:\laragon\www\method-oldagehome\system\HTTP\ResponseTrait.php(447): CodeIgniter\HTTP\Response->sendCookies()
#5 D:\laragon\www\method-oldagehome\system\Debug\ExceptionHandler.php(78): CodeIgniter\HTTP\Response->send()
#6 D:\laragon\www\method-oldagehome\system\Debug\Exceptions.php(147): CodeIgniter\Debug\ExceptionHandler->handle(Object(CodeIgniter\Exceptions\PageNotFoundException), Object(CodeIgniter\HTTP\IncomingRequest), Object(CodeIgniter\HTTP\Response), 404, 1)
#7 [internal function]: CodeIgniter\Debug\Exceptions->exceptionHandler(Object(CodeIgniter\Exceptions\PageNotFoundException))
#8 {main}
  thrown
ã€Previous Exceptionã€‘
CodeIgniter\Exceptions\PageNotFoundException
Page Not Found
#0 D:\laragon\www\method-oldagehome\system\CodeIgniter.php(967): CodeIgniter\Exceptions\PageNotFoundException::forPageNotFound(NULL)
#1 D:\laragon\www\method-oldagehome\system\CodeIgniter.php(362): CodeIgniter\CodeIgniter->display404errors(Object(CodeIgniter\Exceptions\PageNotFoundException))
#2 D:\laragon\www\method-oldagehome\public\index.php(79): CodeIgniter\CodeIgniter->run()
#3 D:\laragon\www\method-oldagehome\system\Commands\Server\rewrite.php(47): require_once('D:\\laragon\\www\\...')
#4 {main}
in SYSTEMPATH\HTTP\ResponseTrait.php on line 774.
 1 [internal function]: CodeIgniter\Debug\Exceptions->shutdownHandler()
CRITICAL - 2024-12-09 16:14:47 --> Uncaught ErrorException: Cannot modify header information - headers already sent in D:\laragon\www\method-oldagehome\system\HTTP\ResponseTrait.php:774
Stack trace:
#0 [internal function]: CodeIgniter\Debug\Exceptions->errorHandler(2, 'Cannot modify h...', 'D:\\laragon\\www\\...', 774)
#1 D:\laragon\www\method-oldagehome\system\HTTP\ResponseTrait.php(774): setcookie('ci_session', 'j0u2cf8pvi5p3ak...', Array)
#2 D:\laragon\www\method-oldagehome\system\HTTP\ResponseTrait.php(750): CodeIgniter\HTTP\Response->doSetCookie('ci_session', 'j0u2cf8pvi5p3ak...', Array)
#3 D:\laragon\www\method-oldagehome\system\HTTP\ResponseTrait.php(730): CodeIgniter\HTTP\Response->dispatchCookies()
#4 D:\laragon\www\method-oldagehome\system\HTTP\ResponseTrait.php(447): CodeIgniter\HTTP\Response->sendCookies()
#5 D:\laragon\www\method-oldagehome\system\Debug\ExceptionHandler.php(78): CodeIgniter\HTTP\Response->send()
#6 D:\laragon\www\method-oldagehome\system\Debug\Exceptions.php(147): CodeIgniter\Debug\ExceptionHandler->handle(Object(CodeIgniter\Exceptions\PageNotFoundException), Object(CodeIgniter\HTTP\IncomingRequest), Object(CodeIgniter\HTTP\Response), 404, 1)
#7 [internal function]: CodeIgniter\Debug\Exceptions->exceptionHandler(Object(CodeIgniter\Exceptions\PageNotFoundException))
#8 {main}
  thrown
ã€Previous Exceptionã€‘
CodeIgniter\Exceptions\PageNotFoundException
Page Not Found
#0 D:\laragon\www\method-oldagehome\system\CodeIgniter.php(967): CodeIgniter\Exceptions\PageNotFoundException::forPageNotFound(NULL)
#1 D:\laragon\www\method-oldagehome\system\CodeIgniter.php(362): CodeIgniter\CodeIgniter->display404errors(Object(CodeIgniter\Exceptions\PageNotFoundException))
#2 D:\laragon\www\method-oldagehome\public\index.php(79): CodeIgniter\CodeIgniter->run()
#3 D:\laragon\www\method-oldagehome\system\Commands\Server\rewrite.php(47): require_once('D:\\laragon\\www\\...')
#4 {main}
in SYSTEMPATH\HTTP\ResponseTrait.php on line 774.
 1 [internal function]: CodeIgniter\Debug\Exceptions->shutdownHandler()
CRITICAL - 2024-12-09 16:14:48 --> Uncaught ErrorException: Cannot modify header information - headers already sent in D:\laragon\www\method-oldagehome\system\HTTP\ResponseTrait.php:774
Stack trace:
#0 [internal function]: CodeIgniter\Debug\Exceptions->errorHandler(2, 'Cannot modify h...', 'D:\\laragon\\www\\...', 774)
#1 D:\laragon\www\method-oldagehome\system\HTTP\ResponseTrait.php(774): setcookie('ci_session', 'j0u2cf8pvi5p3ak...', Array)
#2 D:\laragon\www\method-oldagehome\system\HTTP\ResponseTrait.php(750): CodeIgniter\HTTP\Response->doSetCookie('ci_session', 'j0u2cf8pvi5p3ak...', Array)
#3 D:\laragon\www\method-oldagehome\system\HTTP\ResponseTrait.php(730): CodeIgniter\HTTP\Response->dispatchCookies()
#4 D:\laragon\www\method-oldagehome\system\HTTP\ResponseTrait.php(447): CodeIgniter\HTTP\Response->sendCookies()
#5 D:\laragon\www\method-oldagehome\system\Debug\ExceptionHandler.php(78): CodeIgniter\HTTP\Response->send()
#6 D:\laragon\www\method-oldagehome\system\Debug\Exceptions.php(147): CodeIgniter\Debug\ExceptionHandler->handle(Object(CodeIgniter\Exceptions\PageNotFoundException), Object(CodeIgniter\HTTP\IncomingRequest), Object(CodeIgniter\HTTP\Response), 404, 1)
#7 [internal function]: CodeIgniter\Debug\Exceptions->exceptionHandler(Object(CodeIgniter\Exceptions\PageNotFoundException))
#8 {main}
  thrown
ã€Previous Exceptionã€‘
CodeIgniter\Exceptions\PageNotFoundException
Page Not Found
#0 D:\laragon\www\method-oldagehome\system\CodeIgniter.php(967): CodeIgniter\Exceptions\PageNotFoundException::forPageNotFound(NULL)
#1 D:\laragon\www\method-oldagehome\system\CodeIgniter.php(362): CodeIgniter\CodeIgniter->display404errors(Object(CodeIgniter\Exceptions\PageNotFoundException))
#2 D:\laragon\www\method-oldagehome\public\index.php(79): CodeIgniter\CodeIgniter->run()
#3 D:\laragon\www\method-oldagehome\system\Commands\Server\rewrite.php(47): require_once('D:\\laragon\\www\\...')
#4 {main}
in SYSTEMPATH\HTTP\ResponseTrait.php on line 774.
 1 [internal function]: CodeIgniter\Debug\Exceptions->shutdownHandler()
CRITICAL - 2024-12-09 16:14:49 --> Uncaught ErrorException: Cannot modify header information - headers already sent in D:\laragon\www\method-oldagehome\system\HTTP\ResponseTrait.php:774
Stack trace:
#0 [internal function]: CodeIgniter\Debug\Exceptions->errorHandler(2, 'Cannot modify h...', 'D:\\laragon\\www\\...', 774)
#1 D:\laragon\www\method-oldagehome\system\HTTP\ResponseTrait.php(774): setcookie('ci_session', 'j0u2cf8pvi5p3ak...', Array)
#2 D:\laragon\www\method-oldagehome\system\HTTP\ResponseTrait.php(750): CodeIgniter\HTTP\Response->doSetCookie('ci_session', 'j0u2cf8pvi5p3ak...', Array)
#3 D:\laragon\www\method-oldagehome\system\HTTP\ResponseTrait.php(730): CodeIgniter\HTTP\Response->dispatchCookies()
#4 D:\laragon\www\method-oldagehome\system\HTTP\ResponseTrait.php(447): CodeIgniter\HTTP\Response->sendCookies()
#5 D:\laragon\www\method-oldagehome\system\Debug\ExceptionHandler.php(78): CodeIgniter\HTTP\Response->send()
#6 D:\laragon\www\method-oldagehome\system\Debug\Exceptions.php(147): CodeIgniter\Debug\ExceptionHandler->handle(Object(CodeIgniter\Exceptions\PageNotFoundException), Object(CodeIgniter\HTTP\IncomingRequest), Object(CodeIgniter\HTTP\Response), 404, 1)
#7 [internal function]: CodeIgniter\Debug\Exceptions->exceptionHandler(Object(CodeIgniter\Exceptions\PageNotFoundException))
#8 {main}
  thrown
ã€Previous Exceptionã€‘
CodeIgniter\Exceptions\PageNotFoundException
Page Not Found
#0 D:\laragon\www\method-oldagehome\system\CodeIgniter.php(967): CodeIgniter\Exceptions\PageNotFoundException::forPageNotFound(NULL)
#1 D:\laragon\www\method-oldagehome\system\CodeIgniter.php(362): CodeIgniter\CodeIgniter->display404errors(Object(CodeIgniter\Exceptions\PageNotFoundException))
#2 D:\laragon\www\method-oldagehome\public\index.php(79): CodeIgniter\CodeIgniter->run()
#3 D:\laragon\www\method-oldagehome\system\Commands\Server\rewrite.php(47): require_once('D:\\laragon\\www\\...')
#4 {main}
in SYSTEMPATH\HTTP\ResponseTrait.php on line 774.
 1 [internal function]: CodeIgniter\Debug\Exceptions->shutdownHandler()
CRITICAL - 2024-12-09 16:14:50 --> Uncaught ErrorException: Cannot modify header information - headers already sent in D:\laragon\www\method-oldagehome\system\HTTP\ResponseTrait.php:774
Stack trace:
#0 [internal function]: CodeIgniter\Debug\Exceptions->errorHandler(2, 'Cannot modify h...', 'D:\\laragon\\www\\...', 774)
#1 D:\laragon\www\method-oldagehome\system\HTTP\ResponseTrait.php(774): setcookie('ci_session', 'j0u2cf8pvi5p3ak...', Array)
#2 D:\laragon\www\method-oldagehome\system\HTTP\ResponseTrait.php(750): CodeIgniter\HTTP\Response->doSetCookie('ci_session', 'j0u2cf8pvi5p3ak...', Array)
#3 D:\laragon\www\method-oldagehome\system\HTTP\ResponseTrait.php(730): CodeIgniter\HTTP\Response->dispatchCookies()
#4 D:\laragon\www\method-oldagehome\system\HTTP\ResponseTrait.php(447): CodeIgniter\HTTP\Response->sendCookies()
#5 D:\laragon\www\method-oldagehome\system\Debug\ExceptionHandler.php(78): CodeIgniter\HTTP\Response->send()
#6 D:\laragon\www\method-oldagehome\system\Debug\Exceptions.php(147): CodeIgniter\Debug\ExceptionHandler->handle(Object(CodeIgniter\Exceptions\PageNotFoundException), Object(CodeIgniter\HTTP\IncomingRequest), Object(CodeIgniter\HTTP\Response), 404, 1)
#7 [internal function]: CodeIgniter\Debug\Exceptions->exceptionHandler(Object(CodeIgniter\Exceptions\PageNotFoundException))
#8 {main}
  thrown
ã€Previous Exceptionã€‘
CodeIgniter\Exceptions\PageNotFoundException
Page Not Found
#0 D:\laragon\www\method-oldagehome\system\CodeIgniter.php(967): CodeIgniter\Exceptions\PageNotFoundException::forPageNotFound(NULL)
#1 D:\laragon\www\method-oldagehome\system\CodeIgniter.php(362): CodeIgniter\CodeIgniter->display404errors(Object(CodeIgniter\Exceptions\PageNotFoundException))
#2 D:\laragon\www\method-oldagehome\public\index.php(79): CodeIgniter\CodeIgniter->run()
#3 D:\laragon\www\method-oldagehome\system\Commands\Server\rewrite.php(47): require_once('D:\\laragon\\www\\...')
#4 {main}
in SYSTEMPATH\HTTP\ResponseTrait.php on line 774.
 1 [internal function]: CodeIgniter\Debug\Exceptions->shutdownHandler()
CRITICAL - 2024-12-09 16:14:51 --> Uncaught ErrorException: Cannot modify header information - headers already sent in D:\laragon\www\method-oldagehome\system\HTTP\ResponseTrait.php:774
Stack trace:
#0 [internal function]: CodeIgniter\Debug\Exceptions->errorHandler(2, 'Cannot modify h...', 'D:\\laragon\\www\\...', 774)
#1 D:\laragon\www\method-oldagehome\system\HTTP\ResponseTrait.php(774): setcookie('ci_session', 'j0u2cf8pvi5p3ak...', Array)
#2 D:\laragon\www\method-oldagehome\system\HTTP\ResponseTrait.php(750): CodeIgniter\HTTP\Response->doSetCookie('ci_session', 'j0u2cf8pvi5p3ak...', Array)
#3 D:\laragon\www\method-oldagehome\system\HTTP\ResponseTrait.php(730): CodeIgniter\HTTP\Response->dispatchCookies()
#4 D:\laragon\www\method-oldagehome\system\HTTP\ResponseTrait.php(447): CodeIgniter\HTTP\Response->sendCookies()
#5 D:\laragon\www\method-oldagehome\system\Debug\ExceptionHandler.php(78): CodeIgniter\HTTP\Response->send()
#6 D:\laragon\www\method-oldagehome\system\Debug\Exceptions.php(147): CodeIgniter\Debug\ExceptionHandler->handle(Object(CodeIgniter\Exceptions\PageNotFoundException), Object(CodeIgniter\HTTP\IncomingRequest), Object(CodeIgniter\HTTP\Response), 404, 1)
#7 [internal function]: CodeIgniter\Debug\Exceptions->exceptionHandler(Object(CodeIgniter\Exceptions\PageNotFoundException))
#8 {main}
  thrown
ã€Previous Exceptionã€‘
CodeIgniter\Exceptions\PageNotFoundException
Page Not Found
#0 D:\laragon\www\method-oldagehome\system\CodeIgniter.php(967): CodeIgniter\Exceptions\PageNotFoundException::forPageNotFound(NULL)
#1 D:\laragon\www\method-oldagehome\system\CodeIgniter.php(362): CodeIgniter\CodeIgniter->display404errors(Object(CodeIgniter\Exceptions\PageNotFoundException))
#2 D:\laragon\www\method-oldagehome\public\index.php(79): CodeIgniter\CodeIgniter->run()
#3 D:\laragon\www\method-oldagehome\system\Commands\Server\rewrite.php(47): require_once('D:\\laragon\\www\\...')
#4 {main}
in SYSTEMPATH\HTTP\ResponseTrait.php on line 774.
 1 [internal function]: CodeIgniter\Debug\Exceptions->shutdownHandler()
CRITICAL - 2024-12-09 16:14:52 --> Uncaught ErrorException: Cannot modify header information - headers already sent in D:\laragon\www\method-oldagehome\system\HTTP\ResponseTrait.php:774
Stack trace:
#0 [internal function]: CodeIgniter\Debug\Exceptions->errorHandler(2, 'Cannot modify h...', 'D:\\laragon\\www\\...', 774)
#1 D:\laragon\www\method-oldagehome\system\HTTP\ResponseTrait.php(774): setcookie('ci_session', 'j0u2cf8pvi5p3ak...', Array)
#2 D:\laragon\www\method-oldagehome\system\HTTP\ResponseTrait.php(750): CodeIgniter\HTTP\Response->doSetCookie('ci_session', 'j0u2cf8pvi5p3ak...', Array)
#3 D:\laragon\www\method-oldagehome\system\HTTP\ResponseTrait.php(730): CodeIgniter\HTTP\Response->dispatchCookies()
#4 D:\laragon\www\method-oldagehome\system\HTTP\ResponseTrait.php(447): CodeIgniter\HTTP\Response->sendCookies()
#5 D:\laragon\www\method-oldagehome\system\Debug\ExceptionHandler.php(78): CodeIgniter\HTTP\Response->send()
#6 D:\laragon\www\method-oldagehome\system\Debug\Exceptions.php(147): CodeIgniter\Debug\ExceptionHandler->handle(Object(CodeIgniter\Exceptions\PageNotFoundException), Object(CodeIgniter\HTTP\IncomingRequest), Object(CodeIgniter\HTTP\Response), 404, 1)
#7 [internal function]: CodeIgniter\Debug\Exceptions->exceptionHandler(Object(CodeIgniter\Exceptions\PageNotFoundException))
#8 {main}
  thrown
ã€Previous Exceptionã€‘
CodeIgniter\Exceptions\PageNotFoundException
Page Not Found
#0 D:\laragon\www\method-oldagehome\system\CodeIgniter.php(967): CodeIgniter\Exceptions\PageNotFoundException::forPageNotFound(NULL)
#1 D:\laragon\www\method-oldagehome\system\CodeIgniter.php(362): CodeIgniter\CodeIgniter->display404errors(Object(CodeIgniter\Exceptions\PageNotFoundException))
#2 D:\laragon\www\method-oldagehome\public\index.php(79): CodeIgniter\CodeIgniter->run()
#3 D:\laragon\www\method-oldagehome\system\Commands\Server\rewrite.php(47): require_once('D:\\laragon\\www\\...')
#4 {main}
in SYSTEMPATH\HTTP\ResponseTrait.php on line 774.
 1 [internal function]: CodeIgniter\Debug\Exceptions->shutdownHandler()
CRITICAL - 2024-12-09 16:15:28 --> Uncaught ErrorException: Cannot modify header information - headers already sent in D:\laragon\www\method-oldagehome\system\HTTP\ResponseTrait.php:774
Stack trace:
#0 [internal function]: CodeIgniter\Debug\Exceptions->errorHandler(2, 'Cannot modify h...', 'D:\\laragon\\www\\...', 774)
#1 D:\laragon\www\method-oldagehome\system\HTTP\ResponseTrait.php(774): setcookie('ci_session', 'j0u2cf8pvi5p3ak...', Array)
#2 D:\laragon\www\method-oldagehome\system\HTTP\ResponseTrait.php(750): CodeIgniter\HTTP\Response->doSetCookie('ci_session', 'j0u2cf8pvi5p3ak...', Array)
#3 D:\laragon\www\method-oldagehome\system\HTTP\ResponseTrait.php(730): CodeIgniter\HTTP\Response->dispatchCookies()
#4 D:\laragon\www\method-oldagehome\system\HTTP\ResponseTrait.php(447): CodeIgniter\HTTP\Response->sendCookies()
#5 D:\laragon\www\method-oldagehome\system\Debug\ExceptionHandler.php(78): CodeIgniter\HTTP\Response->send()
#6 D:\laragon\www\method-oldagehome\system\Debug\Exceptions.php(147): CodeIgniter\Debug\ExceptionHandler->handle(Object(CodeIgniter\Exceptions\PageNotFoundException), Object(CodeIgniter\HTTP\IncomingRequest), Object(CodeIgniter\HTTP\Response), 404, 1)
#7 [internal function]: CodeIgniter\Debug\Exceptions->exceptionHandler(Object(CodeIgniter\Exceptions\PageNotFoundException))
#8 {main}
  thrown
ã€Previous Exceptionã€‘
CodeIgniter\Exceptions\PageNotFoundException
Page Not Found
#0 D:\laragon\www\method-oldagehome\system\CodeIgniter.php(967): CodeIgniter\Exceptions\PageNotFoundException::forPageNotFound(NULL)
#1 D:\laragon\www\method-oldagehome\system\CodeIgniter.php(362): CodeIgniter\CodeIgniter->display404errors(Object(CodeIgniter\Exceptions\PageNotFoundException))
#2 D:\laragon\www\method-oldagehome\public\index.php(79): CodeIgniter\CodeIgniter->run()
#3 D:\laragon\www\method-oldagehome\system\Commands\Server\rewrite.php(47): require_once('D:\\laragon\\www\\...')
#4 {main}
in SYSTEMPATH\HTTP\ResponseTrait.php on line 774.
 1 [internal function]: CodeIgniter\Debug\Exceptions->shutdownHandler()
CRITICAL - 2024-12-09 16:15:29 --> Uncaught ErrorException: Cannot modify header information - headers already sent in D:\laragon\www\method-oldagehome\system\HTTP\ResponseTrait.php:774
Stack trace:
#0 [internal function]: CodeIgniter\Debug\Exceptions->errorHandler(2, 'Cannot modify h...', 'D:\\laragon\\www\\...', 774)
#1 D:\laragon\www\method-oldagehome\system\HTTP\ResponseTrait.php(774): setcookie('ci_session', 'j0u2cf8pvi5p3ak...', Array)
#2 D:\laragon\www\method-oldagehome\system\HTTP\ResponseTrait.php(750): CodeIgniter\HTTP\Response->doSetCookie('ci_session', 'j0u2cf8pvi5p3ak...', Array)
#3 D:\laragon\www\method-oldagehome\system\HTTP\ResponseTrait.php(730): CodeIgniter\HTTP\Response->dispatchCookies()
#4 D:\laragon\www\method-oldagehome\system\HTTP\ResponseTrait.php(447): CodeIgniter\HTTP\Response->sendCookies()
#5 D:\laragon\www\method-oldagehome\system\Debug\ExceptionHandler.php(78): CodeIgniter\HTTP\Response->send()
#6 D:\laragon\www\method-oldagehome\system\Debug\Exceptions.php(147): CodeIgniter\Debug\ExceptionHandler->handle(Object(CodeIgniter\Exceptions\PageNotFoundException), Object(CodeIgniter\HTTP\IncomingRequest), Object(CodeIgniter\HTTP\Response), 404, 1)
#7 [internal function]: CodeIgniter\Debug\Exceptions->exceptionHandler(Object(CodeIgniter\Exceptions\PageNotFoundException))
#8 {main}
  thrown
ã€Previous Exceptionã€‘
CodeIgniter\Exceptions\PageNotFoundException
Page Not Found
#0 D:\laragon\www\method-oldagehome\system\CodeIgniter.php(967): CodeIgniter\Exceptions\PageNotFoundException::forPageNotFound(NULL)
#1 D:\laragon\www\method-oldagehome\system\CodeIgniter.php(362): CodeIgniter\CodeIgniter->display404errors(Object(CodeIgniter\Exceptions\PageNotFoundException))
#2 D:\laragon\www\method-oldagehome\public\index.php(79): CodeIgniter\CodeIgniter->run()
#3 D:\laragon\www\method-oldagehome\system\Commands\Server\rewrite.php(47): require_once('D:\\laragon\\www\\...')
#4 {main}
in SYSTEMPATH\HTTP\ResponseTrait.php on line 774.
 1 [internal function]: CodeIgniter\Debug\Exceptions->shutdownHandler()
CRITICAL - 2024-12-09 16:15:30 --> Uncaught ErrorException: Cannot modify header information - headers already sent in D:\laragon\www\method-oldagehome\system\HTTP\ResponseTrait.php:774
Stack trace:
#0 [internal function]: CodeIgniter\Debug\Exceptions->errorHandler(2, 'Cannot modify h...', 'D:\\laragon\\www\\...', 774)
#1 D:\laragon\www\method-oldagehome\system\HTTP\ResponseTrait.php(774): setcookie('ci_session', 'j0u2cf8pvi5p3ak...', Array)
#2 D:\laragon\www\method-oldagehome\system\HTTP\ResponseTrait.php(750): CodeIgniter\HTTP\Response->doSetCookie('ci_session', 'j0u2cf8pvi5p3ak...', Array)
#3 D:\laragon\www\method-oldagehome\system\HTTP\ResponseTrait.php(730): CodeIgniter\HTTP\Response->dispatchCookies()
#4 D:\laragon\www\method-oldagehome\system\HTTP\ResponseTrait.php(447): CodeIgniter\HTTP\Response->sendCookies()
#5 D:\laragon\www\method-oldagehome\system\Debug\ExceptionHandler.php(78): CodeIgniter\HTTP\Response->send()
#6 D:\laragon\www\method-oldagehome\system\Debug\Exceptions.php(147): CodeIgniter\Debug\ExceptionHandler->handle(Object(CodeIgniter\Exceptions\PageNotFoundException), Object(CodeIgniter\HTTP\IncomingRequest), Object(CodeIgniter\HTTP\Response), 404, 1)
#7 [internal function]: CodeIgniter\Debug\Exceptions->exceptionHandler(Object(CodeIgniter\Exceptions\PageNotFoundException))
#8 {main}
  thrown
ã€Previous Exceptionã€‘
CodeIgniter\Exceptions\PageNotFoundException
Page Not Found
#0 D:\laragon\www\method-oldagehome\system\CodeIgniter.php(967): CodeIgniter\Exceptions\PageNotFoundException::forPageNotFound(NULL)
#1 D:\laragon\www\method-oldagehome\system\CodeIgniter.php(362): CodeIgniter\CodeIgniter->display404errors(Object(CodeIgniter\Exceptions\PageNotFoundException))
#2 D:\laragon\www\method-oldagehome\public\index.php(79): CodeIgniter\CodeIgniter->run()
#3 D:\laragon\www\method-oldagehome\system\Commands\Server\rewrite.php(47): require_once('D:\\laragon\\www\\...')
#4 {main}
in SYSTEMPATH\HTTP\ResponseTrait.php on line 774.
 1 [internal function]: CodeIgniter\Debug\Exceptions->shutdownHandler()
CRITICAL - 2024-12-09 16:15:31 --> Uncaught ErrorException: Cannot modify header information - headers already sent in D:\laragon\www\method-oldagehome\system\HTTP\ResponseTrait.php:774
Stack trace:
#0 [internal function]: CodeIgniter\Debug\Exceptions->errorHandler(2, 'Cannot modify h...', 'D:\\laragon\\www\\...', 774)
#1 D:\laragon\www\method-oldagehome\system\HTTP\ResponseTrait.php(774): setcookie('ci_session', 'j0u2cf8pvi5p3ak...', Array)
#2 D:\laragon\www\method-oldagehome\system\HTTP\ResponseTrait.php(750): CodeIgniter\HTTP\Response->doSetCookie('ci_session', 'j0u2cf8pvi5p3ak...', Array)
#3 D:\laragon\www\method-oldagehome\system\HTTP\ResponseTrait.php(730): CodeIgniter\HTTP\Response->dispatchCookies()
#4 D:\laragon\www\method-oldagehome\system\HTTP\ResponseTrait.php(447): CodeIgniter\HTTP\Response->sendCookies()
#5 D:\laragon\www\method-oldagehome\system\Debug\ExceptionHandler.php(78): CodeIgniter\HTTP\Response->send()
#6 D:\laragon\www\method-oldagehome\system\Debug\Exceptions.php(147): CodeIgniter\Debug\ExceptionHandler->handle(Object(CodeIgniter\Exceptions\PageNotFoundException), Object(CodeIgniter\HTTP\IncomingRequest), Object(CodeIgniter\HTTP\Response), 404, 1)
#7 [internal function]: CodeIgniter\Debug\Exceptions->exceptionHandler(Object(CodeIgniter\Exceptions\PageNotFoundException))
#8 {main}
  thrown
ã€Previous Exceptionã€‘
CodeIgniter\Exceptions\PageNotFoundException
Page Not Found
#0 D:\laragon\www\method-oldagehome\system\CodeIgniter.php(967): CodeIgniter\Exceptions\PageNotFoundException::forPageNotFound(NULL)
#1 D:\laragon\www\method-oldagehome\system\CodeIgniter.php(362): CodeIgniter\CodeIgniter->display404errors(Object(CodeIgniter\Exceptions\PageNotFoundException))
#2 D:\laragon\www\method-oldagehome\public\index.php(79): CodeIgniter\CodeIgniter->run()
#3 D:\laragon\www\method-oldagehome\system\Commands\Server\rewrite.php(47): require_once('D:\\laragon\\www\\...')
#4 {main}
in SYSTEMPATH\HTTP\ResponseTrait.php on line 774.
 1 [internal function]: CodeIgniter\Debug\Exceptions->shutdownHandler()
CRITICAL - 2024-12-09 16:15:32 --> Uncaught ErrorException: Cannot modify header information - headers already sent in D:\laragon\www\method-oldagehome\system\HTTP\ResponseTrait.php:774
Stack trace:
#0 [internal function]: CodeIgniter\Debug\Exceptions->errorHandler(2, 'Cannot modify h...', 'D:\\laragon\\www\\...', 774)
#1 D:\laragon\www\method-oldagehome\system\HTTP\ResponseTrait.php(774): setcookie('ci_session', 'j0u2cf8pvi5p3ak...', Array)
#2 D:\laragon\www\method-oldagehome\system\HTTP\ResponseTrait.php(750): CodeIgniter\HTTP\Response->doSetCookie('ci_session', 'j0u2cf8pvi5p3ak...', Array)
#3 D:\laragon\www\method-oldagehome\system\HTTP\ResponseTrait.php(730): CodeIgniter\HTTP\Response->dispatchCookies()
#4 D:\laragon\www\method-oldagehome\system\HTTP\ResponseTrait.php(447): CodeIgniter\HTTP\Response->sendCookies()
#5 D:\laragon\www\method-oldagehome\system\Debug\ExceptionHandler.php(78): CodeIgniter\HTTP\Response->send()
#6 D:\laragon\www\method-oldagehome\system\Debug\Exceptions.php(147): CodeIgniter\Debug\ExceptionHandler->handle(Object(CodeIgniter\Exceptions\PageNotFoundException), Object(CodeIgniter\HTTP\IncomingRequest), Object(CodeIgniter\HTTP\Response), 404, 1)
#7 [internal function]: CodeIgniter\Debug\Exceptions->exceptionHandler(Object(CodeIgniter\Exceptions\PageNotFoundException))
#8 {main}
  thrown
ã€Previous Exceptionã€‘
CodeIgniter\Exceptions\PageNotFoundException
Page Not Found
#0 D:\laragon\www\method-oldagehome\system\CodeIgniter.php(967): CodeIgniter\Exceptions\PageNotFoundException::forPageNotFound(NULL)
#1 D:\laragon\www\method-oldagehome\system\CodeIgniter.php(362): CodeIgniter\CodeIgniter->display404errors(Object(CodeIgniter\Exceptions\PageNotFoundException))
#2 D:\laragon\www\method-oldagehome\public\index.php(79): CodeIgniter\CodeIgniter->run()
#3 D:\laragon\www\method-oldagehome\system\Commands\Server\rewrite.php(47): require_once('D:\\laragon\\www\\...')
#4 {main}
in SYSTEMPATH\HTTP\ResponseTrait.php on line 774.
 1 [internal function]: CodeIgniter\Debug\Exceptions->shutdownHandler()
CRITICAL - 2024-12-09 16:15:33 --> Uncaught ErrorException: Cannot modify header information - headers already sent in D:\laragon\www\method-oldagehome\system\HTTP\ResponseTrait.php:774
Stack trace:
#0 [internal function]: CodeIgniter\Debug\Exceptions->errorHandler(2, 'Cannot modify h...', 'D:\\laragon\\www\\...', 774)
#1 D:\laragon\www\method-oldagehome\system\HTTP\ResponseTrait.php(774): setcookie('ci_session', 'j0u2cf8pvi5p3ak...', Array)
#2 D:\laragon\www\method-oldagehome\system\HTTP\ResponseTrait.php(750): CodeIgniter\HTTP\Response->doSetCookie('ci_session', 'j0u2cf8pvi5p3ak...', Array)
#3 D:\laragon\www\method-oldagehome\system\HTTP\ResponseTrait.php(730): CodeIgniter\HTTP\Response->dispatchCookies()
#4 D:\laragon\www\method-oldagehome\system\HTTP\ResponseTrait.php(447): CodeIgniter\HTTP\Response->sendCookies()
#5 D:\laragon\www\method-oldagehome\system\Debug\ExceptionHandler.php(78): CodeIgniter\HTTP\Response->send()
#6 D:\laragon\www\method-oldagehome\system\Debug\Exceptions.php(147): CodeIgniter\Debug\ExceptionHandler->handle(Object(CodeIgniter\Exceptions\PageNotFoundException), Object(CodeIgniter\HTTP\IncomingRequest), Object(CodeIgniter\HTTP\Response), 404, 1)
#7 [internal function]: CodeIgniter\Debug\Exceptions->exceptionHandler(Object(CodeIgniter\Exceptions\PageNotFoundException))
#8 {main}
  thrown
ã€Previous Exceptionã€‘
CodeIgniter\Exceptions\PageNotFoundException
Page Not Found
#0 D:\laragon\www\method-oldagehome\system\CodeIgniter.php(967): CodeIgniter\Exceptions\PageNotFoundException::forPageNotFound(NULL)
#1 D:\laragon\www\method-oldagehome\system\CodeIgniter.php(362): CodeIgniter\CodeIgniter->display404errors(Object(CodeIgniter\Exceptions\PageNotFoundException))
#2 D:\laragon\www\method-oldagehome\public\index.php(79): CodeIgniter\CodeIgniter->run()
#3 D:\laragon\www\method-oldagehome\system\Commands\Server\rewrite.php(47): require_once('D:\\laragon\\www\\...')
#4 {main}
in SYSTEMPATH\HTTP\ResponseTrait.php on line 774.
 1 [internal function]: CodeIgniter\Debug\Exceptions->shutdownHandler()
CRITICAL - 2024-12-09 16:15:34 --> Uncaught ErrorException: Cannot modify header information - headers already sent in D:\laragon\www\method-oldagehome\system\HTTP\ResponseTrait.php:774
Stack trace:
#0 [internal function]: CodeIgniter\Debug\Exceptions->errorHandler(2, 'Cannot modify h...', 'D:\\laragon\\www\\...', 774)
#1 D:\laragon\www\method-oldagehome\system\HTTP\ResponseTrait.php(774): setcookie('ci_session', 'j0u2cf8pvi5p3ak...', Array)
#2 D:\laragon\www\method-oldagehome\system\HTTP\ResponseTrait.php(750): CodeIgniter\HTTP\Response->doSetCookie('ci_session', 'j0u2cf8pvi5p3ak...', Array)
#3 D:\laragon\www\method-oldagehome\system\HTTP\ResponseTrait.php(730): CodeIgniter\HTTP\Response->dispatchCookies()
#4 D:\laragon\www\method-oldagehome\system\HTTP\ResponseTrait.php(447): CodeIgniter\HTTP\Response->sendCookies()
#5 D:\laragon\www\method-oldagehome\system\Debug\ExceptionHandler.php(78): CodeIgniter\HTTP\Response->send()
#6 D:\laragon\www\method-oldagehome\system\Debug\Exceptions.php(147): CodeIgniter\Debug\ExceptionHandler->handle(Object(CodeIgniter\Exceptions\PageNotFoundException), Object(CodeIgniter\HTTP\IncomingRequest), Object(CodeIgniter\HTTP\Response), 404, 1)
#7 [internal function]: CodeIgniter\Debug\Exceptions->exceptionHandler(Object(CodeIgniter\Exceptions\PageNotFoundException))
#8 {main}
  thrown
ã€Previous Exceptionã€‘
CodeIgniter\Exceptions\PageNotFoundException
Page Not Found
#0 D:\laragon\www\method-oldagehome\system\CodeIgniter.php(967): CodeIgniter\Exceptions\PageNotFoundException::forPageNotFound(NULL)
#1 D:\laragon\www\method-oldagehome\system\CodeIgniter.php(362): CodeIgniter\CodeIgniter->display404errors(Object(CodeIgniter\Exceptions\PageNotFoundException))
#2 D:\laragon\www\method-oldagehome\public\index.php(79): CodeIgniter\CodeIgniter->run()
#3 D:\laragon\www\method-oldagehome\system\Commands\Server\rewrite.php(47): require_once('D:\\laragon\\www\\...')
#4 {main}
in SYSTEMPATH\HTTP\ResponseTrait.php on line 774.
 1 [internal function]: CodeIgniter\Debug\Exceptions->shutdownHandler()
CRITICAL - 2024-12-09 16:15:35 --> Uncaught ErrorException: Cannot modify header information - headers already sent in D:\laragon\www\method-oldagehome\system\HTTP\ResponseTrait.php:774
Stack trace:
#0 [internal function]: CodeIgniter\Debug\Exceptions->errorHandler(2, 'Cannot modify h...', 'D:\\laragon\\www\\...', 774)
#1 D:\laragon\www\method-oldagehome\system\HTTP\ResponseTrait.php(774): setcookie('ci_session', 'j0u2cf8pvi5p3ak...', Array)
#2 D:\laragon\www\method-oldagehome\system\HTTP\ResponseTrait.php(750): CodeIgniter\HTTP\Response->doSetCookie('ci_session', 'j0u2cf8pvi5p3ak...', Array)
#3 D:\laragon\www\method-oldagehome\system\HTTP\ResponseTrait.php(730): CodeIgniter\HTTP\Response->dispatchCookies()
#4 D:\laragon\www\method-oldagehome\system\HTTP\ResponseTrait.php(447): CodeIgniter\HTTP\Response->sendCookies()
#5 D:\laragon\www\method-oldagehome\system\Debug\ExceptionHandler.php(78): CodeIgniter\HTTP\Response->send()
#6 D:\laragon\www\method-oldagehome\system\Debug\Exceptions.php(147): CodeIgniter\Debug\ExceptionHandler->handle(Object(CodeIgniter\Exceptions\PageNotFoundException), Object(CodeIgniter\HTTP\IncomingRequest), Object(CodeIgniter\HTTP\Response), 404, 1)
#7 [internal function]: CodeIgniter\Debug\Exceptions->exceptionHandler(Object(CodeIgniter\Exceptions\PageNotFoundException))
#8 {main}
  thrown
ã€Previous Exceptionã€‘
CodeIgniter\Exceptions\PageNotFoundException
Page Not Found
#0 D:\laragon\www\method-oldagehome\system\CodeIgniter.php(967): CodeIgniter\Exceptions\PageNotFoundException::forPageNotFound(NULL)
#1 D:\laragon\www\method-oldagehome\system\CodeIgniter.php(362): CodeIgniter\CodeIgniter->display404errors(Object(CodeIgniter\Exceptions\PageNotFoundException))
#2 D:\laragon\www\method-oldagehome\public\index.php(79): CodeIgniter\CodeIgniter->run()
#3 D:\laragon\www\method-oldagehome\system\Commands\Server\rewrite.php(47): require_once('D:\\laragon\\www\\...')
#4 {main}
in SYSTEMPATH\HTTP\ResponseTrait.php on line 774.
 1 [internal function]: CodeIgniter\Debug\Exceptions->shutdownHandler()
CRITICAL - 2024-12-09 16:38:34 --> Trying to access array offset on value of type null
in APPPATH\Views\dashboard\editdeceasedelder.php on line 50.
 1 APPPATH\Views\dashboard\editdeceasedelder.php(50): CodeIgniter\Debug\Exceptions->errorHandler(2, 'Trying to access array offset on value of type null', 'D:\\laragon\\www\\method-oldagehome\\app\\Views\\dashboard\\editdeceasedelder.php', 50)
 2 SYSTEMPATH\View\View.php(226): include('D:\\laragon\\www\\method-oldagehome\\app\\Views\\dashboard\\editdeceasedelder.php')
 3 SYSTEMPATH\View\View.php(229): CodeIgniter\View\View->CodeIgniter\View\{closure}()
 4 SYSTEMPATH\Common.php(1188): CodeIgniter\View\View->render('dashboard/editdeceasedelder', [], true)
 5 APPPATH\Controllers\NewController.php(987): view('dashboard/editdeceasedelder', [...])
 6 SYSTEMPATH\CodeIgniter.php(919): App\Controllers\NewController->ViewEditDeceased('login', 'vendors', 'typicons', 'typicons.css')
 7 SYSTEMPATH\CodeIgniter.php(494): CodeIgniter\CodeIgniter->runController(Object(App\Controllers\NewController))
 8 SYSTEMPATH\CodeIgniter.php(353): CodeIgniter\CodeIgniter->handleRequest(null, Object(Config\Cache), false)
 9 FCPATH\index.php(79): CodeIgniter\CodeIgniter->run()
10 SYSTEMPATH\Commands\Server\rewrite.php(47): require_once('D:\\laragon\\www\\method-oldagehome\\public\\index.php')
CRITICAL - 2024-12-09 16:38:34 --> Trying to access array offset on value of type null
in APPPATH\Views\dashboard\editdeceasedelder.php on line 50.
 1 APPPATH\Views\dashboard\editdeceasedelder.php(50): CodeIgniter\Debug\Exceptions->errorHandler(2, 'Trying to access array offset on value of type null', 'D:\\laragon\\www\\method-oldagehome\\app\\Views\\dashboard\\editdeceasedelder.php', 50)
 2 SYSTEMPATH\View\View.php(226): include('D:\\laragon\\www\\method-oldagehome\\app\\Views\\dashboard\\editdeceasedelder.php')
 3 SYSTEMPATH\View\View.php(229): CodeIgniter\View\View->CodeIgniter\View\{closure}()
 4 SYSTEMPATH\Common.php(1188): CodeIgniter\View\View->render('dashboard/editdeceasedelder', [], true)
 5 APPPATH\Controllers\NewController.php(987): view('dashboard/editdeceasedelder', [...])
 6 SYSTEMPATH\CodeIgniter.php(919): App\Controllers\NewController->ViewEditDeceased('login', 'vendors', 'css', 'vendor.bundle.base.css')
 7 SYSTEMPATH\CodeIgniter.php(494): CodeIgniter\CodeIgniter->runController(Object(App\Controllers\NewController))
 8 SYSTEMPATH\CodeIgniter.php(353): CodeIgniter\CodeIgniter->handleRequest(null, Object(Config\Cache), false)
 9 FCPATH\index.php(79): CodeIgniter\CodeIgniter->run()
10 SYSTEMPATH\Commands\Server\rewrite.php(47): require_once('D:\\laragon\\www\\method-oldagehome\\public\\index.php')
CRITICAL - 2024-12-09 16:38:34 --> Trying to access array offset on value of type null
in APPPATH\Views\dashboard\editdeceasedelder.php on line 50.
 1 APPPATH\Views\dashboard\editdeceasedelder.php(50): CodeIgniter\Debug\Exceptions->errorHandler(2, 'Trying to access array offset on value of type null', 'D:\\laragon\\www\\method-oldagehome\\app\\Views\\dashboard\\editdeceasedelder.php', 50)
 2 SYSTEMPATH\View\View.php(226): include('D:\\laragon\\www\\method-oldagehome\\app\\Views\\dashboard\\editdeceasedelder.php')
 3 SYSTEMPATH\View\View.php(229): CodeIgniter\View\View->CodeIgniter\View\{closure}()
 4 SYSTEMPATH\Common.php(1188): CodeIgniter\View\View->render('dashboard/editdeceasedelder', [], true)
 5 APPPATH\Controllers\NewController.php(987): view('dashboard/editdeceasedelder', [...])
 6 SYSTEMPATH\CodeIgniter.php(919): App\Controllers\NewController->ViewEditDeceased('login', 'vendors', 'select2', 'select2.min.css')
 7 SYSTEMPATH\CodeIgniter.php(494): CodeIgniter\CodeIgniter->runController(Object(App\Controllers\NewController))
 8 SYSTEMPATH\CodeIgniter.php(353): CodeIgniter\CodeIgniter->handleRequest(null, Object(Config\Cache), false)
 9 FCPATH\index.php(79): CodeIgniter\CodeIgniter->run()
10 SYSTEMPATH\Commands\Server\rewrite.php(47): require_once('D:\\laragon\\www\\method-oldagehome\\public\\index.php')
CRITICAL - 2024-12-09 16:38:34 --> Trying to access array offset on value of type null
in APPPATH\Views\dashboard\editdeceasedelder.php on line 50.
 1 APPPATH\Views\dashboard\editdeceasedelder.php(50): CodeIgniter\Debug\Exceptions->errorHandler(2, 'Trying to access array offset on value of type null', 'D:\\laragon\\www\\method-oldagehome\\app\\Views\\dashboard\\editdeceasedelder.php', 50)
 2 SYSTEMPATH\View\View.php(226): include('D:\\laragon\\www\\method-oldagehome\\app\\Views\\dashboard\\editdeceasedelder.php')
 3 SYSTEMPATH\View\View.php(229): CodeIgniter\View\View->CodeIgniter\View\{closure}()
 4 SYSTEMPATH\Common.php(1188): CodeIgniter\View\View->render('dashboard/editdeceasedelder', [], true)
 5 APPPATH\Controllers\NewController.php(987): view('dashboard/editdeceasedelder', [...])
 6 SYSTEMPATH\CodeIgniter.php(919): App\Controllers\NewController->ViewEditDeceased('login', 'vendors', 'select2-bootstrap-theme', 'select2-bootstrap.min.css')
 7 SYSTEMPATH\CodeIgniter.php(494): CodeIgniter\CodeIgniter->runController(Object(App\Controllers\NewController))
 8 SYSTEMPATH\CodeIgniter.php(353): CodeIgniter\CodeIgniter->handleRequest(null, Object(Config\Cache), false)
 9 FCPATH\index.php(79): CodeIgniter\CodeIgniter->run()
10 SYSTEMPATH\Commands\Server\rewrite.php(47): require_once('D:\\laragon\\www\\method-oldagehome\\public\\index.php')
CRITICAL - 2024-12-09 16:38:35 --> Trying to access array offset on value of type null
in APPPATH\Views\dashboard\editdeceasedelder.php on line 50.
 1 APPPATH\Views\dashboard\editdeceasedelder.php(50): CodeIgniter\Debug\Exceptions->errorHandler(2, 'Trying to access array offset on value of type null', 'D:\\laragon\\www\\method-oldagehome\\app\\Views\\dashboard\\editdeceasedelder.php', 50)
 2 SYSTEMPATH\View\View.php(226): include('D:\\laragon\\www\\method-oldagehome\\app\\Views\\dashboard\\editdeceasedelder.php')
 3 SYSTEMPATH\View\View.php(229): CodeIgniter\View\View->CodeIgniter\View\{closure}()
 4 SYSTEMPATH\Common.php(1188): CodeIgniter\View\View->render('dashboard/editdeceasedelder', [], true)
 5 APPPATH\Controllers\NewController.php(987): view('dashboard/editdeceasedelder', [...])
 6 SYSTEMPATH\CodeIgniter.php(919): App\Controllers\NewController->ViewEditDeceased('login', 'css', 'vertical-layout-light', 'style.css')
 7 SYSTEMPATH\CodeIgniter.php(494): CodeIgniter\CodeIgniter->runController(Object(App\Controllers\NewController))
 8 SYSTEMPATH\CodeIgniter.php(353): CodeIgniter\CodeIgniter->handleRequest(null, Object(Config\Cache), false)
 9 FCPATH\index.php(79): CodeIgniter\CodeIgniter->run()
10 SYSTEMPATH\Commands\Server\rewrite.php(47): require_once('D:\\laragon\\www\\method-oldagehome\\public\\index.php')
CRITICAL - 2024-12-09 16:38:35 --> Trying to access array offset on value of type null
in APPPATH\Views\dashboard\editdeceasedelder.php on line 50.
 1 APPPATH\Views\dashboard\editdeceasedelder.php(50): CodeIgniter\Debug\Exceptions->errorHandler(2, 'Trying to access array offset on value of type null', 'D:\\laragon\\www\\method-oldagehome\\app\\Views\\dashboard\\editdeceasedelder.php', 50)
 2 SYSTEMPATH\View\View.php(226): include('D:\\laragon\\www\\method-oldagehome\\app\\Views\\dashboard\\editdeceasedelder.php')
 3 SYSTEMPATH\View\View.php(229): CodeIgniter\View\View->CodeIgniter\View\{closure}()
 4 SYSTEMPATH\Common.php(1188): CodeIgniter\View\View->render('dashboard/editdeceasedelder', [], true)
 5 APPPATH\Controllers\NewController.php(987): view('dashboard/editdeceasedelder', [...])
 6 SYSTEMPATH\CodeIgniter.php(919): App\Controllers\NewController->ViewEditDeceased('vendors', 'js', 'vendor.bundle.base.js')
 7 SYSTEMPATH\CodeIgniter.php(494): CodeIgniter\CodeIgniter->runController(Object(App\Controllers\NewController))
 8 SYSTEMPATH\CodeIgniter.php(353): CodeIgniter\CodeIgniter->handleRequest(null, Object(Config\Cache), false)
 9 FCPATH\index.php(79): CodeIgniter\CodeIgniter->run()
10 SYSTEMPATH\Commands\Server\rewrite.php(47): require_once('D:\\laragon\\www\\method-oldagehome\\public\\index.php')
CRITICAL - 2024-12-09 16:38:35 --> Trying to access array offset on value of type null
in APPPATH\Views\dashboard\editdeceasedelder.php on line 50.
 1 APPPATH\Views\dashboard\editdeceasedelder.php(50): CodeIgniter\Debug\Exceptions->errorHandler(2, 'Trying to access array offset on value of type null', 'D:\\laragon\\www\\method-oldagehome\\app\\Views\\dashboard\\editdeceasedelder.php', 50)
 2 SYSTEMPATH\View\View.php(226): include('D:\\laragon\\www\\method-oldagehome\\app\\Views\\dashboard\\editdeceasedelder.php')
 3 SYSTEMPATH\View\View.php(229): CodeIgniter\View\View->CodeIgniter\View\{closure}()
 4 SYSTEMPATH\Common.php(1188): CodeIgniter\View\View->render('dashboard/editdeceasedelder', [], true)
 5 APPPATH\Controllers\NewController.php(987): view('dashboard/editdeceasedelder', [...])
 6 SYSTEMPATH\CodeIgniter.php(919): App\Controllers\NewController->ViewEditDeceased('js', 'off-canvas.js')
 7 SYSTEMPATH\CodeIgniter.php(494): CodeIgniter\CodeIgniter->runController(Object(App\Controllers\NewController))
 8 SYSTEMPATH\CodeIgniter.php(353): CodeIgniter\CodeIgniter->handleRequest(null, Object(Config\Cache), false)
 9 FCPATH\index.php(79): CodeIgniter\CodeIgniter->run()
10 SYSTEMPATH\Commands\Server\rewrite.php(47): require_once('D:\\laragon\\www\\method-oldagehome\\public\\index.php')
CRITICAL - 2024-12-09 16:38:35 --> Trying to access array offset on value of type null
in APPPATH\Views\dashboard\editdeceasedelder.php on line 50.
 1 APPPATH\Views\dashboard\editdeceasedelder.php(50): CodeIgniter\Debug\Exceptions->errorHandler(2, 'Trying to access array offset on value of type null', 'D:\\laragon\\www\\method-oldagehome\\app\\Views\\dashboard\\editdeceasedelder.php', 50)
 2 SYSTEMPATH\View\View.php(226): include('D:\\laragon\\www\\method-oldagehome\\app\\Views\\dashboard\\editdeceasedelder.php')
 3 SYSTEMPATH\View\View.php(229): CodeIgniter\View\View->CodeIgniter\View\{closure}()
 4 SYSTEMPATH\Common.php(1188): CodeIgniter\View\View->render('dashboard/editdeceasedelder', [], true)
 5 APPPATH\Controllers\NewController.php(987): view('dashboard/editdeceasedelder', [...])
 6 SYSTEMPATH\CodeIgniter.php(919): App\Controllers\NewController->ViewEditDeceased('js', 'hoverable-collapse.js')
 7 SYSTEMPATH\CodeIgniter.php(494): CodeIgniter\CodeIgniter->runController(Object(App\Controllers\NewController))
 8 SYSTEMPATH\CodeIgniter.php(353): CodeIgniter\CodeIgniter->handleRequest(null, Object(Config\Cache), false)
 9 FCPATH\index.php(79): CodeIgniter\CodeIgniter->run()
10 SYSTEMPATH\Commands\Server\rewrite.php(47): require_once('D:\\laragon\\www\\method-oldagehome\\public\\index.php')
CRITICAL - 2024-12-09 16:38:35 --> Trying to access array offset on value of type null
in APPPATH\Views\dashboard\editdeceasedelder.php on line 50.
 1 APPPATH\Views\dashboard\editdeceasedelder.php(50): CodeIgniter\Debug\Exceptions->errorHandler(2, 'Trying to access array offset on value of type null', 'D:\\laragon\\www\\method-oldagehome\\app\\Views\\dashboard\\editdeceasedelder.php', 50)
 2 SYSTEMPATH\View\View.php(226): include('D:\\laragon\\www\\method-oldagehome\\app\\Views\\dashboard\\editdeceasedelder.php')
 3 SYSTEMPATH\View\View.php(229): CodeIgniter\View\View->CodeIgniter\View\{closure}()
 4 SYSTEMPATH\Common.php(1188): CodeIgniter\View\View->render('dashboard/editdeceasedelder', [], true)
 5 APPPATH\Controllers\NewController.php(987): view('dashboard/editdeceasedelder', [...])
 6 SYSTEMPATH\CodeIgniter.php(919): App\Controllers\NewController->ViewEditDeceased('js', 'template.js')
 7 SYSTEMPATH\CodeIgniter.php(494): CodeIgniter\CodeIgniter->runController(Object(App\Controllers\NewController))
 8 SYSTEMPATH\CodeIgniter.php(353): CodeIgniter\CodeIgniter->handleRequest(null, Object(Config\Cache), false)
 9 FCPATH\index.php(79): CodeIgniter\CodeIgniter->run()
10 SYSTEMPATH\Commands\Server\rewrite.php(47): require_once('D:\\laragon\\www\\method-oldagehome\\public\\index.php')
CRITICAL - 2024-12-09 16:38:36 --> Trying to access array offset on value of type null
in APPPATH\Views\dashboard\editdeceasedelder.php on line 50.
 1 APPPATH\Views\dashboard\editdeceasedelder.php(50): CodeIgniter\Debug\Exceptions->errorHandler(2, 'Trying to access array offset on value of type null', 'D:\\laragon\\www\\method-oldagehome\\app\\Views\\dashboard\\editdeceasedelder.php', 50)
 2 SYSTEMPATH\View\View.php(226): include('D:\\laragon\\www\\method-oldagehome\\app\\Views\\dashboard\\editdeceasedelder.php')
 3 SYSTEMPATH\View\View.php(229): CodeIgniter\View\View->CodeIgniter\View\{closure}()
 4 SYSTEMPATH\Common.php(1188): CodeIgniter\View\View->render('dashboard/editdeceasedelder', [], true)
 5 APPPATH\Controllers\NewController.php(987): view('dashboard/editdeceasedelder', [...])
 6 SYSTEMPATH\CodeIgniter.php(919): App\Controllers\NewController->ViewEditDeceased('js', 'settings.js')
 7 SYSTEMPATH\CodeIgniter.php(494): CodeIgniter\CodeIgniter->runController(Object(App\Controllers\NewController))
 8 SYSTEMPATH\CodeIgniter.php(353): CodeIgniter\CodeIgniter->handleRequest(null, Object(Config\Cache), false)
 9 FCPATH\index.php(79): CodeIgniter\CodeIgniter->run()
10 SYSTEMPATH\Commands\Server\rewrite.php(47): require_once('D:\\laragon\\www\\method-oldagehome\\public\\index.php')
CRITICAL - 2024-12-09 16:38:36 --> Trying to access array offset on value of type null
in APPPATH\Views\dashboard\editdeceasedelder.php on line 50.
 1 APPPATH\Views\dashboard\editdeceasedelder.php(50): CodeIgniter\Debug\Exceptions->errorHandler(2, 'Trying to access array offset on value of type null', 'D:\\laragon\\www\\method-oldagehome\\app\\Views\\dashboard\\editdeceasedelder.php', 50)
 2 SYSTEMPATH\View\View.php(226): include('D:\\laragon\\www\\method-oldagehome\\app\\Views\\dashboard\\editdeceasedelder.php')
 3 SYSTEMPATH\View\View.php(229): CodeIgniter\View\View->CodeIgniter\View\{closure}()
 4 SYSTEMPATH\Common.php(1188): CodeIgniter\View\View->render('dashboard/editdeceasedelder', [], true)
 5 APPPATH\Controllers\NewController.php(987): view('dashboard/editdeceasedelder', [...])
 6 SYSTEMPATH\CodeIgniter.php(919): App\Controllers\NewController->ViewEditDeceased('js', 'todolist.js')
 7 SYSTEMPATH\CodeIgniter.php(494): CodeIgniter\CodeIgniter->runController(Object(App\Controllers\NewController))
 8 SYSTEMPATH\CodeIgniter.php(353): CodeIgniter\CodeIgniter->handleRequest(null, Object(Config\Cache), false)
 9 FCPATH\index.php(79): CodeIgniter\CodeIgniter->run()
10 SYSTEMPATH\Commands\Server\rewrite.php(47): require_once('D:\\laragon\\www\\method-oldagehome\\public\\index.php')
CRITICAL - 2024-12-09 16:38:36 --> Trying to access array offset on value of type null
in APPPATH\Views\dashboard\editdeceasedelder.php on line 50.
 1 APPPATH\Views\dashboard\editdeceasedelder.php(50): CodeIgniter\Debug\Exceptions->errorHandler(2, 'Trying to access array offset on value of type null', 'D:\\laragon\\www\\method-oldagehome\\app\\Views\\dashboard\\editdeceasedelder.php', 50)
 2 SYSTEMPATH\View\View.php(226): include('D:\\laragon\\www\\method-oldagehome\\app\\Views\\dashboard\\editdeceasedelder.php')
 3 SYSTEMPATH\View\View.php(229): CodeIgniter\View\View->CodeIgniter\View\{closure}()
 4 SYSTEMPATH\Common.php(1188): CodeIgniter\View\View->render('dashboard/editdeceasedelder', [], true)
 5 APPPATH\Controllers\NewController.php(987): view('dashboard/editdeceasedelder', [...])
 6 SYSTEMPATH\CodeIgniter.php(919): App\Controllers\NewController->ViewEditDeceased('vendors', 'typeahead.js', 'typeahead.bundle.min.js')
 7 SYSTEMPATH\CodeIgniter.php(494): CodeIgniter\CodeIgniter->runController(Object(App\Controllers\NewController))
 8 SYSTEMPATH\CodeIgniter.php(353): CodeIgniter\CodeIgniter->handleRequest(null, Object(Config\Cache), false)
 9 FCPATH\index.php(79): CodeIgniter\CodeIgniter->run()
10 SYSTEMPATH\Commands\Server\rewrite.php(47): require_once('D:\\laragon\\www\\method-oldagehome\\public\\index.php')
CRITICAL - 2024-12-09 16:38:36 --> Trying to access array offset on value of type null
in APPPATH\Views\dashboard\editdeceasedelder.php on line 50.
 1 APPPATH\Views\dashboard\editdeceasedelder.php(50): CodeIgniter\Debug\Exceptions->errorHandler(2, 'Trying to access array offset on value of type null', 'D:\\laragon\\www\\method-oldagehome\\app\\Views\\dashboard\\editdeceasedelder.php', 50)
 2 SYSTEMPATH\View\View.php(226): include('D:\\laragon\\www\\method-oldagehome\\app\\Views\\dashboard\\editdeceasedelder.php')
 3 SYSTEMPATH\View\View.php(229): CodeIgniter\View\View->CodeIgniter\View\{closure}()
 4 SYSTEMPATH\Common.php(1188): CodeIgniter\View\View->render('dashboard/editdeceasedelder', [], true)
 5 APPPATH\Controllers\NewController.php(987): view('dashboard/editdeceasedelder', [...])
 6 SYSTEMPATH\CodeIgniter.php(919): App\Controllers\NewController->ViewEditDeceased('vendors', 'select2', 'select2.min.js')
 7 SYSTEMPATH\CodeIgniter.php(494): CodeIgniter\CodeIgniter->runController(Object(App\Controllers\NewController))
 8 SYSTEMPATH\CodeIgniter.php(353): CodeIgniter\CodeIgniter->handleRequest(null, Object(Config\Cache), false)
 9 FCPATH\index.php(79): CodeIgniter\CodeIgniter->run()
10 SYSTEMPATH\Commands\Server\rewrite.php(47): require_once('D:\\laragon\\www\\method-oldagehome\\public\\index.php')
CRITICAL - 2024-12-09 16:38:37 --> Trying to access array offset on value of type null
in APPPATH\Views\dashboard\editdeceasedelder.php on line 50.
 1 APPPATH\Views\dashboard\editdeceasedelder.php(50): CodeIgniter\Debug\Exceptions->errorHandler(2, 'Trying to access array offset on value of type null', 'D:\\laragon\\www\\method-oldagehome\\app\\Views\\dashboard\\editdeceasedelder.php', 50)
 2 SYSTEMPATH\View\View.php(226): include('D:\\laragon\\www\\method-oldagehome\\app\\Views\\dashboard\\editdeceasedelder.php')
 3 SYSTEMPATH\View\View.php(229): CodeIgniter\View\View->CodeIgniter\View\{closure}()
 4 SYSTEMPATH\Common.php(1188): CodeIgniter\View\View->render('dashboard/editdeceasedelder', [], true)
 5 APPPATH\Controllers\NewController.php(987): view('dashboard/editdeceasedelder', [...])
 6 SYSTEMPATH\CodeIgniter.php(919): App\Controllers\NewController->ViewEditDeceased('js', 'file-upload.js')
 7 SYSTEMPATH\CodeIgniter.php(494): CodeIgniter\CodeIgniter->runController(Object(App\Controllers\NewController))
 8 SYSTEMPATH\CodeIgniter.php(353): CodeIgniter\CodeIgniter->handleRequest(null, Object(Config\Cache), false)
 9 FCPATH\index.php(79): CodeIgniter\CodeIgniter->run()
10 SYSTEMPATH\Commands\Server\rewrite.php(47): require_once('D:\\laragon\\www\\method-oldagehome\\public\\index.php')
CRITICAL - 2024-12-09 16:38:37 --> Trying to access array offset on value of type null
in APPPATH\Views\dashboard\editdeceasedelder.php on line 50.
 1 APPPATH\Views\dashboard\editdeceasedelder.php(50): CodeIgniter\Debug\Exceptions->errorHandler(2, 'Trying to access array offset on value of type null', 'D:\\laragon\\www\\method-oldagehome\\app\\Views\\dashboard\\editdeceasedelder.php', 50)
 2 SYSTEMPATH\View\View.php(226): include('D:\\laragon\\www\\method-oldagehome\\app\\Views\\dashboard\\editdeceasedelder.php')
 3 SYSTEMPATH\View\View.php(229): CodeIgniter\View\View->CodeIgniter\View\{closure}()
 4 SYSTEMPATH\Common.php(1188): CodeIgniter\View\View->render('dashboard/editdeceasedelder', [], true)
 5 APPPATH\Controllers\NewController.php(987): view('dashboard/editdeceasedelder', [...])
 6 SYSTEMPATH\CodeIgniter.php(919): App\Controllers\NewController->ViewEditDeceased('js', 'typeahead.js')
 7 SYSTEMPATH\CodeIgniter.php(494): CodeIgniter\CodeIgniter->runController(Object(App\Controllers\NewController))
 8 SYSTEMPATH\CodeIgniter.php(353): CodeIgniter\CodeIgniter->handleRequest(null, Object(Config\Cache), false)
 9 FCPATH\index.php(79): CodeIgniter\CodeIgniter->run()
10 SYSTEMPATH\Commands\Server\rewrite.php(47): require_once('D:\\laragon\\www\\method-oldagehome\\public\\index.php')
CRITICAL - 2024-12-09 16:38:37 --> Trying to access array offset on value of type null
in APPPATH\Views\dashboard\editdeceasedelder.php on line 50.
 1 APPPATH\Views\dashboard\editdeceasedelder.php(50): CodeIgniter\Debug\Exceptions->errorHandler(2, 'Trying to access array offset on value of type null', 'D:\\laragon\\www\\method-oldagehome\\app\\Views\\dashboard\\editdeceasedelder.php', 50)
 2 SYSTEMPATH\View\View.php(226): include('D:\\laragon\\www\\method-oldagehome\\app\\Views\\dashboard\\editdeceasedelder.php')
 3 SYSTEMPATH\View\View.php(229): CodeIgniter\View\View->CodeIgniter\View\{closure}()
 4 SYSTEMPATH\Common.php(1188): CodeIgniter\View\View->render('dashboard/editdeceasedelder', [], true)
 5 APPPATH\Controllers\NewController.php(987): view('dashboard/editdeceasedelder', [...])
 6 SYSTEMPATH\CodeIgniter.php(919): App\Controllers\NewController->ViewEditDeceased('js', 'select2.js')
 7 SYSTEMPATH\CodeIgniter.php(494): CodeIgniter\CodeIgniter->runController(Object(App\Controllers\NewController))
 8 SYSTEMPATH\CodeIgniter.php(353): CodeIgniter\CodeIgniter->handleRequest(null, Object(Config\Cache), false)
 9 FCPATH\index.php(79): CodeIgniter\CodeIgniter->run()
10 SYSTEMPATH\Commands\Server\rewrite.php(47): require_once('D:\\laragon\\www\\method-oldagehome\\public\\index.php')
CRITICAL - 2024-12-09 16:44:53 --> Trying to access array offset on value of type null
in APPPATH\Views\dashboard\editleftelder.php on line 50.
 1 APPPATH\Views\dashboard\editleftelder.php(50): CodeIgniter\Debug\Exceptions->errorHandler(2, 'Trying to access array offset on value of type null', 'D:\\laragon\\www\\method-oldagehome\\app\\Views\\dashboard\\editleftelder.php', 50)
 2 SYSTEMPATH\View\View.php(226): include('D:\\laragon\\www\\method-oldagehome\\app\\Views\\dashboard\\editleftelder.php')
 3 SYSTEMPATH\View\View.php(229): CodeIgniter\View\View->CodeIgniter\View\{closure}()
 4 SYSTEMPATH\Common.php(1188): CodeIgniter\View\View->render('dashboard/editleftelder', [], true)
 5 APPPATH\Controllers\NewController.php(953): view('dashboard/editleftelder', [...])
 6 SYSTEMPATH\CodeIgniter.php(919): App\Controllers\NewController->ViewEditLeft('login', 'vendors', 'typicons', 'typicons.css')
 7 SYSTEMPATH\CodeIgniter.php(494): CodeIgniter\CodeIgniter->runController(Object(App\Controllers\NewController))
 8 SYSTEMPATH\CodeIgniter.php(353): CodeIgniter\CodeIgniter->handleRequest(null, Object(Config\Cache), false)
 9 FCPATH\index.php(79): CodeIgniter\CodeIgniter->run()
10 SYSTEMPATH\Commands\Server\rewrite.php(47): require_once('D:\\laragon\\www\\method-oldagehome\\public\\index.php')
CRITICAL - 2024-12-09 16:44:53 --> Trying to access array offset on value of type null
in APPPATH\Views\dashboard\editleftelder.php on line 50.
 1 APPPATH\Views\dashboard\editleftelder.php(50): CodeIgniter\Debug\Exceptions->errorHandler(2, 'Trying to access array offset on value of type null', 'D:\\laragon\\www\\method-oldagehome\\app\\Views\\dashboard\\editleftelder.php', 50)
 2 SYSTEMPATH\View\View.php(226): include('D:\\laragon\\www\\method-oldagehome\\app\\Views\\dashboard\\editleftelder.php')
 3 SYSTEMPATH\View\View.php(229): CodeIgniter\View\View->CodeIgniter\View\{closure}()
 4 SYSTEMPATH\Common.php(1188): CodeIgniter\View\View->render('dashboard/editleftelder', [], true)
 5 APPPATH\Controllers\NewController.php(953): view('dashboard/editleftelder', [...])
 6 SYSTEMPATH\CodeIgniter.php(919): App\Controllers\NewController->ViewEditLeft('login', 'vendors', 'css', 'vendor.bundle.base.css')
 7 SYSTEMPATH\CodeIgniter.php(494): CodeIgniter\CodeIgniter->runController(Object(App\Controllers\NewController))
 8 SYSTEMPATH\CodeIgniter.php(353): CodeIgniter\CodeIgniter->handleRequest(null, Object(Config\Cache), false)
 9 FCPATH\index.php(79): CodeIgniter\CodeIgniter->run()
10 SYSTEMPATH\Commands\Server\rewrite.php(47): require_once('D:\\laragon\\www\\method-oldagehome\\public\\index.php')
CRITICAL - 2024-12-09 16:44:54 --> Trying to access array offset on value of type null
in APPPATH\Views\dashboard\editleftelder.php on line 50.
 1 APPPATH\Views\dashboard\editleftelder.php(50): CodeIgniter\Debug\Exceptions->errorHandler(2, 'Trying to access array offset on value of type null', 'D:\\laragon\\www\\method-oldagehome\\app\\Views\\dashboard\\editleftelder.php', 50)
 2 SYSTEMPATH\View\View.php(226): include('D:\\laragon\\www\\method-oldagehome\\app\\Views\\dashboard\\editleftelder.php')
 3 SYSTEMPATH\View\View.php(229): CodeIgniter\View\View->CodeIgniter\View\{closure}()
 4 SYSTEMPATH\Common.php(1188): CodeIgniter\View\View->render('dashboard/editleftelder', [], true)
 5 APPPATH\Controllers\NewController.php(953): view('dashboard/editleftelder', [...])
 6 SYSTEMPATH\CodeIgniter.php(919): App\Controllers\NewController->ViewEditLeft('login', 'vendors', 'select2', 'select2.min.css')
 7 SYSTEMPATH\CodeIgniter.php(494): CodeIgniter\CodeIgniter->runController(Object(App\Controllers\NewController))
 8 SYSTEMPATH\CodeIgniter.php(353): CodeIgniter\CodeIgniter->handleRequest(null, Object(Config\Cache), false)
 9 FCPATH\index.php(79): CodeIgniter\CodeIgniter->run()
10 SYSTEMPATH\Commands\Server\rewrite.php(47): require_once('D:\\laragon\\www\\method-oldagehome\\public\\index.php')
CRITICAL - 2024-12-09 16:44:54 --> Trying to access array offset on value of type null
in APPPATH\Views\dashboard\editleftelder.php on line 50.
 1 APPPATH\Views\dashboard\editleftelder.php(50): CodeIgniter\Debug\Exceptions->errorHandler(2, 'Trying to access array offset on value of type null', 'D:\\laragon\\www\\method-oldagehome\\app\\Views\\dashboard\\editleftelder.php', 50)
 2 SYSTEMPATH\View\View.php(226): include('D:\\laragon\\www\\method-oldagehome\\app\\Views\\dashboard\\editleftelder.php')
 3 SYSTEMPATH\View\View.php(229): CodeIgniter\View\View->CodeIgniter\View\{closure}()
 4 SYSTEMPATH\Common.php(1188): CodeIgniter\View\View->render('dashboard/editleftelder', [], true)
 5 APPPATH\Controllers\NewController.php(953): view('dashboard/editleftelder', [...])
 6 SYSTEMPATH\CodeIgniter.php(919): App\Controllers\NewController->ViewEditLeft('login', 'vendors', 'select2-bootstrap-theme', 'select2-bootstrap.min.css')
 7 SYSTEMPATH\CodeIgniter.php(494): CodeIgniter\CodeIgniter->runController(Object(App\Controllers\NewController))
 8 SYSTEMPATH\CodeIgniter.php(353): CodeIgniter\CodeIgniter->handleRequest(null, Object(Config\Cache), false)
 9 FCPATH\index.php(79): CodeIgniter\CodeIgniter->run()
10 SYSTEMPATH\Commands\Server\rewrite.php(47): require_once('D:\\laragon\\www\\method-oldagehome\\public\\index.php')
CRITICAL - 2024-12-09 16:44:54 --> Trying to access array offset on value of type null
in APPPATH\Views\dashboard\editleftelder.php on line 50.
 1 APPPATH\Views\dashboard\editleftelder.php(50): CodeIgniter\Debug\Exceptions->errorHandler(2, 'Trying to access array offset on value of type null', 'D:\\laragon\\www\\method-oldagehome\\app\\Views\\dashboard\\editleftelder.php', 50)
 2 SYSTEMPATH\View\View.php(226): include('D:\\laragon\\www\\method-oldagehome\\app\\Views\\dashboard\\editleftelder.php')
 3 SYSTEMPATH\View\View.php(229): CodeIgniter\View\View->CodeIgniter\View\{closure}()
 4 SYSTEMPATH\Common.php(1188): CodeIgniter\View\View->render('dashboard/editleftelder', [], true)
 5 APPPATH\Controllers\NewController.php(953): view('dashboard/editleftelder', [...])
 6 SYSTEMPATH\CodeIgniter.php(919): App\Controllers\NewController->ViewEditLeft('login', 'css', 'vertical-layout-light', 'style.css')
 7 SYSTEMPATH\CodeIgniter.php(494): CodeIgniter\CodeIgniter->runController(Object(App\Controllers\NewController))
 8 SYSTEMPATH\CodeIgniter.php(353): CodeIgniter\CodeIgniter->handleRequest(null, Object(Config\Cache), false)
 9 FCPATH\index.php(79): CodeIgniter\CodeIgniter->run()
10 SYSTEMPATH\Commands\Server\rewrite.php(47): require_once('D:\\laragon\\www\\method-oldagehome\\public\\index.php')
CRITICAL - 2024-12-09 16:44:54 --> Trying to access array offset on value of type null
in APPPATH\Views\dashboard\editleftelder.php on line 50.
 1 APPPATH\Views\dashboard\editleftelder.php(50): CodeIgniter\Debug\Exceptions->errorHandler(2, 'Trying to access array offset on value of type null', 'D:\\laragon\\www\\method-oldagehome\\app\\Views\\dashboard\\editleftelder.php', 50)
 2 SYSTEMPATH\View\View.php(226): include('D:\\laragon\\www\\method-oldagehome\\app\\Views\\dashboard\\editleftelder.php')
 3 SYSTEMPATH\View\View.php(229): CodeIgniter\View\View->CodeIgniter\View\{closure}()
 4 SYSTEMPATH\Common.php(1188): CodeIgniter\View\View->render('dashboard/editleftelder', [], true)
 5 APPPATH\Controllers\NewController.php(953): view('dashboard/editleftelder', [...])
 6 SYSTEMPATH\CodeIgniter.php(919): App\Controllers\NewController->ViewEditLeft('vendors', 'js', 'vendor.bundle.base.js')
 7 SYSTEMPATH\CodeIgniter.php(494): CodeIgniter\CodeIgniter->runController(Object(App\Controllers\NewController))
 8 SYSTEMPATH\CodeIgniter.php(353): CodeIgniter\CodeIgniter->handleRequest(null, Object(Config\Cache), false)
 9 FCPATH\index.php(79): CodeIgniter\CodeIgniter->run()
10 SYSTEMPATH\Commands\Server\rewrite.php(47): require_once('D:\\laragon\\www\\method-oldagehome\\public\\index.php')
CRITICAL - 2024-12-09 16:44:54 --> Trying to access array offset on value of type null
in APPPATH\Views\dashboard\editleftelder.php on line 50.
 1 APPPATH\Views\dashboard\editleftelder.php(50): CodeIgniter\Debug\Exceptions->errorHandler(2, 'Trying to access array offset on value of type null', 'D:\\laragon\\www\\method-oldagehome\\app\\Views\\dashboard\\editleftelder.php', 50)
 2 SYSTEMPATH\View\View.php(226): include('D:\\laragon\\www\\method-oldagehome\\app\\Views\\dashboard\\editleftelder.php')
 3 SYSTEMPATH\View\View.php(229): CodeIgniter\View\View->CodeIgniter\View\{closure}()
 4 SYSTEMPATH\Common.php(1188): CodeIgniter\View\View->render('dashboard/editleftelder', [], true)
 5 APPPATH\Controllers\NewController.php(953): view('dashboard/editleftelder', [...])
 6 SYSTEMPATH\CodeIgniter.php(919): App\Controllers\NewController->ViewEditLeft('js', 'off-canvas.js')
 7 SYSTEMPATH\CodeIgniter.php(494): CodeIgniter\CodeIgniter->runController(Object(App\Controllers\NewController))
 8 SYSTEMPATH\CodeIgniter.php(353): CodeIgniter\CodeIgniter->handleRequest(null, Object(Config\Cache), false)
 9 FCPATH\index.php(79): CodeIgniter\CodeIgniter->run()
10 SYSTEMPATH\Commands\Server\rewrite.php(47): require_once('D:\\laragon\\www\\method-oldagehome\\public\\index.php')
CRITICAL - 2024-12-09 16:44:54 --> Trying to access array offset on value of type null
in APPPATH\Views\dashboard\editleftelder.php on line 50.
 1 APPPATH\Views\dashboard\editleftelder.php(50): CodeIgniter\Debug\Exceptions->errorHandler(2, 'Trying to access array offset on value of type null', 'D:\\laragon\\www\\method-oldagehome\\app\\Views\\dashboard\\editleftelder.php', 50)
 2 SYSTEMPATH\View\View.php(226): include('D:\\laragon\\www\\method-oldagehome\\app\\Views\\dashboard\\editleftelder.php')
 3 SYSTEMPATH\View\View.php(229): CodeIgniter\View\View->CodeIgniter\View\{closure}()
 4 SYSTEMPATH\Common.php(1188): CodeIgniter\View\View->render('dashboard/editleftelder', [], true)
 5 APPPATH\Controllers\NewController.php(953): view('dashboard/editleftelder', [...])
 6 SYSTEMPATH\CodeIgniter.php(919): App\Controllers\NewController->ViewEditLeft('js', 'hoverable-collapse.js')
 7 SYSTEMPATH\CodeIgniter.php(494): CodeIgniter\CodeIgniter->runController(Object(App\Controllers\NewController))
 8 SYSTEMPATH\CodeIgniter.php(353): CodeIgniter\CodeIgniter->handleRequest(null, Object(Config\Cache), false)
 9 FCPATH\index.php(79): CodeIgniter\CodeIgniter->run()
10 SYSTEMPATH\Commands\Server\rewrite.php(47): require_once('D:\\laragon\\www\\method-oldagehome\\public\\index.php')
CRITICAL - 2024-12-09 16:44:55 --> Trying to access array offset on value of type null
in APPPATH\Views\dashboard\editleftelder.php on line 50.
 1 APPPATH\Views\dashboard\editleftelder.php(50): CodeIgniter\Debug\Exceptions->errorHandler(2, 'Trying to access array offset on value of type null', 'D:\\laragon\\www\\method-oldagehome\\app\\Views\\dashboard\\editleftelder.php', 50)
 2 SYSTEMPATH\View\View.php(226): include('D:\\laragon\\www\\method-oldagehome\\app\\Views\\dashboard\\editleftelder.php')
 3 SYSTEMPATH\View\View.php(229): CodeIgniter\View\View->CodeIgniter\View\{closure}()
 4 SYSTEMPATH\Common.php(1188): CodeIgniter\View\View->render('dashboard/editleftelder', [], true)
 5 APPPATH\Controllers\NewController.php(953): view('dashboard/editleftelder', [...])
 6 SYSTEMPATH\CodeIgniter.php(919): App\Controllers\NewController->ViewEditLeft('js', 'template.js')
 7 SYSTEMPATH\CodeIgniter.php(494): CodeIgniter\CodeIgniter->runController(Object(App\Controllers\NewController))
 8 SYSTEMPATH\CodeIgniter.php(353): CodeIgniter\CodeIgniter->handleRequest(null, Object(Config\Cache), false)
 9 FCPATH\index.php(79): CodeIgniter\CodeIgniter->run()
10 SYSTEMPATH\Commands\Server\rewrite.php(47): require_once('D:\\laragon\\www\\method-oldagehome\\public\\index.php')
CRITICAL - 2024-12-09 16:44:55 --> Trying to access array offset on value of type null
in APPPATH\Views\dashboard\editleftelder.php on line 50.
 1 APPPATH\Views\dashboard\editleftelder.php(50): CodeIgniter\Debug\Exceptions->errorHandler(2, 'Trying to access array offset on value of type null', 'D:\\laragon\\www\\method-oldagehome\\app\\Views\\dashboard\\editleftelder.php', 50)
 2 SYSTEMPATH\View\View.php(226): include('D:\\laragon\\www\\method-oldagehome\\app\\Views\\dashboard\\editleftelder.php')
 3 SYSTEMPATH\View\View.php(229): CodeIgniter\View\View->CodeIgniter\View\{closure}()
 4 SYSTEMPATH\Common.php(1188): CodeIgniter\View\View->render('dashboard/editleftelder', [], true)
 5 APPPATH\Controllers\NewController.php(953): view('dashboard/editleftelder', [...])
 6 SYSTEMPATH\CodeIgniter.php(919): App\Controllers\NewController->ViewEditLeft('js', 'settings.js')
 7 SYSTEMPATH\CodeIgniter.php(494): CodeIgniter\CodeIgniter->runController(Object(App\Controllers\NewController))
 8 SYSTEMPATH\CodeIgniter.php(353): CodeIgniter\CodeIgniter->handleRequest(null, Object(Config\Cache), false)
 9 FCPATH\index.php(79): CodeIgniter\CodeIgniter->run()
10 SYSTEMPATH\Commands\Server\rewrite.php(47): require_once('D:\\laragon\\www\\method-oldagehome\\public\\index.php')
CRITICAL - 2024-12-09 16:44:55 --> Trying to access array offset on value of type null
in APPPATH\Views\dashboard\editleftelder.php on line 50.
 1 APPPATH\Views\dashboard\editleftelder.php(50): CodeIgniter\Debug\Exceptions->errorHandler(2, 'Trying to access array offset on value of type null', 'D:\\laragon\\www\\method-oldagehome\\app\\Views\\dashboard\\editleftelder.php', 50)
 2 SYSTEMPATH\View\View.php(226): include('D:\\laragon\\www\\method-oldagehome\\app\\Views\\dashboard\\editleftelder.php')
 3 SYSTEMPATH\View\View.php(229): CodeIgniter\View\View->CodeIgniter\View\{closure}()
 4 SYSTEMPATH\Common.php(1188): CodeIgniter\View\View->render('dashboard/editleftelder', [], true)
 5 APPPATH\Controllers\NewController.php(953): view('dashboard/editleftelder', [...])
 6 SYSTEMPATH\CodeIgniter.php(919): App\Controllers\NewController->ViewEditLeft('js', 'todolist.js')
 7 SYSTEMPATH\CodeIgniter.php(494): CodeIgniter\CodeIgniter->runController(Object(App\Controllers\NewController))
 8 SYSTEMPATH\CodeIgniter.php(353): CodeIgniter\CodeIgniter->handleRequest(null, Object(Config\Cache), false)
 9 FCPATH\index.php(79): CodeIgniter\CodeIgniter->run()
10 SYSTEMPATH\Commands\Server\rewrite.php(47): require_once('D:\\laragon\\www\\method-oldagehome\\public\\index.php')
CRITICAL - 2024-12-09 16:44:55 --> Trying to access array offset on value of type null
in APPPATH\Views\dashboard\editleftelder.php on line 50.
 1 APPPATH\Views\dashboard\editleftelder.php(50): CodeIgniter\Debug\Exceptions->errorHandler(2, 'Trying to access array offset on value of type null', 'D:\\laragon\\www\\method-oldagehome\\app\\Views\\dashboard\\editleftelder.php', 50)
 2 SYSTEMPATH\View\View.php(226): include('D:\\laragon\\www\\method-oldagehome\\app\\Views\\dashboard\\editleftelder.php')
 3 SYSTEMPATH\View\View.php(229): CodeIgniter\View\View->CodeIgniter\View\{closure}()
 4 SYSTEMPATH\Common.php(1188): CodeIgniter\View\View->render('dashboard/editleftelder', [], true)
 5 APPPATH\Controllers\NewController.php(953): view('dashboard/editleftelder', [...])
 6 SYSTEMPATH\CodeIgniter.php(919): App\Controllers\NewController->ViewEditLeft('vendors', 'typeahead.js', 'typeahead.bundle.min.js')
 7 SYSTEMPATH\CodeIgniter.php(494): CodeIgniter\CodeIgniter->runController(Object(App\Controllers\NewController))
 8 SYSTEMPATH\CodeIgniter.php(353): CodeIgniter\CodeIgniter->handleRequest(null, Object(Config\Cache), false)
 9 FCPATH\index.php(79): CodeIgniter\CodeIgniter->run()
10 SYSTEMPATH\Commands\Server\rewrite.php(47): require_once('D:\\laragon\\www\\method-oldagehome\\public\\index.php')
CRITICAL - 2024-12-09 16:44:56 --> Trying to access array offset on value of type null
in APPPATH\Views\dashboard\editleftelder.php on line 50.
 1 APPPATH\Views\dashboard\editleftelder.php(50): CodeIgniter\Debug\Exceptions->errorHandler(2, 'Trying to access array offset on value of type null', 'D:\\laragon\\www\\method-oldagehome\\app\\Views\\dashboard\\editleftelder.php', 50)
 2 SYSTEMPATH\View\View.php(226): include('D:\\laragon\\www\\method-oldagehome\\app\\Views\\dashboard\\editleftelder.php')
 3 SYSTEMPATH\View\View.php(229): CodeIgniter\View\View->CodeIgniter\View\{closure}()
 4 SYSTEMPATH\Common.php(1188): CodeIgniter\View\View->render('dashboard/editleftelder', [], true)
 5 APPPATH\Controllers\NewController.php(953): view('dashboard/editleftelder', [...])
 6 SYSTEMPATH\CodeIgniter.php(919): App\Controllers\NewController->ViewEditLeft('vendors', 'select2', 'select2.min.js')
 7 SYSTEMPATH\CodeIgniter.php(494): CodeIgniter\CodeIgniter->runController(Object(App\Controllers\NewController))
 8 SYSTEMPATH\CodeIgniter.php(353): CodeIgniter\CodeIgniter->handleRequest(null, Object(Config\Cache), false)
 9 FCPATH\index.php(79): CodeIgniter\CodeIgniter->run()
10 SYSTEMPATH\Commands\Server\rewrite.php(47): require_once('D:\\laragon\\www\\method-oldagehome\\public\\index.php')
CRITICAL - 2024-12-09 16:44:56 --> Trying to access array offset on value of type null
in APPPATH\Views\dashboard\editleftelder.php on line 50.
 1 APPPATH\Views\dashboard\editleftelder.php(50): CodeIgniter\Debug\Exceptions->errorHandler(2, 'Trying to access array offset on value of type null', 'D:\\laragon\\www\\method-oldagehome\\app\\Views\\dashboard\\editleftelder.php', 50)
 2 SYSTEMPATH\View\View.php(226): include('D:\\laragon\\www\\method-oldagehome\\app\\Views\\dashboard\\editleftelder.php')
 3 SYSTEMPATH\View\View.php(229): CodeIgniter\View\View->CodeIgniter\View\{closure}()
 4 SYSTEMPATH\Common.php(1188): CodeIgniter\View\View->render('dashboard/editleftelder', [], true)
 5 APPPATH\Controllers\NewController.php(953): view('dashboard/editleftelder', [...])
 6 SYSTEMPATH\CodeIgniter.php(919): App\Controllers\NewController->ViewEditLeft('js', 'file-upload.js')
 7 SYSTEMPATH\CodeIgniter.php(494): CodeIgniter\CodeIgniter->runController(Object(App\Controllers\NewController))
 8 SYSTEMPATH\CodeIgniter.php(353): CodeIgniter\CodeIgniter->handleRequest(null, Object(Config\Cache), false)
 9 FCPATH\index.php(79): CodeIgniter\CodeIgniter->run()
10 SYSTEMPATH\Commands\Server\rewrite.php(47): require_once('D:\\laragon\\www\\method-oldagehome\\public\\index.php')
CRITICAL - 2024-12-09 16:44:56 --> Trying to access array offset on value of type null
in APPPATH\Views\dashboard\editleftelder.php on line 50.
 1 APPPATH\Views\dashboard\editleftelder.php(50): CodeIgniter\Debug\Exceptions->errorHandler(2, 'Trying to access array offset on value of type null', 'D:\\laragon\\www\\method-oldagehome\\app\\Views\\dashboard\\editleftelder.php', 50)
 2 SYSTEMPATH\View\View.php(226): include('D:\\laragon\\www\\method-oldagehome\\app\\Views\\dashboard\\editleftelder.php')
 3 SYSTEMPATH\View\View.php(229): CodeIgniter\View\View->CodeIgniter\View\{closure}()
 4 SYSTEMPATH\Common.php(1188): CodeIgniter\View\View->render('dashboard/editleftelder', [], true)
 5 APPPATH\Controllers\NewController.php(953): view('dashboard/editleftelder', [...])
 6 SYSTEMPATH\CodeIgniter.php(919): App\Controllers\NewController->ViewEditLeft('js', 'typeahead.js')
 7 SYSTEMPATH\CodeIgniter.php(494): CodeIgniter\CodeIgniter->runController(Object(App\Controllers\NewController))
 8 SYSTEMPATH\CodeIgniter.php(353): CodeIgniter\CodeIgniter->handleRequest(null, Object(Config\Cache), false)
 9 FCPATH\index.php(79): CodeIgniter\CodeIgniter->run()
10 SYSTEMPATH\Commands\Server\rewrite.php(47): require_once('D:\\laragon\\www\\method-oldagehome\\public\\index.php')
CRITICAL - 2024-12-09 16:44:56 --> Trying to access array offset on value of type null
in APPPATH\Views\dashboard\editleftelder.php on line 50.
 1 APPPATH\Views\dashboard\editleftelder.php(50): CodeIgniter\Debug\Exceptions->errorHandler(2, 'Trying to access array offset on value of type null', 'D:\\laragon\\www\\method-oldagehome\\app\\Views\\dashboard\\editleftelder.php', 50)
 2 SYSTEMPATH\View\View.php(226): include('D:\\laragon\\www\\method-oldagehome\\app\\Views\\dashboard\\editleftelder.php')
 3 SYSTEMPATH\View\View.php(229): CodeIgniter\View\View->CodeIgniter\View\{closure}()
 4 SYSTEMPATH\Common.php(1188): CodeIgniter\View\View->render('dashboard/editleftelder', [], true)
 5 APPPATH\Controllers\NewController.php(953): view('dashboard/editleftelder', [...])
 6 SYSTEMPATH\CodeIgniter.php(919): App\Controllers\NewController->ViewEditLeft('js', 'select2.js')
 7 SYSTEMPATH\CodeIgniter.php(494): CodeIgniter\CodeIgniter->runController(Object(App\Controllers\NewController))
 8 SYSTEMPATH\CodeIgniter.php(353): CodeIgniter\CodeIgniter->handleRequest(null, Object(Config\Cache), false)
 9 FCPATH\index.php(79): CodeIgniter\CodeIgniter->run()
10 SYSTEMPATH\Commands\Server\rewrite.php(47): require_once('D:\\laragon\\www\\method-oldagehome\\public\\index.php')
CRITICAL - 2024-12-09 17:51:21 --> Undefined variable $LeftDat
in APPPATH\Controllers\NewController.php on line 1052.
 1 APPPATH\Controllers\NewController.php(1052): CodeIgniter\Debug\Exceptions->errorHandler(2, 'Undefined variable $LeftDat', 'D:\\laragon\\www\\method-oldagehome\\app\\Controllers\\NewController.php', 1052)
 2 SYSTEMPATH\CodeIgniter.php(919): App\Controllers\NewController->viewSearchLeft()
 3 SYSTEMPATH\CodeIgniter.php(494): CodeIgniter\CodeIgniter->runController(Object(App\Controllers\NewController))
 4 SYSTEMPATH\CodeIgniter.php(353): CodeIgniter\CodeIgniter->handleRequest(null, Object(Config\Cache), false)
 5 FCPATH\index.php(79): CodeIgniter\CodeIgniter->run()
 6 SYSTEMPATH\Commands\Server\rewrite.php(47): require_once('D:\\laragon\\www\\method-oldagehome\\public\\index.php')
CRITICAL - 2024-12-09 17:52:45 --> Trying to access array offset on value of type null
in APPPATH\Views\dashboard\editleftelder.php on line 50.
 1 APPPATH\Views\dashboard\editleftelder.php(50): CodeIgniter\Debug\Exceptions->errorHandler(2, 'Trying to access array offset on value of type null', 'D:\\laragon\\www\\method-oldagehome\\app\\Views\\dashboard\\editleftelder.php', 50)
 2 SYSTEMPATH\View\View.php(226): include('D:\\laragon\\www\\method-oldagehome\\app\\Views\\dashboard\\editleftelder.php')
 3 SYSTEMPATH\View\View.php(229): CodeIgniter\View\View->CodeIgniter\View\{closure}()
 4 SYSTEMPATH\Common.php(1188): CodeIgniter\View\View->render('dashboard/editleftelder', [], true)
 5 APPPATH\Controllers\NewController.php(953): view('dashboard/editleftelder', [...])
 6 SYSTEMPATH\CodeIgniter.php(919): App\Controllers\NewController->ViewEditLeft('login', 'vendors', 'typicons', 'typicons.css')
 7 SYSTEMPATH\CodeIgniter.php(494): CodeIgniter\CodeIgniter->runController(Object(App\Controllers\NewController))
 8 SYSTEMPATH\CodeIgniter.php(353): CodeIgniter\CodeIgniter->handleRequest(null, Object(Config\Cache), false)
 9 FCPATH\index.php(79): CodeIgniter\CodeIgniter->run()
10 SYSTEMPATH\Commands\Server\rewrite.php(47): require_once('D:\\laragon\\www\\method-oldagehome\\public\\index.php')
CRITICAL - 2024-12-09 17:52:46 --> Trying to access array offset on value of type null
in APPPATH\Views\dashboard\editleftelder.php on line 50.
 1 APPPATH\Views\dashboard\editleftelder.php(50): CodeIgniter\Debug\Exceptions->errorHandler(2, 'Trying to access array offset on value of type null', 'D:\\laragon\\www\\method-oldagehome\\app\\Views\\dashboard\\editleftelder.php', 50)
 2 SYSTEMPATH\View\View.php(226): include('D:\\laragon\\www\\method-oldagehome\\app\\Views\\dashboard\\editleftelder.php')
 3 SYSTEMPATH\View\View.php(229): CodeIgniter\View\View->CodeIgniter\View\{closure}()
 4 SYSTEMPATH\Common.php(1188): CodeIgniter\View\View->render('dashboard/editleftelder', [], true)
 5 APPPATH\Controllers\NewController.php(953): view('dashboard/editleftelder', [...])
 6 SYSTEMPATH\CodeIgniter.php(919): App\Controllers\NewController->ViewEditLeft('login', 'vendors', 'css', 'vendor.bundle.base.css')
 7 SYSTEMPATH\CodeIgniter.php(494): CodeIgniter\CodeIgniter->runController(Object(App\Controllers\NewController))
 8 SYSTEMPATH\CodeIgniter.php(353): CodeIgniter\CodeIgniter->handleRequest(null, Object(Config\Cache), false)
 9 FCPATH\index.php(79): CodeIgniter\CodeIgniter->run()
10 SYSTEMPATH\Commands\Server\rewrite.php(47): require_once('D:\\laragon\\www\\method-oldagehome\\public\\index.php')
CRITICAL - 2024-12-09 17:52:46 --> Trying to access array offset on value of type null
in APPPATH\Views\dashboard\editleftelder.php on line 50.
 1 APPPATH\Views\dashboard\editleftelder.php(50): CodeIgniter\Debug\Exceptions->errorHandler(2, 'Trying to access array offset on value of type null', 'D:\\laragon\\www\\method-oldagehome\\app\\Views\\dashboard\\editleftelder.php', 50)
 2 SYSTEMPATH\View\View.php(226): include('D:\\laragon\\www\\method-oldagehome\\app\\Views\\dashboard\\editleftelder.php')
 3 SYSTEMPATH\View\View.php(229): CodeIgniter\View\View->CodeIgniter\View\{closure}()
 4 SYSTEMPATH\Common.php(1188): CodeIgniter\View\View->render('dashboard/editleftelder', [], true)
 5 APPPATH\Controllers\NewController.php(953): view('dashboard/editleftelder', [...])
 6 SYSTEMPATH\CodeIgniter.php(919): App\Controllers\NewController->ViewEditLeft('login', 'vendors', 'select2', 'select2.min.css')
 7 SYSTEMPATH\CodeIgniter.php(494): CodeIgniter\CodeIgniter->runController(Object(App\Controllers\NewController))
 8 SYSTEMPATH\CodeIgniter.php(353): CodeIgniter\CodeIgniter->handleRequest(null, Object(Config\Cache), false)
 9 FCPATH\index.php(79): CodeIgniter\CodeIgniter->run()
10 SYSTEMPATH\Commands\Server\rewrite.php(47): require_once('D:\\laragon\\www\\method-oldagehome\\public\\index.php')
CRITICAL - 2024-12-09 17:52:47 --> Trying to access array offset on value of type null
in APPPATH\Views\dashboard\editleftelder.php on line 50.
 1 APPPATH\Views\dashboard\editleftelder.php(50): CodeIgniter\Debug\Exceptions->errorHandler(2, 'Trying to access array offset on value of type null', 'D:\\laragon\\www\\method-oldagehome\\app\\Views\\dashboard\\editleftelder.php', 50)
 2 SYSTEMPATH\View\View.php(226): include('D:\\laragon\\www\\method-oldagehome\\app\\Views\\dashboard\\editleftelder.php')
 3 SYSTEMPATH\View\View.php(229): CodeIgniter\View\View->CodeIgniter\View\{closure}()
 4 SYSTEMPATH\Common.php(1188): CodeIgniter\View\View->render('dashboard/editleftelder', [], true)
 5 APPPATH\Controllers\NewController.php(953): view('dashboard/editleftelder', [...])
 6 SYSTEMPATH\CodeIgniter.php(919): App\Controllers\NewController->ViewEditLeft('login', 'vendors', 'select2-bootstrap-theme', 'select2-bootstrap.min.css')
 7 SYSTEMPATH\CodeIgniter.php(494): CodeIgniter\CodeIgniter->runController(Object(App\Controllers\NewController))
 8 SYSTEMPATH\CodeIgniter.php(353): CodeIgniter\CodeIgniter->handleRequest(null, Object(Config\Cache), false)
 9 FCPATH\index.php(79): CodeIgniter\CodeIgniter->run()
10 SYSTEMPATH\Commands\Server\rewrite.php(47): require_once('D:\\laragon\\www\\method-oldagehome\\public\\index.php')
CRITICAL - 2024-12-09 17:52:47 --> Trying to access array offset on value of type null
in APPPATH\Views\dashboard\editleftelder.php on line 50.
 1 APPPATH\Views\dashboard\editleftelder.php(50): CodeIgniter\Debug\Exceptions->errorHandler(2, 'Trying to access array offset on value of type null', 'D:\\laragon\\www\\method-oldagehome\\app\\Views\\dashboard\\editleftelder.php', 50)
 2 SYSTEMPATH\View\View.php(226): include('D:\\laragon\\www\\method-oldagehome\\app\\Views\\dashboard\\editleftelder.php')
 3 SYSTEMPATH\View\View.php(229): CodeIgniter\View\View->CodeIgniter\View\{closure}()
 4 SYSTEMPATH\Common.php(1188): CodeIgniter\View\View->render('dashboard/editleftelder', [], true)
 5 APPPATH\Controllers\NewController.php(953): view('dashboard/editleftelder', [...])
 6 SYSTEMPATH\CodeIgniter.php(919): App\Controllers\NewController->ViewEditLeft('login', 'css', 'vertical-layout-light', 'style.css')
 7 SYSTEMPATH\CodeIgniter.php(494): CodeIgniter\CodeIgniter->runController(Object(App\Controllers\NewController))
 8 SYSTEMPATH\CodeIgniter.php(353): CodeIgniter\CodeIgniter->handleRequest(null, Object(Config\Cache), false)
 9 FCPATH\index.php(79): CodeIgniter\CodeIgniter->run()
10 SYSTEMPATH\Commands\Server\rewrite.php(47): require_once('D:\\laragon\\www\\method-oldagehome\\public\\index.php')
CRITICAL - 2024-12-09 17:52:48 --> Trying to access array offset on value of type null
in APPPATH\Views\dashboard\editleftelder.php on line 50.
 1 APPPATH\Views\dashboard\editleftelder.php(50): CodeIgniter\Debug\Exceptions->errorHandler(2, 'Trying to access array offset on value of type null', 'D:\\laragon\\www\\method-oldagehome\\app\\Views\\dashboard\\editleftelder.php', 50)
 2 SYSTEMPATH\View\View.php(226): include('D:\\laragon\\www\\method-oldagehome\\app\\Views\\dashboard\\editleftelder.php')
 3 SYSTEMPATH\View\View.php(229): CodeIgniter\View\View->CodeIgniter\View\{closure}()
 4 SYSTEMPATH\Common.php(1188): CodeIgniter\View\View->render('dashboard/editleftelder', [], true)
 5 APPPATH\Controllers\NewController.php(953): view('dashboard/editleftelder', [...])
 6 SYSTEMPATH\CodeIgniter.php(919): App\Controllers\NewController->ViewEditLeft('vendors', 'js', 'vendor.bundle.base.js')
 7 SYSTEMPATH\CodeIgniter.php(494): CodeIgniter\CodeIgniter->runController(Object(App\Controllers\NewController))
 8 SYSTEMPATH\CodeIgniter.php(353): CodeIgniter\CodeIgniter->handleRequest(null, Object(Config\Cache), false)
 9 FCPATH\index.php(79): CodeIgniter\CodeIgniter->run()
10 SYSTEMPATH\Commands\Server\rewrite.php(47): require_once('D:\\laragon\\www\\method-oldagehome\\public\\index.php')
CRITICAL - 2024-12-09 17:52:48 --> Trying to access array offset on value of type null
in APPPATH\Views\dashboard\editleftelder.php on line 50.
 1 APPPATH\Views\dashboard\editleftelder.php(50): CodeIgniter\Debug\Exceptions->errorHandler(2, 'Trying to access array offset on value of type null', 'D:\\laragon\\www\\method-oldagehome\\app\\Views\\dashboard\\editleftelder.php', 50)
 2 SYSTEMPATH\View\View.php(226): include('D:\\laragon\\www\\method-oldagehome\\app\\Views\\dashboard\\editleftelder.php')
 3 SYSTEMPATH\View\View.php(229): CodeIgniter\View\View->CodeIgniter\View\{closure}()
 4 SYSTEMPATH\Common.php(1188): CodeIgniter\View\View->render('dashboard/editleftelder', [], true)
 5 APPPATH\Controllers\NewController.php(953): view('dashboard/editleftelder', [...])
 6 SYSTEMPATH\CodeIgniter.php(919): App\Controllers\NewController->ViewEditLeft('js', 'off-canvas.js')
 7 SYSTEMPATH\CodeIgniter.php(494): CodeIgniter\CodeIgniter->runController(Object(App\Controllers\NewController))
 8 SYSTEMPATH\CodeIgniter.php(353): CodeIgniter\CodeIgniter->handleRequest(null, Object(Config\Cache), false)
 9 FCPATH\index.php(79): CodeIgniter\CodeIgniter->run()
10 SYSTEMPATH\Commands\Server\rewrite.php(47): require_once('D:\\laragon\\www\\method-oldagehome\\public\\index.php')
CRITICAL - 2024-12-09 17:52:49 --> Trying to access array offset on value of type null
in APPPATH\Views\dashboard\editleftelder.php on line 50.
 1 APPPATH\Views\dashboard\editleftelder.php(50): CodeIgniter\Debug\Exceptions->errorHandler(2, 'Trying to access array offset on value of type null', 'D:\\laragon\\www\\method-oldagehome\\app\\Views\\dashboard\\editleftelder.php', 50)
 2 SYSTEMPATH\View\View.php(226): include('D:\\laragon\\www\\method-oldagehome\\app\\Views\\dashboard\\editleftelder.php')
 3 SYSTEMPATH\View\View.php(229): CodeIgniter\View\View->CodeIgniter\View\{closure}()
 4 SYSTEMPATH\Common.php(1188): CodeIgniter\View\View->render('dashboard/editleftelder', [], true)
 5 APPPATH\Controllers\NewController.php(953): view('dashboard/editleftelder', [...])
 6 SYSTEMPATH\CodeIgniter.php(919): App\Controllers\NewController->ViewEditLeft('js', 'hoverable-collapse.js')
 7 SYSTEMPATH\CodeIgniter.php(494): CodeIgniter\CodeIgniter->runController(Object(App\Controllers\NewController))
 8 SYSTEMPATH\CodeIgniter.php(353): CodeIgniter\CodeIgniter->handleRequest(null, Object(Config\Cache), false)
 9 FCPATH\index.php(79): CodeIgniter\CodeIgniter->run()
10 SYSTEMPATH\Commands\Server\rewrite.php(47): require_once('D:\\laragon\\www\\method-oldagehome\\public\\index.php')
CRITICAL - 2024-12-09 17:52:49 --> Trying to access array offset on value of type null
in APPPATH\Views\dashboard\editleftelder.php on line 50.
 1 APPPATH\Views\dashboard\editleftelder.php(50): CodeIgniter\Debug\Exceptions->errorHandler(2, 'Trying to access array offset on value of type null', 'D:\\laragon\\www\\method-oldagehome\\app\\Views\\dashboard\\editleftelder.php', 50)
 2 SYSTEMPATH\View\View.php(226): include('D:\\laragon\\www\\method-oldagehome\\app\\Views\\dashboard\\editleftelder.php')
 3 SYSTEMPATH\View\View.php(229): CodeIgniter\View\View->CodeIgniter\View\{closure}()
 4 SYSTEMPATH\Common.php(1188): CodeIgniter\View\View->render('dashboard/editleftelder', [], true)
 5 APPPATH\Controllers\NewController.php(953): view('dashboard/editleftelder', [...])
 6 SYSTEMPATH\CodeIgniter.php(919): App\Controllers\NewController->ViewEditLeft('js', 'template.js')
 7 SYSTEMPATH\CodeIgniter.php(494): CodeIgniter\CodeIgniter->runController(Object(App\Controllers\NewController))
 8 SYSTEMPATH\CodeIgniter.php(353): CodeIgniter\CodeIgniter->handleRequest(null, Object(Config\Cache), false)
 9 FCPATH\index.php(79): CodeIgniter\CodeIgniter->run()
10 SYSTEMPATH\Commands\Server\rewrite.php(47): require_once('D:\\laragon\\www\\method-oldagehome\\public\\index.php')
CRITICAL - 2024-12-09 17:52:50 --> Trying to access array offset on value of type null
in APPPATH\Views\dashboard\editleftelder.php on line 50.
 1 APPPATH\Views\dashboard\editleftelder.php(50): CodeIgniter\Debug\Exceptions->errorHandler(2, 'Trying to access array offset on value of type null', 'D:\\laragon\\www\\method-oldagehome\\app\\Views\\dashboard\\editleftelder.php', 50)
 2 SYSTEMPATH\View\View.php(226): include('D:\\laragon\\www\\method-oldagehome\\app\\Views\\dashboard\\editleftelder.php')
 3 SYSTEMPATH\View\View.php(229): CodeIgniter\View\View->CodeIgniter\View\{closure}()
 4 SYSTEMPATH\Common.php(1188): CodeIgniter\View\View->render('dashboard/editleftelder', [], true)
 5 APPPATH\Controllers\NewController.php(953): view('dashboard/editleftelder', [...])
 6 SYSTEMPATH\CodeIgniter.php(919): App\Controllers\NewController->ViewEditLeft('js', 'settings.js')
 7 SYSTEMPATH\CodeIgniter.php(494): CodeIgniter\CodeIgniter->runController(Object(App\Controllers\NewController))
 8 SYSTEMPATH\CodeIgniter.php(353): CodeIgniter\CodeIgniter->handleRequest(null, Object(Config\Cache), false)
 9 FCPATH\index.php(79): CodeIgniter\CodeIgniter->run()
10 SYSTEMPATH\Commands\Server\rewrite.php(47): require_once('D:\\laragon\\www\\method-oldagehome\\public\\index.php')
CRITICAL - 2024-12-09 17:52:50 --> Trying to access array offset on value of type null
in APPPATH\Views\dashboard\editleftelder.php on line 50.
 1 APPPATH\Views\dashboard\editleftelder.php(50): CodeIgniter\Debug\Exceptions->errorHandler(2, 'Trying to access array offset on value of type null', 'D:\\laragon\\www\\method-oldagehome\\app\\Views\\dashboard\\editleftelder.php', 50)
 2 SYSTEMPATH\View\View.php(226): include('D:\\laragon\\www\\method-oldagehome\\app\\Views\\dashboard\\editleftelder.php')
 3 SYSTEMPATH\View\View.php(229): CodeIgniter\View\View->CodeIgniter\View\{closure}()
 4 SYSTEMPATH\Common.php(1188): CodeIgniter\View\View->render('dashboard/editleftelder', [], true)
 5 APPPATH\Controllers\NewController.php(953): view('dashboard/editleftelder', [...])
 6 SYSTEMPATH\CodeIgniter.php(919): App\Controllers\NewController->ViewEditLeft('js', 'todolist.js')
 7 SYSTEMPATH\CodeIgniter.php(494): CodeIgniter\CodeIgniter->runController(Object(App\Controllers\NewController))
 8 SYSTEMPATH\CodeIgniter.php(353): CodeIgniter\CodeIgniter->handleRequest(null, Object(Config\Cache), false)
 9 FCPATH\index.php(79): CodeIgniter\CodeIgniter->run()
10 SYSTEMPATH\Commands\Server\rewrite.php(47): require_once('D:\\laragon\\www\\method-oldagehome\\public\\index.php')
CRITICAL - 2024-12-09 17:52:51 --> Trying to access array offset on value of type null
in APPPATH\Views\dashboard\editleftelder.php on line 50.
 1 APPPATH\Views\dashboard\editleftelder.php(50): CodeIgniter\Debug\Exceptions->errorHandler(2, 'Trying to access array offset on value of type null', 'D:\\laragon\\www\\method-oldagehome\\app\\Views\\dashboard\\editleftelder.php', 50)
 2 SYSTEMPATH\View\View.php(226): include('D:\\laragon\\www\\method-oldagehome\\app\\Views\\dashboard\\editleftelder.php')
 3 SYSTEMPATH\View\View.php(229): CodeIgniter\View\View->CodeIgniter\View\{closure}()
 4 SYSTEMPATH\Common.php(1188): CodeIgniter\View\View->render('dashboard/editleftelder', [], true)
 5 APPPATH\Controllers\NewController.php(953): view('dashboard/editleftelder', [...])
 6 SYSTEMPATH\CodeIgniter.php(919): App\Controllers\NewController->ViewEditLeft('vendors', 'typeahead.js', 'typeahead.bundle.min.js')
 7 SYSTEMPATH\CodeIgniter.php(494): CodeIgniter\CodeIgniter->runController(Object(App\Controllers\NewController))
 8 SYSTEMPATH\CodeIgniter.php(353): CodeIgniter\CodeIgniter->handleRequest(null, Object(Config\Cache), false)
 9 FCPATH\index.php(79): CodeIgniter\CodeIgniter->run()
10 SYSTEMPATH\Commands\Server\rewrite.php(47): require_once('D:\\laragon\\www\\method-oldagehome\\public\\index.php')
CRITICAL - 2024-12-09 17:52:51 --> Trying to access array offset on value of type null
in APPPATH\Views\dashboard\editleftelder.php on line 50.
 1 APPPATH\Views\dashboard\editleftelder.php(50): CodeIgniter\Debug\Exceptions->errorHandler(2, 'Trying to access array offset on value of type null', 'D:\\laragon\\www\\method-oldagehome\\app\\Views\\dashboard\\editleftelder.php', 50)
 2 SYSTEMPATH\View\View.php(226): include('D:\\laragon\\www\\method-oldagehome\\app\\Views\\dashboard\\editleftelder.php')
 3 SYSTEMPATH\View\View.php(229): CodeIgniter\View\View->CodeIgniter\View\{closure}()
 4 SYSTEMPATH\Common.php(1188): CodeIgniter\View\View->render('dashboard/editleftelder', [], true)
 5 APPPATH\Controllers\NewController.php(953): view('dashboard/editleftelder', [...])
 6 SYSTEMPATH\CodeIgniter.php(919): App\Controllers\NewController->ViewEditLeft('vendors', 'select2', 'select2.min.js')
 7 SYSTEMPATH\CodeIgniter.php(494): CodeIgniter\CodeIgniter->runController(Object(App\Controllers\NewController))
 8 SYSTEMPATH\CodeIgniter.php(353): CodeIgniter\CodeIgniter->handleRequest(null, Object(Config\Cache), false)
 9 FCPATH\index.php(79): CodeIgniter\CodeIgniter->run()
10 SYSTEMPATH\Commands\Server\rewrite.php(47): require_once('D:\\laragon\\www\\method-oldagehome\\public\\index.php')
CRITICAL - 2024-12-09 17:52:52 --> Trying to access array offset on value of type null
in APPPATH\Views\dashboard\editleftelder.php on line 50.
 1 APPPATH\Views\dashboard\editleftelder.php(50): CodeIgniter\Debug\Exceptions->errorHandler(2, 'Trying to access array offset on value of type null', 'D:\\laragon\\www\\method-oldagehome\\app\\Views\\dashboard\\editleftelder.php', 50)
 2 SYSTEMPATH\View\View.php(226): include('D:\\laragon\\www\\method-oldagehome\\app\\Views\\dashboard\\editleftelder.php')
 3 SYSTEMPATH\View\View.php(229): CodeIgniter\View\View->CodeIgniter\View\{closure}()
 4 SYSTEMPATH\Common.php(1188): CodeIgniter\View\View->render('dashboard/editleftelder', [], true)
 5 APPPATH\Controllers\NewController.php(953): view('dashboard/editleftelder', [...])
 6 SYSTEMPATH\CodeIgniter.php(919): App\Controllers\NewController->ViewEditLeft('js', 'file-upload.js')
 7 SYSTEMPATH\CodeIgniter.php(494): CodeIgniter\CodeIgniter->runController(Object(App\Controllers\NewController))
 8 SYSTEMPATH\CodeIgniter.php(353): CodeIgniter\CodeIgniter->handleRequest(null, Object(Config\Cache), false)
 9 FCPATH\index.php(79): CodeIgniter\CodeIgniter->run()
10 SYSTEMPATH\Commands\Server\rewrite.php(47): require_once('D:\\laragon\\www\\method-oldagehome\\public\\index.php')
CRITICAL - 2024-12-09 17:52:52 --> Trying to access array offset on value of type null
in APPPATH\Views\dashboard\editleftelder.php on line 50.
 1 APPPATH\Views\dashboard\editleftelder.php(50): CodeIgniter\Debug\Exceptions->errorHandler(2, 'Trying to access array offset on value of type null', 'D:\\laragon\\www\\method-oldagehome\\app\\Views\\dashboard\\editleftelder.php', 50)
 2 SYSTEMPATH\View\View.php(226): include('D:\\laragon\\www\\method-oldagehome\\app\\Views\\dashboard\\editleftelder.php')
 3 SYSTEMPATH\View\View.php(229): CodeIgniter\View\View->CodeIgniter\View\{closure}()
 4 SYSTEMPATH\Common.php(1188): CodeIgniter\View\View->render('dashboard/editleftelder', [], true)
 5 APPPATH\Controllers\NewController.php(953): view('dashboard/editleftelder', [...])
 6 SYSTEMPATH\CodeIgniter.php(919): App\Controllers\NewController->ViewEditLeft('js', 'typeahead.js')
 7 SYSTEMPATH\CodeIgniter.php(494): CodeIgniter\CodeIgniter->runController(Object(App\Controllers\NewController))
 8 SYSTEMPATH\CodeIgniter.php(353): CodeIgniter\CodeIgniter->handleRequest(null, Object(Config\Cache), false)
 9 FCPATH\index.php(79): CodeIgniter\CodeIgniter->run()
10 SYSTEMPATH\Commands\Server\rewrite.php(47): require_once('D:\\laragon\\www\\method-oldagehome\\public\\index.php')
CRITICAL - 2024-12-09 17:52:53 --> Trying to access array offset on value of type null
in APPPATH\Views\dashboard\editleftelder.php on line 50.
 1 APPPATH\Views\dashboard\editleftelder.php(50): CodeIgniter\Debug\Exceptions->errorHandler(2, 'Trying to access array offset on value of type null', 'D:\\laragon\\www\\method-oldagehome\\app\\Views\\dashboard\\editleftelder.php', 50)
 2 SYSTEMPATH\View\View.php(226): include('D:\\laragon\\www\\method-oldagehome\\app\\Views\\dashboard\\editleftelder.php')
 3 SYSTEMPATH\View\View.php(229): CodeIgniter\View\View->CodeIgniter\View\{closure}()
 4 SYSTEMPATH\Common.php(1188): CodeIgniter\View\View->render('dashboard/editleftelder', [], true)
 5 APPPATH\Controllers\NewController.php(953): view('dashboard/editleftelder', [...])
 6 SYSTEMPATH\CodeIgniter.php(919): App\Controllers\NewController->ViewEditLeft('js', 'select2.js')
 7 SYSTEMPATH\CodeIgniter.php(494): CodeIgniter\CodeIgniter->runController(Object(App\Controllers\NewController))
 8 SYSTEMPATH\CodeIgniter.php(353): CodeIgniter\CodeIgniter->handleRequest(null, Object(Config\Cache), false)
 9 FCPATH\index.php(79): CodeIgniter\CodeIgniter->run()
10 SYSTEMPATH\Commands\Server\rewrite.php(47): require_once('D:\\laragon\\www\\method-oldagehome\\public\\index.php')
CRITICAL - 2024-12-09 17:53:13 --> Trying to access array offset on value of type null
in APPPATH\Views\dashboard\editleftelder.php on line 50.
 1 APPPATH\Views\dashboard\editleftelder.php(50): CodeIgniter\Debug\Exceptions->errorHandler(2, 'Trying to access array offset on value of type null', 'D:\\laragon\\www\\method-oldagehome\\app\\Views\\dashboard\\editleftelder.php', 50)
 2 SYSTEMPATH\View\View.php(226): include('D:\\laragon\\www\\method-oldagehome\\app\\Views\\dashboard\\editleftelder.php')
 3 SYSTEMPATH\View\View.php(229): CodeIgniter\View\View->CodeIgniter\View\{closure}()
 4 SYSTEMPATH\Common.php(1188): CodeIgniter\View\View->render('dashboard/editleftelder', [], true)
 5 APPPATH\Controllers\NewController.php(953): view('dashboard/editleftelder', [...])
 6 SYSTEMPATH\CodeIgniter.php(919): App\Controllers\NewController->ViewEditLeft('login', 'vendors', 'typicons', 'typicons.css')
 7 SYSTEMPATH\CodeIgniter.php(494): CodeIgniter\CodeIgniter->runController(Object(App\Controllers\NewController))
 8 SYSTEMPATH\CodeIgniter.php(353): CodeIgniter\CodeIgniter->handleRequest(null, Object(Config\Cache), false)
 9 FCPATH\index.php(79): CodeIgniter\CodeIgniter->run()
10 SYSTEMPATH\Commands\Server\rewrite.php(47): require_once('D:\\laragon\\www\\method-oldagehome\\public\\index.php')
CRITICAL - 2024-12-09 17:53:13 --> Trying to access array offset on value of type null
in APPPATH\Views\dashboard\editleftelder.php on line 50.
 1 APPPATH\Views\dashboard\editleftelder.php(50): CodeIgniter\Debug\Exceptions->errorHandler(2, 'Trying to access array offset on value of type null', 'D:\\laragon\\www\\method-oldagehome\\app\\Views\\dashboard\\editleftelder.php', 50)
 2 SYSTEMPATH\View\View.php(226): include('D:\\laragon\\www\\method-oldagehome\\app\\Views\\dashboard\\editleftelder.php')
 3 SYSTEMPATH\View\View.php(229): CodeIgniter\View\View->CodeIgniter\View\{closure}()
 4 SYSTEMPATH\Common.php(1188): CodeIgniter\View\View->render('dashboard/editleftelder', [], true)
 5 APPPATH\Controllers\NewController.php(953): view('dashboard/editleftelder', [...])
 6 SYSTEMPATH\CodeIgniter.php(919): App\Controllers\NewController->ViewEditLeft('login', 'vendors', 'css', 'vendor.bundle.base.css')
 7 SYSTEMPATH\CodeIgniter.php(494): CodeIgniter\CodeIgniter->runController(Object(App\Controllers\NewController))
 8 SYSTEMPATH\CodeIgniter.php(353): CodeIgniter\CodeIgniter->handleRequest(null, Object(Config\Cache), false)
 9 FCPATH\index.php(79): CodeIgniter\CodeIgniter->run()
10 SYSTEMPATH\Commands\Server\rewrite.php(47): require_once('D:\\laragon\\www\\method-oldagehome\\public\\index.php')
CRITICAL - 2024-12-09 17:53:14 --> Trying to access array offset on value of type null
in APPPATH\Views\dashboard\editleftelder.php on line 50.
 1 APPPATH\Views\dashboard\editleftelder.php(50): CodeIgniter\Debug\Exceptions->errorHandler(2, 'Trying to access array offset on value of type null', 'D:\\laragon\\www\\method-oldagehome\\app\\Views\\dashboard\\editleftelder.php', 50)
 2 SYSTEMPATH\View\View.php(226): include('D:\\laragon\\www\\method-oldagehome\\app\\Views\\dashboard\\editleftelder.php')
 3 SYSTEMPATH\View\View.php(229): CodeIgniter\View\View->CodeIgniter\View\{closure}()
 4 SYSTEMPATH\Common.php(1188): CodeIgniter\View\View->render('dashboard/editleftelder', [], true)
 5 APPPATH\Controllers\NewController.php(953): view('dashboard/editleftelder', [...])
 6 SYSTEMPATH\CodeIgniter.php(919): App\Controllers\NewController->ViewEditLeft('login', 'vendors', 'select2', 'select2.min.css')
 7 SYSTEMPATH\CodeIgniter.php(494): CodeIgniter\CodeIgniter->runController(Object(App\Controllers\NewController))
 8 SYSTEMPATH\CodeIgniter.php(353): CodeIgniter\CodeIgniter->handleRequest(null, Object(Config\Cache), false)
 9 FCPATH\index.php(79): CodeIgniter\CodeIgniter->run()
10 SYSTEMPATH\Commands\Server\rewrite.php(47): require_once('D:\\laragon\\www\\method-oldagehome\\public\\index.php')
CRITICAL - 2024-12-09 17:53:14 --> Trying to access array offset on value of type null
in APPPATH\Views\dashboard\editleftelder.php on line 50.
 1 APPPATH\Views\dashboard\editleftelder.php(50): CodeIgniter\Debug\Exceptions->errorHandler(2, 'Trying to access array offset on value of type null', 'D:\\laragon\\www\\method-oldagehome\\app\\Views\\dashboard\\editleftelder.php', 50)
 2 SYSTEMPATH\View\View.php(226): include('D:\\laragon\\www\\method-oldagehome\\app\\Views\\dashboard\\editleftelder.php')
 3 SYSTEMPATH\View\View.php(229): CodeIgniter\View\View->CodeIgniter\View\{closure}()
 4 SYSTEMPATH\Common.php(1188): CodeIgniter\View\View->render('dashboard/editleftelder', [], true)
 5 APPPATH\Controllers\NewController.php(953): view('dashboard/editleftelder', [...])
 6 SYSTEMPATH\CodeIgniter.php(919): App\Controllers\NewController->ViewEditLeft('login', 'vendors', 'select2-bootstrap-theme', 'select2-bootstrap.min.css')
 7 SYSTEMPATH\CodeIgniter.php(494): CodeIgniter\CodeIgniter->runController(Object(App\Controllers\NewController))
 8 SYSTEMPATH\CodeIgniter.php(353): CodeIgniter\CodeIgniter->handleRequest(null, Object(Config\Cache), false)
 9 FCPATH\index.php(79): CodeIgniter\CodeIgniter->run()
10 SYSTEMPATH\Commands\Server\rewrite.php(47): require_once('D:\\laragon\\www\\method-oldagehome\\public\\index.php')
CRITICAL - 2024-12-09 17:53:15 --> Trying to access array offset on value of type null
in APPPATH\Views\dashboard\editleftelder.php on line 50.
 1 APPPATH\Views\dashboard\editleftelder.php(50): CodeIgniter\Debug\Exceptions->errorHandler(2, 'Trying to access array offset on value of type null', 'D:\\laragon\\www\\method-oldagehome\\app\\Views\\dashboard\\editleftelder.php', 50)
 2 SYSTEMPATH\View\View.php(226): include('D:\\laragon\\www\\method-oldagehome\\app\\Views\\dashboard\\editleftelder.php')
 3 SYSTEMPATH\View\View.php(229): CodeIgniter\View\View->CodeIgniter\View\{closure}()
 4 SYSTEMPATH\Common.php(1188): CodeIgniter\View\View->render('dashboard/editleftelder', [], true)
 5 APPPATH\Controllers\NewController.php(953): view('dashboard/editleftelder', [...])
 6 SYSTEMPATH\CodeIgniter.php(919): App\Controllers\NewController->ViewEditLeft('login', 'css', 'vertical-layout-light', 'style.css')
 7 SYSTEMPATH\CodeIgniter.php(494): CodeIgniter\CodeIgniter->runController(Object(App\Controllers\NewController))
 8 SYSTEMPATH\CodeIgniter.php(353): CodeIgniter\CodeIgniter->handleRequest(null, Object(Config\Cache), false)
 9 FCPATH\index.php(79): CodeIgniter\CodeIgniter->run()
10 SYSTEMPATH\Commands\Server\rewrite.php(47): require_once('D:\\laragon\\www\\method-oldagehome\\public\\index.php')
CRITICAL - 2024-12-09 17:53:15 --> Trying to access array offset on value of type null
in APPPATH\Views\dashboard\editleftelder.php on line 50.
 1 APPPATH\Views\dashboard\editleftelder.php(50): CodeIgniter\Debug\Exceptions->errorHandler(2, 'Trying to access array offset on value of type null', 'D:\\laragon\\www\\method-oldagehome\\app\\Views\\dashboard\\editleftelder.php', 50)
 2 SYSTEMPATH\View\View.php(226): include('D:\\laragon\\www\\method-oldagehome\\app\\Views\\dashboard\\editleftelder.php')
 3 SYSTEMPATH\View\View.php(229): CodeIgniter\View\View->CodeIgniter\View\{closure}()
 4 SYSTEMPATH\Common.php(1188): CodeIgniter\View\View->render('dashboard/editleftelder', [], true)
 5 APPPATH\Controllers\NewController.php(953): view('dashboard/editleftelder', [...])
 6 SYSTEMPATH\CodeIgniter.php(919): App\Controllers\NewController->ViewEditLeft('vendors', 'js', 'vendor.bundle.base.js')
 7 SYSTEMPATH\CodeIgniter.php(494): CodeIgniter\CodeIgniter->runController(Object(App\Controllers\NewController))
 8 SYSTEMPATH\CodeIgniter.php(353): CodeIgniter\CodeIgniter->handleRequest(null, Object(Config\Cache), false)
 9 FCPATH\index.php(79): CodeIgniter\CodeIgniter->run()
10 SYSTEMPATH\Commands\Server\rewrite.php(47): require_once('D:\\laragon\\www\\method-oldagehome\\public\\index.php')
CRITICAL - 2024-12-09 17:53:16 --> Trying to access array offset on value of type null
in APPPATH\Views\dashboard\editleftelder.php on line 50.
 1 APPPATH\Views\dashboard\editleftelder.php(50): CodeIgniter\Debug\Exceptions->errorHandler(2, 'Trying to access array offset on value of type null', 'D:\\laragon\\www\\method-oldagehome\\app\\Views\\dashboard\\editleftelder.php', 50)
 2 SYSTEMPATH\View\View.php(226): include('D:\\laragon\\www\\method-oldagehome\\app\\Views\\dashboard\\editleftelder.php')
 3 SYSTEMPATH\View\View.php(229): CodeIgniter\View\View->CodeIgniter\View\{closure}()
 4 SYSTEMPATH\Common.php(1188): CodeIgniter\View\View->render('dashboard/editleftelder', [], true)
 5 APPPATH\Controllers\NewController.php(953): view('dashboard/editleftelder', [...])
 6 SYSTEMPATH\CodeIgniter.php(919): App\Controllers\NewController->ViewEditLeft('js', 'off-canvas.js')
 7 SYSTEMPATH\CodeIgniter.php(494): CodeIgniter\CodeIgniter->runController(Object(App\Controllers\NewController))
 8 SYSTEMPATH\CodeIgniter.php(353): CodeIgniter\CodeIgniter->handleRequest(null, Object(Config\Cache), false)
 9 FCPATH\index.php(79): CodeIgniter\CodeIgniter->run()
10 SYSTEMPATH\Commands\Server\rewrite.php(47): require_once('D:\\laragon\\www\\method-oldagehome\\public\\index.php')
CRITICAL - 2024-12-09 17:53:16 --> Trying to access array offset on value of type null
in APPPATH\Views\dashboard\editleftelder.php on line 50.
 1 APPPATH\Views\dashboard\editleftelder.php(50): CodeIgniter\Debug\Exceptions->errorHandler(2, 'Trying to access array offset on value of type null', 'D:\\laragon\\www\\method-oldagehome\\app\\Views\\dashboard\\editleftelder.php', 50)
 2 SYSTEMPATH\View\View.php(226): include('D:\\laragon\\www\\method-oldagehome\\app\\Views\\dashboard\\editleftelder.php')
 3 SYSTEMPATH\View\View.php(229): CodeIgniter\View\View->CodeIgniter\View\{closure}()
 4 SYSTEMPATH\Common.php(1188): CodeIgniter\View\View->render('dashboard/editleftelder', [], true)
 5 APPPATH\Controllers\NewController.php(953): view('dashboard/editleftelder', [...])
 6 SYSTEMPATH\CodeIgniter.php(919): App\Controllers\NewController->ViewEditLeft('js', 'hoverable-collapse.js')
 7 SYSTEMPATH\CodeIgniter.php(494): CodeIgniter\CodeIgniter->runController(Object(App\Controllers\NewController))
 8 SYSTEMPATH\CodeIgniter.php(353): CodeIgniter\CodeIgniter->handleRequest(null, Object(Config\Cache), false)
 9 FCPATH\index.php(79): CodeIgniter\CodeIgniter->run()
10 SYSTEMPATH\Commands\Server\rewrite.php(47): require_once('D:\\laragon\\www\\method-oldagehome\\public\\index.php')
CRITICAL - 2024-12-09 17:53:17 --> Trying to access array offset on value of type null
in APPPATH\Views\dashboard\editleftelder.php on line 50.
 1 APPPATH\Views\dashboard\editleftelder.php(50): CodeIgniter\Debug\Exceptions->errorHandler(2, 'Trying to access array offset on value of type null', 'D:\\laragon\\www\\method-oldagehome\\app\\Views\\dashboard\\editleftelder.php', 50)
 2 SYSTEMPATH\View\View.php(226): include('D:\\laragon\\www\\method-oldagehome\\app\\Views\\dashboard\\editleftelder.php')
 3 SYSTEMPATH\View\View.php(229): CodeIgniter\View\View->CodeIgniter\View\{closure}()
 4 SYSTEMPATH\Common.php(1188): CodeIgniter\View\View->render('dashboard/editleftelder', [], true)
 5 APPPATH\Controllers\NewController.php(953): view('dashboard/editleftelder', [...])
 6 SYSTEMPATH\CodeIgniter.php(919): App\Controllers\NewController->ViewEditLeft('js', 'template.js')
 7 SYSTEMPATH\CodeIgniter.php(494): CodeIgniter\CodeIgniter->runController(Object(App\Controllers\NewController))
 8 SYSTEMPATH\CodeIgniter.php(353): CodeIgniter\CodeIgniter->handleRequest(null, Object(Config\Cache), false)
 9 FCPATH\index.php(79): CodeIgniter\CodeIgniter->run()
10 SYSTEMPATH\Commands\Server\rewrite.php(47): require_once('D:\\laragon\\www\\method-oldagehome\\public\\index.php')
CRITICAL - 2024-12-09 17:53:17 --> Trying to access array offset on value of type null
in APPPATH\Views\dashboard\editleftelder.php on line 50.
 1 APPPATH\Views\dashboard\editleftelder.php(50): CodeIgniter\Debug\Exceptions->errorHandler(2, 'Trying to access array offset on value of type null', 'D:\\laragon\\www\\method-oldagehome\\app\\Views\\dashboard\\editleftelder.php', 50)
 2 SYSTEMPATH\View\View.php(226): include('D:\\laragon\\www\\method-oldagehome\\app\\Views\\dashboard\\editleftelder.php')
 3 SYSTEMPATH\View\View.php(229): CodeIgniter\View\View->CodeIgniter\View\{closure}()
 4 SYSTEMPATH\Common.php(1188): CodeIgniter\View\View->render('dashboard/editleftelder', [], true)
 5 APPPATH\Controllers\NewController.php(953): view('dashboard/editleftelder', [...])
 6 SYSTEMPATH\CodeIgniter.php(919): App\Controllers\NewController->ViewEditLeft('js', 'settings.js')
 7 SYSTEMPATH\CodeIgniter.php(494): CodeIgniter\CodeIgniter->runController(Object(App\Controllers\NewController))
 8 SYSTEMPATH\CodeIgniter.php(353): CodeIgniter\CodeIgniter->handleRequest(null, Object(Config\Cache), false)
 9 FCPATH\index.php(79): CodeIgniter\CodeIgniter->run()
10 SYSTEMPATH\Commands\Server\rewrite.php(47): require_once('D:\\laragon\\www\\method-oldagehome\\public\\index.php')
CRITICAL - 2024-12-09 17:53:18 --> Trying to access array offset on value of type null
in APPPATH\Views\dashboard\editleftelder.php on line 50.
 1 APPPATH\Views\dashboard\editleftelder.php(50): CodeIgniter\Debug\Exceptions->errorHandler(2, 'Trying to access array offset on value of type null', 'D:\\laragon\\www\\method-oldagehome\\app\\Views\\dashboard\\editleftelder.php', 50)
 2 SYSTEMPATH\View\View.php(226): include('D:\\laragon\\www\\method-oldagehome\\app\\Views\\dashboard\\editleftelder.php')
 3 SYSTEMPATH\View\View.php(229): CodeIgniter\View\View->CodeIgniter\View\{closure}()
 4 SYSTEMPATH\Common.php(1188): CodeIgniter\View\View->render('dashboard/editleftelder', [], true)
 5 APPPATH\Controllers\NewController.php(953): view('dashboard/editleftelder', [...])
 6 SYSTEMPATH\CodeIgniter.php(919): App\Controllers\NewController->ViewEditLeft('js', 'todolist.js')
 7 SYSTEMPATH\CodeIgniter.php(494): CodeIgniter\CodeIgniter->runController(Object(App\Controllers\NewController))
 8 SYSTEMPATH\CodeIgniter.php(353): CodeIgniter\CodeIgniter->handleRequest(null, Object(Config\Cache), false)
 9 FCPATH\index.php(79): CodeIgniter\CodeIgniter->run()
10 SYSTEMPATH\Commands\Server\rewrite.php(47): require_once('D:\\laragon\\www\\method-oldagehome\\public\\index.php')
CRITICAL - 2024-12-09 17:53:18 --> Trying to access array offset on value of type null
in APPPATH\Views\dashboard\editleftelder.php on line 50.
 1 APPPATH\Views\dashboard\editleftelder.php(50): CodeIgniter\Debug\Exceptions->errorHandler(2, 'Trying to access array offset on value of type null', 'D:\\laragon\\www\\method-oldagehome\\app\\Views\\dashboard\\editleftelder.php', 50)
 2 SYSTEMPATH\View\View.php(226): include('D:\\laragon\\www\\method-oldagehome\\app\\Views\\dashboard\\editleftelder.php')
 3 SYSTEMPATH\View\View.php(229): CodeIgniter\View\View->CodeIgniter\View\{closure}()
 4 SYSTEMPATH\Common.php(1188): CodeIgniter\View\View->render('dashboard/editleftelder', [], true)
 5 APPPATH\Controllers\NewController.php(953): view('dashboard/editleftelder', [...])
 6 SYSTEMPATH\CodeIgniter.php(919): App\Controllers\NewController->ViewEditLeft('vendors', 'typeahead.js', 'typeahead.bundle.min.js')
 7 SYSTEMPATH\CodeIgniter.php(494): CodeIgniter\CodeIgniter->runController(Object(App\Controllers\NewController))
 8 SYSTEMPATH\CodeIgniter.php(353): CodeIgniter\CodeIgniter->handleRequest(null, Object(Config\Cache), false)
 9 FCPATH\index.php(79): CodeIgniter\CodeIgniter->run()
10 SYSTEMPATH\Commands\Server\rewrite.php(47): require_once('D:\\laragon\\www\\method-oldagehome\\public\\index.php')
CRITICAL - 2024-12-09 17:53:19 --> Trying to access array offset on value of type null
in APPPATH\Views\dashboard\editleftelder.php on line 50.
 1 APPPATH\Views\dashboard\editleftelder.php(50): CodeIgniter\Debug\Exceptions->errorHandler(2, 'Trying to access array offset on value of type null', 'D:\\laragon\\www\\method-oldagehome\\app\\Views\\dashboard\\editleftelder.php', 50)
 2 SYSTEMPATH\View\View.php(226): include('D:\\laragon\\www\\method-oldagehome\\app\\Views\\dashboard\\editleftelder.php')
 3 SYSTEMPATH\View\View.php(229): CodeIgniter\View\View->CodeIgniter\View\{closure}()
 4 SYSTEMPATH\Common.php(1188): CodeIgniter\View\View->render('dashboard/editleftelder', [], true)
 5 APPPATH\Controllers\NewController.php(953): view('dashboard/editleftelder', [...])
 6 SYSTEMPATH\CodeIgniter.php(919): App\Controllers\NewController->ViewEditLeft('vendors', 'select2', 'select2.min.js')
 7 SYSTEMPATH\CodeIgniter.php(494): CodeIgniter\CodeIgniter->runController(Object(App\Controllers\NewController))
 8 SYSTEMPATH\CodeIgniter.php(353): CodeIgniter\CodeIgniter->handleRequest(null, Object(Config\Cache), false)
 9 FCPATH\index.php(79): CodeIgniter\CodeIgniter->run()
10 SYSTEMPATH\Commands\Server\rewrite.php(47): require_once('D:\\laragon\\www\\method-oldagehome\\public\\index.php')
CRITICAL - 2024-12-09 17:53:19 --> Trying to access array offset on value of type null
in APPPATH\Views\dashboard\editleftelder.php on line 50.
 1 APPPATH\Views\dashboard\editleftelder.php(50): CodeIgniter\Debug\Exceptions->errorHandler(2, 'Trying to access array offset on value of type null', 'D:\\laragon\\www\\method-oldagehome\\app\\Views\\dashboard\\editleftelder.php', 50)
 2 SYSTEMPATH\View\View.php(226): include('D:\\laragon\\www\\method-oldagehome\\app\\Views\\dashboard\\editleftelder.php')
 3 SYSTEMPATH\View\View.php(229): CodeIgniter\View\View->CodeIgniter\View\{closure}()
 4 SYSTEMPATH\Common.php(1188): CodeIgniter\View\View->render('dashboard/editleftelder', [], true)
 5 APPPATH\Controllers\NewController.php(953): view('dashboard/editleftelder', [...])
 6 SYSTEMPATH\CodeIgniter.php(919): App\Controllers\NewController->ViewEditLeft('js', 'file-upload.js')
 7 SYSTEMPATH\CodeIgniter.php(494): CodeIgniter\CodeIgniter->runController(Object(App\Controllers\NewController))
 8 SYSTEMPATH\CodeIgniter.php(353): CodeIgniter\CodeIgniter->handleRequest(null, Object(Config\Cache), false)
 9 FCPATH\index.php(79): CodeIgniter\CodeIgniter->run()
10 SYSTEMPATH\Commands\Server\rewrite.php(47): require_once('D:\\laragon\\www\\method-oldagehome\\public\\index.php')
CRITICAL - 2024-12-09 17:53:20 --> Trying to access array offset on value of type null
in APPPATH\Views\dashboard\editleftelder.php on line 50.
 1 APPPATH\Views\dashboard\editleftelder.php(50): CodeIgniter\Debug\Exceptions->errorHandler(2, 'Trying to access array offset on value of type null', 'D:\\laragon\\www\\method-oldagehome\\app\\Views\\dashboard\\editleftelder.php', 50)
 2 SYSTEMPATH\View\View.php(226): include('D:\\laragon\\www\\method-oldagehome\\app\\Views\\dashboard\\editleftelder.php')
 3 SYSTEMPATH\View\View.php(229): CodeIgniter\View\View->CodeIgniter\View\{closure}()
 4 SYSTEMPATH\Common.php(1188): CodeIgniter\View\View->render('dashboard/editleftelder', [], true)
 5 APPPATH\Controllers\NewController.php(953): view('dashboard/editleftelder', [...])
 6 SYSTEMPATH\CodeIgniter.php(919): App\Controllers\NewController->ViewEditLeft('js', 'typeahead.js')
 7 SYSTEMPATH\CodeIgniter.php(494): CodeIgniter\CodeIgniter->runController(Object(App\Controllers\NewController))
 8 SYSTEMPATH\CodeIgniter.php(353): CodeIgniter\CodeIgniter->handleRequest(null, Object(Config\Cache), false)
 9 FCPATH\index.php(79): CodeIgniter\CodeIgniter->run()
10 SYSTEMPATH\Commands\Server\rewrite.php(47): require_once('D:\\laragon\\www\\method-oldagehome\\public\\index.php')
CRITICAL - 2024-12-09 17:53:20 --> Trying to access array offset on value of type null
in APPPATH\Views\dashboard\editleftelder.php on line 50.
 1 APPPATH\Views\dashboard\editleftelder.php(50): CodeIgniter\Debug\Exceptions->errorHandler(2, 'Trying to access array offset on value of type null', 'D:\\laragon\\www\\method-oldagehome\\app\\Views\\dashboard\\editleftelder.php', 50)
 2 SYSTEMPATH\View\View.php(226): include('D:\\laragon\\www\\method-oldagehome\\app\\Views\\dashboard\\editleftelder.php')
 3 SYSTEMPATH\View\View.php(229): CodeIgniter\View\View->CodeIgniter\View\{closure}()
 4 SYSTEMPATH\Common.php(1188): CodeIgniter\View\View->render('dashboard/editleftelder', [], true)
 5 APPPATH\Controllers\NewController.php(953): view('dashboard/editleftelder', [...])
 6 SYSTEMPATH\CodeIgniter.php(919): App\Controllers\NewController->ViewEditLeft('js', 'select2.js')
 7 SYSTEMPATH\CodeIgniter.php(494): CodeIgniter\CodeIgniter->runController(Object(App\Controllers\NewController))
 8 SYSTEMPATH\CodeIgniter.php(353): CodeIgniter\CodeIgniter->handleRequest(null, Object(Config\Cache), false)
 9 FCPATH\index.php(79): CodeIgniter\CodeIgniter->run()
10 SYSTEMPATH\Commands\Server\rewrite.php(47): require_once('D:\\laragon\\www\\method-oldagehome\\public\\index.php')
CRITICAL - 2024-12-09 17:54:09 --> Trying to access array offset on value of type null
in APPPATH\Views\dashboard\editleftelder.php on line 50.
 1 APPPATH\Views\dashboard\editleftelder.php(50): CodeIgniter\Debug\Exceptions->errorHandler(2, 'Trying to access array offset on value of type null', 'D:\\laragon\\www\\method-oldagehome\\app\\Views\\dashboard\\editleftelder.php', 50)
 2 SYSTEMPATH\View\View.php(226): include('D:\\laragon\\www\\method-oldagehome\\app\\Views\\dashboard\\editleftelder.php')
 3 SYSTEMPATH\View\View.php(229): CodeIgniter\View\View->CodeIgniter\View\{closure}()
 4 SYSTEMPATH\Common.php(1188): CodeIgniter\View\View->render('dashboard/editleftelder', [], true)
 5 APPPATH\Controllers\NewController.php(953): view('dashboard/editleftelder', [...])
 6 SYSTEMPATH\CodeIgniter.php(919): App\Controllers\NewController->ViewEditLeft('login', 'vendors', 'typicons', 'typicons.css')
 7 SYSTEMPATH\CodeIgniter.php(494): CodeIgniter\CodeIgniter->runController(Object(App\Controllers\NewController))
 8 SYSTEMPATH\CodeIgniter.php(353): CodeIgniter\CodeIgniter->handleRequest(null, Object(Config\Cache), false)
 9 FCPATH\index.php(79): CodeIgniter\CodeIgniter->run()
10 SYSTEMPATH\Commands\Server\rewrite.php(47): require_once('D:\\laragon\\www\\method-oldagehome\\public\\index.php')
CRITICAL - 2024-12-09 17:54:10 --> Trying to access array offset on value of type null
in APPPATH\Views\dashboard\editleftelder.php on line 50.
 1 APPPATH\Views\dashboard\editleftelder.php(50): CodeIgniter\Debug\Exceptions->errorHandler(2, 'Trying to access array offset on value of type null', 'D:\\laragon\\www\\method-oldagehome\\app\\Views\\dashboard\\editleftelder.php', 50)
 2 SYSTEMPATH\View\View.php(226): include('D:\\laragon\\www\\method-oldagehome\\app\\Views\\dashboard\\editleftelder.php')
 3 SYSTEMPATH\View\View.php(229): CodeIgniter\View\View->CodeIgniter\View\{closure}()
 4 SYSTEMPATH\Common.php(1188): CodeIgniter\View\View->render('dashboard/editleftelder', [], true)
 5 APPPATH\Controllers\NewController.php(953): view('dashboard/editleftelder', [...])
 6 SYSTEMPATH\CodeIgniter.php(919): App\Controllers\NewController->ViewEditLeft('login', 'vendors', 'css', 'vendor.bundle.base.css')
 7 SYSTEMPATH\CodeIgniter.php(494): CodeIgniter\CodeIgniter->runController(Object(App\Controllers\NewController))
 8 SYSTEMPATH\CodeIgniter.php(353): CodeIgniter\CodeIgniter->handleRequest(null, Object(Config\Cache), false)
 9 FCPATH\index.php(79): CodeIgniter\CodeIgniter->run()
10 SYSTEMPATH\Commands\Server\rewrite.php(47): require_once('D:\\laragon\\www\\method-oldagehome\\public\\index.php')
CRITICAL - 2024-12-09 17:54:10 --> Trying to access array offset on value of type null
in APPPATH\Views\dashboard\editleftelder.php on line 50.
 1 APPPATH\Views\dashboard\editleftelder.php(50): CodeIgniter\Debug\Exceptions->errorHandler(2, 'Trying to access array offset on value of type null', 'D:\\laragon\\www\\method-oldagehome\\app\\Views\\dashboard\\editleftelder.php', 50)
 2 SYSTEMPATH\View\View.php(226): include('D:\\laragon\\www\\method-oldagehome\\app\\Views\\dashboard\\editleftelder.php')
 3 SYSTEMPATH\View\View.php(229): CodeIgniter\View\View->CodeIgniter\View\{closure}()
 4 SYSTEMPATH\Common.php(1188): CodeIgniter\View\View->render('dashboard/editleftelder', [], true)
 5 APPPATH\Controllers\NewController.php(953): view('dashboard/editleftelder', [...])
 6 SYSTEMPATH\CodeIgniter.php(919): App\Controllers\NewController->ViewEditLeft('login', 'vendors', 'select2', 'select2.min.css')
 7 SYSTEMPATH\CodeIgniter.php(494): CodeIgniter\CodeIgniter->runController(Object(App\Controllers\NewController))
 8 SYSTEMPATH\CodeIgniter.php(353): CodeIgniter\CodeIgniter->handleRequest(null, Object(Config\Cache), false)
 9 FCPATH\index.php(79): CodeIgniter\CodeIgniter->run()
10 SYSTEMPATH\Commands\Server\rewrite.php(47): require_once('D:\\laragon\\www\\method-oldagehome\\public\\index.php')
CRITICAL - 2024-12-09 17:54:11 --> Trying to access array offset on value of type null
in APPPATH\Views\dashboard\editleftelder.php on line 50.
 1 APPPATH\Views\dashboard\editleftelder.php(50): CodeIgniter\Debug\Exceptions->errorHandler(2, 'Trying to access array offset on value of type null', 'D:\\laragon\\www\\method-oldagehome\\app\\Views\\dashboard\\editleftelder.php', 50)
 2 SYSTEMPATH\View\View.php(226): include('D:\\laragon\\www\\method-oldagehome\\app\\Views\\dashboard\\editleftelder.php')
 3 SYSTEMPATH\View\View.php(229): CodeIgniter\View\View->CodeIgniter\View\{closure}()
 4 SYSTEMPATH\Common.php(1188): CodeIgniter\View\View->render('dashboard/editleftelder', [], true)
 5 APPPATH\Controllers\NewController.php(953): view('dashboard/editleftelder', [...])
 6 SYSTEMPATH\CodeIgniter.php(919): App\Controllers\NewController->ViewEditLeft('login', 'vendors', 'select2-bootstrap-theme', 'select2-bootstrap.min.css')
 7 SYSTEMPATH\CodeIgniter.php(494): CodeIgniter\CodeIgniter->runController(Object(App\Controllers\NewController))
 8 SYSTEMPATH\CodeIgniter.php(353): CodeIgniter\CodeIgniter->handleRequest(null, Object(Config\Cache), false)
 9 FCPATH\index.php(79): CodeIgniter\CodeIgniter->run()
10 SYSTEMPATH\Commands\Server\rewrite.php(47): require_once('D:\\laragon\\www\\method-oldagehome\\public\\index.php')
CRITICAL - 2024-12-09 17:54:11 --> Trying to access array offset on value of type null
in APPPATH\Views\dashboard\editleftelder.php on line 50.
 1 APPPATH\Views\dashboard\editleftelder.php(50): CodeIgniter\Debug\Exceptions->errorHandler(2, 'Trying to access array offset on value of type null', 'D:\\laragon\\www\\method-oldagehome\\app\\Views\\dashboard\\editleftelder.php', 50)
 2 SYSTEMPATH\View\View.php(226): include('D:\\laragon\\www\\method-oldagehome\\app\\Views\\dashboard\\editleftelder.php')
 3 SYSTEMPATH\View\View.php(229): CodeIgniter\View\View->CodeIgniter\View\{closure}()
 4 SYSTEMPATH\Common.php(1188): CodeIgniter\View\View->render('dashboard/editleftelder', [], true)
 5 APPPATH\Controllers\NewController.php(953): view('dashboard/editleftelder', [...])
 6 SYSTEMPATH\CodeIgniter.php(919): App\Controllers\NewController->ViewEditLeft('login', 'css', 'vertical-layout-light', 'style.css')
 7 SYSTEMPATH\CodeIgniter.php(494): CodeIgniter\CodeIgniter->runController(Object(App\Controllers\NewController))
 8 SYSTEMPATH\CodeIgniter.php(353): CodeIgniter\CodeIgniter->handleRequest(null, Object(Config\Cache), false)
 9 FCPATH\index.php(79): CodeIgniter\CodeIgniter->run()
10 SYSTEMPATH\Commands\Server\rewrite.php(47): require_once('D:\\laragon\\www\\method-oldagehome\\public\\index.php')
CRITICAL - 2024-12-09 17:54:12 --> Trying to access array offset on value of type null
in APPPATH\Views\dashboard\editleftelder.php on line 50.
 1 APPPATH\Views\dashboard\editleftelder.php(50): CodeIgniter\Debug\Exceptions->errorHandler(2, 'Trying to access array offset on value of type null', 'D:\\laragon\\www\\method-oldagehome\\app\\Views\\dashboard\\editleftelder.php', 50)
 2 SYSTEMPATH\View\View.php(226): include('D:\\laragon\\www\\method-oldagehome\\app\\Views\\dashboard\\editleftelder.php')
 3 SYSTEMPATH\View\View.php(229): CodeIgniter\View\View->CodeIgniter\View\{closure}()
 4 SYSTEMPATH\Common.php(1188): CodeIgniter\View\View->render('dashboard/editleftelder', [], true)
 5 APPPATH\Controllers\NewController.php(953): view('dashboard/editleftelder', [...])
 6 SYSTEMPATH\CodeIgniter.php(919): App\Controllers\NewController->ViewEditLeft('vendors', 'js', 'vendor.bundle.base.js')
 7 SYSTEMPATH\CodeIgniter.php(494): CodeIgniter\CodeIgniter->runController(Object(App\Controllers\NewController))
 8 SYSTEMPATH\CodeIgniter.php(353): CodeIgniter\CodeIgniter->handleRequest(null, Object(Config\Cache), false)
 9 FCPATH\index.php(79): CodeIgniter\CodeIgniter->run()
10 SYSTEMPATH\Commands\Server\rewrite.php(47): require_once('D:\\laragon\\www\\method-oldagehome\\public\\index.php')
CRITICAL - 2024-12-09 17:54:12 --> Trying to access array offset on value of type null
in APPPATH\Views\dashboard\editleftelder.php on line 50.
 1 APPPATH\Views\dashboard\editleftelder.php(50): CodeIgniter\Debug\Exceptions->errorHandler(2, 'Trying to access array offset on value of type null', 'D:\\laragon\\www\\method-oldagehome\\app\\Views\\dashboard\\editleftelder.php', 50)
 2 SYSTEMPATH\View\View.php(226): include('D:\\laragon\\www\\method-oldagehome\\app\\Views\\dashboard\\editleftelder.php')
 3 SYSTEMPATH\View\View.php(229): CodeIgniter\View\View->CodeIgniter\View\{closure}()
 4 SYSTEMPATH\Common.php(1188): CodeIgniter\View\View->render('dashboard/editleftelder', [], true)
 5 APPPATH\Controllers\NewController.php(953): view('dashboard/editleftelder', [...])
 6 SYSTEMPATH\CodeIgniter.php(919): App\Controllers\NewController->ViewEditLeft('js', 'off-canvas.js')
 7 SYSTEMPATH\CodeIgniter.php(494): CodeIgniter\CodeIgniter->runController(Object(App\Controllers\NewController))
 8 SYSTEMPATH\CodeIgniter.php(353): CodeIgniter\CodeIgniter->handleRequest(null, Object(Config\Cache), false)
 9 FCPATH\index.php(79): CodeIgniter\CodeIgniter->run()
10 SYSTEMPATH\Commands\Server\rewrite.php(47): require_once('D:\\laragon\\www\\method-oldagehome\\public\\index.php')
CRITICAL - 2024-12-09 17:54:13 --> Trying to access array offset on value of type null
in APPPATH\Views\dashboard\editleftelder.php on line 50.
 1 APPPATH\Views\dashboard\editleftelder.php(50): CodeIgniter\Debug\Exceptions->errorHandler(2, 'Trying to access array offset on value of type null', 'D:\\laragon\\www\\method-oldagehome\\app\\Views\\dashboard\\editleftelder.php', 50)
 2 SYSTEMPATH\View\View.php(226): include('D:\\laragon\\www\\method-oldagehome\\app\\Views\\dashboard\\editleftelder.php')
 3 SYSTEMPATH\View\View.php(229): CodeIgniter\View\View->CodeIgniter\View\{closure}()
 4 SYSTEMPATH\Common.php(1188): CodeIgniter\View\View->render('dashboard/editleftelder', [], true)
 5 APPPATH\Controllers\NewController.php(953): view('dashboard/editleftelder', [...])
 6 SYSTEMPATH\CodeIgniter.php(919): App\Controllers\NewController->ViewEditLeft('js', 'hoverable-collapse.js')
 7 SYSTEMPATH\CodeIgniter.php(494): CodeIgniter\CodeIgniter->runController(Object(App\Controllers\NewController))
 8 SYSTEMPATH\CodeIgniter.php(353): CodeIgniter\CodeIgniter->handleRequest(null, Object(Config\Cache), false)
 9 FCPATH\index.php(79): CodeIgniter\CodeIgniter->run()
10 SYSTEMPATH\Commands\Server\rewrite.php(47): require_once('D:\\laragon\\www\\method-oldagehome\\public\\index.php')
CRITICAL - 2024-12-09 17:54:13 --> Trying to access array offset on value of type null
in APPPATH\Views\dashboard\editleftelder.php on line 50.
 1 APPPATH\Views\dashboard\editleftelder.php(50): CodeIgniter\Debug\Exceptions->errorHandler(2, 'Trying to access array offset on value of type null', 'D:\\laragon\\www\\method-oldagehome\\app\\Views\\dashboard\\editleftelder.php', 50)
 2 SYSTEMPATH\View\View.php(226): include('D:\\laragon\\www\\method-oldagehome\\app\\Views\\dashboard\\editleftelder.php')
 3 SYSTEMPATH\View\View.php(229): CodeIgniter\View\View->CodeIgniter\View\{closure}()
 4 SYSTEMPATH\Common.php(1188): CodeIgniter\View\View->render('dashboard/editleftelder', [], true)
 5 APPPATH\Controllers\NewController.php(953): view('dashboard/editleftelder', [...])
 6 SYSTEMPATH\CodeIgniter.php(919): App\Controllers\NewController->ViewEditLeft('js', 'template.js')
 7 SYSTEMPATH\CodeIgniter.php(494): CodeIgniter\CodeIgniter->runController(Object(App\Controllers\NewController))
 8 SYSTEMPATH\CodeIgniter.php(353): CodeIgniter\CodeIgniter->handleRequest(null, Object(Config\Cache), false)
 9 FCPATH\index.php(79): CodeIgniter\CodeIgniter->run()
10 SYSTEMPATH\Commands\Server\rewrite.php(47): require_once('D:\\laragon\\www\\method-oldagehome\\public\\index.php')
CRITICAL - 2024-12-09 17:54:14 --> Trying to access array offset on value of type null
in APPPATH\Views\dashboard\editleftelder.php on line 50.
 1 APPPATH\Views\dashboard\editleftelder.php(50): CodeIgniter\Debug\Exceptions->errorHandler(2, 'Trying to access array offset on value of type null', 'D:\\laragon\\www\\method-oldagehome\\app\\Views\\dashboard\\editleftelder.php', 50)
 2 SYSTEMPATH\View\View.php(226): include('D:\\laragon\\www\\method-oldagehome\\app\\Views\\dashboard\\editleftelder.php')
 3 SYSTEMPATH\View\View.php(229): CodeIgniter\View\View->CodeIgniter\View\{closure}()
 4 SYSTEMPATH\Common.php(1188): CodeIgniter\View\View->render('dashboard/editleftelder', [], true)
 5 APPPATH\Controllers\NewController.php(953): view('dashboard/editleftelder', [...])
 6 SYSTEMPATH\CodeIgniter.php(919): App\Controllers\NewController->ViewEditLeft('js', 'settings.js')
 7 SYSTEMPATH\CodeIgniter.php(494): CodeIgniter\CodeIgniter->runController(Object(App\Controllers\NewController))
 8 SYSTEMPATH\CodeIgniter.php(353): CodeIgniter\CodeIgniter->handleRequest(null, Object(Config\Cache), false)
 9 FCPATH\index.php(79): CodeIgniter\CodeIgniter->run()
10 SYSTEMPATH\Commands\Server\rewrite.php(47): require_once('D:\\laragon\\www\\method-oldagehome\\public\\index.php')
CRITICAL - 2024-12-09 17:54:14 --> Trying to access array offset on value of type null
in APPPATH\Views\dashboard\editleftelder.php on line 50.
 1 APPPATH\Views\dashboard\editleftelder.php(50): CodeIgniter\Debug\Exceptions->errorHandler(2, 'Trying to access array offset on value of type null', 'D:\\laragon\\www\\method-oldagehome\\app\\Views\\dashboard\\editleftelder.php', 50)
 2 SYSTEMPATH\View\View.php(226): include('D:\\laragon\\www\\method-oldagehome\\app\\Views\\dashboard\\editleftelder.php')
 3 SYSTEMPATH\View\View.php(229): CodeIgniter\View\View->CodeIgniter\View\{closure}()
 4 SYSTEMPATH\Common.php(1188): CodeIgniter\View\View->render('dashboard/editleftelder', [], true)
 5 APPPATH\Controllers\NewController.php(953): view('dashboard/editleftelder', [...])
 6 SYSTEMPATH\CodeIgniter.php(919): App\Controllers\NewController->ViewEditLeft('js', 'todolist.js')
 7 SYSTEMPATH\CodeIgniter.php(494): CodeIgniter\CodeIgniter->runController(Object(App\Controllers\NewController))
 8 SYSTEMPATH\CodeIgniter.php(353): CodeIgniter\CodeIgniter->handleRequest(null, Object(Config\Cache), false)
 9 FCPATH\index.php(79): CodeIgniter\CodeIgniter->run()
10 SYSTEMPATH\Commands\Server\rewrite.php(47): require_once('D:\\laragon\\www\\method-oldagehome\\public\\index.php')
CRITICAL - 2024-12-09 17:54:15 --> Trying to access array offset on value of type null
in APPPATH\Views\dashboard\editleftelder.php on line 50.
 1 APPPATH\Views\dashboard\editleftelder.php(50): CodeIgniter\Debug\Exceptions->errorHandler(2, 'Trying to access array offset on value of type null', 'D:\\laragon\\www\\method-oldagehome\\app\\Views\\dashboard\\editleftelder.php', 50)
 2 SYSTEMPATH\View\View.php(226): include('D:\\laragon\\www\\method-oldagehome\\app\\Views\\dashboard\\editleftelder.php')
 3 SYSTEMPATH\View\View.php(229): CodeIgniter\View\View->CodeIgniter\View\{closure}()
 4 SYSTEMPATH\Common.php(1188): CodeIgniter\View\View->render('dashboard/editleftelder', [], true)
 5 APPPATH\Controllers\NewController.php(953): view('dashboard/editleftelder', [...])
 6 SYSTEMPATH\CodeIgniter.php(919): App\Controllers\NewController->ViewEditLeft('vendors', 'typeahead.js', 'typeahead.bundle.min.js')
 7 SYSTEMPATH\CodeIgniter.php(494): CodeIgniter\CodeIgniter->runController(Object(App\Controllers\NewController))
 8 SYSTEMPATH\CodeIgniter.php(353): CodeIgniter\CodeIgniter->handleRequest(null, Object(Config\Cache), false)
 9 FCPATH\index.php(79): CodeIgniter\CodeIgniter->run()
10 SYSTEMPATH\Commands\Server\rewrite.php(47): require_once('D:\\laragon\\www\\method-oldagehome\\public\\index.php')
CRITICAL - 2024-12-09 17:54:15 --> Trying to access array offset on value of type null
in APPPATH\Views\dashboard\editleftelder.php on line 50.
 1 APPPATH\Views\dashboard\editleftelder.php(50): CodeIgniter\Debug\Exceptions->errorHandler(2, 'Trying to access array offset on value of type null', 'D:\\laragon\\www\\method-oldagehome\\app\\Views\\dashboard\\editleftelder.php', 50)
 2 SYSTEMPATH\View\View.php(226): include('D:\\laragon\\www\\method-oldagehome\\app\\Views\\dashboard\\editleftelder.php')
 3 SYSTEMPATH\View\View.php(229): CodeIgniter\View\View->CodeIgniter\View\{closure}()
 4 SYSTEMPATH\Common.php(1188): CodeIgniter\View\View->render('dashboard/editleftelder', [], true)
 5 APPPATH\Controllers\NewController.php(953): view('dashboard/editleftelder', [...])
 6 SYSTEMPATH\CodeIgniter.php(919): App\Controllers\NewController->ViewEditLeft('vendors', 'select2', 'select2.min.js')
 7 SYSTEMPATH\CodeIgniter.php(494): CodeIgniter\CodeIgniter->runController(Object(App\Controllers\NewController))
 8 SYSTEMPATH\CodeIgniter.php(353): CodeIgniter\CodeIgniter->handleRequest(null, Object(Config\Cache), false)
 9 FCPATH\index.php(79): CodeIgniter\CodeIgniter->run()
10 SYSTEMPATH\Commands\Server\rewrite.php(47): require_once('D:\\laragon\\www\\method-oldagehome\\public\\index.php')
CRITICAL - 2024-12-09 17:54:15 --> Trying to access array offset on value of type null
in APPPATH\Views\dashboard\editleftelder.php on line 50.
 1 APPPATH\Views\dashboard\editleftelder.php(50): CodeIgniter\Debug\Exceptions->errorHandler(2, 'Trying to access array offset on value of type null', 'D:\\laragon\\www\\method-oldagehome\\app\\Views\\dashboard\\editleftelder.php', 50)
 2 SYSTEMPATH\View\View.php(226): include('D:\\laragon\\www\\method-oldagehome\\app\\Views\\dashboard\\editleftelder.php')
 3 SYSTEMPATH\View\View.php(229): CodeIgniter\View\View->CodeIgniter\View\{closure}()
 4 SYSTEMPATH\Common.php(1188): CodeIgniter\View\View->render('dashboard/editleftelder', [], true)
 5 APPPATH\Controllers\NewController.php(953): view('dashboard/editleftelder', [...])
 6 SYSTEMPATH\CodeIgniter.php(919): App\Controllers\NewController->ViewEditLeft('js', 'file-upload.js')
 7 SYSTEMPATH\CodeIgniter.php(494): CodeIgniter\CodeIgniter->runController(Object(App\Controllers\NewController))
 8 SYSTEMPATH\CodeIgniter.php(353): CodeIgniter\CodeIgniter->handleRequest(null, Object(Config\Cache), false)
 9 FCPATH\index.php(79): CodeIgniter\CodeIgniter->run()
10 SYSTEMPATH\Commands\Server\rewrite.php(47): require_once('D:\\laragon\\www\\method-oldagehome\\public\\index.php')
CRITICAL - 2024-12-09 17:54:16 --> Trying to access array offset on value of type null
in APPPATH\Views\dashboard\editleftelder.php on line 50.
 1 APPPATH\Views\dashboard\editleftelder.php(50): CodeIgniter\Debug\Exceptions->errorHandler(2, 'Trying to access array offset on value of type null', 'D:\\laragon\\www\\method-oldagehome\\app\\Views\\dashboard\\editleftelder.php', 50)
 2 SYSTEMPATH\View\View.php(226): include('D:\\laragon\\www\\method-oldagehome\\app\\Views\\dashboard\\editleftelder.php')
 3 SYSTEMPATH\View\View.php(229): CodeIgniter\View\View->CodeIgniter\View\{closure}()
 4 SYSTEMPATH\Common.php(1188): CodeIgniter\View\View->render('dashboard/editleftelder', [], true)
 5 APPPATH\Controllers\NewController.php(953): view('dashboard/editleftelder', [...])
 6 SYSTEMPATH\CodeIgniter.php(919): App\Controllers\NewController->ViewEditLeft('js', 'typeahead.js')
 7 SYSTEMPATH\CodeIgniter.php(494): CodeIgniter\CodeIgniter->runController(Object(App\Controllers\NewController))
 8 SYSTEMPATH\CodeIgniter.php(353): CodeIgniter\CodeIgniter->handleRequest(null, Object(Config\Cache), false)
 9 FCPATH\index.php(79): CodeIgniter\CodeIgniter->run()
10 SYSTEMPATH\Commands\Server\rewrite.php(47): require_once('D:\\laragon\\www\\method-oldagehome\\public\\index.php')
CRITICAL - 2024-12-09 17:54:16 --> Trying to access array offset on value of type null
in APPPATH\Views\dashboard\editleftelder.php on line 50.
 1 APPPATH\Views\dashboard\editleftelder.php(50): CodeIgniter\Debug\Exceptions->errorHandler(2, 'Trying to access array offset on value of type null', 'D:\\laragon\\www\\method-oldagehome\\app\\Views\\dashboard\\editleftelder.php', 50)
 2 SYSTEMPATH\View\View.php(226): include('D:\\laragon\\www\\method-oldagehome\\app\\Views\\dashboard\\editleftelder.php')
 3 SYSTEMPATH\View\View.php(229): CodeIgniter\View\View->CodeIgniter\View\{closure}()
 4 SYSTEMPATH\Common.php(1188): CodeIgniter\View\View->render('dashboard/editleftelder', [], true)
 5 APPPATH\Controllers\NewController.php(953): view('dashboard/editleftelder', [...])
 6 SYSTEMPATH\CodeIgniter.php(919): App\Controllers\NewController->ViewEditLeft('js', 'select2.js')
 7 SYSTEMPATH\CodeIgniter.php(494): CodeIgniter\CodeIgniter->runController(Object(App\Controllers\NewController))
 8 SYSTEMPATH\CodeIgniter.php(353): CodeIgniter\CodeIgniter->handleRequest(null, Object(Config\Cache), false)
 9 FCPATH\index.php(79): CodeIgniter\CodeIgniter->run()
10 SYSTEMPATH\Commands\Server\rewrite.php(47): require_once('D:\\laragon\\www\\method-oldagehome\\public\\index.php')
CRITICAL - 2024-12-09 17:55:20 --> syntax error, unexpected token "}"
in APPPATH\Controllers\NewController.php on line 1058.
 1 SYSTEMPATH\Autoloader\Autoloader.php(285): CodeIgniter\Autoloader\Autoloader->includeFile('D:\\laragon\\www\\method-oldagehome\\app\\Controllers\\NewController.php')
 2 SYSTEMPATH\Autoloader\Autoloader.php(263): CodeIgniter\Autoloader\Autoloader->loadInNamespace('App\\Controllers\\NewController')
 3 [internal function]: CodeIgniter\Autoloader\Autoloader->loadClass('App\\Controllers\\NewController')
 4 SYSTEMPATH\CodeIgniter.php(877): class_exists('\\App\\Controllers\\NewController', true)
 5 SYSTEMPATH\CodeIgniter.php(481): CodeIgniter\CodeIgniter->startController()
 6 SYSTEMPATH\CodeIgniter.php(353): CodeIgniter\CodeIgniter->handleRequest(null, Object(Config\Cache), false)
 7 FCPATH\index.php(79): CodeIgniter\CodeIgniter->run()
 8 SYSTEMPATH\Commands\Server\rewrite.php(47): require_once('D:\\laragon\\www\\method-oldagehome\\public\\index.php')
CRITICAL - 2024-12-09 18:12:42 --> Undefined array key "deathdate"
in APPPATH\Controllers\NewController.php on line 400.
 1 APPPATH\Controllers\NewController.php(400): CodeIgniter\Debug\Exceptions->errorHandler(2, 'Undefined array key "deathdate"', 'D:\\laragon\\www\\method-oldagehome\\app\\Controllers\\NewController.php', 400)
 2 SYSTEMPATH\CodeIgniter.php(919): App\Controllers\NewController->archivesdeceased()
 3 SYSTEMPATH\CodeIgniter.php(494): CodeIgniter\CodeIgniter->runController(Object(App\Controllers\NewController))
 4 SYSTEMPATH\CodeIgniter.php(353): CodeIgniter\CodeIgniter->handleRequest(null, Object(Config\Cache), false)
 5 FCPATH\index.php(79): CodeIgniter\CodeIgniter->run()
 6 SYSTEMPATH\Commands\Server\rewrite.php(47): require_once('D:\\laragon\\www\\method-oldagehome\\public\\index.php')
CRITICAL - 2024-12-09 18:13:24 --> Trying to access array offset on value of type null
in APPPATH\Views\dashboard\editdeceasedelder.php on line 50.
 1 APPPATH\Views\dashboard\editdeceasedelder.php(50): CodeIgniter\Debug\Exceptions->errorHandler(2, 'Trying to access array offset on value of type null', 'D:\\laragon\\www\\method-oldagehome\\app\\Views\\dashboard\\editdeceasedelder.php', 50)
 2 SYSTEMPATH\View\View.php(226): include('D:\\laragon\\www\\method-oldagehome\\app\\Views\\dashboard\\editdeceasedelder.php')
 3 SYSTEMPATH\View\View.php(229): CodeIgniter\View\View->CodeIgniter\View\{closure}()
 4 SYSTEMPATH\Common.php(1188): CodeIgniter\View\View->render('dashboard/editdeceasedelder', [], true)
 5 APPPATH\Controllers\NewController.php(999): view('dashboard/editdeceasedelder', [...])
 6 SYSTEMPATH\CodeIgniter.php(919): App\Controllers\NewController->ViewEditDeceased('login', 'vendors', 'typicons', 'typicons.css')
 7 SYSTEMPATH\CodeIgniter.php(494): CodeIgniter\CodeIgniter->runController(Object(App\Controllers\NewController))
 8 SYSTEMPATH\CodeIgniter.php(353): CodeIgniter\CodeIgniter->handleRequest(null, Object(Config\Cache), false)
 9 FCPATH\index.php(79): CodeIgniter\CodeIgniter->run()
10 SYSTEMPATH\Commands\Server\rewrite.php(47): require_once('D:\\laragon\\www\\method-oldagehome\\public\\index.php')
CRITICAL - 2024-12-09 18:13:25 --> Trying to access array offset on value of type null
in APPPATH\Views\dashboard\editdeceasedelder.php on line 50.
 1 APPPATH\Views\dashboard\editdeceasedelder.php(50): CodeIgniter\Debug\Exceptions->errorHandler(2, 'Trying to access array offset on value of type null', 'D:\\laragon\\www\\method-oldagehome\\app\\Views\\dashboard\\editdeceasedelder.php', 50)
 2 SYSTEMPATH\View\View.php(226): include('D:\\laragon\\www\\method-oldagehome\\app\\Views\\dashboard\\editdeceasedelder.php')
 3 SYSTEMPATH\View\View.php(229): CodeIgniter\View\View->CodeIgniter\View\{closure}()
 4 SYSTEMPATH\Common.php(1188): CodeIgniter\View\View->render('dashboard/editdeceasedelder', [], true)
 5 APPPATH\Controllers\NewController.php(999): view('dashboard/editdeceasedelder', [...])
 6 SYSTEMPATH\CodeIgniter.php(919): App\Controllers\NewController->ViewEditDeceased('login', 'vendors', 'css', 'vendor.bundle.base.css')
 7 SYSTEMPATH\CodeIgniter.php(494): CodeIgniter\CodeIgniter->runController(Object(App\Controllers\NewController))
 8 SYSTEMPATH\CodeIgniter.php(353): CodeIgniter\CodeIgniter->handleRequest(null, Object(Config\Cache), false)
 9 FCPATH\index.php(79): CodeIgniter\CodeIgniter->run()
10 SYSTEMPATH\Commands\Server\rewrite.php(47): require_once('D:\\laragon\\www\\method-oldagehome\\public\\index.php')
CRITICAL - 2024-12-09 18:13:25 --> Trying to access array offset on value of type null
in APPPATH\Views\dashboard\editdeceasedelder.php on line 50.
 1 APPPATH\Views\dashboard\editdeceasedelder.php(50): CodeIgniter\Debug\Exceptions->errorHandler(2, 'Trying to access array offset on value of type null', 'D:\\laragon\\www\\method-oldagehome\\app\\Views\\dashboard\\editdeceasedelder.php', 50)
 2 SYSTEMPATH\View\View.php(226): include('D:\\laragon\\www\\method-oldagehome\\app\\Views\\dashboard\\editdeceasedelder.php')
 3 SYSTEMPATH\View\View.php(229): CodeIgniter\View\View->CodeIgniter\View\{closure}()
 4 SYSTEMPATH\Common.php(1188): CodeIgniter\View\View->render('dashboard/editdeceasedelder', [], true)
 5 APPPATH\Controllers\NewController.php(999): view('dashboard/editdeceasedelder', [...])
 6 SYSTEMPATH\CodeIgniter.php(919): App\Controllers\NewController->ViewEditDeceased('login', 'vendors', 'select2', 'select2.min.css')
 7 SYSTEMPATH\CodeIgniter.php(494): CodeIgniter\CodeIgniter->runController(Object(App\Controllers\NewController))
 8 SYSTEMPATH\CodeIgniter.php(353): CodeIgniter\CodeIgniter->handleRequest(null, Object(Config\Cache), false)
 9 FCPATH\index.php(79): CodeIgniter\CodeIgniter->run()
10 SYSTEMPATH\Commands\Server\rewrite.php(47): require_once('D:\\laragon\\www\\method-oldagehome\\public\\index.php')
CRITICAL - 2024-12-09 18:13:26 --> Trying to access array offset on value of type null
in APPPATH\Views\dashboard\editdeceasedelder.php on line 50.
 1 APPPATH\Views\dashboard\editdeceasedelder.php(50): CodeIgniter\Debug\Exceptions->errorHandler(2, 'Trying to access array offset on value of type null', 'D:\\laragon\\www\\method-oldagehome\\app\\Views\\dashboard\\editdeceasedelder.php', 50)
 2 SYSTEMPATH\View\View.php(226): include('D:\\laragon\\www\\method-oldagehome\\app\\Views\\dashboard\\editdeceasedelder.php')
 3 SYSTEMPATH\View\View.php(229): CodeIgniter\View\View->CodeIgniter\View\{closure}()
 4 SYSTEMPATH\Common.php(1188): CodeIgniter\View\View->render('dashboard/editdeceasedelder', [], true)
 5 APPPATH\Controllers\NewController.php(999): view('dashboard/editdeceasedelder', [...])
 6 SYSTEMPATH\CodeIgniter.php(919): App\Controllers\NewController->ViewEditDeceased('login', 'vendors', 'select2-bootstrap-theme', 'select2-bootstrap.min.css')
 7 SYSTEMPATH\CodeIgniter.php(494): CodeIgniter\CodeIgniter->runController(Object(App\Controllers\NewController))
 8 SYSTEMPATH\CodeIgniter.php(353): CodeIgniter\CodeIgniter->handleRequest(null, Object(Config\Cache), false)
 9 FCPATH\index.php(79): CodeIgniter\CodeIgniter->run()
10 SYSTEMPATH\Commands\Server\rewrite.php(47): require_once('D:\\laragon\\www\\method-oldagehome\\public\\index.php')
CRITICAL - 2024-12-09 18:13:26 --> Trying to access array offset on value of type null
in APPPATH\Views\dashboard\editdeceasedelder.php on line 50.
 1 APPPATH\Views\dashboard\editdeceasedelder.php(50): CodeIgniter\Debug\Exceptions->errorHandler(2, 'Trying to access array offset on value of type null', 'D:\\laragon\\www\\method-oldagehome\\app\\Views\\dashboard\\editdeceasedelder.php', 50)
 2 SYSTEMPATH\View\View.php(226): include('D:\\laragon\\www\\method-oldagehome\\app\\Views\\dashboard\\editdeceasedelder.php')
 3 SYSTEMPATH\View\View.php(229): CodeIgniter\View\View->CodeIgniter\View\{closure}()
 4 SYSTEMPATH\Common.php(1188): CodeIgniter\View\View->render('dashboard/editdeceasedelder', [], true)
 5 APPPATH\Controllers\NewController.php(999): view('dashboard/editdeceasedelder', [...])
 6 SYSTEMPATH\CodeIgniter.php(919): App\Controllers\NewController->ViewEditDeceased('login', 'css', 'vertical-layout-light', 'style.css')
 7 SYSTEMPATH\CodeIgniter.php(494): CodeIgniter\CodeIgniter->runController(Object(App\Controllers\NewController))
 8 SYSTEMPATH\CodeIgniter.php(353): CodeIgniter\CodeIgniter->handleRequest(null, Object(Config\Cache), false)
 9 FCPATH\index.php(79): CodeIgniter\CodeIgniter->run()
10 SYSTEMPATH\Commands\Server\rewrite.php(47): require_once('D:\\laragon\\www\\method-oldagehome\\public\\index.php')
CRITICAL - 2024-12-09 18:13:27 --> Trying to access array offset on value of type null
in APPPATH\Views\dashboard\editdeceasedelder.php on line 50.
 1 APPPATH\Views\dashboard\editdeceasedelder.php(50): CodeIgniter\Debug\Exceptions->errorHandler(2, 'Trying to access array offset on value of type null', 'D:\\laragon\\www\\method-oldagehome\\app\\Views\\dashboard\\editdeceasedelder.php', 50)
 2 SYSTEMPATH\View\View.php(226): include('D:\\laragon\\www\\method-oldagehome\\app\\Views\\dashboard\\editdeceasedelder.php')
 3 SYSTEMPATH\View\View.php(229): CodeIgniter\View\View->CodeIgniter\View\{closure}()
 4 SYSTEMPATH\Common.php(1188): CodeIgniter\View\View->render('dashboard/editdeceasedelder', [], true)
 5 APPPATH\Controllers\NewController.php(999): view('dashboard/editdeceasedelder', [...])
 6 SYSTEMPATH\CodeIgniter.php(919): App\Controllers\NewController->ViewEditDeceased('vendors', 'js', 'vendor.bundle.base.js')
 7 SYSTEMPATH\CodeIgniter.php(494): CodeIgniter\CodeIgniter->runController(Object(App\Controllers\NewController))
 8 SYSTEMPATH\CodeIgniter.php(353): CodeIgniter\CodeIgniter->handleRequest(null, Object(Config\Cache), false)
 9 FCPATH\index.php(79): CodeIgniter\CodeIgniter->run()
10 SYSTEMPATH\Commands\Server\rewrite.php(47): require_once('D:\\laragon\\www\\method-oldagehome\\public\\index.php')
CRITICAL - 2024-12-09 18:13:27 --> Trying to access array offset on value of type null
in APPPATH\Views\dashboard\editdeceasedelder.php on line 50.
 1 APPPATH\Views\dashboard\editdeceasedelder.php(50): CodeIgniter\Debug\Exceptions->errorHandler(2, 'Trying to access array offset on value of type null', 'D:\\laragon\\www\\method-oldagehome\\app\\Views\\dashboard\\editdeceasedelder.php', 50)
 2 SYSTEMPATH\View\View.php(226): include('D:\\laragon\\www\\method-oldagehome\\app\\Views\\dashboard\\editdeceasedelder.php')
 3 SYSTEMPATH\View\View.php(229): CodeIgniter\View\View->CodeIgniter\View\{closure}()
 4 SYSTEMPATH\Common.php(1188): CodeIgniter\View\View->render('dashboard/editdeceasedelder', [], true)
 5 APPPATH\Controllers\NewController.php(999): view('dashboard/editdeceasedelder', [...])
 6 SYSTEMPATH\CodeIgniter.php(919): App\Controllers\NewController->ViewEditDeceased('js', 'off-canvas.js')
 7 SYSTEMPATH\CodeIgniter.php(494): CodeIgniter\CodeIgniter->runController(Object(App\Controllers\NewController))
 8 SYSTEMPATH\CodeIgniter.php(353): CodeIgniter\CodeIgniter->handleRequest(null, Object(Config\Cache), false)
 9 FCPATH\index.php(79): CodeIgniter\CodeIgniter->run()
10 SYSTEMPATH\Commands\Server\rewrite.php(47): require_once('D:\\laragon\\www\\method-oldagehome\\public\\index.php')
CRITICAL - 2024-12-09 18:13:28 --> Trying to access array offset on value of type null
in APPPATH\Views\dashboard\editdeceasedelder.php on line 50.
 1 APPPATH\Views\dashboard\editdeceasedelder.php(50): CodeIgniter\Debug\Exceptions->errorHandler(2, 'Trying to access array offset on value of type null', 'D:\\laragon\\www\\method-oldagehome\\app\\Views\\dashboard\\editdeceasedelder.php', 50)
 2 SYSTEMPATH\View\View.php(226): include('D:\\laragon\\www\\method-oldagehome\\app\\Views\\dashboard\\editdeceasedelder.php')
 3 SYSTEMPATH\View\View.php(229): CodeIgniter\View\View->CodeIgniter\View\{closure}()
 4 SYSTEMPATH\Common.php(1188): CodeIgniter\View\View->render('dashboard/editdeceasedelder', [], true)
 5 APPPATH\Controllers\NewController.php(999): view('dashboard/editdeceasedelder', [...])
 6 SYSTEMPATH\CodeIgniter.php(919): App\Controllers\NewController->ViewEditDeceased('js', 'hoverable-collapse.js')
 7 SYSTEMPATH\CodeIgniter.php(494): CodeIgniter\CodeIgniter->runController(Object(App\Controllers\NewController))
 8 SYSTEMPATH\CodeIgniter.php(353): CodeIgniter\CodeIgniter->handleRequest(null, Object(Config\Cache), false)
 9 FCPATH\index.php(79): CodeIgniter\CodeIgniter->run()
10 SYSTEMPATH\Commands\Server\rewrite.php(47): require_once('D:\\laragon\\www\\method-oldagehome\\public\\index.php')
CRITICAL - 2024-12-09 18:13:28 --> Trying to access array offset on value of type null
in APPPATH\Views\dashboard\editdeceasedelder.php on line 50.
 1 APPPATH\Views\dashboard\editdeceasedelder.php(50): CodeIgniter\Debug\Exceptions->errorHandler(2, 'Trying to access array offset on value of type null', 'D:\\laragon\\www\\method-oldagehome\\app\\Views\\dashboard\\editdeceasedelder.php', 50)
 2 SYSTEMPATH\View\View.php(226): include('D:\\laragon\\www\\method-oldagehome\\app\\Views\\dashboard\\editdeceasedelder.php')
 3 SYSTEMPATH\View\View.php(229): CodeIgniter\View\View->CodeIgniter\View\{closure}()
 4 SYSTEMPATH\Common.php(1188): CodeIgniter\View\View->render('dashboard/editdeceasedelder', [], true)
 5 APPPATH\Controllers\NewController.php(999): view('dashboard/editdeceasedelder', [...])
 6 SYSTEMPATH\CodeIgniter.php(919): App\Controllers\NewController->ViewEditDeceased('js', 'template.js')
 7 SYSTEMPATH\CodeIgniter.php(494): CodeIgniter\CodeIgniter->runController(Object(App\Controllers\NewController))
 8 SYSTEMPATH\CodeIgniter.php(353): CodeIgniter\CodeIgniter->handleRequest(null, Object(Config\Cache), false)
 9 FCPATH\index.php(79): CodeIgniter\CodeIgniter->run()
10 SYSTEMPATH\Commands\Server\rewrite.php(47): require_once('D:\\laragon\\www\\method-oldagehome\\public\\index.php')
CRITICAL - 2024-12-09 18:13:29 --> Trying to access array offset on value of type null
in APPPATH\Views\dashboard\editdeceasedelder.php on line 50.
 1 APPPATH\Views\dashboard\editdeceasedelder.php(50): CodeIgniter\Debug\Exceptions->errorHandler(2, 'Trying to access array offset on value of type null', 'D:\\laragon\\www\\method-oldagehome\\app\\Views\\dashboard\\editdeceasedelder.php', 50)
 2 SYSTEMPATH\View\View.php(226): include('D:\\laragon\\www\\method-oldagehome\\app\\Views\\dashboard\\editdeceasedelder.php')
 3 SYSTEMPATH\View\View.php(229): CodeIgniter\View\View->CodeIgniter\View\{closure}()
 4 SYSTEMPATH\Common.php(1188): CodeIgniter\View\View->render('dashboard/editdeceasedelder', [], true)
 5 APPPATH\Controllers\NewController.php(999): view('dashboard/editdeceasedelder', [...])
 6 SYSTEMPATH\CodeIgniter.php(919): App\Controllers\NewController->ViewEditDeceased('js', 'settings.js')
 7 SYSTEMPATH\CodeIgniter.php(494): CodeIgniter\CodeIgniter->runController(Object(App\Controllers\NewController))
 8 SYSTEMPATH\CodeIgniter.php(353): CodeIgniter\CodeIgniter->handleRequest(null, Object(Config\Cache), false)
 9 FCPATH\index.php(79): CodeIgniter\CodeIgniter->run()
10 SYSTEMPATH\Commands\Server\rewrite.php(47): require_once('D:\\laragon\\www\\method-oldagehome\\public\\index.php')
CRITICAL - 2024-12-09 18:13:29 --> Trying to access array offset on value of type null
in APPPATH\Views\dashboard\editdeceasedelder.php on line 50.
 1 APPPATH\Views\dashboard\editdeceasedelder.php(50): CodeIgniter\Debug\Exceptions->errorHandler(2, 'Trying to access array offset on value of type null', 'D:\\laragon\\www\\method-oldagehome\\app\\Views\\dashboard\\editdeceasedelder.php', 50)
 2 SYSTEMPATH\View\View.php(226): include('D:\\laragon\\www\\method-oldagehome\\app\\Views\\dashboard\\editdeceasedelder.php')
 3 SYSTEMPATH\View\View.php(229): CodeIgniter\View\View->CodeIgniter\View\{closure}()
 4 SYSTEMPATH\Common.php(1188): CodeIgniter\View\View->render('dashboard/editdeceasedelder', [], true)
 5 APPPATH\Controllers\NewController.php(999): view('dashboard/editdeceasedelder', [...])
 6 SYSTEMPATH\CodeIgniter.php(919): App\Controllers\NewController->ViewEditDeceased('js', 'todolist.js')
 7 SYSTEMPATH\CodeIgniter.php(494): CodeIgniter\CodeIgniter->runController(Object(App\Controllers\NewController))
 8 SYSTEMPATH\CodeIgniter.php(353): CodeIgniter\CodeIgniter->handleRequest(null, Object(Config\Cache), false)
 9 FCPATH\index.php(79): CodeIgniter\CodeIgniter->run()
10 SYSTEMPATH\Commands\Server\rewrite.php(47): require_once('D:\\laragon\\www\\method-oldagehome\\public\\index.php')
CRITICAL - 2024-12-09 18:13:30 --> Trying to access array offset on value of type null
in APPPATH\Views\dashboard\editdeceasedelder.php on line 50.
 1 APPPATH\Views\dashboard\editdeceasedelder.php(50): CodeIgniter\Debug\Exceptions->errorHandler(2, 'Trying to access array offset on value of type null', 'D:\\laragon\\www\\method-oldagehome\\app\\Views\\dashboard\\editdeceasedelder.php', 50)
 2 SYSTEMPATH\View\View.php(226): include('D:\\laragon\\www\\method-oldagehome\\app\\Views\\dashboard\\editdeceasedelder.php')
 3 SYSTEMPATH\View\View.php(229): CodeIgniter\View\View->CodeIgniter\View\{closure}()
 4 SYSTEMPATH\Common.php(1188): CodeIgniter\View\View->render('dashboard/editdeceasedelder', [], true)
 5 APPPATH\Controllers\NewController.php(999): view('dashboard/editdeceasedelder', [...])
 6 SYSTEMPATH\CodeIgniter.php(919): App\Controllers\NewController->ViewEditDeceased('vendors', 'typeahead.js', 'typeahead.bundle.min.js')
 7 SYSTEMPATH\CodeIgniter.php(494): CodeIgniter\CodeIgniter->runController(Object(App\Controllers\NewController))
 8 SYSTEMPATH\CodeIgniter.php(353): CodeIgniter\CodeIgniter->handleRequest(null, Object(Config\Cache), false)
 9 FCPATH\index.php(79): CodeIgniter\CodeIgniter->run()
10 SYSTEMPATH\Commands\Server\rewrite.php(47): require_once('D:\\laragon\\www\\method-oldagehome\\public\\index.php')
CRITICAL - 2024-12-09 18:13:30 --> Trying to access array offset on value of type null
in APPPATH\Views\dashboard\editdeceasedelder.php on line 50.
 1 APPPATH\Views\dashboard\editdeceasedelder.php(50): CodeIgniter\Debug\Exceptions->errorHandler(2, 'Trying to access array offset on value of type null', 'D:\\laragon\\www\\method-oldagehome\\app\\Views\\dashboard\\editdeceasedelder.php', 50)
 2 SYSTEMPATH\View\View.php(226): include('D:\\laragon\\www\\method-oldagehome\\app\\Views\\dashboard\\editdeceasedelder.php')
 3 SYSTEMPATH\View\View.php(229): CodeIgniter\View\View->CodeIgniter\View\{closure}()
 4 SYSTEMPATH\Common.php(1188): CodeIgniter\View\View->render('dashboard/editdeceasedelder', [], true)
 5 APPPATH\Controllers\NewController.php(999): view('dashboard/editdeceasedelder', [...])
 6 SYSTEMPATH\CodeIgniter.php(919): App\Controllers\NewController->ViewEditDeceased('vendors', 'select2', 'select2.min.js')
 7 SYSTEMPATH\CodeIgniter.php(494): CodeIgniter\CodeIgniter->runController(Object(App\Controllers\NewController))
 8 SYSTEMPATH\CodeIgniter.php(353): CodeIgniter\CodeIgniter->handleRequest(null, Object(Config\Cache), false)
 9 FCPATH\index.php(79): CodeIgniter\CodeIgniter->run()
10 SYSTEMPATH\Commands\Server\rewrite.php(47): require_once('D:\\laragon\\www\\method-oldagehome\\public\\index.php')
CRITICAL - 2024-12-09 18:13:31 --> Trying to access array offset on value of type null
in APPPATH\Views\dashboard\editdeceasedelder.php on line 50.
 1 APPPATH\Views\dashboard\editdeceasedelder.php(50): CodeIgniter\Debug\Exceptions->errorHandler(2, 'Trying to access array offset on value of type null', 'D:\\laragon\\www\\method-oldagehome\\app\\Views\\dashboard\\editdeceasedelder.php', 50)
 2 SYSTEMPATH\View\View.php(226): include('D:\\laragon\\www\\method-oldagehome\\app\\Views\\dashboard\\editdeceasedelder.php')
 3 SYSTEMPATH\View\View.php(229): CodeIgniter\View\View->CodeIgniter\View\{closure}()
 4 SYSTEMPATH\Common.php(1188): CodeIgniter\View\View->render('dashboard/editdeceasedelder', [], true)
 5 APPPATH\Controllers\NewController.php(999): view('dashboard/editdeceasedelder', [...])
 6 SYSTEMPATH\CodeIgniter.php(919): App\Controllers\NewController->ViewEditDeceased('js', 'file-upload.js')
 7 SYSTEMPATH\CodeIgniter.php(494): CodeIgniter\CodeIgniter->runController(Object(App\Controllers\NewController))
 8 SYSTEMPATH\CodeIgniter.php(353): CodeIgniter\CodeIgniter->handleRequest(null, Object(Config\Cache), false)
 9 FCPATH\index.php(79): CodeIgniter\CodeIgniter->run()
10 SYSTEMPATH\Commands\Server\rewrite.php(47): require_once('D:\\laragon\\www\\method-oldagehome\\public\\index.php')
CRITICAL - 2024-12-09 18:13:31 --> Trying to access array offset on value of type null
in APPPATH\Views\dashboard\editdeceasedelder.php on line 50.
 1 APPPATH\Views\dashboard\editdeceasedelder.php(50): CodeIgniter\Debug\Exceptions->errorHandler(2, 'Trying to access array offset on value of type null', 'D:\\laragon\\www\\method-oldagehome\\app\\Views\\dashboard\\editdeceasedelder.php', 50)
 2 SYSTEMPATH\View\View.php(226): include('D:\\laragon\\www\\method-oldagehome\\app\\Views\\dashboard\\editdeceasedelder.php')
 3 SYSTEMPATH\View\View.php(229): CodeIgniter\View\View->CodeIgniter\View\{closure}()
 4 SYSTEMPATH\Common.php(1188): CodeIgniter\View\View->render('dashboard/editdeceasedelder', [], true)
 5 APPPATH\Controllers\NewController.php(999): view('dashboard/editdeceasedelder', [...])
 6 SYSTEMPATH\CodeIgniter.php(919): App\Controllers\NewController->ViewEditDeceased('js', 'typeahead.js')
 7 SYSTEMPATH\CodeIgniter.php(494): CodeIgniter\CodeIgniter->runController(Object(App\Controllers\NewController))
 8 SYSTEMPATH\CodeIgniter.php(353): CodeIgniter\CodeIgniter->handleRequest(null, Object(Config\Cache), false)
 9 FCPATH\index.php(79): CodeIgniter\CodeIgniter->run()
10 SYSTEMPATH\Commands\Server\rewrite.php(47): require_once('D:\\laragon\\www\\method-oldagehome\\public\\index.php')
CRITICAL - 2024-12-09 18:13:32 --> Trying to access array offset on value of type null
in APPPATH\Views\dashboard\editdeceasedelder.php on line 50.
 1 APPPATH\Views\dashboard\editdeceasedelder.php(50): CodeIgniter\Debug\Exceptions->errorHandler(2, 'Trying to access array offset on value of type null', 'D:\\laragon\\www\\method-oldagehome\\app\\Views\\dashboard\\editdeceasedelder.php', 50)
 2 SYSTEMPATH\View\View.php(226): include('D:\\laragon\\www\\method-oldagehome\\app\\Views\\dashboard\\editdeceasedelder.php')
 3 SYSTEMPATH\View\View.php(229): CodeIgniter\View\View->CodeIgniter\View\{closure}()
 4 SYSTEMPATH\Common.php(1188): CodeIgniter\View\View->render('dashboard/editdeceasedelder', [], true)
 5 APPPATH\Controllers\NewController.php(999): view('dashboard/editdeceasedelder', [...])
 6 SYSTEMPATH\CodeIgniter.php(919): App\Controllers\NewController->ViewEditDeceased('js', 'select2.js')
 7 SYSTEMPATH\CodeIgniter.php(494): CodeIgniter\CodeIgniter->runController(Object(App\Controllers\NewController))
 8 SYSTEMPATH\CodeIgniter.php(353): CodeIgniter\CodeIgniter->handleRequest(null, Object(Config\Cache), false)
 9 FCPATH\index.php(79): CodeIgniter\CodeIgniter->run()
10 SYSTEMPATH\Commands\Server\rewrite.php(47): require_once('D:\\laragon\\www\\method-oldagehome\\public\\index.php')
